timestamp,co,pm25,pm10,device_id
2025-11-06 10:36:15.42311,0.0,61.393083333333344,70.6083333333335,device_01
2025-11-06 10:41:26.63323,0.0,61.398916666666736,70.4858333333335,device_01
2025-11-06 10:46:35.218098,0.0,60.5851666666666,70.16683333333339,device_01
2025-11-06 10:51:44.543263,0.0,61.26249999999991,69.98891666666665,device_01
2025-11-06 10:56:54.608179,0.0,62.87958333333332,70.09583333333332,device_01
2025-11-06 11:02:03.751375,0.0,63.25666666666668,70.6220833333333,device_01
2025-11-06 11:07:13.277443,0.0,61.72558333333343,70.31599999999989,device_01
2025-11-06 11:10:50.897853,0.0,59.87291666666669,68.88041666666678,device_05
2025-11-06 11:12:22.200343,0.0,60.640583333333446,68.78416666666666,device_01
2025-11-06 11:15:58.227368,0.0,61.12750000000001,69.92583333333329,device_05
2025-11-06 11:17:30.163515,0.0,60.38150000000003,69.10850000000009,device_01
2025-11-06 11:21:05.400918,0.0,60.92166666666673,70.5479166666666,device_05
2025-11-06 11:22:38.046488,0.0,58.80008333333331,69.19466666666668,device_01
2025-11-06 11:26:12.635328,0.0,61.14166666666677,70.97208333333319,device_05
2025-11-06 11:27:45.924503,0.0,59.93441666666674,70.22608333333348,device_01
2025-11-06 11:31:19.885349,0.0,58.09458333333328,68.01850000000009,device_05
2025-11-06 11:31:46.960772,0.0,58.60991666666659,67.10708333333342,device_05
2025-11-06 11:32:54.265327,0.0,57.801583333333326,67.80149999999999,device_01
2025-11-06 11:35:54.548981,0.0,57.54749999999994,67.3312499999999,device_02
2025-11-06 11:36:27.077599,0.0,57.19041666666664,67.84641666666664,device_05
2025-11-06 11:38:02.122923,0.0,56.67516666666661,68.1005833333332,device_01
2025-11-06 11:41:35.556253,0.0,56.17249999999999,67.27183333333323,device_05
2025-11-06 11:43:11.21969,0.0,57.6675,67.17608333333334,device_01
2025-11-06 11:46:43.233228,0.0,56.130833333333314,66.9466666666666,device_05
2025-11-06 11:47:01.403695,0.0,58.76083333333331,68.99908333333339,device_02
2025-11-06 11:48:19.541096,0.0,58.01,67.56108333333336,device_01
2025-11-06 11:51:50.944351,0.0,56.06791666666661,66.88749999999999,device_05
2025-11-06 11:53:27.539339,0.0,56.92808333333329,67.77516666666659,device_01
2025-11-06 11:56:58.066825,0.0,55.463333333333246,66.70333333333342,device_05
2025-11-06 11:58:36.042792,0.0,57.048916666666734,67.99791666666667,device_01
2025-11-06 12:02:04.411346,0.0,56.46541666666668,67.71625000000002,device_05
2025-11-06 12:03:44.669079,0.0,57.51791666666659,68.04791666666668,device_01
2025-11-06 12:07:10.637486,0.0,57.85208333333328,68.60708333333325,device_05
2025-11-06 12:08:29.414941,0.0,57.70699999999999,68.73291666666675,device_02
2025-11-06 12:08:52.605134,0.0,57.74541666666666,69.16041666666653,device_01
2025-11-06 12:12:17.651216,0.0,58.536250000000045,69.68124999999999,device_05
2025-11-06 12:14:00.709931,0.0,58.53708333333332,70.05591666666659,device_01
2025-11-06 12:17:24.787034,0.0,57.618750000000006,68.08375000000005,device_05
2025-11-06 12:19:09.227728,0.0,57.699083333333256,69.19666666666654,device_01
2025-11-06 12:22:31.804537,0.0,57.17916666666663,68.17458333333343,device_05
2025-11-06 12:24:17.744835,0.0,57.80224999999995,68.4199999999999,device_01
2025-11-06 12:24:26.063446,0.0,56.90499999999994,68.29500000000009,device_02
2025-11-06 12:27:42.191496,0.0,58.82625000000001,68.57000000000009,device_05
2025-11-06 12:29:26.468201,0.0,57.8705833333333,68.11641666666658,device_01
2025-11-06 12:29:34.140534,0.0,57.040416666666594,68.24208333333326,device_02
2025-11-06 12:32:51.107063,0.0,56.36666666666668,67.2329166666667,device_05
2025-11-06 12:34:40.722779,0.0,56.91125000000004,67.86666666666655,device_01
2025-11-06 12:37:58.13187,0.0,57.06291666666665,68.18791666666661,device_05
2025-11-06 12:39:48.923551,0.0,57.10599999999997,68.10916666666658,device_01
2025-11-06 12:40:36.890287,0.0,57.618083333333296,68.88200000000006,device_02
2025-11-06 12:43:05.556103,0.0,58.22375000000002,68.24708333333334,device_05
2025-11-06 12:44:59.770745,0.0,57.33150000000004,69.10891666666656,device_01
2025-11-06 12:48:12.826985,0.0,58.20208333333336,68.91125,device_05
2025-11-06 12:50:11.100759,0.0,58.40683333333338,69.28158333333324,device_01
2025-11-06 12:53:20.015822,0.0,57.92250000000002,68.31458333333333,device_05
2025-11-06 12:55:19.553487,0.0,57.31608333333336,69.33174999999991,device_01
2025-11-06 12:58:26.872389,0.0,58.144166666666685,68.80666666666667,device_05
2025-11-06 13:00:31.159543,0.0,57.65624999999998,69.5891666666666,device_01
2025-11-06 13:03:33.502585,0.0,57.87666666666668,68.29374999999999,device_05
2025-11-06 13:05:39.76169,0.0,57.65624999999997,69.58374999999994,device_01
2025-11-06 13:08:40.514109,0.0,57.96375000000001,68.04708333333333,device_05
2025-11-06 13:10:48.321544,0.0,58.31999999999999,69.64033333333329,device_01
2025-11-06 13:13:48.359854,0.0,58.06750000000001,68.49208333333334,device_05
2025-11-06 13:15:59.53357,0.0,58.29516666666667,69.60158333333328,device_01
2025-11-06 13:18:55.993233,0.0,58.10083333333334,67.88583333333338,device_05
2025-11-06 13:21:08.426292,0.0,58.71975000000002,69.62199999999996,device_01
2025-11-06 13:24:03.119439,0.0,57.36791666666667,68.24250000000002,device_05
2025-11-06 13:26:18.911949,0.0,58.49583333333334,69.16774999999997,device_01
2025-11-06 13:29:09.985511,0.0,57.39333333333335,68.24250000000002,device_05
2025-11-06 13:31:27.416254,0.0,58.74266666666668,69.57183333333327,device_01
2025-11-06 13:34:17.173387,0.0,57.39333333333335,68.24250000000002,device_05
2025-11-06 13:39:24.755836,0.0,57.34291666666668,68.18583333333338,device_05
2025-11-06 13:41:52.23609,0.0,57.552249999999965,67.87424999999999,device_01
2025-11-06 13:44:32.46576,0.0,57.34291666666668,68.18583333333338,device_05
2025-11-06 13:47:01.76904,0.0,58.49833333333334,69.16774999999997,device_01
2025-11-06 13:49:39.564183,0.0,57.34291666666668,68.18583333333338,device_05
2025-11-06 13:52:12.392831,0.0,58.42583333333334,69.14108333333331,device_01
2025-11-06 13:54:47.17663,0.0,57.34291666666668,68.18583333333338,device_05
2025-11-06 13:57:20.67659,0.0,58.51166666666667,69.1350833333333,device_01
2025-11-06 13:59:54.241963,0.0,57.34291666666668,68.18583333333338,device_05
2025-11-06 14:02:32.075636,0.0,58.03891666666664,69.1053333333333,device_01
2025-11-06 14:05:01.310334,0.0,57.34291666666668,68.18583333333338,device_05
2025-11-06 14:07:40.684017,0.0,58.37916666666668,69.13299999999998,device_01
2025-11-06 14:10:08.647267,0.0,57.34291666666668,68.18583333333338,device_05
2025-11-06 14:12:49.778605,0.0,58.245250000000006,69.10425,device_01
2025-11-06 14:15:15.669742,0.0,57.39333333333335,68.24250000000002,device_05
2025-11-06 14:18:02.070936,0.0,58.28608333333335,69.10425,device_01
2025-11-06 14:20:22.964626,0.0,57.87875,68.36916666666669,device_05
2025-11-06 14:23:10.283477,0.0,58.32666666666668,69.13524999999997,device_01
2025-11-06 14:25:30.22258,0.0,58.06166666666667,68.43875000000001,device_05
2025-11-06 14:28:18.826026,0.0,58.35583333333335,69.103,device_01
2025-11-06 14:30:37.92522,0.0,58.06041666666667,68.47583333333336,device_05
2025-11-06 14:33:29.412394,0.0,58.29108333333335,69.103,device_01
2025-11-06 14:35:45.059883,0.0,58.06041666666667,68.47583333333336,device_05
2025-11-06 14:38:38.018624,0.0,58.17150000000001,69.12525,device_01
2025-11-06 14:40:51.984628,0.0,58.118750000000006,68.43333333333337,device_05
2025-11-06 14:43:46.636874,0.0,58.20691666666667,69.1215,device_01
2025-11-06 14:45:59.235271,0.0,57.87666666666668,68.2775,device_05
2025-11-06 14:48:55.234151,0.0,58.19608333333333,69.13233333333332,device_01
2025-11-06 14:51:06.321921,0.0,57.87666666666668,68.2775,device_05
2025-11-06 14:54:03.350298,0.0,58.23025000000001,69.12149999999998,device_01
2025-11-06 14:56:13.501709,0.0,57.87666666666668,68.2775,device_05
2025-11-06 14:59:11.344502,0.0,58.21233333333335,69.12566666666666,device_01
2025-11-06 15:01:20.450521,0.0,57.87666666666668,68.2775,device_05
2025-11-06 15:04:19.839796,0.0,58.21233333333335,69.12566666666666,device_01
2025-11-06 15:06:29.040404,0.0,57.87666666666668,68.2775,device_05
2025-11-06 15:09:28.878053,0.0,58.565666666666665,69.13049999999997,device_01
2025-11-06 15:11:35.103814,0.0,57.87666666666668,68.2775,device_05
2025-11-06 15:14:37.265255,0.0,58.57150000000001,69.18066666666664,device_01
2025-11-06 15:16:42.209443,0.0,57.87666666666668,68.2775,device_05
2025-11-06 15:20:45.045667,0.0,57.11374999999996,67.79808333333338,device_02
2025-11-06 15:21:47.723146,0.0,57.87666666666668,68.2775,device_05
2025-11-06 15:24:59.315017,0.0,58.56691666666666,68.68883333333333,device_01
2025-11-06 15:26:55.152881,0.0,57.87666666666668,68.2775,device_05
2025-11-06 15:30:07.743313,0.0,58.559000000000005,68.70049999999999,device_01
2025-11-06 15:32:02.676425,0.0,57.87666666666668,68.2775,device_05
2025-11-06 15:35:16.631712,0.0,58.558166666666665,68.73049999999998,device_01
2025-11-06 15:37:09.901919,0.0,57.87666666666668,68.2775,device_05
2025-11-06 15:40:28.331414,0.0,58.589000000000006,68.83125,device_01
2025-11-06 15:42:17.193884,0.0,57.87666666666668,68.28833333333333,device_05
2025-11-06 15:45:37.19908,0.0,58.588166666666666,68.82249999999999,device_01
2025-11-06 15:47:24.383323,0.0,58.03625000000002,68.69458333333334,device_05
2025-11-06 15:50:45.458716,0.0,58.499833333333335,68.74583333333332,device_01
2025-11-06 15:52:31.971751,0.0,57.87666666666668,68.29374999999999,device_05
2025-11-06 15:55:55.76759,0.0,57.979583333333366,68.59925,device_01
2025-11-06 15:57:39.755644,0.0,57.87666666666668,68.2775,device_05
2025-11-06 16:01:04.374534,0.0,58.11333333333334,68.5788333333333,device_01
2025-11-06 16:02:46.584703,0.0,57.87666666666668,68.2775,device_05
2025-11-06 16:06:13.012835,0.0,58.499,68.73583333333333,device_01
2025-11-06 16:07:53.417733,0.0,57.87666666666668,68.2775,device_05
2025-11-06 16:11:21.45365,0.0,58.55900000000001,69.28949999999998,device_01
2025-11-06 16:13:01.912553,0.0,57.87666666666668,68.2775,device_05
2025-11-06 16:16:32.468956,0.0,58.07083333333337,69.31966666666665,device_01
2025-11-06 16:18:09.336291,0.0,57.87666666666668,68.2775,device_05
2025-11-06 16:21:40.696438,0.0,58.24833333333335,69.33033333333329,device_01
2025-11-06 16:23:18.02496,0.0,57.87666666666668,68.2775,device_05
2025-11-06 16:26:49.389564,0.0,58.210416666666696,69.30641666666664,device_01
2025-11-06 16:28:25.143918,0.0,57.87666666666668,68.2775,device_05
2025-11-06 16:32:00.761166,0.0,57.86208333333336,69.2320833333333,device_01
2025-11-06 16:33:32.085769,0.0,57.87666666666668,68.2775,device_05
2025-11-06 16:37:09.982847,0.0,57.64625000000003,69.11466666666666,device_01
2025-11-06 16:38:38.874536,0.0,57.87666666666668,68.2775,device_05
2025-11-06 16:42:20.937266,0.0,57.674166666666686,69.14066666666666,device_01
2025-11-06 16:43:46.26709,0.0,57.87666666666668,68.27833333333335,device_05
2025-11-06 16:47:29.51285,0.0,57.69291666666669,69.14066666666666,device_01
2025-11-06 16:48:53.431739,0.0,57.87666666666668,68.27833333333334,device_05
2025-11-06 16:52:37.645486,0.0,57.87541666666669,69.15716666666664,device_01
2025-11-06 16:53:59.846637,0.0,57.87666666666668,68.2775,device_05
2025-11-06 16:57:57.197061,0.0,57.93833333333335,69.15574999999997,device_01
2025-11-06 16:59:07.150065,0.0,57.87666666666668,68.2775,device_05
2025-11-06 17:03:05.821361,0.0,58.21708333333336,69.26716666666664,device_01
2025-11-06 17:04:14.308124,0.0,57.87666666666668,68.27833333333334,device_05
2025-11-06 17:08:17.408142,0.0,57.96708333333336,69.14591666666665,device_01
2025-11-06 17:09:21.641867,0.0,57.87833333333334,68.27833333333334,device_05
2025-11-06 17:13:26.25441,0.0,57.76541666666669,69.15025,device_01
2025-11-06 17:14:28.667757,0.0,57.88000000000001,68.27833333333334,device_05
2025-11-06 17:18:34.559183,0.0,58.01708333333336,69.24624999999996,device_01
2025-11-06 17:19:35.269069,0.0,57.88000000000001,68.27833333333334,device_05
2025-11-06 17:23:43.470962,0.0,57.84083333333336,69.1665,device_01
2025-11-06 17:24:42.435012,0.0,57.88000000000001,68.26875000000001,device_05
2025-11-06 17:28:51.842795,0.0,58.30108333333334,69.14425,device_01
2025-11-06 17:29:49.768664,0.0,57.88000000000001,68.27291666666667,device_05
2025-11-06 17:34:00.118924,0.0,58.28775,69.22583333333333,device_01
2025-11-06 17:34:56.536966,0.0,57.88000000000001,68.26875,device_05
2025-11-06 17:39:08.176319,0.0,58.30108333333334,69.14425,device_01
2025-11-06 17:40:03.255893,0.0,57.88000000000001,68.27291666666667,device_05
2025-11-06 17:44:18.477189,0.0,58.31691666666666,69.13550000000001,device_01
2025-11-06 17:45:10.053919,0.0,57.88000000000001,68.26875,device_05
2025-11-06 17:49:27.272538,0.0,57.96333333333335,69.15341666666666,device_01
2025-11-06 17:50:16.703614,0.0,57.88000000000001,68.27291666666666,device_05
2025-11-06 17:54:36.216901,0.0,57.652500000000025,68.94525000000002,device_01
2025-11-06 17:55:23.358462,0.0,57.88000000000001,68.27291666666667,device_05
2025-11-06 17:59:44.868734,0.0,57.65416666666668,68.44425000000003,device_01
2025-11-06 18:00:30.1078,0.0,57.88000000000001,68.26875,device_05
2025-11-06 18:04:53.972688,0.0,57.652500000000025,68.60875000000003,device_01
2025-11-06 18:05:37.246538,0.0,57.88000000000001,68.27833333333334,device_05
2025-11-06 18:06:25.53398,0.0,57.06541666666662,67.26125000000003,device_02
2025-11-06 18:10:02.455757,0.0,57.76500000000001,69.12591666666667,device_01
2025-11-06 18:10:45.02748,0.0,57.88000000000001,68.27291666666667,device_05
2025-11-06 18:15:11.510879,0.0,58.20191666666667,68.94900000000001,device_01
2025-11-06 18:15:52.000146,0.0,57.88000000000001,68.27291666666667,device_05
2025-11-06 18:20:23.045456,0.0,58.20108333333333,68.94900000000001,device_01
2025-11-06 18:20:59.434979,0.0,57.88000000000001,68.27291666666667,device_05
2025-11-06 18:22:46.716956,0.0,56.97583333333328,67.26125000000003,device_02
2025-11-06 18:25:34.02597,0.0,57.67500000000002,68.47258333333336,device_01
2025-11-06 18:26:06.265446,0.0,57.88000000000001,68.27291666666667,device_05
2025-11-06 18:30:42.355065,0.0,58.20108333333333,68.94900000000001,device_01
2025-11-06 18:31:13.073406,0.0,58.122083333333336,68.42875000000002,device_05
2025-11-06 18:33:59.99227,0.0,57.11999999999996,67.43750000000004,device_02
2025-11-06 18:35:50.42585,0.0,58.20108333333333,68.98666666666668,device_01
2025-11-06 18:36:19.52206,0.0,57.88000000000001,68.27291666666667,device_05
2025-11-06 18:41:01.416108,0.0,58.20108333333333,68.94900000000001,device_01
2025-11-06 18:41:26.282074,0.0,57.88000000000001,68.27291666666667,device_05
2025-11-06 18:44:36.026468,0.0,57.12916666666663,67.67875000000005,device_02
2025-11-06 18:46:09.744177,0.0,57.94500000000003,68.51050000000001,device_01
2025-11-06 18:46:33.085553,0.0,57.88,68.27291666666667,device_05
2025-11-06 18:49:45.982224,0.0,57.08999999999996,67.69291666666672,device_02
2025-11-06 18:51:17.854266,0.0,57.92000000000001,68.45325,device_01
2025-11-06 18:51:40.92081,0.0,57.88000000000001,68.27291666666667,device_05
2025-11-06 18:56:26.120286,0.0,57.99583333333335,68.46575,device_01
2025-11-06 18:56:48.126783,0.0,57.88000000000001,68.27291666666667,device_05
2025-11-06 19:00:26.236057,0.0,57.029583333333285,67.26125000000003,device_02
2025-11-06 19:01:37.355216,0.0,57.90708333333336,68.65041666666666,device_01
2025-11-06 19:01:54.54933,0.0,57.88000000000001,68.27291666666667,device_05
2025-11-06 19:06:46.855864,0.0,57.9866666666667,68.64458333333334,device_01
2025-11-06 19:07:01.330359,0.0,58.122083333333336,68.42875000000002,device_05
2025-11-06 19:11:04.529088,0.0,57.04249999999996,67.2979166666667,device_02
2025-11-06 19:11:54.763916,0.0,58.052500000000016,68.66358333333332,device_01
2025-11-06 19:12:08.06123,0.0,58.122083333333336,68.42875000000002,device_05
2025-11-06 19:17:03.051451,0.0,58.09458333333336,69.01841666666664,device_01
2025-11-06 19:17:16.308872,0.0,58.122083333333336,68.42875000000002,device_05
2025-11-06 19:22:11.404071,0.0,58.05541666666669,68.66499999999999,device_01
2025-11-06 19:22:23.395006,0.0,58.122083333333336,68.42875000000002,device_05
2025-11-06 19:27:10.924416,0.0,56.94374999999995,67.70375000000006,device_02
2025-11-06 19:27:22.400429,0.0,58.10000000000003,68.98608333333334,device_01
2025-11-06 19:27:30.066514,0.0,58.06916666666667,68.47125000000001,device_05
2025-11-06 19:32:33.635819,0.0,58.00500000000002,68.49841666666666,device_01
2025-11-06 19:32:37.379413,0.0,58.122083333333336,68.42875000000002,device_05
2025-11-06 19:37:43.25795,0.0,57.104583333333295,67.3041666666667,device_02
2025-11-06 19:37:44.221947,0.0,58.06916666666667,68.47125000000001,device_05
2025-11-06 19:37:44.553411,0.0,57.857500000000016,69.14841666666666,device_01
2025-11-06 19:42:51.599979,0.0,58.122083333333336,68.42875000000002,device_05
2025-11-06 19:42:52.880503,0.0,58.09375000000003,69.14533333333334,device_01
2025-11-06 19:47:59.159389,0.0,58.122083333333336,68.42875000000002,device_05
2025-11-06 19:48:00.51876,0.0,58.04083333333336,69.17174999999997,device_01
2025-11-06 19:53:06.596251,0.0,58.122083333333336,68.43416666666668,device_05
2025-11-06 19:53:08.524982,0.0,58.06750000000002,68.98191666666666,device_01
2025-11-06 19:58:14.132789,0.0,58.122083333333336,68.42458333333335,device_05
2025-11-06 20:03:21.32391,0.0,57.88000000000001,68.27291666666667,device_05
2025-11-06 20:03:29.772788,0.0,57.91458333333336,68.97233333333332,device_01
2025-11-06 20:08:28.317391,0.0,57.88000000000001,68.26875,device_05
2025-11-06 20:08:38.83166,0.0,57.83208333333335,68.47925000000001,device_01
2025-11-06 20:13:36.190668,0.0,57.88000000000001,68.27291666666667,device_05
2025-11-06 20:13:47.347704,0.0,57.84000000000001,68.45466666666667,device_01
2025-11-06 20:18:43.975449,0.0,57.88000000000001,68.27291666666667,device_05
2025-11-06 20:18:55.046007,0.0,57.83208333333335,68.47925000000001,device_01
2025-11-06 20:23:51.860398,0.0,57.88000000000001,68.27291666666667,device_05
2025-11-06 20:24:03.765701,0.0,58.18000000000003,68.59575000000001,device_01
2025-11-06 20:28:59.606589,0.0,57.88000000000001,68.27291666666666,device_05
2025-11-06 20:29:12.598755,0.0,58.15333333333336,68.78975,device_01
2025-11-06 20:34:07.337611,0.0,57.88000000000001,68.27291666666667,device_05
2025-11-06 20:34:21.25111,0.0,58.18083333333336,69.33199999999997,device_01
2025-11-06 20:39:15.156014,0.0,57.88000000000001,68.27291666666667,device_05
2025-11-06 20:39:29.766809,0.0,58.49583333333336,68.95849999999997,device_01
2025-11-06 20:44:22.605494,0.0,57.88000000000001,68.27291666666667,device_05
2025-11-06 20:44:38.407921,0.0,58.15083333333336,68.85891666666666,device_01
2025-11-06 20:49:29.876539,0.0,57.88000000000001,68.27291666666667,device_05
2025-11-06 20:49:49.549658,0.0,58.15000000000003,68.81433333333334,device_01
2025-11-06 20:54:37.203084,0.0,57.88000000000001,68.27291666666667,device_05
2025-11-06 20:54:59.98343,0.0,58.20125000000003,68.78975,device_01
2025-11-06 20:59:45.798101,0.0,57.88000000000001,68.27291666666667,device_05
2025-11-06 21:00:08.072736,0.0,58.15000000000003,68.81433333333334,device_01
2025-11-06 21:04:53.389641,0.0,57.88000000000001,68.27291666666667,device_05
2025-11-06 21:05:17.088722,0.0,58.17125000000003,68.74558333333334,device_01
2025-11-06 21:10:01.180414,0.0,57.88000000000001,68.27291666666667,device_05
2025-11-06 21:10:25.153895,0.0,57.87583333333335,68.47366666666667,device_01
2025-11-06 21:15:08.228697,0.0,57.88000000000001,68.27291666666667,device_05
2025-11-06 21:15:33.207212,0.0,58.23541666666669,68.721,device_01
2025-11-06 21:20:15.580763,0.0,57.88000000000001,68.27291666666667,device_05
2025-11-06 21:20:41.193438,0.0,58.30625000000003,68.89433333333335,device_01
2025-11-06 21:25:23.682999,0.0,57.88000000000001,68.27291666666667,device_05
2025-11-06 21:25:56.915931,0.0,58.44666666666669,68.89649999999999,device_01
2025-11-06 21:30:31.366744,0.0,57.88000000000001,68.27291666666667,device_05
2025-11-06 21:31:05.585937,0.0,57.96166666666669,68.49866666666665,device_01
2025-11-06 21:35:39.965022,0.0,57.88000000000001,68.27291666666667,device_05
2025-11-06 21:36:13.598551,0.0,58.22666666666669,68.56616666666669,device_01
2025-11-06 21:40:50.142719,0.0,57.87666666666668,68.2775,device_05
2025-11-06 21:41:24.508221,0.0,58.51666666666669,69.40516666666663,device_01
2025-11-06 21:45:57.707551,0.0,57.87666666666668,68.2775,device_05
2025-11-06 21:46:32.723889,0.0,58.50291666666671,69.12133333333331,device_01
2025-11-06 21:51:04.651459,0.0,57.87666666666668,68.2775,device_05
2025-11-06 21:51:40.52669,0.0,58.48833333333337,69.0205833333333,device_01
2025-11-06 21:56:11.823582,0.0,57.87666666666668,68.2775,device_05
2025-11-06 21:56:48.664589,0.0,58.724583333333385,69.14724999999999,device_01
2025-11-06 22:01:18.949223,0.0,57.87666666666668,68.2775,device_05
2025-11-06 22:01:59.713477,0.0,58.42541666666671,69.00966666666665,device_01
2025-11-06 22:06:26.626912,0.0,57.87666666666668,68.2775,device_05
2025-11-06 22:11:34.298412,0.0,57.87666666666668,68.2775,device_05
2025-11-06 22:16:41.463248,0.0,57.87666666666668,68.2775,device_05
2025-11-06 22:21:48.877817,0.0,57.87666666666668,68.2775,device_05
2025-11-06 22:26:56.750932,0.0,57.87666666666668,68.2775,device_05
2025-11-06 22:32:05.40612,0.0,57.87666666666668,68.2775,device_05
2025-11-06 22:37:13.739429,0.0,57.87666666666668,68.2775,device_05
2025-11-06 22:42:22.242762,0.0,57.87666666666668,68.2775,device_05
2025-11-06 22:47:31.782359,0.0,57.87666666666668,68.2775,device_05
2025-11-12 13:44:36.509179,0.0,58.408166666666695,68.85666666666668,device_03
2025-11-12 13:45:36.031473,0.0,58.408166666666695,68.85666666666668,device_03
2025-11-12 13:46:36.756763,0.0,58.408166666666695,68.85666666666668,device_03
2025-11-12 13:47:36.184034,0.0,58.408166666666695,68.85666666666668,device_03
2025-11-12 13:48:36.304409,0.0,58.408166666666695,68.8566666666667,device_03
2025-11-12 13:49:36.165597,0.0,58.408166666666695,68.85666666666668,device_03
2025-11-12 13:50:35.937645,0.0,58.14016666666661,67.45408333333339,device_03
2025-11-12 13:51:36.960441,0.0,58.72158333333327,67.77291666666676,device_03
2025-11-12 13:52:35.953684,0.0,58.64116666666661,67.84125000000009,device_03
2025-11-12 13:56:50.885197,0.0,58.68683333333332,68.26850000000005,device_01
2025-11-12 14:00:52.099205,0.0,58.5211666666666,67.7400000000001,device_02
2025-11-12 14:01:51.880797,0.0,58.04533333333328,67.48125000000009,device_02
2025-11-12 14:08:26.917997,0.0,58.82391666666663,68.00016666666674,device_04
2025-11-12 14:12:15.495027,0.0,57.18458333333329,67.26458333333335,device_05
2025-11-12 14:18:43.941337,0.0,58.754333333333314,68.06058333333337,device_01
2025-11-12 14:19:10.169458,0.0,58.64116666666661,67.84125000000009,device_02
2025-11-12 14:19:35.547235,0.0,58.77083333333328,67.91391666666675,device_03
2025-11-12 14:19:43.588423,0.0,59.72225,68.84849999999999,device_01
2025-11-12 14:20:10.283478,0.0,58.00491666666662,67.7800000000001,device_02
2025-11-12 14:20:32.239712,0.0,58.83141666666663,68.00475000000007,device_04
2025-11-12 14:20:35.391221,0.0,58.7630833333333,67.93641666666673,device_03
2025-11-12 14:20:43.610836,0.0,58.71683333333329,68.1668333333334,device_01
2025-11-12 14:20:53.272927,0.0,58.64116666666661,67.84125000000009,device_05
2025-11-12 14:21:10.232973,0.0,57.942166666666616,67.80516666666675,device_02
2025-11-12 14:21:30.893587,0.0,59.54983333333335,68.6308333333334,device_04
2025-11-12 14:21:35.316753,0.0,58.80183333333328,67.9168333333334,device_03
2025-11-12 14:34:52.041613,0.0,58.67099999999995,67.90558333333341,device_01
2025-11-12 14:35:52.21532,0.0,57.22183333333329,67.62683333333337,device_01
2025-11-12 14:36:04.938181,0.0,58.71183333333327,67.81725000000007,device_03
2025-11-12 14:36:45.690944,0.0,58.588666666666604,67.80333333333343,device_02
2025-11-12 14:36:52.062532,0.0,57.06124999999995,67.81916666666667,device_01
2025-11-12 14:37:01.227183,0.0,57.06583333333327,67.27916666666673,device_03
2025-11-12 14:37:24.801004,0.0,58.83141666666663,68.00475000000007,device_04
2025-11-12 14:37:45.16935,0.0,57.259999999999934,68.00083333333342,device_02
2025-11-12 14:37:53.41384,0.0,57.04208333333329,67.76625000000004,device_01
2025-11-12 14:38:03.305406,0.0,57.10458333333328,67.3379166666667,device_03
2025-11-12 14:38:23.499681,0.0,58.83141666666663,68.00475000000007,device_04
2025-11-12 14:38:25.062589,0.0,58.35933333333328,67.56225000000006,device_05
2025-11-12 14:38:45.180343,0.0,57.28333333333327,67.9687500000001,device_02
2025-11-12 14:38:51.467328,0.0,57.06791666666663,67.75416666666672,device_01
2025-11-12 14:39:00.747071,0.0,57.10666666666661,67.33375000000005,device_03
2025-11-12 14:39:23.49463,0.0,58.83141666666663,68.00475000000007,device_04
2025-11-12 14:39:25.090564,0.0,57.294583333333286,67.23916666666672,device_05
2025-11-12 14:39:45.090263,0.0,57.24416666666661,67.79416666666678,device_02
2025-11-12 14:39:51.25203,0.0,57.14874999999997,67.74333333333338,device_01
2025-11-12 14:40:00.709908,0.0,57.0033333333333,67.42083333333338,device_03
2025-11-12 14:40:23.614808,0.0,58.838083333333294,68.1343333333334,device_04
2025-11-12 14:40:25.226576,0.0,57.33624999999996,67.22958333333338,device_05
2025-11-12 14:40:45.67469,0.0,57.0916666666666,67.69166666666676,device_02
2025-11-12 14:40:51.320844,0.0,57.20791666666663,67.76208333333338,device_01
2025-11-12 14:41:00.77532,0.0,57.09124999999995,67.41875000000005,device_03
2025-11-12 14:41:23.501661,0.0,58.78141666666663,68.14433333333339,device_04
2025-11-12 14:41:25.050585,0.0,57.03916666666662,67.23291666666672,device_05
2025-11-12 14:41:45.146491,0.0,57.10166666666662,67.70458333333342,device_02
2025-11-12 14:41:51.29046,0.0,57.20791666666664,67.76416666666671,device_01
2025-11-12 14:42:01.431996,0.0,56.98624999999995,67.23500000000006,device_03
2025-11-12 14:42:23.45483,0.0,58.78141666666663,68.11308333333339,device_04
2025-11-12 14:42:24.950202,0.0,57.03916666666662,67.22416666666672,device_05
2025-11-12 14:42:45.200663,0.0,57.08249999999994,67.73833333333343,device_02
2025-11-12 14:42:51.513577,0.0,57.20791666666663,67.76416666666671,device_01
2025-11-12 14:43:01.281634,0.0,57.104999999999954,67.44250000000005,device_03
2025-11-12 14:43:23.594202,0.0,58.73224999999995,68.0530833333334,device_04
2025-11-12 14:43:24.937754,0.0,56.87124999999996,67.19083333333339,device_05
2025-11-12 14:43:45.577934,0.0,57.06958333333328,67.71958333333343,device_02
2025-11-12 14:43:51.422504,0.0,57.20791666666663,67.76416666666671,device_01
2025-11-12 14:44:00.78485,0.0,57.21499999999996,67.59250000000003,device_03
2025-11-12 14:44:23.515151,0.0,58.64183333333327,68.44100000000007,device_04
2025-11-12 14:44:25.208114,0.0,56.82624999999995,67.18416666666673,device_05
2025-11-12 14:44:44.923801,0.0,57.08583333333328,67.70458333333342,device_02
2025-11-12 14:44:51.493275,0.0,57.21166666666662,67.75291666666672,device_01
2025-11-12 14:45:00.875243,0.0,57.22541666666663,67.48875000000005,device_03
2025-11-12 14:45:23.474834,0.0,58.61099999999994,68.46891666666671,device_04
2025-11-12 14:45:24.934652,0.0,57.04749999999996,67.34416666666674,device_05
2025-11-12 14:45:45.11928,0.0,57.1016666666666,67.68250000000008,device_02
2025-11-12 14:45:51.637575,0.0,57.201249999999966,67.77291666666672,device_01
2025-11-12 14:46:00.768163,0.0,57.18541666666663,67.78083333333339,device_03
2025-11-12 14:46:23.500726,0.0,58.60449999999994,68.46891666666671,device_04
2025-11-12 14:46:24.919988,0.0,56.48916666666661,67.27291666666675,device_05
2025-11-12 14:46:44.964564,0.0,57.1316666666666,67.72833333333344,device_02
2025-11-12 14:46:51.934198,0.0,57.20791666666663,67.76208333333338,device_01
2025-11-12 14:47:00.725517,0.0,57.17541666666664,67.80083333333339,device_03
2025-11-12 14:47:23.467611,0.0,59.04541666666662,69.07775000000008,device_04
2025-11-12 14:47:24.943547,0.0,56.40374999999995,67.2525000000001,device_05
2025-11-12 14:47:45.048591,0.0,57.20208333333326,67.7829166666668,device_02
2025-11-12 14:47:51.329943,0.0,57.201249999999966,67.77500000000005,device_01
2025-11-12 14:48:00.668915,0.0,57.20374999999997,67.79416666666673,device_03
2025-11-12 14:48:23.509199,0.0,59.40016666666665,69.09641666666674,device_04
2025-11-12 14:48:25.081772,0.0,57.04749999999996,67.27375000000008,device_05
2025-11-12 14:48:45.18973,0.0,57.1316666666666,67.72833333333344,device_02
2025-11-12 14:48:51.249535,0.0,57.20791666666663,67.76416666666671,device_01
2025-11-12 14:49:00.757927,0.0,57.19999999999997,67.8033333333334,device_03
2025-11-12 14:49:23.476936,0.0,59.329749999999976,69.09850000000007,device_04
2025-11-12 14:49:24.911819,0.0,57.04749999999996,67.27375000000008,device_05
2025-11-12 14:49:45.064534,0.0,57.1329166666666,67.7425000000001,device_02
2025-11-12 14:49:51.268813,0.0,57.201249999999966,67.77500000000005,device_01
2025-11-12 14:50:00.929558,0.0,57.19999999999997,67.8033333333334,device_03
2025-11-12 14:50:23.603363,0.0,59.23541666666665,69.09875000000008,device_04
2025-11-12 14:50:24.944238,0.0,57.04749999999996,67.27375000000008,device_05
2025-11-12 14:50:45.1785,0.0,57.12999999999994,67.7425000000001,device_02
2025-11-12 14:50:51.270662,0.0,57.201249999999966,67.77500000000005,device_01
2025-11-12 14:51:03.831882,0.0,57.20374999999997,67.79625000000006,device_03
2025-11-12 14:51:23.515668,0.0,59.19166666666665,69.07700000000008,device_04
2025-11-12 14:51:24.921699,0.0,57.04749999999996,67.27375000000006,device_05
2025-11-12 14:51:45.547361,0.0,57.1329166666666,67.74166666666677,device_02
2025-11-12 14:51:51.282028,0.0,57.201249999999966,67.78041666666671,device_01
2025-11-12 14:52:00.917731,0.0,57.19374999999997,67.81625000000004,device_03
2025-11-12 14:52:23.499248,0.0,59.19166666666665,69.08033333333341,device_04
2025-11-12 14:52:24.886462,0.0,56.60083333333331,67.27583333333341,device_05
2025-11-12 14:52:44.986419,0.0,56.77958333333328,67.7825000000001,device_02
2025-11-12 14:52:51.358297,0.0,57.19916666666664,67.78041666666671,device_01
2025-11-12 14:53:01.545882,0.0,57.19374999999997,67.81625000000004,device_03
2025-11-12 14:53:23.438717,0.0,59.087333333333326,69.08466666666675,device_04
2025-11-12 14:53:25.108427,0.0,56.51958333333329,67.27291666666675,device_05
2025-11-12 14:53:44.984983,0.0,57.006249999999945,67.77416666666676,device_02
2025-11-12 14:53:51.45725,0.0,57.19916666666664,67.78041666666671,device_01
2025-11-12 14:54:00.879702,0.0,57.19374999999997,67.81625000000004,device_03
2025-11-12 14:54:23.627586,0.0,58.98733333333334,69.06966666666675,device_04
2025-11-12 14:54:25.032961,0.0,56.41458333333328,67.24833333333342,device_05
2025-11-12 14:54:44.918963,0.0,56.77958333333328,67.7825000000001,device_02
2025-11-12 14:54:51.750221,0.0,57.14416666666664,67.81541666666669,device_01
2025-11-12 14:55:01.125287,0.0,57.19166666666664,67.81625000000004,device_03
2025-11-12 14:55:23.646841,0.0,58.98733333333334,69.06841666666675,device_04
2025-11-12 14:55:24.941904,0.0,56.729999999999954,67.30375000000008,device_05
2025-11-12 14:55:45.575157,0.0,56.771249999999945,67.73041666666673,device_02
2025-11-12 14:55:51.323436,0.0,56.93166666666664,67.80250000000002,device_01
2025-11-12 14:56:04.313124,0.0,57.193749999999966,67.81625000000004,device_03
2025-11-12 14:56:23.507337,0.0,58.98733333333334,69.08300000000008,device_04
2025-11-12 14:56:24.902352,0.0,56.71958333333331,67.29958333333339,device_05
2025-11-12 14:56:45.667962,0.0,56.76624999999994,67.75125000000008,device_02
2025-11-12 14:56:51.395765,0.0,57.14333333333331,67.81250000000003,device_01
2025-11-12 14:57:00.676625,0.0,57.19166666666664,67.81750000000005,device_03
2025-11-12 14:57:23.476821,0.0,59.00266666666666,69.09216666666676,device_04
2025-11-12 14:57:24.878168,0.0,56.71958333333331,67.29958333333339,device_05
2025-11-12 14:57:44.95895,0.0,56.75791666666662,67.77916666666675,device_02
2025-11-12 14:57:51.516266,0.0,57.14333333333331,67.81250000000003,device_01
2025-11-12 14:58:01.602283,0.0,57.19166666666664,67.81750000000005,device_03
2025-11-12 14:58:23.525837,0.0,58.65983333333333,69.0340833333334,device_04
2025-11-12 14:58:25.046145,0.0,56.67833333333332,67.28375000000005,device_05
2025-11-12 14:58:45.022034,0.0,57.02249999999994,67.75000000000007,device_02
2025-11-12 14:58:51.263304,0.0,57.17749999999997,67.8066666666667,device_01
2025-11-12 14:59:00.668477,0.0,57.19791666666664,67.80666666666673,device_03
2025-11-12 14:59:23.465622,0.0,59.00116666666667,69.12691666666674,device_04
2025-11-12 14:59:24.902964,0.0,56.68916666666665,67.2733333333334,device_05
2025-11-12 14:59:45.0358,0.0,56.98291666666663,67.76708333333342,device_02
2025-11-12 14:59:51.827741,0.0,56.93166666666664,67.80583333333335,device_01
2025-11-12 15:00:00.766166,0.0,57.19166666666664,67.81625000000004,device_03
2025-11-12 15:00:24.388606,0.0,58.99575,69.14775000000007,device_04
2025-11-12 15:00:24.92288,0.0,56.72291666666666,67.26333333333338,device_05
2025-11-12 15:00:44.945695,0.0,57.22791666666665,68.02666666666676,device_02
2025-11-12 15:00:51.236635,0.0,56.92916666666663,67.80583333333335,device_01
2025-11-12 15:01:00.743561,0.0,57.19166666666664,67.81750000000005,device_03
2025-11-12 15:01:23.515278,0.0,58.40391666666665,68.98416666666674,device_04
2025-11-12 15:01:24.939532,0.0,56.76499999999998,67.33125000000005,device_05
2025-11-12 15:01:45.044043,0.0,57.24749999999998,68.01375000000009,device_02
2025-11-12 15:01:51.444235,0.0,56.929583333333305,67.80583333333335,device_01
2025-11-12 15:02:01.143332,0.0,57.1970833333333,67.80375000000005,device_03
2025-11-12 15:02:23.511428,0.0,58.396,68.99791666666674,device_04
2025-11-12 15:02:24.91021,0.0,56.74916666666666,67.29500000000006,device_05
2025-11-12 15:02:45.153203,0.0,57.24999999999998,68.01375000000009,device_02
2025-11-12 15:02:51.393768,0.0,57.14083333333331,67.81583333333336,device_01
2025-11-12 15:03:00.691173,0.0,57.1970833333333,67.80375000000005,device_03
2025-11-12 15:03:23.515755,0.0,58.396,68.99791666666674,device_04
2025-11-12 15:03:25.081943,0.0,57.45291666666668,67.60875000000007,device_05
2025-11-12 15:03:45.603167,0.0,57.03958333333328,67.72791666666673,device_02
2025-11-12 15:03:51.263482,0.0,57.14083333333331,67.81583333333336,device_01
2025-11-12 15:04:02.41215,0.0,57.19166666666664,67.81750000000005,device_03
2025-11-12 15:04:23.480778,0.0,58.396833333333326,68.99791666666674,device_04
2025-11-12 15:04:25.049634,0.0,57.45291666666668,67.60875000000007,device_05
2025-11-12 15:04:44.927938,0.0,56.814166666666615,67.70500000000007,device_02
2025-11-12 15:04:51.292268,0.0,57.14083333333331,67.81250000000003,device_01
2025-11-12 15:05:00.654193,0.0,57.19166666666664,67.81750000000005,device_03
2025-11-12 15:05:23.484368,0.0,58.40724999999998,68.89750000000006,device_04
2025-11-12 15:05:24.894651,0.0,57.44875000000002,68.33875000000005,device_05
2025-11-12 15:05:45.157774,0.0,57.10499999999995,67.73208333333339,device_02
2025-11-12 15:05:51.801154,0.0,58.29550000000001,68.93475000000004,device_01
2025-11-12 15:06:00.753055,0.0,57.197083333333296,67.80375000000005,device_03
2025-11-12 15:06:23.58093,0.0,58.40766666666666,68.90208333333341,device_04
2025-11-12 15:06:24.88978,0.0,57.46875000000002,68.3341666666667,device_05
2025-11-12 15:06:44.920768,0.0,56.829166666666616,67.70916666666673,device_02
2025-11-12 15:06:51.270616,0.0,58.2955,68.93475000000004,device_01
2025-11-12 15:07:02.418897,0.0,57.19791666666664,67.80666666666673,device_03
2025-11-12 15:07:23.628803,0.0,58.38474999999998,68.89750000000006,device_04
2025-11-12 15:07:24.92926,0.0,57.44875000000002,68.33875000000005,device_05
2025-11-12 15:07:45.653876,0.0,56.814166666666615,67.71500000000007,device_02
2025-11-12 15:07:51.320715,0.0,58.65700000000003,69.16958333333338,device_01
2025-11-12 15:08:01.404291,0.0,57.17833333333329,67.77541666666671,device_03
2025-11-12 15:08:23.454954,0.0,58.37599999999998,68.89750000000006,device_04
2025-11-12 15:08:24.909507,0.0,57.44875000000002,68.33875000000005,device_05
2025-11-12 15:08:45.032504,0.0,57.25749999999998,68.0375000000001,device_02
2025-11-12 15:08:51.375682,0.0,58.13041666666668,69.14433333333336,device_01
2025-11-12 15:09:00.888938,0.0,57.18666666666663,67.76458333333338,device_03
2025-11-12 15:09:23.428567,0.0,58.27791666666665,68.86000000000006,device_04
2025-11-12 15:09:24.885463,0.0,57.45416666666668,68.21458333333338,device_05
2025-11-12 15:09:45.524489,0.0,56.814166666666615,67.70916666666673,device_02
2025-11-12 15:09:51.298216,0.0,58.22683333333333,68.9604166666667,device_01
2025-11-12 15:10:00.687203,0.0,57.171249999999965,67.78750000000005,device_03
2025-11-12 15:10:23.539723,0.0,58.274999999999984,68.86250000000007,device_04
2025-11-12 15:10:24.951824,0.0,57.45416666666667,68.21458333333338,device_05
2025-11-12 15:10:44.905307,0.0,57.08499999999995,67.7533333333334,device_02
2025-11-12 15:10:51.282301,0.0,58.61683333333337,69.17041666666671,device_01
2025-11-12 15:11:01.752436,0.0,57.17749999999997,67.77666666666671,device_03
2025-11-12 15:11:23.60347,0.0,58.34458333333333,68.8645833333334,device_04
2025-11-12 15:11:24.886732,0.0,57.42833333333334,68.21458333333338,device_05
2025-11-12 15:11:45.118058,0.0,56.82041666666662,67.71500000000007,device_02
2025-11-12 15:11:51.90662,0.0,58.310500000000005,68.9289166666667,device_01
2025-11-12 15:12:00.687216,0.0,57.17833333333329,67.77833333333338,device_03
2025-11-12 15:12:23.421594,0.0,58.27791666666666,68.86000000000004,device_04
2025-11-12 15:12:24.924686,0.0,57.42833333333335,68.21458333333338,device_05
2025-11-12 15:12:44.900267,0.0,56.82041666666662,67.71500000000007,device_02
2025-11-12 15:12:51.240084,0.0,58.586833333333374,69.17041666666671,device_01
2025-11-12 15:13:00.80619,0.0,57.17416666666664,67.7891666666667,device_03
2025-11-12 15:13:23.518735,0.0,58.25475,68.85000000000005,device_04
2025-11-12 15:13:24.928453,0.0,57.410833333333336,68.20625000000004,device_05
2025-11-12 15:13:45.488181,0.0,57.04708333333329,67.7708333333334,device_02
2025-11-12 15:13:51.295711,0.0,58.22116666666667,68.93683333333337,device_01
2025-11-12 15:14:01.035888,0.0,57.18041666666663,67.77833333333338,device_03
2025-11-12 15:14:23.445293,0.0,58.27374999999999,68.86000000000006,device_04
2025-11-12 15:14:25.134558,0.0,57.410833333333336,68.20625000000004,device_05
2025-11-12 15:14:44.992776,0.0,56.809583333333286,67.73500000000007,device_02
2025-11-12 15:14:51.218714,0.0,58.233500000000014,68.96250000000003,device_01
2025-11-12 15:15:00.762803,0.0,57.172083333333305,67.79083333333338,device_03
2025-11-12 15:15:23.451928,0.0,58.34458333333332,68.8645833333334,device_04
2025-11-12 15:15:25.104265,0.0,57.410833333333336,68.20625000000004,device_05
2025-11-12 15:15:44.948075,0.0,57.24874999999997,68.04375000000009,device_02
2025-11-12 15:15:51.868154,0.0,57.17166666666663,67.70333333333336,device_01
2025-11-12 15:16:00.889438,0.0,57.19666666666662,67.77083333333339,device_03
2025-11-12 15:16:23.499817,0.0,58.33399999999999,68.86441666666673,device_04
2025-11-12 15:16:24.924528,0.0,57.41083333333333,68.20625000000004,device_05
2025-11-12 15:16:44.90092,0.0,56.81416666666661,67.71500000000009,device_02
2025-11-12 15:16:51.290224,0.0,57.87849999999997,68.91075000000002,device_01
2025-11-12 15:17:00.680638,0.0,57.20166666666663,67.77208333333338,device_03
2025-11-12 15:17:23.536835,0.0,58.34458333333332,68.8645833333334,device_04
2025-11-12 15:17:24.910863,0.0,57.410833333333336,68.20625000000004,device_05
2025-11-12 15:17:45.119937,0.0,57.04624999999994,67.73875000000007,device_02
2025-11-12 15:17:51.884796,0.0,57.36916666666664,67.7029166666667,device_01
2025-11-12 15:18:00.804271,0.0,57.1958333333333,67.78125000000006,device_03
2025-11-12 15:18:23.444678,0.0,58.33399999999999,68.85900000000007,device_04
2025-11-12 15:18:24.923965,0.0,57.410833333333336,68.20625000000004,device_05
2025-11-12 15:18:45.148696,0.0,56.80208333333328,67.70500000000007,device_02
2025-11-12 15:18:51.246617,0.0,57.1120833333333,67.66333333333336,device_01
2025-11-12 15:19:00.691694,0.0,57.22333333333329,67.77000000000004,device_03
2025-11-12 15:19:23.47842,0.0,58.33399999999999,68.86441666666673,device_04
2025-11-12 15:19:24.906579,0.0,57.410833333333336,68.20625000000004,device_05
2025-11-12 15:19:44.943795,0.0,57.020833333333286,67.76375000000007,device_02
2025-11-12 15:19:51.46887,0.0,58.11333333333334,69.14433333333336,device_01
2025-11-12 15:20:00.832954,0.0,57.20416666666662,67.75625000000005,device_03
2025-11-12 15:20:23.7155,0.0,58.274999999999984,68.86000000000006,device_04
2025-11-12 15:20:24.937616,0.0,57.410833333333336,68.20625000000004,device_05
2025-11-12 15:20:44.984471,0.0,56.793749999999946,67.70500000000007,device_02
2025-11-12 15:20:51.411947,0.0,57.87016666666664,68.91075000000002,device_01
2025-11-12 15:21:03.833435,0.0,57.19916666666664,67.78041666666671,device_03
2025-11-12 15:21:23.449933,0.0,58.27791666666665,68.86000000000006,device_04
2025-11-12 15:21:24.90988,0.0,57.410833333333336,68.20625000000004,device_05
2025-11-12 15:21:44.968514,0.0,57.25249999999998,68.01375000000009,device_02
2025-11-12 15:21:51.885463,0.0,57.374999999999964,67.7029166666667,device_01
2025-11-12 15:22:00.677233,0.0,57.20791666666663,67.76958333333337,device_03
2025-11-12 15:22:23.479318,0.0,58.27791666666665,68.86000000000006,device_04
2025-11-12 15:22:24.912564,0.0,57.410833333333336,68.20625000000004,device_05
2025-11-12 15:22:44.93868,0.0,57.396666666666654,68.04091666666676,device_02
2025-11-12 15:22:51.284053,0.0,57.17166666666663,67.70333333333336,device_01
2025-11-12 15:23:00.907068,0.0,57.20791666666663,67.76958333333337,device_03
2025-11-12 15:23:23.657019,0.0,58.274999999999984,68.8545833333334,device_04
2025-11-12 15:23:24.906575,0.0,57.41083333333333,68.20625000000004,device_05
2025-11-12 15:23:44.975931,0.0,57.37375,68.04925000000009,device_02
2025-11-12 15:24:01.500675,0.0,57.201249999999966,67.78041666666671,device_03
2025-11-12 15:24:23.492312,0.0,58.274999999999984,68.86000000000006,device_04
2025-11-12 15:24:24.946865,0.0,57.410833333333336,68.20625000000004,device_05
2025-11-12 15:24:44.897069,0.0,57.39416666666665,68.04091666666676,device_02
2025-11-12 15:25:23.461195,0.0,58.27791666666665,68.86000000000006,device_04
2025-11-12 15:25:25.232212,0.0,57.410833333333336,68.20625000000004,device_05
2025-11-12 15:26:25.131201,0.0,57.42833333333334,68.21458333333338,device_05
2025-11-12 15:28:51.24173,0.0,58.25808333333335,68.96125000000002,device_01
2025-11-12 15:29:51.270879,0.0,57.374999999999964,67.70458333333336,device_01
2025-11-12 15:30:00.84344,0.0,57.16166666666663,67.77833333333338,device_03
2025-11-12 15:30:44.916085,0.0,56.814166666666615,67.71500000000007,device_02
2025-11-12 15:30:51.79325,0.0,56.90041666666662,67.65333333333334,device_01
2025-11-12 15:31:00.621329,0.0,57.025833333333296,67.78916666666672,device_03
2025-11-12 15:31:23.473516,0.0,58.25475,68.86000000000006,device_04
2025-11-12 15:31:45.072584,0.0,56.82624999999995,67.74500000000006,device_02
2025-11-12 15:31:51.370586,0.0,57.1508333333333,67.65750000000001,device_01
2025-11-12 15:32:00.76602,0.0,57.02874999999997,67.79083333333338,device_03
2025-11-12 15:32:23.514669,0.0,58.2785,68.82458333333338,device_04
2025-11-12 15:32:25.167319,0.0,57.44000000000001,68.21833333333339,device_05
2025-11-12 15:32:45.054546,0.0,57.06541666666662,67.76666666666672,device_02
2025-11-12 15:32:51.357287,0.0,57.58308333333333,67.97083333333336,device_01
2025-11-12 15:33:00.62424,0.0,56.92416666666664,67.78000000000006,device_03
2025-11-12 15:33:23.489827,0.0,58.30558333333333,68.82458333333338,device_04
2025-11-12 15:33:24.964884,0.0,57.42833333333334,68.21458333333338,device_05
2025-11-12 15:33:44.890856,0.0,56.86249999999996,67.73083333333338,device_02
2025-11-12 15:33:51.572681,0.0,57.73483333333332,68.93641666666669,device_01
2025-11-12 15:34:00.683725,0.0,56.90291666666663,67.77583333333338,device_03
2025-11-12 15:34:23.486184,0.0,58.33391666666667,68.85375000000005,device_04
2025-11-12 15:34:24.950401,0.0,57.410833333333336,68.20625000000004,device_05
2025-11-12 15:34:45.028322,0.0,57.32499999999998,67.9913333333334,device_02
2025-11-12 15:34:51.355521,0.0,58.13041666666668,69.14433333333336,device_01
2025-11-12 15:35:00.704744,0.0,56.902083333333294,67.77583333333338,device_03
2025-11-12 15:35:23.514124,0.0,58.31058333333333,68.85541666666671,device_04
2025-11-12 15:35:25.097034,0.0,57.410833333333336,68.20625000000004,device_05
2025-11-12 15:35:44.93441,0.0,57.17541666666662,67.75791666666673,device_02
2025-11-12 15:35:51.249522,0.0,56.893749999999976,67.65333333333334,device_01
2025-11-12 15:36:00.862207,0.0,56.90583333333328,67.76666666666671,device_03
2025-11-12 15:36:23.512708,0.0,58.31433333333332,68.85583333333338,device_04
2025-11-12 15:36:24.886059,0.0,57.410833333333336,68.20625000000004,device_05
2025-11-12 15:36:44.914841,0.0,56.92499999999996,67.73333333333339,device_02
2025-11-12 15:36:51.264861,0.0,57.12874999999996,67.7054166666667,device_01
2025-11-12 15:37:00.798495,0.0,56.90124999999996,67.77375000000005,device_03
2025-11-12 15:37:23.490759,0.0,58.35216666666666,68.85500000000003,device_04
2025-11-12 15:37:25.191273,0.0,57.410833333333336,68.20625000000004,device_05
2025-11-12 15:37:44.919225,0.0,57.22499999999995,67.72666666666674,device_02
2025-11-12 15:37:51.334871,0.0,56.9320833333333,67.66583333333334,device_01
2025-11-12 15:38:00.628998,0.0,56.90291666666663,67.77958333333339,device_03
2025-11-12 15:38:23.817279,0.0,58.39258333333332,68.85500000000003,device_04
2025-11-12 15:38:25.16385,0.0,57.41083333333335,68.20500000000004,device_05
2025-11-12 15:38:45.268253,0.0,57.22499999999995,67.72666666666674,device_02
2025-11-12 15:38:51.246227,0.0,56.84291666666663,67.69833333333334,device_01
2025-11-12 15:39:00.828119,0.0,56.902083333333294,67.77541666666671,device_03
2025-11-12 15:39:23.511099,0.0,58.40883333333333,68.87500000000004,device_04
2025-11-12 15:39:24.953041,0.0,57.410833333333336,68.20500000000004,device_05
2025-11-12 15:39:44.951417,0.0,57.22499999999995,67.73250000000007,device_02
2025-11-12 15:39:51.324671,0.0,56.912499999999966,67.71625000000002,device_01
2025-11-12 15:40:01.325301,0.0,56.902083333333294,67.80166666666672,device_03
2025-11-12 15:40:23.475367,0.0,58.40675,68.87208333333338,device_04
2025-11-12 15:40:24.95513,0.0,57.410833333333336,68.20500000000004,device_05
2025-11-12 15:40:44.920904,0.0,57.22499999999995,67.73250000000007,device_02
2025-11-12 15:40:51.406766,0.0,56.80499999999997,67.70958333333334,device_01
2025-11-12 15:41:00.808561,0.0,56.90583333333328,67.80333333333337,device_03
2025-11-12 15:41:23.465561,0.0,58.40675,68.87208333333338,device_04
2025-11-12 15:41:24.920096,0.0,57.42333333333334,68.20666666666672,device_05
2025-11-12 15:41:45.18494,0.0,57.224999999999945,67.7420833333334,device_02
2025-11-12 15:41:51.345496,0.0,56.897083333333306,67.70125000000003,device_01
2025-11-12 15:42:00.657116,0.0,56.89541666666664,67.82333333333338,device_03
2025-11-12 15:42:23.451846,0.0,58.40675,68.88791666666671,device_04
2025-11-12 15:42:24.948068,0.0,57.410833333333336,68.20666666666672,device_05
2025-11-12 15:42:45.304973,0.0,57.223749999999946,67.72791666666674,device_02
2025-11-12 15:42:51.207736,0.0,56.87416666666663,67.63041666666669,device_01
2025-11-12 15:43:00.624894,0.0,56.89541666666664,67.82333333333338,device_03
2025-11-12 15:43:23.500404,0.0,58.40675,68.80608333333338,device_04
2025-11-12 15:43:24.919414,0.0,57.42333333333334,68.20666666666672,device_05
2025-11-12 15:43:45.506991,0.0,57.222499999999954,67.74125000000008,device_02
2025-11-12 15:43:51.24387,0.0,56.897083333333306,67.67750000000004,device_01
2025-11-12 15:44:00.68436,0.0,56.445416666666645,67.82583333333338,device_03
2025-11-12 15:44:23.502777,0.0,58.40675,68.80608333333338,device_04
2025-11-12 15:44:24.895762,0.0,57.410833333333336,68.20666666666672,device_05
2025-11-12 15:44:44.979404,0.0,57.23708333333329,67.72625000000008,device_02
2025-11-12 15:44:51.208229,0.0,56.90291666666664,67.6666666666667,device_01
2025-11-12 15:45:00.751698,0.0,56.42624999999998,67.82583333333338,device_03
2025-11-12 15:45:23.453325,0.0,58.36758333333332,68.80608333333336,device_04
2025-11-12 15:45:24.915077,0.0,57.4225,68.20875000000005,device_05
2025-11-12 15:45:44.945198,0.0,57.18416666666661,67.74000000000007,device_02
2025-11-12 15:45:51.258501,0.0,56.91124999999995,67.6816666666667,device_01
2025-11-12 15:46:00.763949,0.0,56.43791666666663,67.79125000000005,device_03
2025-11-12 15:46:23.660397,0.0,58.36758333333332,68.80608333333336,device_04
2025-11-12 15:46:24.930288,0.0,57.42291666666667,68.20875000000005,device_05
2025-11-12 15:46:44.971121,0.0,57.16791666666661,67.74000000000007,device_02
2025-11-12 15:46:51.220083,0.0,57.11666666666662,67.68458333333338,device_01
2025-11-12 15:47:00.781153,0.0,56.44124999999998,67.81125000000003,device_03
2025-11-12 15:47:23.721422,0.0,58.36758333333332,68.80608333333338,device_04
2025-11-12 15:47:24.922753,0.0,57.4225,68.20875000000005,device_05
2025-11-12 15:47:44.945747,0.0,57.18416666666661,67.74875000000007,device_02
2025-11-12 15:47:51.459124,0.0,58.17324999999999,68.87541666666671,device_01
2025-11-12 15:48:00.772272,0.0,56.69416666666664,67.8216666666667,device_03
2025-11-12 15:48:23.489248,0.0,58.368,68.80608333333338,device_04
2025-11-12 15:48:25.013114,0.0,57.41958333333333,68.20875000000005,device_05
2025-11-12 15:48:44.896531,0.0,57.166666666666615,67.7320833333334,device_02
2025-11-12 15:48:51.327051,0.0,58.17324999999999,68.87541666666671,device_01
2025-11-12 15:49:00.609319,0.0,56.630833333333314,67.8354166666667,device_03
2025-11-12 15:49:23.531245,0.0,58.36758333333332,68.80608333333338,device_04
2025-11-12 15:49:25.027865,0.0,57.41958333333333,68.20875000000005,device_05
2025-11-12 15:49:44.930809,0.0,57.15624999999996,67.74541666666673,device_02
2025-11-12 15:49:51.256493,0.0,58.17741666666665,68.87541666666671,device_01
2025-11-12 15:50:00.641964,0.0,56.63749999999997,67.83000000000001,device_03
2025-11-12 15:50:23.466875,0.0,58.36758333333332,68.80525000000003,device_04
2025-11-12 15:50:24.938421,0.0,57.42291666666667,68.20875000000005,device_05
2025-11-12 15:50:44.898734,0.0,57.15624999999996,67.74541666666673,device_02
2025-11-12 15:50:51.219955,0.0,58.17324999999999,68.87541666666671,device_01
2025-11-12 15:51:00.695247,0.0,56.59541666666665,67.80583333333334,device_03
2025-11-12 15:51:24.032288,0.0,58.36758333333332,68.80525000000003,device_04
2025-11-12 15:51:24.939836,0.0,57.42458333333333,68.20875000000005,device_05
2025-11-12 15:51:44.956187,0.0,57.15624999999996,67.74541666666673,device_02
2025-11-12 15:51:51.231472,0.0,58.164916666666656,68.8979166666667,device_01
2025-11-12 15:52:00.673265,0.0,56.63749999999997,67.83000000000001,device_03
2025-11-12 15:52:23.718763,0.0,58.29675,68.80525000000003,device_04
2025-11-12 15:52:25.110805,0.0,57.42458333333333,68.20875000000005,device_05
2025-11-12 15:52:44.955902,0.0,57.16041666666661,67.74541666666673,device_02
2025-11-12 15:52:51.23766,0.0,58.17741666666666,68.88625000000003,device_01
2025-11-12 15:53:00.790232,0.0,56.56166666666664,67.34250000000003,device_03
2025-11-12 15:53:24.413791,0.0,58.29675,68.80525000000003,device_04
2025-11-12 15:53:24.952131,0.0,57.42458333333334,68.20250000000004,device_05
2025-11-12 15:53:44.895099,0.0,57.16041666666661,67.74541666666673,device_02
2025-11-12 15:53:51.265662,0.0,58.164916666666656,68.8979166666667,device_01
2025-11-12 15:54:00.622585,0.0,56.60083333333331,67.45333333333335,device_03
2025-11-12 15:54:23.490754,0.0,58.26741666666666,68.44025000000005,device_04
2025-11-12 15:54:24.979758,0.0,57.42458333333333,68.20250000000004,device_05
2025-11-12 15:54:45.008012,0.0,57.06208333333328,67.73125000000009,device_02
2025-11-12 15:54:51.305507,0.0,57.75250000000001,68.88625000000003,device_01
2025-11-12 15:55:00.648543,0.0,56.57583333333332,67.46416666666669,device_03
2025-11-12 15:55:23.488566,0.0,58.33466666666666,68.4394166666667,device_04
2025-11-12 15:55:25.344251,0.0,57.42458333333334,68.20250000000004,device_05
2025-11-12 15:55:44.94834,0.0,57.04166666666662,67.74541666666673,device_02
2025-11-12 15:55:51.410124,0.0,57.75291666666667,68.8979166666667,device_01
2025-11-12 15:56:00.866624,0.0,56.56124999999998,67.46416666666669,device_03
2025-11-12 15:56:23.607688,0.0,58.26741666666666,68.44025000000003,device_04
2025-11-12 15:56:24.983236,0.0,57.42458333333333,68.20666666666672,device_05
2025-11-12 15:56:44.929663,0.0,57.04999999999995,67.72375000000007,device_02
2025-11-12 15:56:51.25132,0.0,57.7375,68.88625000000003,device_01
2025-11-12 15:57:00.88066,0.0,56.54749999999999,67.35333333333337,device_03
2025-11-12 15:57:23.515349,0.0,58.26741666666666,68.44025000000005,device_04
2025-11-12 15:57:25.063581,0.0,57.42458333333333,68.20666666666672,device_05
2025-11-12 15:57:45.133408,0.0,57.02499999999995,67.7320833333334,device_02
2025-11-12 15:57:51.404425,0.0,57.72708333333335,68.88625000000003,device_01
2025-11-12 15:58:00.722201,0.0,56.548749999999984,67.35750000000003,device_03
2025-11-12 15:58:23.529033,0.0,58.26741666666666,68.44025000000005,device_04
2025-11-12 15:58:25.078203,0.0,57.42458333333333,68.20666666666672,device_05
2025-11-12 15:58:44.965261,0.0,56.96124999999994,67.7320833333334,device_02
2025-11-12 15:58:51.324127,0.0,57.72708333333335,68.88625000000003,device_01
2025-11-12 15:59:00.675095,0.0,56.58791666666664,67.4691666666667,device_03
2025-11-12 15:59:23.524025,0.0,58.23533333333331,68.43608333333337,device_04
2025-11-12 15:59:24.990418,0.0,57.42458333333333,68.20666666666672,device_05
2025-11-12 15:59:45.485593,0.0,56.96124999999994,67.7320833333334,device_02
2025-11-12 15:59:51.32633,0.0,57.73083333333335,68.88625000000003,device_01
2025-11-12 16:00:00.690448,0.0,56.58791666666665,67.4691666666667,device_03
2025-11-12 16:00:23.521743,0.0,58.23533333333331,68.43608333333337,device_04
2025-11-12 16:00:25.00245,0.0,57.42458333333333,68.20666666666672,device_05
2025-11-12 16:00:45.090735,0.0,56.96249999999995,67.74625000000006,device_02
2025-11-12 16:00:51.288873,0.0,57.92333333333336,68.90500000000003,device_01
2025-11-12 16:01:00.683759,0.0,56.54874999999997,67.35250000000003,device_03
2025-11-12 16:01:23.516546,0.0,58.23533333333331,68.43608333333337,device_04
2025-11-12 16:01:25.211184,0.0,57.42458333333333,68.20666666666672,device_05
2025-11-12 16:01:45.577434,0.0,57.02624999999996,67.74625000000006,device_02
2025-11-12 16:01:51.41062,0.0,57.72750000000002,68.8979166666667,device_01
2025-11-12 16:02:00.712726,0.0,56.546666666666646,67.3766666666667,device_03
2025-11-12 16:02:23.616851,0.0,58.23533333333331,68.43608333333339,device_04
2025-11-12 16:02:25.113815,0.0,57.42458333333333,68.20666666666672,device_05
2025-11-12 16:02:45.0941,0.0,56.96249999999996,67.74625000000006,device_02
2025-11-12 16:02:51.467268,0.0,57.92708333333335,68.89333333333336,device_01
2025-11-12 16:03:00.874466,0.0,56.61833333333332,67.3766666666667,device_03
2025-11-12 16:03:23.512062,0.0,58.23533333333331,68.43608333333337,device_04
2025-11-12 16:03:25.006502,0.0,57.42458333333333,68.20666666666672,device_05
2025-11-12 16:03:45.128402,0.0,56.96124999999994,67.7320833333334,device_02
2025-11-12 16:03:51.450424,0.0,57.92708333333335,68.82525000000004,device_01
2025-11-12 16:04:00.918061,0.0,57.00333333333333,67.60541666666671,device_03
2025-11-12 16:04:23.553907,0.0,58.24158333333332,68.4269166666667,device_04
2025-11-12 16:04:24.982367,0.0,57.42458333333333,68.20666666666672,device_05
2025-11-12 16:04:45.005653,0.0,56.95041666666661,67.7320833333334,device_02
2025-11-12 16:04:51.519912,0.0,57.906666666666666,68.45108333333336,device_01
2025-11-12 16:05:00.971264,0.0,56.59583333333331,67.76875000000001,device_03
2025-11-12 16:05:23.535149,0.0,58.23658333333331,68.33408333333337,device_04
2025-11-12 16:05:25.241504,0.0,57.42458333333333,68.20666666666672,device_05
2025-11-12 16:05:45.537915,0.0,56.95166666666663,67.74625000000006,device_02
2025-11-12 16:05:51.250544,0.0,57.98708333333335,68.57750000000001,device_01
2025-11-12 16:06:00.678104,0.0,57.0925,67.70958333333337,device_03
2025-11-12 16:06:23.561551,0.0,58.23658333333331,68.33408333333337,device_04
2025-11-12 16:06:24.957772,0.0,57.42458333333333,68.20666666666672,device_05
2025-11-12 16:06:44.92102,0.0,56.97124999999995,67.6408333333334,device_02
2025-11-12 16:06:51.239039,0.0,57.95791666666668,68.48233333333336,device_01
2025-11-12 16:07:00.693846,0.0,57.0925,67.93083333333334,device_03
2025-11-12 16:07:24.474489,0.0,58.23658333333331,68.33408333333337,device_04
2025-11-12 16:07:24.97741,0.0,57.42458333333333,68.20666666666672,device_05
2025-11-12 16:07:45.003622,0.0,56.90666666666661,67.31791666666672,device_02
2025-11-12 16:07:51.281415,0.0,58.04,68.4606666666667,device_01
2025-11-12 16:08:00.673099,0.0,57.06333333333333,67.61208333333337,device_03
2025-11-12 16:08:23.62383,0.0,58.23658333333331,68.33408333333337,device_04
2025-11-12 16:08:24.967444,0.0,57.42458333333333,68.20666666666672,device_05
2025-11-12 16:08:44.989282,0.0,56.93374999999995,67.31791666666672,device_02
2025-11-12 16:08:51.229779,0.0,57.98708333333335,68.83175000000001,device_01
2025-11-12 16:09:00.728929,0.0,57.06333333333333,67.61208333333337,device_03
2025-11-12 16:09:23.782352,0.0,58.23658333333331,68.33408333333337,device_04
2025-11-12 16:09:24.954441,0.0,57.42458333333333,68.20666666666672,device_05
2025-11-12 16:09:45.490614,0.0,56.90666666666661,67.31791666666672,device_02
2025-11-12 16:09:51.594776,0.0,57.92541666666667,68.47233333333335,device_01
2025-11-12 16:10:00.857204,0.0,57.06333333333333,67.61208333333337,device_03
2025-11-12 16:10:23.532423,0.0,58.23658333333331,68.33408333333337,device_04
2025-11-12 16:10:24.971293,0.0,57.42458333333333,68.20666666666672,device_05
2025-11-12 16:10:45.018109,0.0,56.96041666666662,67.6408333333334,device_02
2025-11-12 16:10:51.302354,0.0,57.98708333333335,68.83175000000001,device_01
2025-11-12 16:11:00.740316,0.0,57.06333333333333,67.61208333333337,device_03
2025-11-12 16:11:23.516401,0.0,58.23658333333331,68.33408333333337,device_04
2025-11-12 16:11:25.101802,0.0,57.42458333333333,68.2066666666667,device_05
2025-11-12 16:11:45.244229,0.0,56.90666666666661,67.31791666666672,device_02
2025-11-12 16:11:51.378636,0.0,57.93291666666668,68.57333333333334,device_01
2025-11-12 16:12:00.754263,0.0,57.06333333333333,67.61208333333337,device_03
2025-11-12 16:12:23.537963,0.0,58.23658333333331,68.33408333333337,device_04
2025-11-12 16:12:25.093883,0.0,57.42458333333333,68.20666666666672,device_05
2025-11-12 16:12:44.995593,0.0,56.90666666666661,67.31791666666672,device_02
2025-11-12 16:12:51.281374,0.0,57.95458333333334,68.83175000000001,device_01
2025-11-12 16:13:00.965795,0.0,57.30458333333333,67.71833333333336,device_03
2025-11-12 16:13:23.535484,0.0,58.23824999999998,68.33700000000003,device_04
2025-11-12 16:13:24.965308,0.0,57.42458333333333,68.20666666666672,device_05
2025-11-12 16:13:45.215225,0.0,56.91666666666661,67.27666666666673,device_02
2025-11-12 16:13:51.329278,0.0,57.90375000000001,68.46816666666668,device_01
2025-11-12 16:14:00.717562,0.0,57.33,68.11125000000004,device_03
2025-11-12 16:14:23.55669,0.0,58.23824999999998,68.33700000000003,device_04
2025-11-12 16:14:24.990285,0.0,57.42458333333334,68.20666666666672,device_05
2025-11-12 16:14:44.974277,0.0,56.90666666666661,67.31791666666672,device_02
2025-11-12 16:14:51.376173,0.0,57.91541666666667,68.44650000000001,device_01
2025-11-12 16:15:00.794805,0.0,57.31291666666666,68.1429166666667,device_03
2025-11-12 16:15:23.589619,0.0,58.23658333333331,68.33408333333337,device_04
2025-11-12 16:15:25.128108,0.0,57.42458333333333,68.20666666666672,device_05
2025-11-12 16:15:45.669261,0.0,56.96041666666662,67.6408333333334,device_02
2025-11-12 16:15:51.47867,0.0,57.91541666666667,68.44650000000001,device_01
2025-11-12 16:16:00.723336,0.0,57.34208333333333,68.20083333333336,device_03
2025-11-12 16:16:23.592496,0.0,58.23824999999998,68.33700000000003,device_04
2025-11-12 16:16:24.982036,0.0,57.42458333333334,68.20666666666672,device_05
2025-11-12 16:16:44.969958,0.0,56.90666666666661,67.31791666666672,device_02
2025-11-12 16:16:51.262628,0.0,57.93291666666668,68.57333333333334,device_01
2025-11-12 16:17:00.823607,0.0,57.3975,68.04208333333335,device_03
2025-11-12 16:17:23.547964,0.0,58.23824999999998,68.33700000000003,device_04
2025-11-12 16:17:24.996129,0.0,57.42458333333333,68.20666666666672,device_05
2025-11-12 16:17:45.473457,0.0,56.90666666666661,67.31791666666672,device_02
2025-11-12 16:17:51.249685,0.0,57.93291666666668,68.57333333333334,device_01
2025-11-12 16:18:00.80707,0.0,57.3775,68.4116666666667,device_03
2025-11-12 16:18:23.527971,0.0,58.23824999999998,68.33700000000003,device_04
2025-11-12 16:18:25.050725,0.0,57.42458333333334,68.20666666666672,device_05
2025-11-12 16:18:45.105966,0.0,56.90666666666661,67.31791666666672,device_02
2025-11-12 16:18:51.285311,0.0,57.91833333333335,68.57333333333334,device_01
2025-11-12 16:19:00.688887,0.0,57.31291666666666,68.1429166666667,device_03
2025-11-12 16:19:23.533138,0.0,58.23824999999998,68.33700000000003,device_04
2025-11-12 16:19:25.147019,0.0,57.42458333333333,68.20666666666672,device_05
2025-11-12 16:19:44.939571,0.0,56.951249999999945,67.46125000000006,device_02
2025-11-12 16:19:51.234306,0.0,57.93291666666668,68.82758333333334,device_01
2025-11-12 16:20:00.881773,0.0,57.32249999999999,68.36083333333336,device_03
2025-11-12 16:20:23.640419,0.0,58.23824999999998,68.33283333333337,device_04
2025-11-12 16:20:25.059696,0.0,57.42458333333334,68.20666666666672,device_05
2025-11-12 16:20:45.102057,0.0,56.90666666666661,67.31791666666672,device_02
2025-11-12 16:20:51.239357,0.0,57.91833333333334,68.57333333333334,device_01
2025-11-12 16:21:00.720537,0.0,57.3775,68.41625000000003,device_03
2025-11-12 16:21:24.360398,0.0,58.23824999999998,68.33700000000003,device_04
2025-11-12 16:21:25.152811,0.0,57.42458333333334,68.20666666666672,device_05
2025-11-12 16:21:44.992083,0.0,56.951249999999945,67.46125000000006,device_02
2025-11-12 16:21:51.274552,0.0,57.93291666666668,68.57333333333334,device_01
2025-11-12 16:22:01.220432,0.0,57.34541666666667,68.33500000000004,device_03
2025-11-12 16:22:23.65077,0.0,58.23824999999998,68.33700000000003,device_04
2025-11-12 16:22:25.008831,0.0,57.42458333333333,68.20666666666672,device_05
2025-11-12 16:22:44.94558,0.0,56.96041666666662,67.6408333333334,device_02
2025-11-12 16:22:51.255357,0.0,57.87708333333334,68.46733333333336,device_01
2025-11-12 16:23:00.691556,0.0,57.33166666666666,68.41625000000003,device_03
2025-11-12 16:23:24.603308,0.0,58.23824999999998,68.33700000000003,device_04
2025-11-12 16:23:25.000454,0.0,57.42458333333333,68.20666666666672,device_05
2025-11-12 16:23:44.955335,0.0,56.96041666666662,67.6408333333334,device_02
2025-11-12 16:24:01.122204,0.0,57.33166666666666,68.41625000000003,device_03
2025-11-12 16:24:23.653026,0.0,58.23824999999998,68.33700000000003,device_04
2025-11-12 16:24:25.149947,0.0,57.42458333333333,68.20666666666672,device_05
2025-11-12 16:24:45.026836,0.0,56.90666666666661,67.31791666666672,device_02
2025-11-12 16:25:24.458253,0.0,58.23824999999998,68.33283333333337,device_04
2025-11-12 16:25:25.126084,0.0,57.42458333333333,68.20666666666672,device_05
2025-11-12 16:26:25.205483,0.0,57.42458333333333,68.20666666666672,device_05
2025-11-12 16:28:51.223845,0.0,57.92541666666667,68.47233333333335,device_01
2025-11-12 16:29:51.817587,0.0,57.90083333333334,68.44650000000001,device_01
2025-11-12 16:30:00.707258,0.0,57.32541666666667,68.33958333333337,device_03
2025-11-12 16:30:44.967811,0.0,56.951249999999945,67.46125000000006,device_02
2025-11-12 16:30:51.735169,0.0,57.90625000000001,68.54816666666667,device_01
2025-11-12 16:31:00.853853,0.0,57.3575,68.41625000000003,device_03
2025-11-12 16:31:23.628687,0.0,58.23824999999998,68.33700000000003,device_04
2025-11-12 16:31:45.207615,0.0,56.90666666666661,67.31791666666672,device_02
2025-11-12 16:31:51.261123,0.0,57.87708333333334,68.44300000000003,device_01
2025-11-12 16:32:00.825957,0.0,57.27375,68.33958333333338,device_03
2025-11-12 16:32:23.607979,0.0,58.23824999999998,68.33283333333337,device_04
2025-11-12 16:32:25.06318,0.0,57.42458333333333,68.20666666666672,device_05
2025-11-12 16:32:45.250584,0.0,56.951249999999945,67.46125000000006,device_02
2025-11-12 16:32:51.351192,0.0,57.90625000000001,68.57250000000002,device_01
2025-11-12 16:33:00.735617,0.0,57.27666666666667,68.3654166666667,device_03
2025-11-12 16:33:23.587788,0.0,58.23824999999998,68.33283333333337,device_04
2025-11-12 16:33:25.024891,0.0,57.42458333333333,68.20666666666672,device_05
2025-11-12 16:33:45.17773,0.0,56.91666666666661,67.27666666666673,device_02
2025-11-12 16:33:51.325796,0.0,57.90625000000001,68.5725,device_01
2025-11-12 16:34:01.331396,0.0,57.27666666666667,68.3654166666667,device_03
2025-11-12 16:34:23.780664,0.0,58.23824999999998,68.33283333333337,device_04
2025-11-12 16:34:25.02428,0.0,57.42458333333333,68.20666666666672,device_05
2025-11-12 16:34:44.968995,0.0,56.951249999999945,67.46125000000006,device_02
2025-11-12 16:34:51.432874,0.0,57.88708333333334,68.42133333333335,device_01
2025-11-12 16:35:00.750118,0.0,57.30583333333334,68.41625000000005,device_03
2025-11-12 16:35:23.845417,0.0,58.23824999999998,68.33283333333338,device_04
2025-11-12 16:35:25.053772,0.0,57.42458333333333,68.20666666666672,device_05
2025-11-12 16:35:45.602634,0.0,56.90666666666661,67.31791666666672,device_02
2025-11-12 16:35:51.223253,0.0,57.88708333333334,68.44566666666668,device_01
2025-11-12 16:36:00.818205,0.0,57.27666666666667,68.3654166666667,device_03
2025-11-12 16:36:23.776005,0.0,58.23824999999998,68.33283333333337,device_04
2025-11-12 16:36:25.211358,0.0,57.42458333333333,68.20666666666672,device_05
2025-11-12 16:36:45.125649,0.0,56.951249999999945,67.46125000000006,device_02
2025-11-12 16:36:52.000775,0.0,57.915000000000006,68.44216666666668,device_01
2025-11-12 16:37:00.866832,0.0,57.27666666666667,68.3654166666667,device_03
2025-11-12 16:37:23.896557,0.0,58.23824999999998,68.33283333333337,device_04
2025-11-12 16:37:25.044226,0.0,57.42458333333333,68.20666666666672,device_05
2025-11-12 16:37:45.313407,0.0,56.951249999999945,67.46125000000006,device_02
2025-11-12 16:37:51.541373,0.0,57.93666666666668,68.45883333333335,device_01
2025-11-12 16:38:01.606831,0.0,57.30583333333334,68.41625000000003,device_03
2025-11-12 16:38:23.662463,0.0,58.23824999999998,68.33283333333337,device_04
2025-11-12 16:38:25.010855,0.0,57.42458333333333,68.20666666666672,device_05
2025-11-12 16:38:44.980771,0.0,56.91666666666661,67.27666666666673,device_02
2025-11-12 16:38:51.20826,0.0,57.90625000000001,68.54816666666667,device_01
2025-11-12 16:39:00.722027,0.0,57.30583333333334,68.41625000000003,device_03
2025-11-12 16:39:23.560394,0.0,58.23824999999998,68.33700000000003,device_04
2025-11-12 16:39:24.954571,0.0,57.42458333333333,68.20666666666672,device_05
2025-11-12 16:39:45.951859,0.0,56.91666666666661,67.27666666666673,device_02
2025-11-12 16:39:51.4157,0.0,57.93666666666668,68.45883333333335,device_01
2025-11-12 16:40:00.70925,0.0,57.30583333333334,68.56041666666668,device_03
2025-11-12 16:40:23.588576,0.0,58.23824999999998,68.33283333333337,device_04
2025-11-12 16:40:24.95491,0.0,57.42458333333333,68.20666666666672,device_05
2025-11-12 16:40:44.935787,0.0,56.96041666666662,67.6408333333334,device_02
2025-11-12 16:40:51.36629,0.0,57.94666666666667,68.43716666666668,device_01
2025-11-12 16:41:00.711731,0.0,57.27666666666665,68.3654166666667,device_03
2025-11-12 16:41:23.821046,0.0,58.23824999999998,68.33283333333337,device_04
2025-11-12 16:41:25.04353,0.0,57.42458333333333,68.20666666666672,device_05
2025-11-12 16:41:45.205428,0.0,56.90666666666661,67.31583333333339,device_02
2025-11-12 16:41:51.488925,0.0,57.96666666666669,68.56816666666668,device_01
2025-11-12 16:42:00.861297,0.0,57.27666666666667,68.3654166666667,device_03
2025-11-12 16:42:23.557861,0.0,58.23824999999998,68.33283333333337,device_04
2025-11-12 16:42:24.978318,0.0,57.42458333333333,68.20666666666672,device_05
2025-11-12 16:42:45.049149,0.0,56.90666666666661,67.31583333333339,device_02
2025-11-12 16:42:51.20304,0.0,57.93750000000002,68.46300000000002,device_01
2025-11-12 16:43:00.880905,0.0,57.410833333333336,68.34041666666671,device_03
2025-11-12 16:43:23.954741,0.0,58.23824999999998,68.33283333333337,device_04
2025-11-12 16:43:24.970846,0.0,57.42458333333333,68.20666666666672,device_05
2025-11-12 16:43:45.335908,0.0,57.025416666666615,67.27750000000006,device_02
2025-11-12 16:43:51.437931,0.0,57.96666666666669,68.82616666666668,device_01
2025-11-12 16:44:01.542757,0.0,57.42458333333333,68.20666666666672,device_03
2025-11-12 16:44:23.592578,0.0,58.23824999999998,68.33283333333337,device_04
2025-11-12 16:44:25.188038,0.0,57.42458333333334,68.20666666666672,device_05
2025-11-12 16:44:44.96849,0.0,56.951249999999945,67.45916666666672,device_02
2025-11-12 16:44:51.216584,0.0,57.94750000000001,68.44133333333335,device_01
2025-11-12 16:45:00.711239,0.0,57.42458333333334,68.20666666666672,device_03
2025-11-12 16:45:23.562543,0.0,58.23824999999998,68.33283333333337,device_04
2025-11-12 16:45:24.96976,0.0,57.42458333333333,68.20666666666672,device_05
2025-11-12 16:45:45.318402,0.0,56.96041666666662,67.63416666666673,device_02
2025-11-12 16:45:51.768974,0.0,57.94750000000001,68.44133333333335,device_01
2025-11-12 16:46:00.725192,0.0,57.42458333333333,68.20666666666672,device_03
2025-11-12 16:46:23.77285,0.0,58.23824999999998,68.33283333333337,device_04
2025-11-12 16:46:24.998241,0.0,57.42458333333334,68.20666666666672,device_05
2025-11-12 16:46:44.984889,0.0,56.951249999999945,67.45916666666672,device_02
2025-11-12 16:46:51.250886,0.0,57.94750000000001,68.44133333333335,device_01
2025-11-12 16:47:00.903215,0.0,57.42458333333333,68.20666666666672,device_03
2025-11-12 16:47:23.667824,0.0,58.23824999999998,68.33283333333338,device_04
2025-11-12 16:47:25.013428,0.0,57.42458333333333,68.20666666666672,device_05
2025-11-12 16:47:45.204213,0.0,56.951249999999945,67.45916666666672,device_02
2025-11-12 16:47:51.412341,0.0,57.94750000000001,68.44133333333335,device_01
2025-11-12 16:48:00.681527,0.0,57.42458333333333,68.20666666666672,device_03
2025-11-12 16:48:23.563263,0.0,58.23824999999998,68.33283333333337,device_04
2025-11-12 16:48:25.027587,0.0,57.42458333333333,68.20666666666672,device_05
2025-11-12 16:48:44.976713,0.0,56.96041666666662,67.63416666666673,device_02
2025-11-12 16:48:51.182263,0.0,57.96666666666669,68.56816666666668,device_01
2025-11-12 16:49:00.77921,0.0,57.42458333333333,68.20666666666672,device_03
2025-11-12 16:49:23.593878,0.0,58.23824999999998,68.33283333333337,device_04
2025-11-12 16:49:24.983744,0.0,57.42458333333334,68.20666666666672,device_05
2025-11-12 16:49:45.571649,0.0,56.91666666666661,67.2745833333334,device_02
2025-11-12 16:49:51.265727,0.0,57.94750000000001,68.44133333333335,device_01
2025-11-12 16:50:02.737726,0.0,57.42458333333333,68.20666666666672,device_03
2025-11-12 16:50:23.579765,0.0,58.23824999999998,68.33283333333337,device_04
2025-11-12 16:50:25.116415,0.0,57.42458333333334,68.20666666666672,device_05
2025-11-12 16:50:45.087477,0.0,56.90666666666661,67.31583333333339,device_02
2025-11-12 16:50:51.293998,0.0,57.94750000000001,68.44133333333336,device_01
2025-11-12 16:51:00.989406,0.0,57.42458333333333,68.20666666666672,device_03
2025-11-12 16:51:23.596926,0.0,58.23824999999998,68.33283333333337,device_04
2025-11-12 16:51:25.026909,0.0,57.42458333333333,68.20666666666672,device_05
2025-11-12 16:51:45.214617,0.0,56.951249999999945,67.45916666666672,device_02
2025-11-12 16:51:51.396065,0.0,57.93750000000002,68.46300000000002,device_01
2025-11-12 16:52:00.815824,0.0,57.42458333333333,68.20666666666672,device_03
2025-11-12 16:52:23.763723,0.0,58.23824999999998,68.33283333333337,device_04
2025-11-12 16:52:25.023811,0.0,57.42458333333333,68.20666666666672,device_05
2025-11-12 16:52:45.027467,0.0,56.951249999999945,67.45916666666672,device_02
2025-11-12 16:52:51.261762,0.0,57.96666666666669,68.56816666666668,device_01
2025-11-12 16:53:00.83724,0.0,57.42458333333334,68.20666666666672,device_03
2025-11-12 16:53:23.590733,0.0,58.23824999999998,68.33283333333337,device_04
2025-11-12 16:53:25.023659,0.0,57.42458333333333,68.20666666666672,device_05
2025-11-12 16:53:46.600861,0.0,56.90666666666661,67.31583333333339,device_02
2025-11-12 16:53:51.262316,0.0,57.96666666666669,68.56816666666668,device_01
2025-11-12 16:54:01.327111,0.0,57.42458333333333,68.20666666666672,device_03
2025-11-12 16:54:23.744337,0.0,58.23824999999998,68.33283333333337,device_04
2025-11-12 16:54:24.98279,0.0,57.42458333333333,68.20666666666672,device_05
2025-11-12 16:54:45.052756,0.0,56.90666666666661,67.31583333333339,device_02
2025-11-12 16:54:51.220209,0.0,57.96666666666669,68.56816666666668,device_01
2025-11-12 16:55:00.730888,0.0,57.42458333333333,68.20666666666672,device_03
2025-11-12 16:55:23.553814,0.0,58.23824999999998,68.33283333333337,device_04
2025-11-12 16:55:24.954687,0.0,57.42458333333333,68.20666666666672,device_05
2025-11-12 16:55:45.2035,0.0,56.951249999999945,67.45916666666672,device_02
2025-11-12 16:55:51.395662,0.0,57.97666666666669,68.58066666666669,device_01
2025-11-12 16:56:01.041001,0.0,57.42458333333333,68.20666666666672,device_03
2025-11-12 16:56:23.585695,0.0,58.23824999999998,68.33283333333338,device_04
2025-11-12 16:56:25.017716,0.0,57.42458333333333,68.20666666666672,device_05
2025-11-12 16:56:44.936176,0.0,56.90666666666661,67.31583333333339,device_02
2025-11-12 16:56:51.339266,0.0,58.2129166666667,68.68275000000003,device_01
2025-11-12 16:57:00.870225,0.0,57.42458333333333,68.20666666666672,device_03
2025-11-12 16:57:23.796852,0.0,58.23824999999998,68.33283333333337,device_04
2025-11-12 16:57:25.071759,0.0,57.42458333333333,68.20666666666672,device_05
2025-11-12 16:57:45.577424,0.0,56.90666666666661,67.31583333333339,device_02
2025-11-12 16:57:51.256247,0.0,58.183750000000025,68.57550000000002,device_01
2025-11-12 16:58:01.655132,0.0,57.42458333333334,68.20666666666672,device_03
2025-11-12 16:58:23.567417,0.0,58.23824999999998,68.33283333333337,device_04
2025-11-12 16:58:25.014072,0.0,57.42458333333333,68.20666666666672,device_05
2025-11-12 16:58:45.017705,0.0,56.90666666666661,67.31583333333339,device_02
2025-11-12 16:58:51.266424,0.0,58.222083333333366,68.92116666666668,device_01
2025-11-12 16:59:00.784434,0.0,57.42458333333333,68.20666666666672,device_03
2025-11-12 16:59:23.616414,0.0,58.23824999999998,68.33283333333337,device_04
2025-11-12 16:59:25.048145,0.0,57.42458333333333,68.20666666666672,device_05
2025-11-12 16:59:45.706046,0.0,56.90666666666661,67.31583333333339,device_02
2025-11-12 16:59:51.534526,0.0,58.1929166666667,68.57550000000002,device_01
2025-11-12 17:00:00.728501,0.0,57.42458333333333,68.20666666666672,device_03
2025-11-12 17:00:24.227465,0.0,58.23824999999998,68.33283333333337,device_04
2025-11-12 17:00:25.150094,0.0,57.42458333333334,68.20666666666672,device_05
2025-11-12 17:00:44.927126,0.0,56.90666666666661,67.31583333333339,device_02
2025-11-12 17:00:51.365066,0.0,58.222083333333366,68.68275000000003,device_01
2025-11-12 17:01:00.726258,0.0,57.42458333333333,68.20666666666672,device_03
2025-11-12 17:01:23.573839,0.0,58.23824999999998,68.30850000000004,device_04
2025-11-12 17:01:25.103532,0.0,57.42458333333333,68.20666666666672,device_05
2025-11-12 17:01:46.134088,0.0,56.951249999999945,67.45916666666672,device_02
2025-11-12 17:01:51.228634,0.0,58.21500000000004,68.68275000000003,device_01
2025-11-12 17:02:01.321787,0.0,57.42458333333333,68.20666666666672,device_03
2025-11-12 17:02:23.557348,0.0,58.23824999999998,68.33283333333338,device_04
2025-11-12 17:02:24.968769,0.0,57.42458333333333,68.20666666666672,device_05
2025-11-12 17:02:44.901375,0.0,56.96041666666662,67.65916666666674,device_02
2025-11-12 17:02:51.169073,0.0,58.21500000000004,68.68275000000001,device_01
2025-11-12 17:03:00.719735,0.0,57.42458333333333,68.20666666666672,device_03
2025-11-12 17:03:23.733363,0.0,58.23824999999998,68.33283333333337,device_04
2025-11-12 17:03:25.078778,0.0,57.42458333333333,68.20666666666672,device_05
2025-11-12 17:03:45.550421,0.0,56.90666666666661,67.31583333333339,device_02
2025-11-12 17:03:51.247798,0.0,58.18583333333336,68.57550000000002,device_01
2025-11-12 17:04:00.696636,0.0,57.42458333333333,68.2066666666667,device_03
2025-11-12 17:04:24.183679,0.0,58.23824999999998,68.33283333333337,device_04
2025-11-12 17:04:24.961502,0.0,57.42458333333333,68.20666666666672,device_05
2025-11-12 17:04:44.905956,0.0,56.951249999999945,67.45916666666672,device_02
2025-11-12 17:04:51.232095,0.0,58.19583333333336,68.55383333333334,device_01
2025-11-12 17:05:00.857877,0.0,57.42458333333333,68.20666666666672,device_03
2025-11-12 17:05:23.558357,0.0,58.23824999999998,68.33283333333337,device_04
2025-11-12 17:05:25.229154,0.0,57.42458333333334,68.20666666666672,device_05
2025-11-12 17:05:45.318973,0.0,56.96041666666662,67.6295833333334,device_02
2025-11-12 17:05:51.476435,0.0,58.18583333333336,68.57550000000002,device_01
2025-11-12 17:06:01.021031,0.0,57.42458333333334,68.20666666666672,device_03
2025-11-12 17:06:23.531482,0.0,58.23824999999998,68.30850000000004,device_04
2025-11-12 17:06:25.085598,0.0,57.42458333333333,68.20666666666672,device_05
2025-11-12 17:06:45.03835,0.0,56.90666666666661,67.31583333333339,device_02
2025-11-12 17:06:51.34817,0.0,58.27458333333336,68.59416666666668,device_01
2025-11-12 17:07:00.714694,0.0,57.42458333333333,68.20666666666672,device_03
2025-11-12 17:07:24.274456,0.0,58.23824999999998,68.33283333333337,device_04
2025-11-12 17:07:25.155549,0.0,57.42458333333334,68.20666666666672,device_05
2025-11-12 17:07:44.955204,0.0,57.025416666666615,67.27750000000006,device_02
2025-11-12 17:07:51.222401,0.0,58.24791666666669,68.46183333333336,device_01
2025-11-12 17:08:01.07555,0.0,57.42458333333333,68.20666666666672,device_03
2025-11-12 17:08:23.601947,0.0,58.23824999999998,68.30850000000004,device_04
2025-11-12 17:08:25.033067,0.0,57.42458333333333,68.20666666666672,device_05
2025-11-12 17:08:44.933365,0.0,56.91666666666661,67.27458333333338,device_02
2025-11-12 17:08:51.787412,0.0,58.24791666666669,68.46183333333336,device_01
2025-11-12 17:09:00.713334,0.0,57.42458333333333,68.20666666666672,device_03
2025-11-12 17:09:24.167736,0.0,58.23824999999998,68.33283333333337,device_04
2025-11-12 17:09:25.129085,0.0,57.42458333333333,68.20666666666672,device_05
2025-11-12 17:09:44.945351,0.0,56.90666666666661,67.31583333333339,device_02
2025-11-12 17:09:51.155138,0.0,58.27458333333336,68.59125,device_01
2025-11-12 17:10:00.780722,0.0,57.42458333333333,68.20666666666672,device_03
2025-11-12 17:10:23.562787,0.0,58.27616666666665,68.31183333333338,device_04
2025-11-12 17:10:24.975424,0.0,57.42458333333333,68.20666666666672,device_05
2025-11-12 17:10:45.146004,0.0,56.91666666666661,67.2745833333334,device_02
2025-11-12 17:10:51.158951,0.0,58.24791666666669,68.46183333333336,device_01
2025-11-12 17:11:00.690403,0.0,57.42458333333333,68.20666666666672,device_03
2025-11-12 17:11:23.652555,0.0,58.23824999999998,68.33283333333337,device_04
2025-11-12 17:11:25.260683,0.0,57.42458333333333,68.20666666666672,device_05
2025-11-12 17:11:44.903761,0.0,56.90666666666661,67.31583333333339,device_02
2025-11-12 17:11:51.128108,0.0,58.27458333333336,68.59416666666668,device_01
2025-11-12 17:12:00.655087,0.0,57.42458333333333,68.20666666666672,device_03
2025-11-12 17:12:23.598514,0.0,58.27616666666665,68.31183333333337,device_04
2025-11-12 17:12:24.976947,0.0,57.42458333333333,68.20666666666672,device_05
2025-11-12 17:12:44.877447,0.0,56.90666666666661,67.31583333333339,device_02
2025-11-12 17:12:51.318607,0.0,58.24250000000004,68.59416666666668,device_01
2025-11-12 17:13:00.704857,0.0,57.42458333333333,68.20666666666672,device_03
2025-11-12 17:13:23.887587,0.0,58.23824999999998,68.30850000000004,device_04
2025-11-12 17:13:25.147319,0.0,57.42458333333334,68.20666666666672,device_05
2025-11-12 17:13:44.89197,0.0,56.951249999999945,67.45916666666672,device_02
2025-11-12 17:13:51.18268,0.0,58.24250000000004,68.59416666666668,device_01
2025-11-12 17:14:01.211316,0.0,57.42458333333334,68.20666666666672,device_03
2025-11-12 17:14:23.818768,0.0,57.83916666666666,68.31558333333338,device_04
2025-11-12 17:14:25.050439,0.0,57.42458333333333,68.20666666666672,device_05
2025-11-12 17:14:45.001082,0.0,56.96041666666662,67.6295833333334,device_02
2025-11-12 17:14:51.190235,0.0,58.24250000000004,68.59416666666668,device_01
2025-11-12 17:15:00.795952,0.0,57.42458333333333,68.20666666666672,device_03
2025-11-12 17:15:24.085625,0.0,58.27616666666665,68.31850000000004,device_04
2025-11-12 17:15:25.206113,0.0,57.42458333333334,68.20666666666672,device_05
2025-11-12 17:15:44.904045,0.0,56.951249999999945,67.45916666666673,device_02
2025-11-12 17:15:51.213902,0.0,58.24250000000004,68.59416666666668,device_01
2025-11-12 17:16:00.721332,0.0,57.42458333333333,68.20666666666672,device_03
2025-11-12 17:16:23.756435,0.0,58.27616666666665,68.31850000000004,device_04
2025-11-12 17:16:25.066699,0.0,57.42458333333333,68.20666666666672,device_05
2025-11-12 17:16:44.91175,0.0,56.951249999999945,67.45916666666672,device_02
2025-11-12 17:16:51.110841,0.0,58.221250000000026,68.65583333333335,device_01
2025-11-12 17:17:00.770169,0.0,57.42458333333333,68.20666666666672,device_03
2025-11-12 17:17:23.513648,0.0,58.27616666666665,68.31183333333337,device_04
2025-11-12 17:17:24.929278,0.0,57.42458333333333,68.20666666666672,device_05
2025-11-12 17:17:44.875261,0.0,56.90666666666661,67.31583333333339,device_02
2025-11-12 17:17:51.122753,0.0,58.24250000000004,68.59416666666668,device_01
2025-11-12 17:18:00.683559,0.0,57.42458333333334,68.20666666666672,device_03
2025-11-12 17:18:24.085784,0.0,58.27616666666665,68.31850000000004,device_04
2025-11-12 17:18:25.064716,0.0,57.42458333333333,68.20666666666672,device_05
2025-11-12 17:18:45.551284,0.0,56.951249999999945,67.45916666666673,device_02
2025-11-12 17:18:51.198081,0.0,58.22125000000003,68.65583333333333,device_01
2025-11-12 17:19:00.692263,0.0,57.42458333333333,68.20666666666672,device_03
2025-11-12 17:19:23.687221,0.0,58.27616666666665,68.31183333333337,device_04
2025-11-12 17:19:24.958419,0.0,57.42458333333333,68.20666666666672,device_05
2025-11-12 17:19:44.859212,0.0,56.951249999999945,67.45916666666672,device_02
2025-11-12 17:19:51.226843,0.0,58.221250000000026,68.65583333333335,device_01
2025-11-12 17:20:00.660718,0.0,57.42458333333333,68.20666666666672,device_03
2025-11-12 17:20:23.753331,0.0,58.27616666666665,68.31850000000004,device_04
2025-11-12 17:20:24.929785,0.0,57.42458333333334,68.20666666666672,device_05
2025-11-12 17:20:45.507432,0.0,56.90666666666661,67.31583333333339,device_02
2025-11-12 17:20:52.131407,0.0,58.221250000000026,68.65583333333333,device_01
2025-11-12 17:21:01.279594,0.0,57.42458333333333,68.2066666666667,device_03
2025-11-12 17:21:23.583916,0.0,58.27616666666665,68.31558333333338,device_04
2025-11-12 17:21:25.288813,0.0,57.42458333333333,68.20666666666672,device_05
2025-11-12 17:21:45.339667,0.0,56.951249999999945,67.45916666666672,device_02
2025-11-12 17:21:51.635507,0.0,58.221250000000026,68.65583333333333,device_01
2025-11-12 17:22:00.966267,0.0,57.42458333333334,68.20666666666672,device_03
2025-11-12 17:22:23.61171,0.0,58.27616666666665,68.31558333333338,device_04
2025-11-12 17:22:24.930828,0.0,57.42458333333333,68.20666666666672,device_05
2025-11-12 17:22:45.658846,0.0,56.951249999999945,67.45916666666672,device_02
2025-11-12 17:22:51.182261,0.0,58.221250000000026,68.65583333333333,device_01
2025-11-12 17:23:01.380591,0.0,57.42458333333333,68.20666666666672,device_03
2025-11-12 17:23:23.56292,0.0,57.83916666666666,68.3155833333334,device_04
2025-11-12 17:23:25.11091,0.0,57.42458333333334,68.20666666666672,device_05
2025-11-12 17:23:44.936868,0.0,56.90666666666661,67.31583333333339,device_02
2025-11-12 17:24:00.803662,0.0,57.42458333333333,68.20666666666672,device_03
2025-11-12 17:24:23.600919,0.0,57.83916666666666,68.31558333333338,device_04
2025-11-12 17:24:24.940357,0.0,57.42458333333333,68.20666666666672,device_05
2025-11-12 17:24:49.792631,0.0,56.90666666666661,67.31583333333339,device_02
2025-11-12 17:25:23.576061,0.0,57.83916666666666,68.3155833333334,device_04
2025-11-12 17:25:25.524245,0.0,57.42458333333333,68.20666666666672,device_05
2025-11-12 17:26:24.914098,0.0,57.42458333333333,68.20666666666672,device_05
2025-11-12 17:28:51.630163,0.0,58.24791666666669,68.46183333333336,device_01
2025-11-12 17:29:51.228788,0.0,58.221250000000026,68.65583333333335,device_01
2025-11-12 17:30:00.754335,0.0,57.42458333333333,68.20666666666672,device_03
2025-11-12 17:30:45.512567,0.0,56.951249999999945,67.46125000000006,device_02
2025-11-12 17:30:51.385114,0.0,58.221250000000026,68.65583333333335,device_01
2025-11-12 17:31:00.727479,0.0,57.42458333333333,68.20666666666672,device_03
2025-11-12 17:31:23.519279,0.0,58.27616666666665,68.31558333333338,device_04
2025-11-12 17:31:44.905685,0.0,56.90666666666661,67.31583333333339,device_02
2025-11-12 17:31:51.202032,0.0,58.221250000000026,68.65583333333333,device_01
2025-11-12 17:32:00.747199,0.0,57.42458333333334,68.20666666666672,device_03
2025-11-12 17:32:23.60641,0.0,57.83916666666666,68.31558333333338,device_04
2025-11-12 17:32:25.279991,0.0,57.42458333333333,68.20666666666672,device_05
2025-11-12 17:32:45.480114,0.0,56.951249999999945,67.45916666666672,device_02
2025-11-12 17:32:51.163917,0.0,58.20833333333336,68.65583333333333,device_01
2025-11-12 17:33:00.814442,0.0,57.42458333333333,68.20666666666672,device_03
2025-11-12 17:33:24.120154,0.0,57.83916666666666,68.31558333333338,device_04
2025-11-12 17:33:25.17465,0.0,57.42458333333333,68.20666666666672,device_05
2025-11-12 17:33:44.863271,0.0,56.90666666666661,67.31583333333339,device_02
2025-11-12 17:33:51.285517,0.0,58.20833333333336,68.65083333333334,device_01
2025-11-12 17:34:00.76843,0.0,57.42458333333333,68.20666666666672,device_03
2025-11-12 17:34:23.517546,0.0,57.83916666666666,68.31558333333338,device_04
2025-11-12 17:34:24.981434,0.0,57.42458333333333,68.20666666666672,device_05
2025-11-12 17:34:45.036094,0.0,56.91666666666661,67.2745833333334,device_02
2025-11-12 17:34:51.180052,0.0,58.221250000000026,68.65583333333333,device_01
2025-11-12 17:35:01.366904,0.0,57.42458333333333,68.20666666666672,device_03
2025-11-12 17:35:24.043524,0.0,58.27616666666665,68.31850000000004,device_04
2025-11-12 17:35:25.358862,0.0,57.42458333333333,68.20666666666672,device_05
2025-11-12 17:35:44.920363,0.0,58.94166666666663,68.63500000000002,device_02
2025-11-12 17:35:52.387714,0.0,58.20833333333336,68.65083333333334,device_01
2025-11-12 17:36:02.493285,0.0,57.42458333333333,68.20666666666672,device_03
2025-11-12 17:36:23.70062,0.0,57.78833333333334,68.29516666666673,device_04
2025-11-12 17:36:25.196413,0.0,57.42458333333333,68.20666666666672,device_05
2025-11-12 17:36:45.576111,0.0,57.05499999999994,67.20250000000004,device_02
2025-11-12 17:36:51.685666,0.0,58.221250000000026,68.65583333333333,device_01
2025-11-12 17:37:02.557695,0.0,57.42458333333333,68.20666666666672,device_03
2025-11-12 17:37:23.721634,0.0,57.83916666666666,68.31558333333338,device_04
2025-11-12 17:37:24.942203,0.0,57.42458333333333,68.20666666666672,device_05
2025-11-12 17:37:45.029012,0.0,57.05499999999994,67.20375000000004,device_02
2025-11-12 17:37:52.415408,0.0,58.221250000000026,68.65583333333333,device_01
2025-11-12 17:38:01.641815,0.0,57.42458333333333,68.20666666666672,device_03
2025-11-12 17:38:23.638021,0.0,57.83916666666666,68.31558333333338,device_04
2025-11-12 17:38:25.014436,0.0,57.42458333333333,68.20666666666672,device_05
2025-11-12 17:38:44.924584,0.0,57.05499999999994,67.20375000000004,device_02
2025-11-12 17:38:51.269191,0.0,58.20833333333336,68.65083333333334,device_01
2025-11-12 17:39:01.34351,0.0,57.42458333333333,68.20666666666672,device_03
2025-11-12 17:39:23.763058,0.0,57.75916666666667,68.29516666666672,device_04
2025-11-12 17:39:25.264237,0.0,57.42458333333333,68.20666666666672,device_05
2025-11-12 17:39:44.850584,0.0,57.05499999999994,67.20375000000004,device_02
2025-11-12 17:39:51.166697,0.0,58.20833333333336,68.65083333333334,device_01
2025-11-12 17:40:00.787715,0.0,57.42458333333333,68.20666666666672,device_03
2025-11-12 17:40:23.539344,0.0,57.83916666666666,68.31558333333338,device_04
2025-11-12 17:40:24.928477,0.0,57.42458333333333,68.20666666666672,device_05
2025-11-12 17:40:44.873465,0.0,56.41333333333328,67.17375000000007,device_02
2025-11-12 17:40:51.167159,0.0,58.20833333333336,68.65083333333334,device_01
2025-11-12 17:41:00.689352,0.0,57.42458333333333,68.20666666666672,device_03
2025-11-12 17:41:24.088518,0.0,57.83916666666666,68.31558333333338,device_04
2025-11-12 17:41:25.490909,0.0,57.42458333333333,68.20666666666672,device_05
2025-11-12 17:41:44.920308,0.0,56.42583333333327,67.17375000000007,device_02
2025-11-12 17:41:51.185339,0.0,58.221250000000026,68.65583333333333,device_01
2025-11-12 17:42:00.79806,0.0,57.42458333333333,68.20666666666672,device_03
2025-11-12 17:42:23.738978,0.0,57.83916666666666,68.31558333333338,device_04
2025-11-12 17:42:24.964364,0.0,57.42458333333333,68.20666666666672,device_05
2025-11-12 17:42:44.873941,0.0,56.42583333333329,67.17375000000007,device_02
2025-11-12 17:42:51.208071,0.0,58.221250000000026,68.65583333333333,device_01
2025-11-12 17:43:00.823017,0.0,57.42458333333333,68.20666666666672,device_03
2025-11-12 17:43:24.050867,0.0,57.83916666666666,68.31558333333338,device_04
2025-11-12 17:43:25.643928,0.0,57.42458333333333,68.20666666666672,device_05
2025-11-12 17:43:44.86024,0.0,56.41333333333328,67.17375000000007,device_02
2025-11-12 17:43:51.235551,0.0,58.221250000000026,68.65583333333333,device_01
2025-11-12 17:44:00.777448,0.0,57.42458333333334,68.20666666666672,device_03
2025-11-12 17:44:23.571983,0.0,57.76916666666667,68.29516666666672,device_04
2025-11-12 17:44:25.321055,0.0,57.42458333333333,68.20666666666672,device_05
2025-11-12 17:44:44.991237,0.0,56.45791666666663,67.17791666666673,device_02
2025-11-12 17:44:51.280201,0.0,58.20833333333336,68.65583333333333,device_01
2025-11-12 17:45:00.819843,0.0,57.42458333333333,68.20666666666672,device_03
2025-11-12 17:45:23.785207,0.0,57.76916666666667,68.29516666666672,device_04
2025-11-12 17:45:25.133958,0.0,57.42458333333333,68.20666666666672,device_05
2025-11-12 17:45:45.174054,0.0,56.56291666666662,67.19416666666672,device_02
2025-11-12 17:45:51.355574,0.0,58.221250000000026,68.65583333333333,device_01
2025-11-12 17:46:00.930884,0.0,57.42458333333333,68.20666666666672,device_03
2025-11-12 17:46:23.575344,0.0,57.83916666666666,68.31558333333338,device_04
2025-11-12 17:46:25.552641,0.0,57.42458333333333,68.20250000000004,device_05
2025-11-12 17:46:44.915188,0.0,56.47708333333328,67.17791666666673,device_02
2025-11-12 17:46:51.296051,0.0,58.221250000000026,68.65583333333333,device_01
2025-11-12 17:47:01.017991,0.0,57.42458333333333,68.20666666666672,device_03
2025-11-12 17:47:24.365709,0.0,58.23824999999998,68.30850000000004,device_04
2025-11-12 17:47:24.958663,0.0,57.42458333333334,68.20250000000004,device_05
2025-11-12 17:47:45.123743,0.0,57.09291666666662,67.20541666666672,device_02
2025-11-12 17:47:51.21347,0.0,58.221250000000026,68.65583333333333,device_01
2025-11-12 17:48:00.941083,0.0,57.42458333333333,68.20666666666672,device_03
2025-11-12 17:48:23.572704,0.0,58.23824999999998,68.33283333333337,device_04
2025-11-12 17:48:25.182294,0.0,57.42458333333333,68.20250000000004,device_05
2025-11-12 17:48:44.87348,0.0,56.60291666666663,67.19708333333338,device_02
2025-11-12 17:48:51.128973,0.0,58.24791666666669,68.46183333333336,device_01
2025-11-12 17:49:00.694826,0.0,57.42458333333333,68.2066666666667,device_03
2025-11-12 17:49:23.56245,0.0,58.23824999999998,68.33283333333337,device_04
2025-11-12 17:49:25.483067,0.0,57.42458333333333,68.20250000000004,device_05
2025-11-12 17:49:44.881597,0.0,56.96041666666662,67.65916666666674,device_02
2025-11-12 17:49:51.223922,0.0,58.25333333333336,68.46183333333336,device_01
2025-11-12 17:50:00.705195,0.0,57.42458333333333,68.20666666666672,device_03
2025-11-12 17:50:23.658975,0.0,58.23824999999998,68.33283333333337,device_04
2025-11-12 17:50:25.17411,0.0,57.42458333333333,68.20250000000004,device_05
2025-11-12 17:50:45.047144,0.0,56.96041666666662,67.65916666666674,device_02
2025-11-12 17:50:51.222871,0.0,58.01208333333335,68.35391666666669,device_01
2025-11-12 17:51:00.701429,0.0,57.42458333333333,68.20666666666672,device_03
2025-11-12 17:51:23.823576,0.0,58.23824999999998,68.33700000000003,device_04
2025-11-12 17:51:25.534586,0.0,57.42458333333333,68.20875000000005,device_05
2025-11-12 17:51:45.070319,0.0,56.951249999999945,67.45916666666672,device_02
2025-11-12 17:51:51.513861,0.0,58.01208333333335,68.35683333333336,device_01
2025-11-12 17:52:00.822186,0.0,57.42458333333333,68.20666666666672,device_03
2025-11-12 17:52:23.591141,0.0,58.23824999999998,68.33700000000003,device_04
2025-11-12 17:52:25.128269,0.0,57.42458333333334,68.20250000000004,device_05
2025-11-12 17:52:45.462862,0.0,57.025416666666615,67.27750000000006,device_02
2025-11-12 17:52:51.308525,0.0,57.96583333333335,68.56400000000002,device_01
2025-11-12 17:53:00.919448,0.0,57.42458333333333,68.20666666666672,device_03
2025-11-12 17:53:23.821342,0.0,58.23824999999998,68.33700000000003,device_04
2025-11-12 17:53:24.970061,0.0,57.42291666666667,68.20875000000005,device_05
2025-11-12 17:53:44.912038,0.0,56.951249999999945,67.45916666666672,device_02
2025-11-12 17:53:51.290226,0.0,57.90625000000001,68.57250000000002,device_01
2025-11-12 17:54:00.845911,0.0,57.42458333333333,68.20666666666672,device_03
2025-11-12 17:54:23.589217,0.0,58.23658333333331,68.33408333333337,device_04
2025-11-12 17:54:24.950187,0.0,57.41958333333333,68.20875000000005,device_05
2025-11-12 17:54:44.895303,0.0,56.96041666666662,67.63416666666673,device_02
2025-11-12 17:54:51.941579,0.0,57.87708333333334,68.46733333333336,device_01
2025-11-12 17:55:00.738567,0.0,57.42458333333333,68.20666666666672,device_03
2025-11-12 17:55:23.789552,0.0,58.23658333333331,68.33408333333337,device_04
2025-11-12 17:55:24.931424,0.0,57.42333333333334,68.20666666666672,device_05
2025-11-12 17:55:44.868143,0.0,57.044999999999945,67.27041666666672,device_02
2025-11-12 17:55:51.160849,0.0,57.88916666666668,68.46816666666669,device_01
2025-11-12 17:56:00.759939,0.0,57.42458333333333,68.20666666666672,device_03
2025-11-12 17:56:23.533475,0.0,58.23658333333331,68.33408333333337,device_04
2025-11-12 17:56:25.13317,0.0,57.41958333333333,68.20875000000005,device_05
2025-11-12 17:56:44.958316,0.0,56.90666666666661,67.31583333333339,device_02
2025-11-12 17:56:51.272838,0.0,57.93291666666668,68.57333333333334,device_01
2025-11-12 17:57:00.941297,0.0,57.42458333333333,68.20666666666672,device_03
2025-11-12 17:57:23.523244,0.0,58.23658333333331,68.33408333333337,device_04
2025-11-12 17:57:24.953906,0.0,57.4225,68.20875000000005,device_05
2025-11-12 17:57:44.889426,0.0,56.91666666666661,67.2745833333334,device_02
2025-11-12 17:57:51.282806,0.0,57.92541666666667,68.47233333333335,device_01
2025-11-12 17:58:00.938374,0.0,57.42458333333333,68.20666666666672,device_03
2025-11-12 17:58:23.624359,0.0,58.23658333333331,68.33408333333337,device_04
2025-11-12 17:58:24.946529,0.0,57.4225,68.20875000000005,device_05
2025-11-12 17:58:44.89623,0.0,56.91666666666661,67.27666666666673,device_02
2025-11-12 17:58:51.710788,0.0,57.95791666666668,68.48233333333336,device_01
2025-11-12 17:59:00.708544,0.0,57.42458333333333,68.20666666666672,device_03
2025-11-12 17:59:23.816699,0.0,58.23741666666665,68.33408333333337,device_04
2025-11-12 17:59:24.984837,0.0,57.410833333333336,68.20666666666672,device_05
2025-11-12 17:59:44.862425,0.0,56.90666666666661,67.31791666666672,device_02
2025-11-12 17:59:51.181932,0.0,57.94833333333335,68.47275000000005,device_01
2025-11-12 18:00:01.108797,0.0,57.42458333333333,68.20666666666672,device_03
2025-11-12 18:00:23.556552,0.0,58.26866666666665,68.33825000000003,device_04
2025-11-12 18:00:25.143698,0.0,57.410833333333336,68.20666666666672,device_05
2025-11-12 18:00:45.418431,0.0,56.90666666666661,67.31791666666672,device_02
2025-11-12 18:00:51.204861,0.0,57.94833333333335,68.47275000000003,device_01
2025-11-12 18:01:01.030078,0.0,57.42458333333333,68.20666666666672,device_03
2025-11-12 18:01:23.583086,0.0,58.29574999999999,68.33825000000003,device_04
2025-11-12 18:01:25.117419,0.0,57.410833333333336,68.20666666666672,device_05
2025-11-12 18:01:45.232633,0.0,56.951249999999945,67.46125000000006,device_02
2025-11-12 18:01:51.357298,0.0,57.70291666666667,68.45650000000005,device_01
2025-11-12 18:02:00.719594,0.0,57.30583333333334,68.41625000000003,device_03
2025-11-12 18:02:23.552711,0.0,58.33675,68.34241666666671,device_04
2025-11-12 18:02:25.077081,0.0,57.41083333333333,68.20666666666672,device_05
2025-11-12 18:02:45.099905,0.0,56.951249999999945,67.46125000000006,device_02
2025-11-12 18:02:51.127032,0.0,57.73125000000001,68.80675000000002,device_01
2025-11-12 18:03:00.675864,0.0,57.33166666666666,68.41625000000005,device_03
2025-11-12 18:03:24.06117,0.0,58.33675,68.34241666666671,device_04
2025-11-12 18:03:24.966209,0.0,57.410833333333336,68.20500000000004,device_05
2025-11-12 18:03:44.856556,0.0,56.91666666666661,67.27666666666673,device_02
2025-11-12 18:03:51.328898,0.0,57.69916666666667,68.45650000000005,device_01
2025-11-12 18:04:00.691312,0.0,57.35750000000001,68.41625000000003,device_03
2025-11-12 18:04:23.591771,0.0,58.38549999999999,68.34241666666671,device_04
2025-11-12 18:04:24.990704,0.0,57.410833333333336,68.20500000000004,device_05
2025-11-12 18:04:45.139892,0.0,56.90666666666661,67.31791666666672,device_02
2025-11-12 18:04:51.253359,0.0,57.73125000000001,68.90000000000003,device_01
2025-11-12 18:05:00.943303,0.0,57.3775,68.4116666666667,device_03
2025-11-12 18:05:23.82388,0.0,58.356333333333325,68.34241666666671,device_04
2025-11-12 18:05:24.947372,0.0,57.410833333333336,68.20500000000004,device_05
2025-11-12 18:05:44.895287,0.0,57.04999999999993,67.46125000000006,device_02
2025-11-12 18:05:51.259885,0.0,57.73375000000001,68.8979166666667,device_01
2025-11-12 18:06:00.722774,0.0,57.39875,68.29958333333337,device_03
2025-11-12 18:06:23.680136,0.0,58.356333333333325,68.34241666666671,device_04
2025-11-12 18:06:24.936524,0.0,57.410833333333336,68.20500000000004,device_05
2025-11-12 18:06:45.515427,0.0,56.97124999999995,67.6408333333334,device_02
2025-11-12 18:06:51.349772,0.0,57.75291666666667,68.8979166666667,device_01
2025-11-12 18:07:00.86312,0.0,57.39875,68.29958333333337,device_03
2025-11-12 18:07:23.546537,0.0,58.38549999999999,68.34241666666671,device_04
2025-11-12 18:07:24.938169,0.0,57.410833333333336,68.20500000000004,device_05
2025-11-12 18:07:45.292753,0.0,56.90666666666661,67.31791666666672,device_02
2025-11-12 18:07:51.346093,0.0,57.75291666666667,68.8979166666667,device_01
2025-11-12 18:08:00.755409,0.0,57.34541666666667,68.33500000000004,device_03
2025-11-12 18:08:23.600915,0.0,58.38549999999999,68.34241666666671,device_04
2025-11-12 18:08:25.067592,0.0,57.410833333333336,68.20500000000004,device_05
2025-11-12 18:08:45.164226,0.0,56.989166666666605,67.46125000000006,device_02
2025-11-12 18:08:51.512127,0.0,57.75291666666667,68.8979166666667,device_01
2025-11-12 18:09:00.95443,0.0,57.3975,68.23541666666667,device_03
2025-11-12 18:09:24.197711,0.0,58.39133333333332,68.34241666666671,device_04
2025-11-12 18:09:24.960275,0.0,57.410833333333336,68.20500000000004,device_05
2025-11-12 18:09:45.96144,0.0,56.99833333333328,67.6408333333334,device_02
2025-11-12 18:09:51.258953,0.0,57.75291666666667,68.8979166666667,device_01
2025-11-12 18:10:00.910174,0.0,57.30583333333334,68.41625000000005,device_03
2025-11-12 18:10:23.610954,0.0,58.38549999999999,68.34241666666671,device_04
2025-11-12 18:10:24.922106,0.0,57.410833333333336,68.20500000000004,device_05
2025-11-12 18:10:45.218062,0.0,57.06541666666661,67.46041666666673,device_02
2025-11-12 18:10:51.490565,0.0,58.164916666666656,68.8979166666667,device_01
2025-11-12 18:11:01.310703,0.0,57.06333333333333,67.61208333333337,device_03
2025-11-12 18:11:24.227157,0.0,58.38425,68.44150000000005,device_04
2025-11-12 18:11:25.612777,0.0,57.410833333333336,68.20500000000004,device_05
2025-11-12 18:11:45.826011,0.0,57.020833333333286,67.3170833333334,device_02
2025-11-12 18:11:51.150233,0.0,57.75666666666667,68.88625000000003,device_01
2025-11-12 18:12:00.793307,0.0,57.3975,68.04208333333335,device_03
2025-11-12 18:12:23.589657,0.0,58.39008333333332,68.44233333333337,device_04
2025-11-12 18:12:24.983065,0.0,57.410833333333336,68.20500000000004,device_05
2025-11-12 18:12:45.00392,0.0,56.98749999999995,67.6408333333334,device_02
2025-11-12 18:12:51.112759,0.0,58.17324999999999,68.88625000000003,device_01
2025-11-12 18:13:00.690529,0.0,57.30458333333333,67.71833333333338,device_03
2025-11-12 18:13:24.177836,0.0,58.39008333333332,68.44233333333337,device_04
2025-11-12 18:13:24.990356,0.0,57.410833333333336,68.20500000000004,device_05
2025-11-12 18:13:45.211624,0.0,57.03083333333328,67.2758333333334,device_02
2025-11-12 18:13:51.424761,0.0,58.164916666666656,68.8979166666667,device_01
2025-11-12 18:14:00.801433,0.0,57.06916666666666,67.58041666666672,device_03
2025-11-12 18:14:23.755736,0.0,58.39008333333332,68.44233333333337,device_04
2025-11-12 18:14:24.979057,0.0,57.410833333333336,68.20500000000004,device_05
2025-11-12 18:14:45.721436,0.0,57.04999999999993,67.46125000000006,device_02
2025-11-12 18:14:51.29581,0.0,58.164916666666656,68.8979166666667,device_01
2025-11-12 18:15:01.416525,0.0,57.06333333333333,67.61208333333337,device_03
2025-11-12 18:15:23.769883,0.0,58.39008333333332,68.44233333333337,device_04
2025-11-12 18:15:25.315495,0.0,57.410833333333336,68.20500000000004,device_05
2025-11-12 18:15:44.898302,0.0,57.15833333333328,67.31541666666672,device_02
2025-11-12 18:15:51.402326,0.0,58.17324999999999,68.88625000000003,device_01
2025-11-12 18:16:00.727591,0.0,57.0925,67.70958333333337,device_03
2025-11-12 18:16:23.608672,0.0,58.39008333333332,68.44233333333337,device_04
2025-11-12 18:16:24.945971,0.0,57.410833333333336,68.20500000000004,device_05
2025-11-12 18:16:44.886605,0.0,57.23791666666661,67.27875000000006,device_02
2025-11-12 18:16:51.114664,0.0,58.164916666666656,68.8979166666667,device_01
2025-11-12 18:17:00.786441,0.0,57.0925,67.70958333333337,device_03
2025-11-12 18:17:23.602411,0.0,58.3905,68.44233333333337,device_04
2025-11-12 18:17:25.205908,0.0,57.41083333333333,68.20500000000004,device_05
2025-11-12 18:17:45.335593,0.0,57.135416666666615,67.3170833333334,device_02
2025-11-12 18:17:51.294096,0.0,58.16491666666667,68.8979166666667,device_01
2025-11-12 18:18:00.805046,0.0,57.36541666666666,67.95250000000004,device_03
2025-11-12 18:18:23.59322,0.0,58.39008333333332,68.44233333333337,device_04
2025-11-12 18:18:24.961556,0.0,57.410833333333336,68.20500000000004,device_05
2025-11-12 18:18:44.892566,0.0,57.06541666666661,67.46041666666673,device_02
2025-11-12 18:18:51.203839,0.0,58.17741666666666,68.88625000000005,device_01
2025-11-12 18:19:01.115824,0.0,57.10916666666667,67.57916666666671,device_03
2025-11-12 18:19:23.584543,0.0,58.39008333333332,68.44233333333338,device_04
2025-11-12 18:19:24.968353,0.0,57.410833333333336,68.20500000000004,device_05
2025-11-12 18:19:45.42432,0.0,57.06749999999994,67.2758333333334,device_02
2025-11-12 18:19:51.307632,0.0,58.17324999999999,68.87541666666671,device_01
2025-11-12 18:20:00.811532,0.0,57.06333333333333,67.61208333333337,device_03
2025-11-12 18:20:23.563305,0.0,58.3905,68.44233333333338,device_04
2025-11-12 18:20:25.166303,0.0,57.410833333333336,68.20500000000004,device_05
2025-11-12 18:20:44.910176,0.0,57.176666666666605,67.46041666666673,device_02
2025-11-12 18:20:51.073588,0.0,58.164916666666656,68.88708333333336,device_01
2025-11-12 18:21:00.777758,0.0,57.3975,68.04208333333335,device_03
2025-11-12 18:21:23.917672,0.0,58.39008333333332,68.44233333333337,device_04
2025-11-12 18:21:25.175825,0.0,57.410833333333336,68.20500000000004,device_05
2025-11-12 18:21:45.168952,0.0,57.08708333333328,67.46041666666673,device_02
2025-11-12 18:21:51.308196,0.0,58.164916666666656,68.88708333333336,device_01
2025-11-12 18:22:00.861216,0.0,56.99791666666667,67.60541666666671,device_03
2025-11-12 18:22:23.692947,0.0,58.39008333333332,68.44233333333338,device_04
2025-11-12 18:22:24.992546,0.0,57.410833333333336,68.20500000000004,device_05
2025-11-12 18:22:45.286979,0.0,57.10208333333328,67.46041666666673,device_02
2025-11-12 18:22:51.834869,0.0,58.17324999999999,68.87541666666671,device_01
2025-11-12 18:23:00.922826,0.0,57.36958333333333,68.24875000000003,device_03
2025-11-12 18:23:23.706475,0.0,58.3905,68.44233333333338,device_04
2025-11-12 18:23:24.984567,0.0,57.410833333333336,68.20500000000004,device_05
2025-11-12 18:23:45.173212,0.0,57.176666666666605,67.46041666666673,device_02
2025-11-12 18:24:01.161166,0.0,57.34208333333333,68.38708333333334,device_03
2025-11-12 18:24:24.441405,0.0,58.39008333333332,68.44233333333337,device_04
2025-11-12 18:24:25.153497,0.0,57.410833333333336,68.20500000000004,device_05
2025-11-12 18:24:45.4945,0.0,57.12958333333327,67.3170833333334,device_02
2025-11-12 18:25:24.499356,0.0,58.427166666666665,68.44233333333338,device_04
2025-11-12 18:25:25.056893,0.0,57.410833333333336,68.20500000000004,device_05
2025-11-12 18:26:26.158716,0.0,57.410833333333336,68.20500000000004,device_05
2025-11-12 18:28:51.921447,0.0,58.16575,68.8804166666667,device_01
2025-11-12 18:29:51.207517,0.0,58.164916666666656,68.87833333333337,device_01
2025-11-12 18:30:01.424168,0.0,56.60458333333331,67.48916666666669,device_03
2025-11-12 18:30:45.459111,0.0,57.249999999999936,67.46166666666673,device_02
2025-11-12 18:30:51.329245,0.0,58.164916666666656,68.88708333333336,device_01
2025-11-12 18:31:01.043143,0.0,56.548749999999984,67.35750000000003,device_03
2025-11-12 18:31:23.789169,0.0,58.37841666666666,68.44233333333338,device_04
2025-11-12 18:31:45.445947,0.0,57.136666666666606,67.27666666666673,device_02
2025-11-12 18:31:51.261049,0.0,58.17324999999999,68.87541666666671,device_01
2025-11-12 18:32:00.857218,0.0,56.54708333333331,67.45250000000003,device_03
2025-11-12 18:32:23.853105,0.0,58.40466666666666,68.79466666666671,device_04
2025-11-12 18:32:24.981941,0.0,57.410833333333336,68.20500000000004,device_05
2025-11-12 18:32:45.826249,0.0,57.14708333333328,67.31791666666672,device_02
2025-11-12 18:32:51.142178,0.0,58.16575,68.8804166666667,device_01
2025-11-12 18:33:00.831509,0.0,56.548749999999984,67.35750000000003,device_03
2025-11-12 18:33:23.624413,0.0,58.40466666666666,68.80608333333338,device_04
2025-11-12 18:33:24.9701,0.0,57.410833333333336,68.20500000000004,device_05
2025-11-12 18:33:45.154328,0.0,57.20083333333328,67.64041666666674,device_02
2025-11-12 18:33:51.697367,0.0,58.16575,68.8804166666667,device_01
2025-11-12 18:34:00.817644,0.0,56.58791666666665,67.49416666666669,device_03
2025-11-12 18:34:23.831245,0.0,58.40466666666666,68.80608333333338,device_04
2025-11-12 18:34:25.075525,0.0,57.410833333333336,68.20500000000004,device_05
2025-11-12 18:34:45.500912,0.0,57.16333333333328,67.31166666666672,device_02
2025-11-12 18:34:51.22463,0.0,58.16033333333333,68.92558333333336,device_01
2025-11-12 18:35:01.36922,0.0,56.58791666666665,67.4691666666667,device_03
2025-11-12 18:35:23.693722,0.0,58.40466666666666,68.80608333333338,device_04
2025-11-12 18:35:25.498188,0.0,57.410833333333336,68.20500000000004,device_05
2025-11-12 18:35:45.617054,0.0,57.207916666666605,67.45500000000007,device_02
2025-11-12 18:35:51.219815,0.0,58.57433333333336,69.16500000000005,device_01
2025-11-12 18:36:00.960252,0.0,56.507916666666645,67.34083333333336,device_03
2025-11-12 18:36:23.655851,0.0,58.40466666666666,68.80608333333338,device_04
2025-11-12 18:36:25.174051,0.0,57.410833333333336,68.20500000000004,device_05
2025-11-12 18:36:45.540934,0.0,57.196249999999935,67.73750000000008,device_02
2025-11-12 18:36:51.333522,0.0,58.14916666666667,68.95125000000003,device_01
2025-11-12 18:37:00.86681,0.0,56.52041666666664,67.3216666666667,device_03
2025-11-12 18:37:23.901148,0.0,58.40466666666666,68.80608333333338,device_04
2025-11-12 18:37:24.999187,0.0,57.410833333333336,68.20500000000004,device_05
2025-11-12 18:37:44.915736,0.0,57.19124999999994,67.7245833333334,device_02
2025-11-12 18:37:51.222288,0.0,58.16033333333333,68.92558333333336,device_01
2025-11-12 18:38:01.098515,0.0,56.58666666666665,67.46416666666669,device_03
2025-11-12 18:38:23.715087,0.0,58.40466666666666,68.80608333333338,device_04
2025-11-12 18:38:25.207741,0.0,57.410833333333336,68.20500000000004,device_05
2025-11-12 18:38:45.604544,0.0,57.15708333333328,67.72583333333341,device_02
2025-11-12 18:38:51.143797,0.0,58.14916666666667,68.95125000000004,device_01
2025-11-12 18:39:00.892197,0.0,56.548749999999984,67.35750000000003,device_03
2025-11-12 18:39:23.950958,0.0,58.40466666666666,68.80608333333338,device_04
2025-11-12 18:39:25.265832,0.0,57.410833333333336,68.20500000000004,device_05
2025-11-12 18:39:45.679128,0.0,57.18416666666661,67.74000000000007,device_02
2025-11-12 18:39:51.122762,0.0,58.16033333333333,68.92558333333336,device_01
2025-11-12 18:40:00.976749,0.0,56.54708333333331,67.45250000000003,device_03
2025-11-12 18:40:23.71558,0.0,58.40466666666666,68.80608333333338,device_04
2025-11-12 18:40:25.120098,0.0,57.410833333333336,68.20500000000004,device_05
2025-11-12 18:40:45.300654,0.0,57.18666666666663,67.74125000000008,device_02
2025-11-12 18:40:51.177727,0.0,58.16033333333333,68.92558333333336,device_01
2025-11-12 18:41:01.086488,0.0,56.56124999999998,67.4641666666667,device_03
2025-11-12 18:41:24.356855,0.0,58.40466666666666,68.80608333333338,device_04
2025-11-12 18:41:25.215106,0.0,57.410833333333336,68.20500000000004,device_05
2025-11-12 18:41:45.114705,0.0,57.18666666666663,67.74125000000008,device_02
2025-11-12 18:41:51.676115,0.0,58.16033333333333,68.92558333333336,device_01
2025-11-12 18:42:01.54687,0.0,56.56124999999998,67.46416666666669,device_03
2025-11-12 18:42:23.715075,0.0,58.40466666666666,68.80608333333338,device_04
2025-11-12 18:42:26.116586,0.0,57.410833333333336,68.20500000000004,device_05
2025-11-12 18:42:45.611334,0.0,57.23208333333328,67.72041666666674,device_02
2025-11-12 18:42:51.215306,0.0,58.14916666666667,68.95125000000003,device_01
2025-11-12 18:43:01.147692,0.0,56.56124999999998,67.46416666666669,device_03
2025-11-12 18:43:24.096344,0.0,58.40466666666666,68.80608333333338,device_04
2025-11-12 18:43:25.847527,0.0,57.410833333333336,68.20500000000004,device_05
2025-11-12 18:43:44.918049,0.0,57.22124999999996,67.72916666666674,device_02
2025-11-12 18:43:51.385822,0.0,58.14916666666667,68.95125000000003,device_01
2025-11-12 18:44:02.471879,0.0,56.56124999999998,67.46416666666669,device_03
2025-11-12 18:44:23.840949,0.0,58.40466666666666,68.80608333333338,device_04
2025-11-12 18:44:25.400189,0.0,57.410833333333336,68.20500000000004,device_05
2025-11-12 18:44:45.196988,0.0,57.23791666666662,67.74041666666673,device_02
2025-11-12 18:44:51.953792,0.0,58.17324999999999,68.91975000000004,device_01
2025-11-12 18:45:04.952053,0.0,56.52208333333331,67.35333333333337,device_03
2025-11-12 18:45:23.848085,0.0,58.40675000000001,68.80900000000003,device_04
2025-11-12 18:45:26.162399,0.0,57.410833333333336,68.20500000000004,device_05
2025-11-12 18:45:45.188228,0.0,57.23916666666663,67.7433333333334,device_02
2025-11-12 18:45:51.439769,0.0,58.57433333333337,69.16500000000005,device_01
2025-11-12 18:46:01.775357,0.0,56.52208333333331,67.35333333333337,device_03
2025-11-12 18:46:24.481208,0.0,58.40675,68.80608333333338,device_04
2025-11-12 18:46:25.305006,0.0,57.410833333333336,68.20500000000004,device_05
2025-11-12 18:46:45.605661,0.0,57.23916666666663,67.7433333333334,device_02
2025-11-12 18:46:51.463227,0.0,58.17324999999999,68.91975000000004,device_01
2025-11-12 18:47:01.353053,0.0,56.52208333333331,67.35333333333337,device_03
2025-11-12 18:47:24.329509,0.0,58.40675,68.80900000000003,device_04
2025-11-12 18:47:26.332189,0.0,57.410833333333336,68.20500000000004,device_05
2025-11-12 18:47:45.852422,0.0,57.17999999999996,67.74416666666674,device_02
2025-11-12 18:47:51.943566,0.0,58.16033333333333,68.92558333333336,device_01
2025-11-12 18:48:03.809189,0.0,56.57583333333332,67.46416666666669,device_03
2025-11-12 18:48:23.79424,0.0,58.40675,68.80900000000003,device_04
2025-11-12 18:48:26.367862,0.0,57.410833333333336,68.20500000000004,device_05
2025-11-12 18:48:45.857239,0.0,57.222499999999954,67.74125000000008,device_02
2025-11-12 18:48:51.335272,0.0,58.14916666666666,68.95125000000004,device_01
2025-11-12 18:49:02.680907,0.0,56.52208333333331,67.35333333333337,device_03
2025-11-12 18:49:24.48098,0.0,58.40675,68.80900000000003,device_04
2025-11-12 18:49:25.824878,0.0,57.410833333333336,68.20500000000004,device_05
2025-11-12 18:49:44.943776,0.0,57.22499999999995,67.74416666666673,device_02
2025-11-12 18:49:51.214127,0.0,58.17324999999999,68.91975000000004,device_01
2025-11-12 18:50:02.273262,0.0,56.56166666666663,67.34250000000003,device_03
2025-11-12 18:50:24.10746,0.0,58.40675,68.80900000000003,device_04
2025-11-12 18:50:25.594705,0.0,57.410833333333336,68.20500000000004,device_05
2025-11-12 18:50:45.734638,0.0,57.17916666666663,67.74125000000008,device_02
2025-11-12 18:50:51.919126,0.0,58.16033333333333,68.92558333333336,device_01
2025-11-12 18:51:02.365893,0.0,56.536666666666655,67.35333333333337,device_03
2025-11-12 18:51:23.918827,0.0,58.40675,68.80900000000003,device_04
2025-11-12 18:51:25.813632,0.0,57.410833333333336,68.20500000000004,device_05
2025-11-12 18:51:45.98776,0.0,57.22458333333329,67.73916666666675,device_02
2025-11-12 18:51:51.370428,0.0,58.16033333333333,68.92558333333336,device_01
2025-11-12 18:52:02.002523,0.0,56.58166666666664,67.35833333333336,device_03
2025-11-12 18:52:23.993954,0.0,58.40675,68.80900000000003,device_04
2025-11-12 18:52:25.593673,0.0,57.410833333333336,68.20500000000004,device_05
2025-11-12 18:52:45.417629,0.0,57.22499999999995,67.73250000000007,device_02
2025-11-12 18:52:51.448393,0.0,58.14916666666666,68.95125000000003,device_01
2025-11-12 18:53:01.066668,0.0,56.60083333333331,67.45333333333335,device_03
2025-11-12 18:53:23.868923,0.0,58.40675,68.80900000000003,device_04
2025-11-12 18:53:25.412083,0.0,57.410833333333336,68.20500000000004,device_05
2025-11-12 18:53:45.223362,0.0,57.239583333333286,67.74625000000006,device_02
2025-11-12 18:53:54.736897,0.0,58.16033333333333,68.92558333333336,device_01
2025-11-12 18:54:02.278737,0.0,56.52208333333331,67.35333333333337,device_03
2025-11-12 18:54:23.971224,0.0,58.40675,68.80900000000004,device_04
2025-11-12 18:54:25.300287,0.0,57.410833333333336,68.20500000000004,device_05
2025-11-12 18:54:45.513741,0.0,57.22499999999995,67.74416666666673,device_02
2025-11-12 18:54:51.475412,0.0,58.16033333333333,68.92558333333336,device_01
2025-11-12 18:55:01.808281,0.0,56.52041666666664,67.3216666666667,device_03
2025-11-12 18:55:23.938613,0.0,58.40675,68.80900000000003,device_04
2025-11-12 18:55:25.383633,0.0,57.410833333333336,68.20500000000004,device_05
2025-11-12 18:55:45.988997,0.0,57.23916666666664,67.7433333333334,device_02
2025-11-12 18:55:51.523488,0.0,58.14916666666667,68.95125000000003,device_01
2025-11-12 18:56:01.994412,0.0,56.56124999999998,67.46416666666669,device_03
2025-11-12 18:56:24.14648,0.0,58.40675,68.80900000000003,device_04
2025-11-12 18:56:25.311747,0.0,57.410833333333336,68.20500000000004,device_05
2025-11-12 18:56:45.097663,0.0,57.22499999999995,67.73250000000007,device_02
2025-11-12 18:56:51.239209,0.0,58.14916666666667,68.95125000000003,device_01
2025-11-12 18:57:00.946527,0.0,56.62083333333331,67.4691666666667,device_03
2025-11-12 18:57:23.614637,0.0,58.40675,68.80900000000003,device_04
2025-11-12 18:57:25.422516,0.0,57.410833333333336,68.20500000000004,device_05
2025-11-12 18:57:45.068211,0.0,57.22499999999995,67.74416666666673,device_02
2025-11-12 18:57:52.013429,0.0,58.14916666666667,68.95125000000003,device_01
2025-11-12 18:58:01.263286,0.0,56.56124999999998,67.46416666666669,device_03
2025-11-12 18:58:23.994688,0.0,58.40675,68.80900000000003,device_04
2025-11-12 18:58:25.165592,0.0,57.410833333333336,68.20500000000004,device_05
2025-11-12 18:58:45.288808,0.0,57.223749999999946,67.71833333333342,device_02
2025-11-12 18:58:51.310229,0.0,58.16033333333333,68.92558333333336,device_01
2025-11-12 18:59:00.787948,0.0,56.51374999999997,67.30916666666671,device_03
2025-11-12 18:59:23.866793,0.0,58.40675,68.80900000000003,device_04
2025-11-12 18:59:24.982651,0.0,57.410833333333336,68.20500000000004,device_05
2025-11-12 18:59:45.126004,0.0,57.22499999999995,67.73250000000007,device_02
2025-11-12 18:59:51.80123,0.0,58.14916666666667,68.95125000000003,device_01
2025-11-12 19:00:02.978643,0.0,56.536666666666655,67.35833333333336,device_03
2025-11-12 19:00:24.283628,0.0,58.40675,68.80900000000003,device_04
2025-11-12 19:00:25.223429,0.0,57.410833333333336,68.20500000000004,device_05
2025-11-12 19:00:45.102926,0.0,57.22499999999995,67.73250000000007,device_02
2025-11-12 19:00:51.377157,0.0,58.16033333333333,68.92558333333336,device_01
2025-11-12 19:01:01.218964,0.0,56.57583333333332,67.4691666666667,device_03
2025-11-12 19:01:24.464545,0.0,58.40675,68.80900000000003,device_04
2025-11-12 19:01:25.213106,0.0,57.410833333333336,68.20500000000004,device_05
2025-11-12 19:01:45.968284,0.0,57.223749999999946,67.72791666666674,device_02
2025-11-12 19:01:51.437211,0.0,58.16033333333333,68.92558333333336,device_01
2025-11-12 19:02:01.338487,0.0,56.57583333333332,67.4691666666667,device_03
2025-11-12 19:02:23.650976,0.0,58.40675,68.80900000000003,device_04
2025-11-12 19:02:25.178095,0.0,57.410833333333336,68.20500000000004,device_05
2025-11-12 19:02:44.974599,0.0,57.23208333333328,67.71083333333341,device_02
2025-11-12 19:02:51.296033,0.0,58.16033333333333,68.92558333333336,device_01
2025-11-12 19:03:01.157658,0.0,56.536666666666655,67.35333333333337,device_03
2025-11-12 19:03:23.839733,0.0,58.40675,68.80900000000003,device_04
2025-11-12 19:03:25.172941,0.0,57.410833333333336,68.20500000000004,device_05
2025-11-12 19:03:45.867955,0.0,57.22124999999996,67.72708333333341,device_02
2025-11-12 19:03:51.846186,0.0,58.17325,68.91975000000004,device_01
2025-11-12 19:04:01.722964,0.0,56.536666666666655,67.35333333333337,device_03
2025-11-12 19:04:23.678355,0.0,58.40675,68.80900000000004,device_04
2025-11-12 19:04:25.514741,0.0,57.410833333333336,68.20500000000004,device_05
2025-11-12 19:04:45.33254,0.0,57.223749999999946,67.71833333333342,device_02
2025-11-12 19:04:51.213115,0.0,58.14916666666667,68.95125000000003,device_01
2025-11-12 19:05:01.454339,0.0,56.54749999999999,67.35333333333337,device_03
2025-11-12 19:05:23.645496,0.0,58.40675,68.80900000000003,device_04
2025-11-12 19:05:25.054602,0.0,57.410833333333336,68.20500000000004,device_05
2025-11-12 19:05:45.283112,0.0,57.22499999999995,67.75916666666673,device_02
2025-11-12 19:05:51.185188,0.0,58.16033333333333,68.92558333333336,device_01
2025-11-12 19:06:02.380475,0.0,56.58166666666664,67.35833333333336,device_03
2025-11-12 19:06:23.682586,0.0,58.40675,68.80900000000003,device_04
2025-11-12 19:06:25.008425,0.0,57.410833333333336,68.20500000000004,device_05
2025-11-12 19:06:45.266663,0.0,57.22499999999995,67.72666666666674,device_02
2025-11-12 19:06:51.195041,0.0,58.14916666666667,68.95125000000003,device_01
2025-11-12 19:07:00.98869,0.0,56.57208333333331,67.34666666666669,device_03
2025-11-12 19:07:23.702967,0.0,58.40675,68.80900000000003,device_04
2025-11-12 19:07:25.012234,0.0,57.410833333333336,68.20500000000004,device_05
2025-11-12 19:07:45.57169,0.0,57.22499999999995,67.72666666666674,device_02
2025-11-12 19:07:51.255687,0.0,58.57433333333336,69.16500000000005,device_01
2025-11-12 19:08:00.943652,0.0,56.63624999999996,67.46833333333336,device_03
2025-11-12 19:08:23.628175,0.0,58.40675,68.80900000000003,device_04
2025-11-12 19:08:25.016289,0.0,57.410833333333336,68.20500000000004,device_05
2025-11-12 19:08:45.753128,0.0,57.22499999999995,67.73250000000007,device_02
2025-11-12 19:08:51.228141,0.0,58.14916666666667,68.95125000000003,device_01
2025-11-12 19:09:00.946068,0.0,56.59916666666663,67.35750000000003,device_03
2025-11-12 19:09:23.742346,0.0,58.40675,68.80900000000003,device_04
2025-11-12 19:09:24.973427,0.0,57.410833333333336,68.20500000000004,device_05
2025-11-12 19:09:45.626435,0.0,57.22499999999995,67.73250000000007,device_02
2025-11-12 19:09:51.495415,0.0,58.14916666666667,68.95125000000003,device_01
2025-11-12 19:10:00.851762,0.0,56.64666666666663,67.74416666666667,device_03
2025-11-12 19:10:23.927413,0.0,58.40675,68.80900000000003,device_04
2025-11-12 19:10:25.206829,0.0,57.410833333333336,68.20500000000004,device_05
2025-11-12 19:10:45.79582,0.0,57.223749999999946,67.71250000000008,device_02
2025-11-12 19:10:51.310961,0.0,58.14916666666667,68.95541666666671,device_01
2025-11-12 19:11:00.808527,0.0,56.63624999999996,67.46833333333336,device_03
2025-11-12 19:11:23.611728,0.0,58.40675,68.80775000000003,device_04
2025-11-12 19:11:25.634288,0.0,57.410833333333336,68.20500000000004,device_05
2025-11-12 19:11:45.769601,0.0,57.22499999999995,67.74416666666673,device_02
2025-11-12 19:11:51.37297,0.0,58.14916666666667,68.95125000000003,device_01
2025-11-12 19:12:00.970605,0.0,56.64666666666663,67.71791666666667,device_03
2025-11-12 19:12:23.633502,0.0,58.40675,68.80900000000004,device_04
2025-11-12 19:12:25.051428,0.0,57.410833333333336,68.20500000000004,device_05
2025-11-12 19:12:45.795975,0.0,57.198749999999954,67.71375000000006,device_02
2025-11-12 19:12:51.11356,0.0,58.14916666666667,68.95125000000004,device_01
2025-11-12 19:13:00.716936,0.0,56.59916666666663,67.35750000000003,device_03
2025-11-12 19:13:23.844144,0.0,58.40675,68.80900000000003,device_04
2025-11-12 19:13:25.44109,0.0,57.410833333333336,68.20500000000004,device_05
2025-11-12 19:13:44.91906,0.0,57.22499999999995,67.7420833333334,device_02
2025-11-12 19:13:51.345328,0.0,58.17324999999999,68.91975000000004,device_01
2025-11-12 19:14:00.724351,0.0,56.60083333333331,67.82333333333334,device_03
2025-11-12 19:14:23.62941,0.0,58.40466666666666,68.80608333333338,device_04
2025-11-12 19:14:24.992044,0.0,57.410833333333336,68.20500000000006,device_05
2025-11-12 19:14:45.364254,0.0,57.23791666666661,67.72916666666674,device_02
2025-11-12 19:14:51.219716,0.0,58.16033333333333,68.92558333333336,device_01
2025-11-12 19:15:00.72134,0.0,56.56166666666664,67.34250000000003,device_03
2025-11-12 19:15:23.601286,0.0,58.36758333333332,68.80525000000003,device_04
2025-11-12 19:15:25.547727,0.0,57.410833333333336,68.20500000000004,device_05
2025-11-12 19:15:45.10722,0.0,57.23791666666661,67.72916666666674,device_02
2025-11-12 19:15:51.129981,0.0,58.16033333333333,68.92558333333336,device_01
2025-11-12 19:16:01.198616,0.0,56.534999999999975,67.32666666666671,device_03
2025-11-12 19:16:23.774963,0.0,58.36175,68.80525000000003,device_04
2025-11-12 19:16:25.295343,0.0,57.410833333333336,68.20500000000004,device_05
2025-11-12 19:16:45.564244,0.0,57.23916666666663,67.7433333333334,device_02
2025-11-12 19:16:51.252479,0.0,58.14833333333333,68.9579166666667,device_01
2025-11-12 19:17:00.778578,0.0,56.57583333333332,67.46416666666669,device_03
2025-11-12 19:17:23.785717,0.0,58.29258333333333,68.80525000000003,device_04
2025-11-12 19:17:25.352198,0.0,57.410833333333336,68.20500000000004,device_05
2025-11-12 19:17:44.883274,0.0,57.17874999999994,67.73000000000008,device_02
2025-11-12 19:17:51.107466,0.0,58.15949999999999,68.93225000000002,device_01
2025-11-12 19:18:00.927623,0.0,56.54708333333331,67.45250000000003,device_03
2025-11-12 19:18:23.795884,0.0,58.25158333333333,68.80400000000003,device_04
2025-11-12 19:18:25.289838,0.0,57.410833333333336,68.20500000000004,device_05
2025-11-12 19:18:45.180903,0.0,57.15291666666661,67.74541666666673,device_02
2025-11-12 19:18:51.643796,0.0,58.1595,68.94975000000004,device_01
2025-11-12 19:19:01.447319,0.0,56.548749999999984,67.35750000000003,device_03
2025-11-12 19:19:23.639482,0.0,58.21366666666666,68.80400000000003,device_04
2025-11-12 19:19:25.006319,0.0,57.410833333333336,68.20500000000004,device_05
2025-11-12 19:19:44.91492,0.0,57.04166666666662,67.74541666666673,device_02
2025-11-12 19:19:51.189178,0.0,58.164916666666656,68.9339166666667,device_01
2025-11-12 19:20:00.758563,0.0,56.66416666666665,67.3316666666667,device_03
2025-11-12 19:20:23.808319,0.0,58.21366666666666,68.80400000000003,device_04
2025-11-12 19:20:25.820114,0.0,57.410833333333336,68.20500000000004,device_05
2025-11-12 19:20:45.622175,0.0,57.15916666666661,67.73125000000007,device_02
2025-11-12 19:20:51.137174,0.0,58.17741666666666,68.88625000000003,device_01
2025-11-12 19:21:00.797257,0.0,56.560416666666654,67.34500000000004,device_03
2025-11-12 19:21:23.681754,0.0,58.19324999999999,68.55083333333337,device_04
2025-11-12 19:21:24.982803,0.0,57.410833333333336,68.20500000000004,device_05
2025-11-12 19:21:45.571833,0.0,57.01666666666661,67.31791666666672,device_02
2025-11-12 19:21:51.243195,0.0,57.75291666666667,68.8979166666667,device_01
2025-11-12 19:22:01.489298,0.0,56.58583333333331,67.48916666666669,device_03
2025-11-12 19:22:23.656829,0.0,58.23533333333331,68.43608333333337,device_04
2025-11-12 19:22:25.332201,0.0,57.410833333333336,68.20500000000004,device_05
2025-11-12 19:22:45.266061,0.0,57.10208333333328,67.46041666666673,device_02
2025-11-12 19:22:51.155914,0.0,57.75291666666667,68.8979166666667,device_01
2025-11-12 19:23:00.904095,0.0,56.603749999999984,67.52125000000002,device_03
2025-11-12 19:23:24.433563,0.0,58.23533333333331,68.43608333333337,device_04
2025-11-12 19:23:25.008037,0.0,57.410833333333336,68.20500000000004,device_05
2025-11-12 19:23:44.880566,0.0,56.94458333333328,67.31791666666672,device_02
2025-11-12 19:24:00.80155,0.0,57.06916666666666,67.58041666666672,device_03
2025-11-12 19:24:23.6502,0.0,58.23533333333331,68.43608333333337,device_04
2025-11-12 19:24:24.984431,0.0,57.410833333333336,68.20500000000004,device_05
2025-11-12 19:24:44.903332,0.0,56.94458333333328,67.31791666666672,device_02
2025-11-12 19:25:24.250413,0.0,58.23533333333331,68.43608333333337,device_04
2025-11-12 19:25:25.624798,0.0,57.410833333333336,68.20500000000004,device_05
2025-11-12 19:26:25.25037,0.0,57.410833333333336,68.20500000000004,device_05
2025-11-12 19:28:51.315931,0.0,57.73125000000001,68.88625000000003,device_01
2025-11-12 19:29:51.151515,0.0,57.98708333333335,68.83175000000001,device_01
2025-11-12 19:30:00.876901,0.0,57.06333333333333,67.61208333333337,device_03
2025-11-12 19:30:45.671066,0.0,57.17874999999994,67.46041666666673,device_02
2025-11-12 19:30:51.245657,0.0,57.98000000000001,68.57750000000001,device_01
2025-11-12 19:31:00.79363,0.0,57.34208333333333,68.20083333333336,device_03
2025-11-12 19:31:23.842271,0.0,58.23824999999998,68.33283333333337,device_04
2025-11-12 19:31:45.013631,0.0,56.90666666666661,67.31791666666672,device_02
2025-11-12 19:31:51.147263,0.0,57.92541666666667,68.47233333333335,device_01
2025-11-12 19:32:00.750166,0.0,57.39875,68.44833333333335,device_03
2025-11-12 19:32:23.962731,0.0,58.23824999999998,68.33283333333337,device_04
2025-11-12 19:32:25.233855,0.0,57.410833333333336,68.20500000000004,device_05
2025-11-12 19:32:45.027435,0.0,56.951249999999945,67.46125000000006,device_02
2025-11-12 19:32:51.554948,0.0,57.93291666666668,68.57333333333335,device_01
2025-11-12 19:33:00.794969,0.0,57.33166666666666,68.41625000000003,device_03
2025-11-12 19:33:23.778338,0.0,58.23824999999998,68.33283333333337,device_04
2025-11-12 19:33:25.191,0.0,57.410833333333336,68.20500000000004,device_05
2025-11-12 19:33:45.046411,0.0,56.90666666666661,67.31791666666672,device_02
2025-11-12 19:33:51.352838,0.0,57.93291666666668,68.82758333333334,device_01
2025-11-12 19:34:00.946232,0.0,57.3575,68.41625000000003,device_03
2025-11-12 19:34:24.292967,0.0,58.23824999999998,68.33283333333337,device_04
2025-11-12 19:34:25.193411,0.0,57.410833333333336,68.20500000000004,device_05
2025-11-12 19:34:45.995168,0.0,56.90666666666661,67.31791666666672,device_02
2025-11-12 19:34:51.181653,0.0,57.93083333333335,68.57333333333334,device_01
2025-11-12 19:35:00.940149,0.0,57.30249999999999,68.3654166666667,device_03
2025-11-12 19:35:23.733024,0.0,58.23824999999998,68.33283333333337,device_04
2025-11-12 19:35:25.011332,0.0,57.410833333333336,68.20500000000004,device_05
2025-11-12 19:35:45.065161,0.0,57.025416666666615,67.27958333333339,device_02
2025-11-12 19:35:51.114833,0.0,57.87708333333335,68.46733333333336,device_01
2025-11-12 19:36:00.84702,0.0,57.30583333333334,68.41625000000005,device_03
2025-11-12 19:36:23.682446,0.0,58.23824999999998,68.33283333333337,device_04
2025-11-12 19:36:25.407165,0.0,57.410833333333336,68.20500000000004,device_05
2025-11-12 19:36:45.553894,0.0,56.90666666666661,67.31791666666672,device_02
2025-11-12 19:36:51.386989,0.0,57.87708333333334,68.46733333333334,device_01
2025-11-12 19:37:00.780245,0.0,57.27666666666667,68.3654166666667,device_03
2025-11-12 19:37:23.816135,0.0,58.23824999999998,68.33283333333338,device_04
2025-11-12 19:37:25.008327,0.0,57.410833333333336,68.20500000000004,device_05
2025-11-12 19:37:44.96033,0.0,56.90666666666661,67.31791666666672,device_02
2025-11-12 19:37:51.137542,0.0,57.90625000000001,68.57250000000002,device_01
2025-11-12 19:38:00.75764,0.0,57.27375,68.33958333333337,device_03
2025-11-12 19:38:23.679101,0.0,58.23824999999998,68.33283333333337,device_04
2025-11-12 19:38:25.015677,0.0,57.410833333333336,68.20500000000004,device_05
2025-11-12 19:38:45.203527,0.0,56.91666666666661,67.27666666666673,device_02
2025-11-12 19:38:51.133226,0.0,57.94416666666668,68.54733333333334,device_01
2025-11-12 19:39:00.806659,0.0,57.42458333333333,68.20666666666672,device_03
2025-11-12 19:39:24.275569,0.0,58.27616666666665,68.31183333333337,device_04
2025-11-12 19:39:24.995984,0.0,57.410833333333336,68.20500000000004,device_05
2025-11-12 19:39:44.929372,0.0,56.951249999999945,67.46125000000006,device_02
2025-11-12 19:39:51.277484,0.0,57.94666666666667,68.43716666666668,device_01
2025-11-12 19:40:01.011614,0.0,57.42458333333334,68.20666666666672,device_03
2025-11-12 19:40:23.768981,0.0,58.27616666666665,68.31850000000004,device_04
2025-11-12 19:40:25.07347,0.0,57.410833333333336,68.20500000000004,device_05
2025-11-12 19:40:45.461366,0.0,57.025416666666615,67.27958333333339,device_02
2025-11-12 19:40:51.123112,0.0,57.96666666666669,68.56816666666668,device_01
2025-11-12 19:41:00.902598,0.0,57.42458333333333,68.20666666666672,device_03
2025-11-12 19:41:24.299946,0.0,58.27616666666665,68.31183333333337,device_04
2025-11-12 19:41:25.056597,0.0,57.410833333333336,68.20500000000004,device_05
2025-11-12 19:41:45.140149,0.0,56.90666666666661,67.31791666666673,device_02
2025-11-12 19:41:51.137331,0.0,57.93750000000002,68.46591666666669,device_01
2025-11-12 19:42:01.028327,0.0,57.42458333333334,68.20666666666672,device_03
2025-11-12 19:42:23.850895,0.0,58.23824999999998,68.33283333333337,device_04
2025-11-12 19:42:25.076246,0.0,57.410833333333336,68.20500000000004,device_05
2025-11-12 19:42:45.487278,0.0,56.951249999999945,67.46125000000006,device_02
2025-11-12 19:42:51.432196,0.0,57.96583333333335,68.56400000000002,device_01
2025-11-12 19:43:00.789763,0.0,57.42458333333333,68.20666666666672,device_03
2025-11-12 19:43:24.387581,0.0,58.23824999999998,68.33283333333337,device_04
2025-11-12 19:43:25.280561,0.0,57.410833333333336,68.20500000000004,device_05
2025-11-12 19:43:45.395579,0.0,56.91666666666661,67.27666666666673,device_02
2025-11-12 19:43:51.161565,0.0,57.87708333333334,68.46733333333336,device_01
2025-11-12 19:44:01.796605,0.0,57.42458333333333,68.20666666666672,device_03
2025-11-12 19:44:23.715287,0.0,58.23824999999998,68.33283333333337,device_04
2025-11-12 19:44:25.035292,0.0,57.410833333333336,68.20500000000004,device_05
2025-11-12 19:44:44.93197,0.0,56.951249999999945,67.46125000000006,device_02
2025-11-12 19:44:51.407112,0.0,57.91833333333335,68.57333333333334,device_01
2025-11-12 19:45:00.779013,0.0,57.42458333333333,68.20666666666672,device_03
2025-11-12 19:45:23.868711,0.0,58.23824999999998,68.33700000000005,device_04
2025-11-12 19:45:25.067716,0.0,57.410833333333336,68.20500000000004,device_05
2025-11-12 19:45:44.923017,0.0,56.91666666666661,67.27666666666673,device_02
2025-11-12 19:45:51.219065,0.0,57.93291666666668,68.57333333333334,device_01
2025-11-12 19:46:00.966221,0.0,57.42458333333333,68.20666666666672,device_03
2025-11-12 19:46:23.709848,0.0,58.23824999999998,68.33700000000003,device_04
2025-11-12 19:46:25.313606,0.0,57.410833333333336,68.20500000000004,device_05
2025-11-12 19:46:45.903056,0.0,56.951249999999945,67.46125000000006,device_02
2025-11-12 19:46:51.242537,0.0,57.92541666666667,68.47233333333335,device_01
2025-11-12 19:47:05.940159,0.0,57.42458333333333,68.20666666666672,device_03
2025-11-12 19:47:23.69713,0.0,58.23658333333331,68.33408333333337,device_04
2025-11-12 19:47:25.225682,0.0,57.410833333333336,68.20500000000004,device_05
2025-11-12 19:47:44.937356,0.0,56.90666666666661,67.31791666666672,device_02
2025-11-12 19:47:51.172539,0.0,57.92541666666667,68.47233333333335,device_01
2025-11-12 19:48:00.935589,0.0,57.42458333333333,68.20666666666672,device_03
2025-11-12 19:48:23.880343,0.0,58.23658333333331,68.33408333333337,device_04
2025-11-12 19:48:25.192929,0.0,57.410833333333336,68.20500000000004,device_05
2025-11-12 19:48:44.958177,0.0,57.06124999999994,67.46125000000006,device_02
2025-11-12 19:48:51.842496,0.0,58.03041666666667,68.45108333333336,device_01
2025-11-12 19:49:00.878,0.0,57.42458333333333,68.20666666666672,device_03
2025-11-12 19:49:24.253833,0.0,58.23658333333331,68.33408333333337,device_04
2025-11-12 19:49:25.215261,0.0,57.410833333333336,68.20500000000004,device_05
2025-11-12 19:49:44.940997,0.0,57.005416666666605,67.31791666666672,device_02
2025-11-12 19:49:51.222167,0.0,57.89500000000001,68.47275000000003,device_01
2025-11-12 19:50:01.050221,0.0,57.42458333333333,68.20666666666672,device_03
2025-11-12 19:50:23.847518,0.0,58.23658333333331,68.33408333333337,device_04
2025-11-12 19:50:25.094168,0.0,57.410833333333336,68.20500000000004,device_05
2025-11-12 19:50:45.439498,0.0,57.01666666666661,67.3170833333334,device_02
2025-11-12 19:50:51.179838,0.0,57.69916666666667,68.45650000000005,device_01
2025-11-12 19:51:00.967785,0.0,57.33166666666666,68.41625000000003,device_03
2025-11-12 19:51:24.214865,0.0,58.23658333333331,68.33408333333337,device_04
2025-11-12 19:51:25.147714,0.0,57.410833333333336,68.20500000000004,device_05
2025-11-12 19:51:44.978069,0.0,57.04791666666661,67.46125000000006,device_02
2025-11-12 19:51:51.224559,0.0,57.69916666666667,68.45650000000005,device_01
2025-11-12 19:52:00.823299,0.0,57.32833333333333,68.3654166666667,device_03
2025-11-12 19:52:23.733084,0.0,58.24824999999998,68.33408333333337,device_04
2025-11-12 19:52:25.052999,0.0,57.410833333333336,68.20500000000004,device_05
2025-11-12 19:52:45.500026,0.0,57.06541666666661,67.46041666666673,device_02
2025-11-12 19:52:51.112264,0.0,57.73125000000001,68.54958333333337,device_01
2025-11-12 19:53:01.069433,0.0,57.32833333333333,68.3654166666667,device_03
2025-11-12 19:53:24.311975,0.0,58.26866666666665,68.33825000000003,device_04
2025-11-12 19:53:25.266003,0.0,57.410833333333336,68.20500000000004,device_05
2025-11-12 19:53:44.88973,0.0,57.04249999999993,67.3170833333334,device_02
2025-11-12 19:53:51.260433,0.0,57.72583333333334,68.90000000000003,device_01
2025-11-12 19:54:00.883093,0.0,57.33166666666666,68.56041666666668,device_03
2025-11-12 19:54:23.649557,0.0,58.26866666666666,68.33825000000003,device_04
2025-11-12 19:54:25.037222,0.0,57.410833333333336,68.20500000000004,device_05
2025-11-12 19:54:44.950981,0.0,57.04249999999993,67.3170833333334,device_02
2025-11-12 19:54:51.778554,0.0,57.7375,68.88625000000003,device_01
2025-11-12 19:55:00.767584,0.0,57.30583333333334,68.41625000000003,device_03
2025-11-12 19:55:24.289473,0.0,58.3455,68.34033333333336,device_04
2025-11-12 19:55:25.02157,0.0,57.410833333333336,68.20500000000004,device_05
2025-11-12 19:55:44.896622,0.0,57.04249999999993,67.3170833333334,device_02
2025-11-12 19:55:51.272089,0.0,57.75291666666667,68.8979166666667,device_01
2025-11-12 19:56:00.934197,0.0,57.27666666666667,68.3654166666667,device_03
2025-11-12 19:56:23.715001,0.0,58.33675,68.34241666666671,device_04
2025-11-12 19:56:25.090792,0.0,57.410833333333336,68.20500000000004,device_05
2025-11-12 19:56:45.457728,0.0,57.13458333333328,67.2758333333334,device_02
2025-11-12 19:56:51.216482,0.0,57.75291666666667,68.8979166666667,device_01
2025-11-12 19:57:00.970937,0.0,57.31291666666666,68.1429166666667,device_03
2025-11-12 19:57:23.733795,0.0,58.33675,68.34241666666671,device_04
2025-11-12 19:57:25.241173,0.0,57.410833333333336,68.20500000000004,device_05
2025-11-12 19:57:44.922569,0.0,57.05749999999993,67.3170833333334,device_02
2025-11-12 19:57:51.089719,0.0,57.75250000000001,68.88625000000003,device_01
2025-11-12 19:58:00.961428,0.0,57.3575,68.41625000000005,device_03
2025-11-12 19:58:23.6204,0.0,58.353416666666654,68.36533333333337,device_04
2025-11-12 19:58:25.230032,0.0,57.410833333333336,68.20500000000004,device_05
2025-11-12 19:58:45.011951,0.0,57.17416666666661,67.46041666666673,device_02
2025-11-12 19:58:51.325651,0.0,57.75250000000001,68.88625000000003,device_01
2025-11-12 19:59:01.13754,0.0,57.36833333333333,67.9841666666667,device_03
2025-11-12 19:59:24.185128,0.0,58.3355,68.44150000000005,device_04
2025-11-12 19:59:25.256322,0.0,57.410833333333336,68.20500000000004,device_05
2025-11-12 19:59:44.910619,0.0,57.14499999999994,67.3170833333334,device_02
2025-11-12 19:59:51.034471,0.0,58.17324999999999,68.88625000000003,device_01
2025-11-12 20:00:01.004323,0.0,57.34208333333333,68.38708333333334,device_03
2025-11-12 20:00:23.68451,0.0,58.34425,68.44150000000003,device_04
2025-11-12 20:00:25.065267,0.0,57.410833333333336,68.20500000000004,device_05
2025-11-12 20:00:44.888893,0.0,57.13124999999994,67.2758333333334,device_02
2025-11-12 20:00:51.294048,0.0,57.75291666666667,68.8979166666667,device_01
2025-11-12 20:01:00.781258,0.0,57.3775,68.56041666666668,device_03
2025-11-12 20:01:23.698369,0.0,58.3355,68.44150000000005,device_04
2025-11-12 20:01:25.065003,0.0,57.410833333333336,68.20500000000004,device_05
2025-11-12 20:01:44.891652,0.0,57.18791666666661,67.64000000000007,device_02
2025-11-12 20:01:51.25103,0.0,58.17741666666666,68.88625000000003,device_01
2025-11-12 20:02:00.890717,0.0,57.3975,68.04208333333335,device_03
2025-11-12 20:02:23.657944,0.0,58.355083333333326,68.44150000000003,device_04
2025-11-12 20:02:25.013345,0.0,57.410833333333336,68.20500000000004,device_05
2025-11-12 20:02:44.863854,0.0,57.184166666666606,67.46041666666673,device_02
2025-11-12 20:02:51.052815,0.0,58.164916666666656,68.8979166666667,device_01
2025-11-12 20:03:00.745663,0.0,57.3975,68.04208333333335,device_03
2025-11-12 20:03:23.88377,0.0,58.3355,68.44150000000005,device_04
2025-11-12 20:03:25.002974,0.0,57.410833333333336,68.20500000000004,device_05
2025-11-12 20:03:45.434827,0.0,57.14666666666661,67.27041666666672,device_02
2025-11-12 20:03:51.097067,0.0,58.164916666666656,68.8979166666667,device_01
2025-11-12 20:04:00.744318,0.0,57.39750000000001,68.04208333333335,device_03
2025-11-12 20:04:23.616931,0.0,58.3355,68.44150000000005,device_04
2025-11-12 20:04:25.135409,0.0,57.410833333333336,68.20500000000004,device_05
2025-11-12 20:04:44.91644,0.0,57.14708333333328,67.31791666666672,device_02
2025-11-12 20:04:51.161581,0.0,58.164916666666656,68.9339166666667,device_01
2025-11-12 20:05:00.761011,0.0,57.34833333333333,68.36083333333336,device_03
2025-11-12 20:05:23.676729,0.0,58.38425,68.44150000000005,device_04
2025-11-12 20:05:25.015472,0.0,57.410833333333336,68.20500000000004,device_05
2025-11-12 20:05:45.45375,0.0,57.14499999999994,67.3170833333334,device_02
2025-11-12 20:05:51.029431,0.0,58.17741666666666,68.88625000000003,device_01
2025-11-12 20:06:01.348706,0.0,57.3975,68.04208333333337,device_03
2025-11-12 20:06:23.867186,0.0,58.33966666666666,68.44150000000005,device_04
2025-11-12 20:06:25.217435,0.0,57.410833333333336,68.20500000000004,device_05
2025-11-12 20:06:45.026326,0.0,57.20499999999995,67.31791666666672,device_02
2025-11-12 20:06:51.158709,0.0,58.164916666666656,68.8979166666667,device_01
2025-11-12 20:07:00.95563,0.0,57.0925,67.70958333333337,device_03
2025-11-12 20:07:23.766236,0.0,58.355083333333326,68.44150000000005,device_04
2025-11-12 20:07:25.046141,0.0,57.410833333333336,68.20500000000004,device_05
2025-11-12 20:07:44.874931,0.0,57.14499999999994,67.31791666666672,device_02
2025-11-12 20:07:51.099538,0.0,58.164916666666656,68.8979166666667,device_01
2025-11-12 20:08:01.364439,0.0,57.36541666666666,67.95250000000004,device_03
2025-11-12 20:08:23.804231,0.0,58.38425,68.44150000000005,device_04
2025-11-12 20:08:25.047428,0.0,57.410833333333336,68.20500000000004,device_05
2025-11-12 20:08:44.881371,0.0,57.21041666666662,67.45625000000007,device_02
2025-11-12 20:08:51.132277,0.0,58.17741666666666,68.88625000000003,device_01
2025-11-12 20:09:00.766959,0.0,57.36833333333333,67.9841666666667,device_03
2025-11-12 20:09:23.638977,0.0,58.355083333333326,68.44150000000005,device_04
2025-11-12 20:09:24.984083,0.0,57.410833333333336,68.20500000000004,device_05
2025-11-12 20:09:45.457789,0.0,57.179999999999936,67.46041666666673,device_02
2025-11-12 20:09:51.025671,0.0,58.17741666666666,68.88625000000003,device_01
2025-11-12 20:10:00.714516,0.0,57.0925,67.70958333333337,device_03
2025-11-12 20:10:24.21383,0.0,58.38425,68.44150000000005,device_04
2025-11-12 20:10:24.978065,0.0,57.410833333333336,68.20500000000004,device_05
2025-11-12 20:10:45.047244,0.0,57.191666666666606,67.46125000000006,device_02
2025-11-12 20:10:51.356667,0.0,58.164916666666656,68.9339166666667,device_01
2025-11-12 20:11:00.722315,0.0,57.0925,67.93083333333334,device_03
2025-11-12 20:11:23.682802,0.0,58.38425,68.44150000000005,device_04
2025-11-12 20:11:25.004215,0.0,57.410833333333336,68.20500000000004,device_05
2025-11-12 20:11:44.959611,0.0,57.21958333333328,67.32000000000005,device_02
2025-11-12 20:11:51.359164,0.0,58.164916666666656,68.9339166666667,device_01
2025-11-12 20:12:00.793468,0.0,57.3975,68.04208333333335,device_03
2025-11-12 20:12:24.357703,0.0,58.39175,68.44150000000005,device_04
2025-11-12 20:12:25.199077,0.0,57.410833333333336,68.20500000000004,device_05
2025-11-12 20:12:45.434743,0.0,57.16583333333328,67.31541666666672,device_02
2025-11-12 20:12:51.334833,0.0,58.164916666666656,68.8979166666667,device_01
2025-11-12 20:13:00.853894,0.0,57.06333333333333,67.61208333333337,device_03
2025-11-12 20:13:23.659829,0.0,58.39008333333332,68.44150000000005,device_04
2025-11-12 20:13:24.962228,0.0,57.410833333333336,68.20500000000004,device_05
2025-11-12 20:13:44.863721,0.0,57.21208333333328,67.6358333333334,device_02
2025-11-12 20:13:51.05644,0.0,58.164916666666656,68.88708333333336,device_01
2025-11-12 20:14:00.794352,0.0,57.09250000000001,67.70958333333337,device_03
2025-11-12 20:14:24.171758,0.0,58.39008333333332,68.44150000000005,device_04
2025-11-12 20:14:25.271463,0.0,57.410833333333336,68.20500000000004,device_05
2025-11-12 20:14:45.718084,0.0,57.21958333333328,67.63583333333341,device_02
2025-11-12 20:14:51.013988,0.0,58.17741666666666,68.88625000000003,device_01
2025-11-12 20:15:00.80273,0.0,57.0925,67.70958333333337,device_03
2025-11-12 20:15:23.591774,0.0,58.39008333333332,68.44150000000005,device_04
2025-11-12 20:15:25.196158,0.0,57.410833333333336,68.20500000000004,device_05
2025-11-12 20:15:45.202852,0.0,57.20833333333328,67.45500000000007,device_02
2025-11-12 20:15:51.044147,0.0,58.17741666666666,68.87541666666671,device_01
2025-11-12 20:16:00.761092,0.0,57.06166666666667,67.60541666666671,device_03
2025-11-12 20:16:23.838918,0.0,58.39008333333332,68.44150000000005,device_04
2025-11-12 20:16:25.003941,0.0,57.410833333333336,68.20500000000004,device_05
2025-11-12 20:16:44.910825,0.0,57.24958333333328,67.45875000000007,device_02
2025-11-12 20:16:51.658532,0.0,58.17325,68.87541666666671,device_01
2025-11-12 20:17:00.771688,0.0,57.0925,67.70958333333337,device_03
2025-11-12 20:17:23.613629,0.0,58.39008333333332,68.44150000000003,device_04
2025-11-12 20:17:24.983343,0.0,57.410833333333336,68.20500000000004,device_05
2025-11-12 20:17:44.870186,0.0,57.20499999999995,67.31791666666672,device_02
2025-11-12 20:17:51.081855,0.0,58.17324999999999,68.87541666666671,device_01
2025-11-12 20:18:00.718351,0.0,57.0925,67.70958333333337,device_03
2025-11-12 20:18:23.964986,0.0,58.39008333333332,68.44233333333337,device_04
2025-11-12 20:18:25.15607,0.0,57.410833333333336,68.20500000000004,device_05
2025-11-12 20:18:45.403118,0.0,57.20291666666662,67.45625000000007,device_02
2025-11-12 20:18:51.075072,0.0,58.164916666666656,68.88708333333336,device_01
2025-11-12 20:19:00.861398,0.0,56.61999999999998,67.38333333333337,device_03
2025-11-12 20:19:23.766363,0.0,58.39008333333332,68.44233333333338,device_04
2025-11-12 20:19:24.993122,0.0,57.41083333333333,68.20500000000004,device_05
2025-11-12 20:19:44.830237,0.0,57.26416666666662,67.4608333333334,device_02
2025-11-12 20:19:51.029699,0.0,58.17324999999999,68.87541666666671,device_01
2025-11-12 20:20:00.872966,0.0,57.03708333333334,67.93083333333334,device_03
2025-11-12 20:20:24.515792,0.0,58.39008333333332,68.44233333333337,device_04
2025-11-12 20:20:25.241171,0.0,57.410833333333336,68.20500000000004,device_05
2025-11-12 20:20:45.950782,0.0,57.26416666666662,67.4608333333334,device_02
2025-11-12 20:20:50.994421,0.0,58.164916666666656,68.88708333333336,device_01
2025-11-12 20:21:00.773147,0.0,57.06166666666667,67.60541666666671,device_03
2025-11-12 20:21:23.64436,0.0,58.39008333333332,68.44150000000005,device_04
2025-11-12 20:21:25.189629,0.0,57.41083333333333,68.20500000000004,device_05
2025-11-12 20:21:44.923789,0.0,57.21958333333328,67.32000000000005,device_02
2025-11-12 20:21:51.041954,0.0,58.17324999999999,68.87541666666671,device_01
2025-11-12 20:22:00.747531,0.0,56.99791666666666,67.60541666666671,device_03
2025-11-12 20:22:23.855126,0.0,58.34133333333333,68.44233333333337,device_04
2025-11-12 20:22:24.986059,0.0,57.410833333333336,68.20500000000004,device_05
2025-11-12 20:22:44.862843,0.0,57.25666666666662,67.6383333333334,device_02
2025-11-12 20:22:51.644285,0.0,58.164916666666656,68.88708333333336,device_01
2025-11-12 20:23:00.910832,0.0,57.06166666666667,67.60541666666671,device_03
2025-11-12 20:23:23.837696,0.0,58.36758333333332,68.55708333333337,device_04
2025-11-12 20:23:25.494996,0.0,57.410833333333336,68.20500000000004,device_05
2025-11-12 20:23:44.82579,0.0,57.27333333333328,67.64041666666674,device_02
2025-11-12 20:24:00.841762,0.0,57.06333333333333,67.61208333333337,device_03
2025-11-12 20:24:23.85566,0.0,58.36758333333332,68.80608333333336,device_04
2025-11-12 20:24:25.022628,0.0,57.410833333333336,68.20500000000004,device_05
2025-11-12 20:24:45.423694,0.0,57.26416666666662,67.4608333333334,device_02
2025-11-12 20:25:23.597731,0.0,58.36758333333332,68.80525000000003,device_04
2025-11-12 20:25:25.260356,0.0,57.410833333333336,68.20500000000004,device_05
2025-11-12 20:26:25.628276,0.0,57.410833333333336,68.20500000000004,device_05
2025-11-12 20:28:51.525087,0.0,58.16574999999999,68.8804166666667,device_01
2025-11-12 20:29:51.284532,0.0,58.164916666666656,68.88708333333336,device_01
2025-11-12 20:30:00.910792,0.0,56.58958333333331,67.48916666666669,device_03
2025-11-12 20:30:45.310317,0.0,57.20333333333328,67.3208333333334,device_02
2025-11-12 20:30:51.686291,0.0,58.17741666666666,68.87541666666671,device_01
2025-11-12 20:31:01.095698,0.0,56.649166666666645,67.49583333333335,device_03
2025-11-12 20:31:23.651046,0.0,58.36758333333332,68.80608333333336,device_04
2025-11-12 20:31:45.364235,0.0,57.247499999999945,67.4608333333334,device_02
2025-11-12 20:31:51.349865,0.0,58.164916666666656,68.92308333333338,device_01
2025-11-12 20:32:00.815742,0.0,57.06333333333333,67.61208333333337,device_03
2025-11-12 20:32:23.621145,0.0,58.36758333333332,68.80608333333336,device_04
2025-11-12 20:32:25.020182,0.0,57.410833333333336,68.20500000000004,device_05
2025-11-12 20:32:45.084592,0.0,57.24958333333328,67.45875000000007,device_02
2025-11-12 20:32:51.036286,0.0,58.164916666666656,68.88708333333336,device_01
2025-11-12 20:33:00.896433,0.0,56.58958333333331,67.48916666666669,device_03
2025-11-12 20:33:23.654906,0.0,58.36758333333332,68.80608333333336,device_04
2025-11-12 20:33:25.264006,0.0,57.410833333333336,68.20500000000004,device_05
2025-11-12 20:33:44.846094,0.0,57.249999999999936,67.46166666666673,device_02
2025-11-12 20:33:51.204654,0.0,58.164916666666656,68.92308333333337,device_01
2025-11-12 20:34:00.883308,0.0,56.584166666666654,67.48916666666669,device_03
2025-11-12 20:34:23.722246,0.0,58.36758333333332,68.80608333333338,device_04
2025-11-12 20:34:24.98051,0.0,57.410833333333336,68.20500000000004,device_05
2025-11-12 20:34:45.094342,0.0,57.21958333333328,67.32000000000005,device_02
2025-11-12 20:34:51.118444,0.0,58.172416666666656,68.9264166666667,device_01
2025-11-12 20:35:01.487865,0.0,56.584166666666654,67.73666666666666,device_03
2025-11-12 20:35:23.628112,0.0,58.36758333333332,68.80608333333336,device_04
2025-11-12 20:35:25.13925,0.0,57.410833333333336,68.20500000000004,device_05
2025-11-12 20:35:44.848954,0.0,57.20499999999995,67.31791666666672,device_02
2025-11-12 20:35:51.004746,0.0,58.172416666666656,68.9264166666667,device_01
2025-11-12 20:36:01.261349,0.0,56.546666666666646,67.3766666666667,device_03
2025-11-12 20:36:24.031565,0.0,58.36758333333332,68.80608333333336,device_04
2025-11-12 20:36:25.531998,0.0,57.410833333333336,68.20500000000004,device_05
2025-11-12 20:36:45.482013,0.0,57.20333333333328,67.3208333333334,device_02
2025-11-12 20:36:51.088089,0.0,58.14833333333333,68.9579166666667,device_01
2025-11-12 20:37:00.749695,0.0,56.58791666666665,67.4766666666667,device_03
2025-11-12 20:37:23.706856,0.0,58.36758333333332,68.80608333333336,device_04
2025-11-12 20:37:25.391368,0.0,57.410833333333336,68.20500000000004,device_05
2025-11-12 20:37:44.949986,0.0,57.25916666666661,67.64125000000007,device_02
2025-11-12 20:37:51.021606,0.0,58.1595,68.93225000000004,device_01
2025-11-12 20:38:02.006839,0.0,56.61999999999998,67.38333333333337,device_03
2025-11-12 20:38:23.709316,0.0,58.36758333333332,68.80608333333336,device_04
2025-11-12 20:38:25.326813,0.0,57.410833333333336,68.20500000000004,device_05
2025-11-12 20:38:45.449636,0.0,57.25916666666661,67.63375000000006,device_02
2025-11-12 20:38:51.051952,0.0,58.16033333333333,68.93433333333337,device_01
2025-11-12 20:39:01.151476,0.0,56.556249999999984,67.35083333333337,device_03
2025-11-12 20:39:23.759052,0.0,58.36758333333333,68.80608333333336,device_04
2025-11-12 20:39:24.986985,0.0,57.410833333333336,68.20500000000004,device_05
2025-11-12 20:39:44.841506,0.0,57.25874999999994,67.6383333333334,device_02
2025-11-12 20:39:51.28971,0.0,58.15949999999999,68.92350000000003,device_01
2025-11-12 20:40:00.911892,0.0,56.58791666666665,67.47666666666669,device_03
2025-11-12 20:40:23.67694,0.0,58.36758333333332,68.80608333333336,device_04
2025-11-12 20:40:25.104208,0.0,57.410833333333336,68.20500000000004,device_05
2025-11-12 20:40:45.057345,0.0,57.26416666666662,67.4608333333334,device_02
2025-11-12 20:40:51.080225,0.0,58.17324999999999,68.91975000000004,device_01
2025-11-12 20:41:00.715842,0.0,56.58583333333331,67.48916666666669,device_03
2025-11-12 20:41:23.644449,0.0,58.36758333333332,68.80608333333338,device_04
2025-11-12 20:41:25.137235,0.0,57.410833333333336,68.20500000000004,device_05
2025-11-12 20:41:45.13395,0.0,57.20499999999995,67.31791666666672,device_02
2025-11-12 20:41:51.574774,0.0,58.16033333333333,68.92558333333336,device_01
2025-11-12 20:42:01.022731,0.0,56.56541666666664,67.3766666666667,device_03
2025-11-12 20:42:23.694163,0.0,58.368,68.80608333333338,device_04
2025-11-12 20:42:25.002698,0.0,57.410833333333336,68.20500000000004,device_05
2025-11-12 20:42:45.078872,0.0,57.25916666666661,67.64125000000007,device_02
2025-11-12 20:42:51.162844,0.0,58.14916666666667,68.95125000000003,device_01
2025-11-12 20:43:01.370205,0.0,56.56374999999999,67.3766666666667,device_03
2025-11-12 20:43:23.620563,0.0,58.368,68.80608333333338,device_04
2025-11-12 20:43:25.212993,0.0,57.410833333333336,68.20500000000004,device_05
2025-11-12 20:43:45.056339,0.0,57.205416666666615,67.32083333333338,device_02
2025-11-12 20:43:51.546874,0.0,58.14916666666668,68.95125000000004,device_01
2025-11-12 20:44:00.745283,0.0,56.55249999999997,67.34500000000004,device_03
2025-11-12 20:44:23.84289,0.0,58.368,68.80608333333336,device_04
2025-11-12 20:44:25.15315,0.0,57.410833333333336,68.20500000000004,device_05
2025-11-12 20:44:44.943641,0.0,57.25916666666661,67.64125000000007,device_02
2025-11-12 20:44:51.230409,0.0,58.16033333333334,68.92558333333336,device_01
2025-11-12 20:45:00.930775,0.0,56.56541666666664,67.37666666666671,device_03
2025-11-12 20:45:23.662873,0.0,58.368,68.80608333333338,device_04
2025-11-12 20:45:25.055691,0.0,57.41083333333335,68.20500000000004,device_05
2025-11-12 20:45:45.37854,0.0,57.259166666666616,67.64125000000007,device_02
2025-11-12 20:45:51.070397,0.0,58.14916666666668,68.95125000000004,device_01
2025-11-12 20:46:00.994901,0.0,56.58958333333331,67.48916666666669,device_03
2025-11-12 20:46:23.665826,0.0,58.368,68.80608333333336,device_04
2025-11-12 20:46:25.004625,0.0,57.410833333333336,68.20500000000004,device_05
2025-11-12 20:46:45.440658,0.0,57.259166666666616,67.71375000000009,device_02
2025-11-12 20:46:51.105312,0.0,58.14916666666667,68.95125000000003,device_01
2025-11-12 20:47:00.831062,0.0,56.54958333333331,67.37750000000004,device_03
2025-11-12 20:47:23.628988,0.0,58.40466666666667,68.80608333333338,device_04
2025-11-12 20:47:25.066925,0.0,57.410833333333336,68.20500000000004,device_05
2025-11-12 20:47:45.067795,0.0,57.224999999999945,67.73250000000007,device_02
2025-11-12 20:47:51.145658,0.0,58.57433333333336,69.16500000000005,device_01
2025-11-12 20:48:00.75373,0.0,57.090833333333336,67.70291666666671,device_03
2025-11-12 20:48:23.612152,0.0,58.368,68.80608333333338,device_04
2025-11-12 20:48:25.211823,0.0,57.410833333333336,68.20500000000004,device_05
2025-11-12 20:48:45.438332,0.0,57.22499999999995,67.73250000000006,device_02
2025-11-12 20:48:51.007655,0.0,58.16033333333334,68.92558333333336,device_01
2025-11-12 20:49:00.784016,0.0,56.55624999999997,67.34583333333336,device_03
2025-11-12 20:49:23.664415,0.0,58.368,68.80608333333338,device_04
2025-11-12 20:49:25.008841,0.0,57.410833333333336,68.20500000000004,device_05
2025-11-12 20:49:44.843769,0.0,57.223749999999946,67.71250000000008,device_02
2025-11-12 20:49:51.23083,0.0,58.14916666666668,68.95125000000003,device_01
2025-11-12 20:50:00.883014,0.0,56.55458333333331,67.34583333333337,device_03
2025-11-12 20:50:23.790656,0.0,58.40466666666666,68.80608333333336,device_04
2025-11-12 20:50:25.406818,0.0,57.410833333333336,68.20500000000006,device_05
2025-11-12 20:50:45.43399,0.0,57.22499999999995,67.73250000000007,device_02
2025-11-12 20:50:51.259367,0.0,58.14916666666666,68.95125000000004,device_01
2025-11-12 20:51:01.366775,0.0,56.58791666666665,67.48166666666668,device_03
2025-11-12 20:51:23.706277,0.0,58.368,68.80608333333338,device_04
2025-11-12 20:51:25.017525,0.0,57.410833333333336,68.20500000000004,device_05
2025-11-12 20:51:44.842964,0.0,57.224999999999945,67.72666666666673,device_02
2025-11-12 20:51:51.18208,0.0,58.16033333333333,68.92558333333336,device_01
2025-11-12 20:52:01.074434,0.0,56.5495833333333,67.38250000000002,device_03
2025-11-12 20:52:23.645608,0.0,58.368,68.80608333333338,device_04
2025-11-12 20:52:25.048618,0.0,57.410833333333336,68.20500000000004,device_05
2025-11-12 20:52:45.523771,0.0,57.224999999999945,67.73250000000009,device_02
2025-11-12 20:52:51.113442,0.0,58.14916666666668,68.95125000000003,device_01
2025-11-12 20:53:01.14612,0.0,56.58791666666665,67.71666666666667,device_03
2025-11-12 20:53:23.700263,0.0,58.368,68.80608333333338,device_04
2025-11-12 20:53:25.185519,0.0,57.410833333333336,68.20500000000004,device_05
2025-11-12 20:53:45.213025,0.0,57.224999999999945,67.73250000000007,device_02
2025-11-12 20:53:51.047866,0.0,58.16033333333333,68.92558333333336,device_01
2025-11-12 20:54:00.817896,0.0,56.548749999999984,67.35250000000003,device_03
2025-11-12 20:54:23.633056,0.0,58.40466666666666,68.80608333333338,device_04
2025-11-12 20:54:25.459867,0.0,57.410833333333336,68.20500000000004,device_05
2025-11-12 20:54:45.506943,0.0,57.223749999999946,67.72791666666674,device_02
2025-11-12 20:54:51.129641,0.0,58.16033333333333,68.92558333333336,device_01
2025-11-12 20:55:00.729941,0.0,56.54708333333331,67.7,device_03
2025-11-12 20:55:23.629135,0.0,58.368,68.80608333333338,device_04
2025-11-12 20:55:25.681712,0.0,57.410833333333336,68.20500000000004,device_05
2025-11-12 20:55:45.052679,0.0,57.22499999999995,67.73250000000006,device_02
2025-11-12 20:55:51.107001,0.0,58.16033333333333,68.92558333333336,device_01
2025-11-12 20:56:01.542501,0.0,56.55166666666664,67.34500000000004,device_03
2025-11-12 20:56:23.633206,0.0,58.40466666666666,68.80608333333338,device_04
2025-11-12 20:56:25.046323,0.0,57.41083333333335,68.20500000000004,device_05
2025-11-12 20:56:45.450395,0.0,57.22499999999995,67.72666666666674,device_02
2025-11-12 20:56:51.052392,0.0,58.16033333333333,68.92558333333338,device_01
2025-11-12 20:57:00.772567,0.0,56.58791666666665,67.4691666666667,device_03
2025-11-12 20:57:23.741896,0.0,58.40466666666666,68.80608333333338,device_04
2025-11-12 20:57:25.186407,0.0,57.410833333333336,68.20500000000006,device_05
2025-11-12 20:57:44.84809,0.0,57.23208333333328,67.70500000000007,device_02
2025-11-12 20:57:51.02797,0.0,58.14916666666666,68.95125000000003,device_01
2025-11-12 20:58:00.930666,0.0,56.55458333333331,67.32583333333338,device_03
2025-11-12 20:58:23.642286,0.0,58.40466666666667,68.80608333333338,device_04
2025-11-12 20:58:25.11922,0.0,57.41083333333335,68.20500000000004,device_05
2025-11-12 20:58:45.487403,0.0,57.224999999999945,67.72666666666673,device_02
2025-11-12 20:58:51.268973,0.0,58.16033333333333,68.92558333333336,device_01
2025-11-12 20:59:00.815903,0.0,56.54708333333331,67.7,device_03
2025-11-12 20:59:23.628397,0.0,58.40466666666666,68.80608333333336,device_04
2025-11-12 20:59:25.054601,0.0,57.410833333333336,68.20500000000004,device_05
2025-11-12 20:59:45.067123,0.0,57.224999999999945,67.73250000000006,device_02
2025-11-12 20:59:51.703082,0.0,58.16033333333334,68.92558333333338,device_01
2025-11-12 21:00:01.059306,0.0,56.548749999999984,67.35750000000003,device_03
2025-11-12 21:00:23.655634,0.0,58.40466666666666,68.80608333333338,device_04
2025-11-12 21:00:25.313296,0.0,57.41083333333333,68.20500000000004,device_05
2025-11-12 21:00:45.006425,0.0,57.22374999999995,67.71833333333342,device_02
2025-11-12 21:00:51.256428,0.0,58.14916666666667,68.95125000000003,device_01
2025-11-12 21:01:00.781485,0.0,56.58791666666664,67.48916666666669,device_03
2025-11-12 21:01:23.800662,0.0,58.368,68.80608333333338,device_04
2025-11-12 21:01:25.352649,0.0,57.410833333333336,68.20500000000004,device_05
2025-11-12 21:01:45.126671,0.0,57.223749999999946,67.71250000000008,device_02
2025-11-12 21:01:51.044484,0.0,58.16033333333333,68.92558333333336,device_01
2025-11-12 21:02:00.91041,0.0,56.584166666666654,67.47666666666669,device_03
2025-11-12 21:02:23.75575,0.0,58.368,68.80608333333338,device_04
2025-11-12 21:02:24.995612,0.0,57.410833333333336,68.20500000000004,device_05
2025-11-12 21:02:45.525525,0.0,57.23208333333328,67.70500000000007,device_02
2025-11-12 21:02:51.031722,0.0,58.14916666666667,68.95125000000003,device_01
2025-11-12 21:03:00.751584,0.0,56.548749999999984,67.35750000000003,device_03
2025-11-12 21:03:23.721075,0.0,58.368,68.80608333333338,device_04
2025-11-12 21:03:24.983888,0.0,57.410833333333336,68.20500000000004,device_05
2025-11-12 21:03:44.866324,0.0,57.22499999999995,67.72666666666674,device_02
2025-11-12 21:03:51.204111,0.0,58.14916666666667,68.95125000000004,device_01
2025-11-12 21:04:00.894025,0.0,56.507916666666645,67.34083333333336,device_03
2025-11-12 21:04:23.676838,0.0,58.40466666666666,68.80608333333336,device_04
2025-11-12 21:04:25.256409,0.0,57.410833333333336,68.20500000000007,device_05
2025-11-12 21:04:45.502668,0.0,57.198749999999954,67.71375000000008,device_02
2025-11-12 21:04:51.036246,0.0,58.16033333333333,68.92558333333336,device_01
2025-11-12 21:05:00.798888,0.0,56.54708333333331,67.45250000000003,device_03
2025-11-12 21:05:23.699278,0.0,58.368,68.80608333333338,device_04
2025-11-12 21:05:25.012833,0.0,57.410833333333336,68.20500000000004,device_05
2025-11-12 21:05:45.263285,0.0,57.22499999999995,67.72666666666674,device_02
2025-11-12 21:05:51.031282,0.0,58.16033333333333,68.92558333333336,device_01
2025-11-12 21:06:00.981219,0.0,56.58791666666664,67.72916666666667,device_03
2025-11-12 21:06:23.952741,0.0,58.368,68.80608333333336,device_04
2025-11-12 21:06:25.061412,0.0,57.410833333333336,68.20500000000004,device_05
2025-11-12 21:06:45.517598,0.0,57.223749999999946,67.7183333333334,device_02
2025-11-12 21:06:50.983618,0.0,58.16033333333334,68.92558333333336,device_01
2025-11-12 21:07:00.79994,0.0,56.54708333333331,67.45250000000003,device_03
2025-11-12 21:07:23.878024,0.0,58.368,68.80608333333338,device_04
2025-11-12 21:07:25.145939,0.0,57.410833333333336,68.20500000000004,device_05
2025-11-12 21:07:45.396278,0.0,57.223749999999946,67.71250000000008,device_02
2025-11-12 21:07:51.194538,0.0,58.16033333333333,68.92558333333336,device_01
2025-11-12 21:08:01.014568,0.0,56.58791666666664,67.4691666666667,device_03
2025-11-12 21:08:23.654935,0.0,58.40466666666666,68.80608333333338,device_04
2025-11-12 21:08:24.999255,0.0,57.410833333333336,68.20500000000004,device_05
2025-11-12 21:08:44.871699,0.0,57.223749999999946,67.71833333333342,device_02
2025-11-12 21:08:51.720661,0.0,58.16033333333333,68.92558333333336,device_01
2025-11-12 21:09:00.909772,0.0,56.55458333333329,67.33333333333337,device_03
2025-11-12 21:09:23.707699,0.0,58.40466666666666,68.80608333333338,device_04
2025-11-12 21:09:25.018712,0.0,57.410833333333336,68.20500000000004,device_05
2025-11-12 21:09:45.012189,0.0,57.223749999999946,67.71833333333342,device_02
2025-11-12 21:09:50.974032,0.0,58.14916666666667,68.95125000000006,device_01
2025-11-12 21:10:00.903018,0.0,56.58791666666664,67.4691666666667,device_03
2025-11-12 21:10:23.768468,0.0,58.40466666666666,68.80608333333338,device_04
2025-11-12 21:10:25.187629,0.0,57.41083333333335,68.20500000000004,device_05
2025-11-12 21:10:45.454231,0.0,57.22499999999995,67.72666666666673,device_02
2025-11-12 21:10:51.109104,0.0,58.57433333333335,69.16500000000005,device_01
2025-11-12 21:11:00.834728,0.0,56.54499999999998,67.3516666666667,device_03
2025-11-12 21:11:23.693498,0.0,58.368,68.80608333333338,device_04
2025-11-12 21:11:24.980791,0.0,57.410833333333336,68.20500000000004,device_05
2025-11-12 21:11:44.851987,0.0,57.223749999999946,67.71833333333342,device_02
2025-11-12 21:11:51.528109,0.0,58.57433333333336,69.16500000000006,device_01
2025-11-12 21:12:00.893242,0.0,56.66416666666663,67.3316666666667,device_03
2025-11-12 21:12:23.679068,0.0,58.368,68.80608333333336,device_04
2025-11-12 21:12:24.971524,0.0,57.410833333333336,68.20500000000004,device_05
2025-11-12 21:12:45.434848,0.0,57.223749999999946,67.71250000000008,device_02
2025-11-12 21:12:50.972766,0.0,58.16033333333335,68.92558333333336,device_01
2025-11-12 21:13:00.742562,0.0,57.0925,67.70958333333337,device_03
2025-11-12 21:13:23.719735,0.0,58.368,68.80608333333338,device_04
2025-11-12 21:13:25.000664,0.0,57.41083333333333,68.20500000000004,device_05
2025-11-12 21:13:45.555746,0.0,57.19749999999996,67.69958333333341,device_02
2025-11-12 21:13:51.195402,0.0,58.57433333333336,69.16500000000005,device_01
2025-11-12 21:14:00.759939,0.0,56.51374999999998,67.30916666666671,device_03
2025-11-12 21:14:23.730545,0.0,58.368,68.80608333333338,device_04
2025-11-12 21:14:24.994729,0.0,57.410833333333336,68.20500000000004,device_05
2025-11-12 21:14:44.951708,0.0,57.224999999999945,67.72666666666674,device_02
2025-11-12 21:14:51.78393,0.0,58.16033333333334,68.92558333333336,device_01
2025-11-12 21:15:00.863649,0.0,56.62416666666665,67.34500000000004,device_03
2025-11-12 21:15:23.807132,0.0,58.36758333333333,68.80608333333336,device_04
2025-11-12 21:15:25.014711,0.0,57.410833333333336,68.20500000000006,device_05
2025-11-12 21:15:45.690842,0.0,57.22499999999995,67.73250000000007,device_02
2025-11-12 21:15:51.016658,0.0,57.638083333333306,68.90158333333336,device_01
2025-11-12 21:16:00.850001,0.0,56.619999999999976,67.38333333333337,device_03
2025-11-12 21:16:23.693857,0.0,58.368,68.80608333333338,device_04
2025-11-12 21:16:25.003475,0.0,57.41083333333333,68.20500000000004,device_05
2025-11-12 21:16:45.024019,0.0,57.224999999999945,67.72666666666673,device_02
2025-11-12 21:16:51.030604,0.0,58.16033333333334,68.92558333333336,device_01
2025-11-12 21:17:01.012946,0.0,56.58791666666665,67.71166666666667,device_03
2025-11-12 21:17:23.812036,0.0,58.368,68.80608333333338,device_04
2025-11-12 21:17:25.236104,0.0,57.410833333333336,68.20500000000004,device_05
2025-11-12 21:17:44.858406,0.0,57.22499999999995,67.72666666666674,device_02
2025-11-12 21:17:51.007041,0.0,58.17325,68.91975000000004,device_01
2025-11-12 21:18:00.903147,0.0,56.55041666666664,67.37750000000004,device_03
2025-11-12 21:18:23.69154,0.0,58.368,68.80608333333338,device_04
2025-11-12 21:18:25.000957,0.0,57.410833333333336,68.20500000000004,device_05
2025-11-12 21:18:45.534994,0.0,57.224999999999945,67.73250000000007,device_02
2025-11-12 21:18:51.055747,0.0,58.14916666666668,68.95125000000003,device_01
2025-11-12 21:19:01.349998,0.0,57.17458333333334,67.58583333333338,device_03
2025-11-12 21:19:23.720552,0.0,58.36758333333332,68.8031666666667,device_04
2025-11-12 21:19:25.036521,0.0,57.410833333333336,68.20500000000004,device_05
2025-11-12 21:19:44.887621,0.0,57.223749999999946,67.71250000000006,device_02
2025-11-12 21:19:51.014416,0.0,58.14916666666667,68.95125000000003,device_01
2025-11-12 21:20:00.765285,0.0,56.58791666666665,67.4641666666667,device_03
2025-11-12 21:20:23.778415,0.0,58.36758333333335,68.80608333333338,device_04
2025-11-12 21:20:25.007172,0.0,57.410833333333336,68.20500000000004,device_05
2025-11-12 21:20:45.498686,0.0,57.23208333333328,67.70500000000007,device_02
2025-11-12 21:20:51.083232,0.0,58.14916666666667,68.95125000000004,device_01
2025-11-12 21:21:00.768583,0.0,57.06333333333333,67.61208333333339,device_03
2025-11-12 21:21:23.860835,0.0,58.36758333333333,68.80608333333338,device_04
2025-11-12 21:21:25.523605,0.0,57.410833333333336,68.20500000000004,device_05
2025-11-12 21:21:44.877428,0.0,57.22499999999995,67.73250000000007,device_02
2025-11-12 21:21:51.043193,0.0,58.14916666666667,68.95125000000003,device_01
2025-11-12 21:22:00.780658,0.0,57.06333333333333,67.61208333333337,device_03
2025-11-12 21:22:23.670223,0.0,58.36758333333332,68.8031666666667,device_04
2025-11-12 21:22:24.97963,0.0,57.410833333333336,68.20500000000006,device_05
2025-11-12 21:22:44.988031,0.0,57.223749999999946,67.71250000000008,device_02
2025-11-12 21:22:51.593212,0.0,58.16033333333334,68.92558333333336,device_01
2025-11-12 21:23:00.74662,0.0,57.0925,67.70958333333336,device_03
2025-11-12 21:23:23.787519,0.0,58.368,68.80608333333338,device_04
2025-11-12 21:23:25.060694,0.0,57.410833333333336,68.20500000000004,device_05
2025-11-12 21:23:45.126078,0.0,57.223749999999946,67.71833333333342,device_02
2025-11-12 21:24:01.450057,0.0,56.603749999999984,67.52125000000002,device_03
2025-11-12 21:24:23.802538,0.0,58.36758333333332,68.80608333333336,device_04
2025-11-12 21:24:25.568668,0.0,57.41083333333335,68.20500000000004,device_05
2025-11-12 21:24:45.509663,0.0,57.22499999999995,67.72666666666674,device_02
2025-11-12 21:25:23.717938,0.0,58.36758333333333,68.80608333333336,device_04
2025-11-12 21:25:25.044912,0.0,57.410833333333336,68.20500000000004,device_05
2025-11-12 21:26:25.387392,0.0,57.41083333333333,68.20500000000004,device_05
2025-11-12 21:28:51.247263,0.0,58.14916666666668,68.9554166666667,device_01
2025-11-12 21:29:51.175662,0.0,58.16033333333333,68.92558333333336,device_01
2025-11-12 21:30:00.989272,0.0,56.58874999999998,67.48916666666669,device_03
2025-11-12 21:30:44.956041,0.0,57.16166666666663,67.71125000000006,device_02
2025-11-12 21:30:51.157033,0.0,58.16033333333333,68.92558333333336,device_01
2025-11-12 21:31:00.833226,0.0,56.55458333333331,67.32583333333338,device_03
2025-11-12 21:31:23.956749,0.0,58.368,68.80608333333338,device_04
2025-11-12 21:31:44.895902,0.0,57.22499999999995,67.72666666666674,device_02
2025-11-12 21:31:51.011741,0.0,58.17325,68.91975000000005,device_01
2025-11-12 21:32:01.589686,0.0,56.55041666666664,67.37750000000004,device_03
2025-11-12 21:32:23.738874,0.0,58.368,68.80608333333338,device_04
2025-11-12 21:32:24.996346,0.0,57.41083333333335,68.20500000000004,device_05
2025-11-12 21:32:45.519233,0.0,57.224999999999945,67.72666666666673,device_02
2025-11-12 21:32:51.006114,0.0,58.14916666666668,68.95125000000003,device_01
2025-11-12 21:33:01.054746,0.0,56.54666666666665,67.37666666666671,device_03
2025-11-12 21:33:24.116154,0.0,58.368,68.80608333333338,device_04
2025-11-12 21:33:25.228159,0.0,57.410833333333336,68.20500000000004,device_05
2025-11-12 21:33:45.022246,0.0,57.22499999999995,67.72666666666673,device_02
2025-11-12 21:33:50.950618,0.0,58.14916666666667,68.95125000000003,device_01
2025-11-12 21:34:00.918278,0.0,56.60458333333331,67.73666666666666,device_03
2025-11-12 21:34:23.69475,0.0,58.368,68.80608333333336,device_04
2025-11-12 21:34:25.063802,0.0,57.41083333333335,68.20500000000004,device_05
2025-11-12 21:34:44.898576,0.0,57.22499999999995,67.72666666666674,device_02
2025-11-12 21:34:50.985481,0.0,58.17325,68.91975000000005,device_01
2025-11-12 21:35:00.762795,0.0,56.58791666666665,67.4691666666667,device_03
2025-11-12 21:35:23.694901,0.0,58.368,68.80608333333338,device_04
2025-11-12 21:35:25.34765,0.0,57.410833333333336,68.20500000000004,device_05
2025-11-12 21:35:45.033274,0.0,57.224999999999945,67.73250000000006,device_02
2025-11-12 21:35:51.601953,0.0,58.14916666666668,68.95125000000004,device_01
2025-11-12 21:36:00.798646,0.0,56.54708333333332,67.45250000000003,device_03
2025-11-12 21:36:23.691451,0.0,58.368,68.80608333333336,device_04
2025-11-12 21:36:25.031223,0.0,57.410833333333336,68.20500000000004,device_05
2025-11-12 21:36:44.884726,0.0,57.224999999999945,67.72666666666673,device_02
2025-11-12 21:36:51.074424,0.0,58.16033333333334,68.92558333333339,device_01
2025-11-12 21:37:00.897699,0.0,56.55458333333331,67.33833333333338,device_03
2025-11-12 21:37:23.909571,0.0,58.368,68.80608333333338,device_04
2025-11-12 21:37:25.036961,0.0,57.41083333333335,68.20500000000004,device_05
2025-11-12 21:37:45.445162,0.0,57.224999999999945,67.72666666666673,device_02
2025-11-12 21:37:51.017545,0.0,58.16033333333333,68.92558333333336,device_01
2025-11-12 21:38:00.789898,0.0,56.54708333333331,67.45250000000003,device_03
2025-11-12 21:38:23.720551,0.0,58.36758333333332,68.80608333333338,device_04
2025-11-12 21:38:25.02265,0.0,57.410833333333336,68.20500000000004,device_05
2025-11-12 21:38:45.107983,0.0,57.223749999999946,67.71250000000008,device_02
2025-11-12 21:38:50.954038,0.0,58.14916666666667,68.95125000000004,device_01
2025-11-12 21:39:00.926057,0.0,56.54708333333331,67.45250000000003,device_03
2025-11-12 21:39:24.30716,0.0,58.367583333333314,68.80608333333338,device_04
2025-11-12 21:39:25.110182,0.0,57.41083333333336,68.20500000000006,device_05
2025-11-12 21:39:45.662081,0.0,57.223749999999946,67.71250000000008,device_02
2025-11-12 21:39:50.965403,0.0,57.63891666666664,68.90158333333335,device_01
2025-11-12 21:40:01.194589,0.0,56.54708333333331,67.45250000000003,device_03
2025-11-12 21:40:23.670513,0.0,58.368,68.80608333333338,device_04
2025-11-12 21:40:25.116704,0.0,57.410833333333336,68.20500000000004,device_05
2025-11-12 21:40:44.847314,0.0,57.223749999999946,67.71250000000008,device_02
2025-11-12 21:40:50.988045,0.0,58.17324999999999,68.91975000000004,device_01
2025-11-12 21:41:00.824757,0.0,56.507916666666645,67.34083333333338,device_03
2025-11-12 21:41:23.804423,0.0,58.368,68.80608333333336,device_04
2025-11-12 21:41:25.29703,0.0,57.41083333333333,68.20500000000004,device_05
2025-11-12 21:41:45.555314,0.0,57.223749999999946,67.71250000000008,device_02
2025-11-12 21:41:51.505881,0.0,58.16033333333333,68.92558333333336,device_01
2025-11-12 21:42:00.767193,0.0,56.507916666666645,67.34083333333336,device_03
2025-11-12 21:42:23.700773,0.0,58.368,68.80608333333338,device_04
2025-11-12 21:42:25.195013,0.0,57.410833333333336,68.20500000000004,device_05
2025-11-12 21:42:44.861275,0.0,57.22374999999995,67.71250000000008,device_02
2025-11-12 21:42:50.985048,0.0,57.60399999999999,68.92725000000002,device_01
2025-11-12 21:43:00.823497,0.0,56.548749999999984,67.35750000000004,device_03
2025-11-12 21:43:23.775838,0.0,58.368,68.80608333333338,device_04
2025-11-12 21:43:25.987233,0.0,57.410833333333336,68.20500000000004,device_05
2025-11-12 21:43:45.094207,0.0,57.22499999999995,67.72666666666673,device_02
2025-11-12 21:43:51.068175,0.0,58.14916666666667,68.95125000000006,device_01
2025-11-12 21:44:00.776757,0.0,56.54708333333331,67.45250000000003,device_03
2025-11-12 21:44:23.692553,0.0,58.36800000000001,68.80608333333338,device_04
2025-11-12 21:44:25.058901,0.0,57.410833333333336,68.20500000000004,device_05
2025-11-12 21:44:44.885091,0.0,57.224999999999945,67.72666666666673,device_02
2025-11-12 21:44:51.021505,0.0,58.16033333333333,68.92558333333336,device_01
2025-11-12 21:45:00.827237,0.0,56.507916666666645,67.34083333333336,device_03
2025-11-12 21:45:23.740117,0.0,58.368,68.80608333333336,device_04
2025-11-12 21:45:25.446158,0.0,57.41083333333335,68.20500000000004,device_05
2025-11-12 21:45:44.977691,0.0,57.22499999999995,67.72666666666674,device_02
2025-11-12 21:45:51.534302,0.0,57.60399999999999,68.9314166666667,device_01
2025-11-12 21:46:03.486711,0.0,56.547083333333305,67.7,device_03
2025-11-12 21:46:23.789697,0.0,58.40466666666666,68.80608333333338,device_04
2025-11-12 21:46:25.228054,0.0,57.410833333333336,68.20500000000004,device_05
2025-11-12 21:46:45.207781,0.0,57.223749999999946,67.71250000000008,device_02
2025-11-12 21:46:50.985178,0.0,58.14916666666666,68.95125000000003,device_01
2025-11-12 21:47:00.862343,0.0,56.58666666666665,67.46416666666669,device_03
2025-11-12 21:47:23.702659,0.0,58.368,68.80608333333338,device_04
2025-11-12 21:47:25.185746,0.0,57.410833333333336,68.20500000000004,device_05
2025-11-12 21:47:45.55281,0.0,57.22499999999995,67.73250000000007,device_02
2025-11-12 21:47:50.978601,0.0,58.57433333333336,69.16500000000005,device_01
2025-11-12 21:48:01.464006,0.0,56.507916666666645,67.34083333333336,device_03
2025-11-12 21:48:23.664242,0.0,58.368,68.80608333333338,device_04
2025-11-12 21:48:25.124832,0.0,57.410833333333336,68.20500000000004,device_05
2025-11-12 21:48:45.320019,0.0,57.22374999999994,67.71250000000008,device_02
2025-11-12 21:48:50.961886,0.0,58.14916666666667,68.95125000000003,device_01
2025-11-12 21:49:01.359588,0.0,57.06916666666667,67.58041666666672,device_03
2025-11-12 21:49:24.021469,0.0,58.368,68.80608333333338,device_04
2025-11-12 21:49:25.260614,0.0,57.410833333333336,68.20500000000004,device_05
2025-11-12 21:49:45.670512,0.0,57.223749999999946,67.71250000000008,device_02
2025-11-12 21:49:51.243606,0.0,58.16033333333333,68.92558333333336,device_01
2025-11-12 21:50:03.666615,0.0,57.09250000000001,67.70958333333337,device_03
2025-11-12 21:50:24.007957,0.0,58.40466666666666,68.80608333333338,device_04
2025-11-12 21:50:25.833912,0.0,57.41083333333333,68.20500000000004,device_05
2025-11-12 21:50:45.106985,0.0,57.22499999999995,67.72666666666674,device_02
2025-11-12 21:50:51.094892,0.0,58.14916666666667,68.95541666666671,device_01
2025-11-12 21:51:00.796869,0.0,57.09250000000001,67.70958333333337,device_03
2025-11-12 21:51:23.828084,0.0,58.40466666666666,68.80608333333338,device_04
2025-11-12 21:51:25.0985,0.0,57.410833333333336,68.20500000000004,device_05
2025-11-12 21:51:45.458123,0.0,57.22374999999995,67.71250000000008,device_02
2025-11-12 21:51:50.961566,0.0,58.57433333333336,69.16916666666671,device_01
2025-11-12 21:52:00.997349,0.0,57.0925,67.70958333333336,device_03
2025-11-12 21:52:23.823043,0.0,58.40466666666666,68.80608333333338,device_04
2025-11-12 21:52:25.265113,0.0,57.410833333333336,68.20500000000004,device_05
2025-11-12 21:52:44.857791,0.0,57.223749999999946,67.71250000000008,device_02
2025-11-12 21:52:51.179475,0.0,57.6518333333333,68.89991666666668,device_01
2025-11-12 21:53:00.823377,0.0,56.6475,67.48916666666669,device_03
2025-11-12 21:53:23.930974,0.0,58.40466666666667,68.80608333333338,device_04
2025-11-12 21:53:25.028371,0.0,57.410833333333336,68.20500000000004,device_05
2025-11-12 21:53:45.458541,0.0,57.23208333333328,67.70500000000007,device_02
2025-11-12 21:53:51.406752,0.0,58.02916666666668,69.14516666666671,device_01
2025-11-12 21:54:00.912223,0.0,56.60374999999997,67.52125000000002,device_03
2025-11-12 21:54:23.665408,0.0,58.40466666666666,68.80608333333338,device_04
2025-11-12 21:54:25.195316,0.0,57.410833333333336,68.20500000000004,device_05
2025-11-12 21:54:45.127251,0.0,57.19749999999996,67.69958333333341,device_02
2025-11-12 21:54:51.001706,0.0,58.16033333333333,68.92975000000003,device_01
2025-11-12 21:55:00.862712,0.0,56.59374999999998,67.48916666666669,device_03
2025-11-12 21:55:23.710693,0.0,58.40466666666667,68.80608333333336,device_04
2025-11-12 21:55:25.270261,0.0,57.41083333333333,68.20500000000004,device_05
2025-11-12 21:55:45.491998,0.0,57.23208333333328,67.70500000000007,device_02
2025-11-12 21:55:51.515418,0.0,58.14916666666667,68.95541666666671,device_01
2025-11-12 21:56:00.797003,0.0,56.58583333333331,67.48916666666669,device_03
2025-11-12 21:56:23.664295,0.0,58.40466666666666,68.80608333333338,device_04
2025-11-12 21:56:25.391802,0.0,57.41083333333335,68.20500000000004,device_05
2025-11-12 21:56:45.160249,0.0,57.198749999999954,67.71375000000006,device_02
2025-11-12 21:56:50.946036,0.0,57.60399999999998,68.9314166666667,device_01
2025-11-12 21:57:01.017022,0.0,56.55249999999997,67.34500000000006,device_03
2025-11-12 21:57:23.80316,0.0,58.40466666666666,68.80608333333338,device_04
2025-11-12 21:57:25.174327,0.0,57.41083333333333,68.20500000000004,device_05
2025-11-12 21:57:45.09058,0.0,57.223749999999946,67.71250000000008,device_02
2025-11-12 21:57:51.560442,0.0,57.10541666666664,67.71208333333338,device_01
2025-11-12 21:58:01.003083,0.0,56.58583333333331,67.48916666666669,device_03
2025-11-12 21:58:23.741889,0.0,58.40466666666666,68.80608333333338,device_04
2025-11-12 21:58:25.044999,0.0,57.410833333333336,68.20500000000004,device_05
2025-11-12 21:58:44.946703,0.0,57.22374999999995,67.71250000000008,device_02
2025-11-12 21:58:50.949101,0.0,57.60399999999999,68.9314166666667,device_01
2025-11-12 21:59:00.831946,0.0,56.54874999999997,67.35250000000003,device_03
2025-11-12 21:59:23.683803,0.0,58.40675,68.80900000000003,device_04
2025-11-12 21:59:25.196203,0.0,57.410833333333336,68.20500000000004,device_05
2025-11-12 21:59:45.12798,0.0,57.22499999999995,67.72666666666673,device_02
2025-11-12 21:59:51.560498,0.0,57.63891666666664,68.90575000000003,device_01
2025-11-12 22:00:03.156746,0.0,56.55458333333332,67.32083333333338,device_03
2025-11-12 22:00:23.729854,0.0,58.40675,68.80900000000004,device_04
2025-11-12 22:00:25.043429,0.0,57.410833333333336,68.20500000000004,device_05
2025-11-12 22:00:44.842148,0.0,57.23208333333328,67.70500000000007,device_02
2025-11-12 22:00:51.023716,0.0,58.1475,68.95250000000004,device_01
2025-11-12 22:01:00.948984,0.0,56.55458333333331,67.32083333333338,device_03
2025-11-12 22:01:23.753452,0.0,58.40675,68.80608333333338,device_04
2025-11-12 22:01:24.999208,0.0,57.41083333333333,68.20500000000004,device_05
2025-11-12 22:01:45.098662,0.0,57.16166666666663,67.71125000000006,device_02
2025-11-12 22:01:50.963647,0.0,57.63724999999997,68.90283333333336,device_01
2025-11-12 22:02:01.380932,0.0,56.548749999999984,67.35750000000003,device_03
2025-11-12 22:02:23.814005,0.0,58.40675,68.80900000000003,device_04
2025-11-12 22:02:25.042648,0.0,57.410833333333336,68.20500000000004,device_05
2025-11-12 22:02:45.010423,0.0,57.16166666666663,67.71125000000006,device_02
2025-11-12 22:02:50.971952,0.0,57.04124999999996,67.7066666666667,device_01
2025-11-12 22:03:00.962198,0.0,56.51374999999998,67.30916666666671,device_03
2025-11-12 22:03:23.753656,0.0,58.40675,68.80900000000003,device_04
2025-11-12 22:03:25.22778,0.0,57.410833333333336,68.20500000000006,device_05
2025-11-12 22:03:45.839242,0.0,57.150416666666615,67.6920833333334,device_02
2025-11-12 22:03:51.515891,0.0,58.02750000000001,69.14225000000003,device_01
2025-11-12 22:04:00.930047,0.0,56.507916666666645,67.34083333333338,device_03
2025-11-12 22:04:23.661863,0.0,58.40675,68.80900000000004,device_04
2025-11-12 22:04:25.074691,0.0,57.410833333333336,68.20500000000004,device_05
2025-11-12 22:04:44.848132,0.0,57.22499999999995,67.72666666666673,device_02
2025-11-12 22:04:50.975227,0.0,58.0275,69.14225000000003,device_01
2025-11-12 22:05:00.813203,0.0,56.584166666666654,67.4641666666667,device_03
2025-11-12 22:05:24.034944,0.0,58.40675,68.80900000000004,device_04
2025-11-12 22:05:25.039878,0.0,57.410833333333336,68.20500000000004,device_05
2025-11-12 22:05:45.518121,0.0,57.13874999999997,67.71875000000007,device_02
2025-11-12 22:05:51.113154,0.0,58.57266666666669,69.16625000000005,device_01
2025-11-12 22:06:00.791044,0.0,56.58791666666665,67.71166666666667,device_03
2025-11-12 22:06:23.716837,0.0,58.40675,68.80900000000003,device_04
2025-11-12 22:06:25.296551,0.0,57.41083333333333,68.20500000000004,device_05
2025-11-12 22:06:44.912129,0.0,57.16666666666662,67.71125000000008,device_02
2025-11-12 22:06:50.957878,0.0,57.60233333333332,68.92850000000001,device_01
2025-11-12 22:07:00.85972,0.0,56.55458333333331,67.34583333333339,device_03
2025-11-12 22:07:23.725411,0.0,58.40675,68.80900000000003,device_04
2025-11-12 22:07:25.269459,0.0,57.410833333333336,68.20500000000004,device_05
2025-11-12 22:07:45.554604,0.0,57.198749999999954,67.71375000000006,device_02
2025-11-12 22:07:50.966353,0.0,57.65183333333331,68.8999166666667,device_01
2025-11-12 22:08:01.444225,0.0,56.54958333333331,67.37750000000003,device_03
2025-11-12 22:08:23.688708,0.0,58.40675,68.80900000000003,device_04
2025-11-12 22:08:25.037921,0.0,57.410833333333336,68.20500000000004,device_05
2025-11-12 22:08:44.896604,0.0,57.19749999999995,67.69958333333341,device_02
2025-11-12 22:08:50.962967,0.0,57.60399999999999,68.93141666666669,device_01
2025-11-12 22:09:03.631244,0.0,56.560416666666654,67.34500000000004,device_03
2025-11-12 22:09:23.843784,0.0,58.40675,68.80900000000005,device_04
2025-11-12 22:09:25.014062,0.0,57.41083333333335,68.20500000000004,device_05
2025-11-12 22:09:45.6957,0.0,57.22499999999995,67.72666666666673,device_02
2025-11-12 22:09:51.288419,0.0,57.63891666666664,68.90575000000001,device_01
2025-11-12 22:10:00.960333,0.0,56.58583333333331,67.48916666666669,device_03
2025-11-12 22:10:23.690811,0.0,58.40675,68.80900000000003,device_04
2025-11-12 22:10:25.190409,0.0,57.410833333333336,68.20500000000004,device_05
2025-11-12 22:10:45.242808,0.0,57.198749999999954,67.71375000000006,device_02
2025-11-12 22:10:51.012915,0.0,57.60399999999999,68.9314166666667,device_01
2025-11-12 22:11:00.905453,0.0,56.548749999999984,67.35250000000003,device_03
2025-11-12 22:11:23.710156,0.0,58.40675,68.80900000000003,device_04
2025-11-12 22:11:25.343392,0.0,57.410833333333336,68.20500000000004,device_05
2025-11-12 22:11:45.294043,0.0,57.16166666666663,67.71125000000008,device_02
2025-11-12 22:11:51.510573,0.0,57.60233333333332,68.92850000000003,device_01
2025-11-12 22:12:00.826412,0.0,56.548749999999984,67.37750000000004,device_03
2025-11-12 22:12:23.681442,0.0,58.40675,68.80608333333335,device_04
2025-11-12 22:12:25.213366,0.0,57.410833333333336,68.20500000000004,device_05
2025-11-12 22:12:44.881949,0.0,57.16041666666663,67.69708333333341,device_02
2025-11-12 22:12:50.932758,0.0,58.14750000000001,68.95250000000003,device_01
2025-11-12 22:13:00.826702,0.0,56.58791666666664,67.4691666666667,device_03
2025-11-12 22:13:23.667312,0.0,58.40675,68.80900000000003,device_04
2025-11-12 22:13:25.005683,0.0,57.41083333333333,68.20500000000004,device_05
2025-11-12 22:13:45.288599,0.0,57.19749999999995,67.69958333333341,device_02
2025-11-12 22:13:51.031347,0.0,58.0275,69.14225000000002,device_01
2025-11-12 22:14:00.972859,0.0,56.54874999999997,67.35250000000003,device_03
2025-11-12 22:14:23.964542,0.0,58.40675,68.80900000000003,device_04
2025-11-12 22:14:25.043707,0.0,57.410833333333336,68.20500000000006,device_05
2025-11-12 22:14:44.896568,0.0,57.177083333333286,67.69208333333341,device_02
2025-11-12 22:14:51.009773,0.0,58.0275,69.14225000000003,device_01
2025-11-12 22:15:00.794768,0.0,56.548749999999984,67.35750000000006,device_03
2025-11-12 22:15:23.721102,0.0,58.40675,68.80900000000004,device_04
2025-11-12 22:15:25.238298,0.0,57.410833333333336,68.20500000000004,device_05
2025-11-12 22:15:45.146665,0.0,57.20583333333328,67.6920833333334,device_02
2025-11-12 22:15:50.967495,0.0,57.60233333333333,68.92850000000003,device_01
2025-11-12 22:16:00.810618,0.0,56.58541666666666,67.83958333333334,device_03
2025-11-12 22:16:23.696878,0.0,58.40675,68.80900000000003,device_04
2025-11-12 22:16:25.690856,0.0,57.410833333333336,68.20500000000004,device_05
2025-11-12 22:16:44.98531,0.0,57.16041666666663,67.69708333333341,device_02
2025-11-12 22:16:50.977563,0.0,57.142499999999934,67.70125000000003,device_01
2025-11-12 22:17:00.982286,0.0,56.53791666666664,67.80916666666668,device_03
2025-11-12 22:17:23.734663,0.0,58.40675,68.80900000000003,device_04
2025-11-12 22:17:25.255517,0.0,57.41083333333335,68.20500000000004,device_05
2025-11-12 22:17:45.075776,0.0,57.16166666666663,67.71125000000006,device_02
2025-11-12 22:17:50.98441,0.0,57.60233333333332,68.92850000000003,device_01
2025-11-12 22:18:00.820017,0.0,56.58541666666665,67.83958333333334,device_03
2025-11-12 22:18:23.769044,0.0,58.40675,68.80900000000003,device_04
2025-11-12 22:18:25.698826,0.0,57.410833333333336,68.20500000000004,device_05
2025-11-12 22:18:45.208258,0.0,57.142916666666615,67.69708333333341,device_02
2025-11-12 22:18:51.012391,0.0,57.04124999999996,67.7066666666667,device_01
2025-11-12 22:19:01.05285,0.0,56.54458333333332,67.82083333333334,device_03
2025-11-12 22:19:23.706931,0.0,58.40675,68.80900000000003,device_04
2025-11-12 22:19:25.048922,0.0,57.410833333333336,68.20500000000004,device_05
2025-11-12 22:19:44.875764,0.0,57.198749999999954,67.71375000000006,device_02
2025-11-12 22:19:51.000957,0.0,57.63724999999997,68.90283333333336,device_01
2025-11-12 22:20:02.384262,0.0,56.55208333333332,67.82000000000002,device_03
2025-11-12 22:20:23.692347,0.0,58.40675,68.80900000000003,device_04
2025-11-12 22:20:25.033089,0.0,57.410833333333336,68.20500000000006,device_05
2025-11-12 22:20:45.039787,0.0,57.143333333333295,67.71375000000008,device_02
2025-11-12 22:20:50.989008,0.0,57.04124999999996,67.70666666666669,device_01
2025-11-12 22:21:00.816556,0.0,56.54458333333332,67.82083333333334,device_03
2025-11-12 22:21:23.683465,0.0,58.40675,68.80900000000004,device_04
2025-11-12 22:21:25.35319,0.0,57.41083333333335,68.20500000000004,device_05
2025-11-12 22:21:45.090248,0.0,57.19749999999995,67.69958333333341,device_02
2025-11-12 22:21:50.946979,0.0,58.02750000000001,69.14225000000003,device_01
2025-11-12 22:22:00.774622,0.0,56.53791666666666,67.80916666666667,device_03
2025-11-12 22:22:23.687617,0.0,58.40675,68.80900000000003,device_04
2025-11-12 22:22:25.010161,0.0,57.410833333333336,68.20500000000004,device_05
2025-11-12 22:22:45.025878,0.0,57.198749999999954,67.71375000000008,device_02
2025-11-12 22:22:50.978927,0.0,57.63724999999997,68.90283333333336,device_01
2025-11-12 22:23:00.767587,0.0,56.54458333333332,67.82083333333334,device_03
2025-11-12 22:23:23.732102,0.0,58.40675,68.80900000000003,device_04
2025-11-12 22:23:24.998925,0.0,57.410833333333336,68.20500000000004,device_05
2025-11-12 22:23:45.073554,0.0,57.19749999999995,67.69958333333341,device_02
2025-11-12 22:24:01.371255,0.0,56.54458333333332,67.82083333333335,device_03
2025-11-12 22:24:23.84735,0.0,58.40675,68.80900000000003,device_04
2025-11-12 22:24:25.291606,0.0,57.410833333333336,68.20500000000004,device_05
2025-11-12 22:24:45.115885,0.0,57.16166666666663,67.71125000000006,device_02
2025-11-12 22:25:23.734437,0.0,58.40675,68.80900000000003,device_04
2025-11-12 22:25:26.066428,0.0,57.410833333333336,68.20500000000004,device_05
2025-11-12 22:26:25.055957,0.0,57.41083333333333,68.20500000000004,device_05
2025-11-12 22:28:51.205231,0.0,58.189083333333336,68.92683333333338,device_01
2025-11-12 22:29:50.932504,0.0,57.12958333333329,67.70625000000004,device_01
2025-11-12 22:30:01.331614,0.0,56.544583333333314,67.82083333333334,device_03
2025-11-12 22:30:45.108573,0.0,57.090833333333286,67.72291666666672,device_02
2025-11-12 22:30:51.593092,0.0,57.637249999999966,68.90283333333336,device_01
2025-11-12 22:31:00.866468,0.0,56.544583333333314,67.82083333333334,device_03
2025-11-12 22:31:23.813355,0.0,58.40675,68.80900000000003,device_04
2025-11-12 22:31:44.909025,0.0,57.198749999999954,67.71375000000008,device_02
2025-11-12 22:31:51.681049,0.0,57.14249999999996,67.70125000000003,device_01
2025-11-12 22:32:00.944845,0.0,56.585416666666646,67.83958333333334,device_03
2025-11-12 22:32:23.828778,0.0,58.40675,68.80608333333338,device_04
2025-11-12 22:32:25.065652,0.0,57.410833333333336,68.20500000000004,device_05
2025-11-12 22:32:44.998303,0.0,57.16166666666663,67.71125000000006,device_02
2025-11-12 22:32:51.796832,0.0,57.04124999999996,67.70666666666669,device_01
2025-11-12 22:33:00.812174,0.0,56.54458333333332,67.82083333333334,device_03
2025-11-12 22:33:23.714538,0.0,58.40675,68.80900000000003,device_04
2025-11-12 22:33:25.116296,0.0,57.41083333333335,68.20500000000004,device_05
2025-11-12 22:33:44.863195,0.0,57.16166666666663,67.71125000000006,device_02
2025-11-12 22:33:50.947019,0.0,57.60233333333332,68.92850000000001,device_01
2025-11-12 22:34:01.515192,0.0,56.53791666666666,67.80916666666667,device_03
2025-11-12 22:34:23.988803,0.0,58.40675000000001,68.80900000000003,device_04
2025-11-12 22:34:25.257146,0.0,57.410833333333336,68.20500000000004,device_05
2025-11-12 22:34:44.91518,0.0,57.13874999999995,67.72000000000007,device_02
2025-11-12 22:34:50.991026,0.0,57.12958333333329,67.70625000000003,device_01
2025-11-12 22:35:01.409779,0.0,56.53791666666665,67.80916666666667,device_03
2025-11-12 22:35:23.740202,0.0,58.40675,68.80900000000003,device_04
2025-11-12 22:35:25.475397,0.0,57.410833333333336,68.20500000000004,device_05
2025-11-12 22:35:45.51224,0.0,57.16166666666663,67.71125000000006,device_02
2025-11-12 22:35:50.98206,0.0,57.06916666666663,67.70583333333336,device_01
2025-11-12 22:36:01.503282,0.0,56.544583333333314,67.82083333333334,device_03
2025-11-12 22:36:23.78671,0.0,58.40675,68.88458333333338,device_04
2025-11-12 22:36:25.01574,0.0,57.410833333333336,68.20500000000004,device_05
2025-11-12 22:36:44.861965,0.0,57.198749999999954,67.71375000000006,device_02
2025-11-12 22:36:50.982651,0.0,57.14249999999995,67.70125000000003,device_01
2025-11-12 22:37:01.407258,0.0,56.53791666666665,67.80916666666668,device_03
2025-11-12 22:37:23.786268,0.0,58.40883333333333,68.89083333333336,device_04
2025-11-12 22:37:25.026411,0.0,57.41083333333335,68.20500000000004,device_05
2025-11-12 22:37:44.837278,0.0,57.16166666666661,67.71125000000008,device_02
2025-11-12 22:37:50.944666,0.0,57.04124999999996,67.70666666666669,device_01
2025-11-12 22:38:00.807072,0.0,56.54458333333332,67.83458333333334,device_03
2025-11-12 22:38:23.879905,0.0,58.40883333333333,68.87500000000003,device_04
2025-11-12 22:38:25.020756,0.0,57.410833333333336,68.20500000000004,device_05
2025-11-12 22:38:45.553059,0.0,57.165416666666616,67.69708333333341,device_02
2025-11-12 22:38:51.651215,0.0,57.17083333333329,67.70541666666671,device_01
2025-11-12 22:39:00.809965,0.0,56.54458333333332,67.82083333333333,device_03
2025-11-12 22:39:23.712242,0.0,58.40883333333333,68.87500000000004,device_04
2025-11-12 22:39:25.421745,0.0,57.410833333333336,68.20500000000004,device_05
2025-11-12 22:39:44.820984,0.0,57.16166666666663,67.71125000000006,device_02
2025-11-12 22:39:50.961015,0.0,57.04124999999996,67.7066666666667,device_01
2025-11-12 22:40:00.999993,0.0,56.53791666666666,67.80916666666668,device_03
2025-11-12 22:40:23.785901,0.0,58.40883333333332,68.87500000000006,device_04
2025-11-12 22:40:25.013265,0.0,57.410833333333336,68.20500000000004,device_05
2025-11-12 22:40:45.81577,0.0,57.168749999999946,67.68958333333342,device_02
2025-11-12 22:40:51.156622,0.0,58.0275,69.14225000000003,device_01
2025-11-12 22:41:00.807101,0.0,56.58541666666666,67.83958333333335,device_03
2025-11-12 22:41:23.83691,0.0,58.40883333333333,68.87500000000004,device_04
2025-11-12 22:41:25.484785,0.0,57.410833333333336,68.20500000000004,device_05
2025-11-12 22:41:44.89092,0.0,57.13833333333328,67.70375000000007,device_02
2025-11-12 22:41:51.086964,0.0,57.14249999999995,67.70125000000003,device_01
2025-11-12 22:42:00.898593,0.0,56.58249999999998,67.81666666666668,device_03
2025-11-12 22:42:23.764195,0.0,58.40883333333333,68.87500000000004,device_04
2025-11-12 22:42:25.189071,0.0,57.410833333333336,68.20500000000004,device_05
2025-11-12 22:42:45.559469,0.0,57.20583333333328,67.6920833333334,device_02
2025-11-12 22:42:51.531904,0.0,57.04124999999996,67.7066666666667,device_01
2025-11-12 22:43:01.34314,0.0,56.58541666666665,67.83958333333335,device_03
2025-11-12 22:43:23.881922,0.0,58.40883333333333,68.87500000000004,device_04
2025-11-12 22:43:25.043669,0.0,57.410833333333336,68.20500000000004,device_05
2025-11-12 22:43:44.906571,0.0,57.16874999999995,67.6895833333334,device_02
2025-11-12 22:43:51.070584,0.0,58.0275,69.14225000000003,device_01
2025-11-12 22:44:01.360161,0.0,56.586666666666645,67.81083333333333,device_03
2025-11-12 22:44:23.765331,0.0,58.40883333333333,68.87500000000004,device_04
2025-11-12 22:44:25.722558,0.0,57.41083333333335,68.20500000000004,device_05
2025-11-12 22:44:45.280473,0.0,57.137499999999946,67.69708333333341,device_02
2025-11-12 22:44:51.086777,0.0,57.04124999999996,67.70666666666669,device_01
2025-11-12 22:45:01.02716,0.0,56.55208333333333,67.82000000000001,device_03
2025-11-12 22:45:23.807462,0.0,58.40675000000001,68.87208333333338,device_04
2025-11-12 22:45:25.09151,0.0,57.410833333333336,68.20500000000004,device_05
2025-11-12 22:45:44.870536,0.0,57.15124999999996,67.68958333333342,device_02
2025-11-12 22:45:51.031262,0.0,56.81458333333328,67.69916666666668,device_01
2025-11-12 22:46:01.666897,0.0,56.55208333333332,67.82000000000001,device_03
2025-11-12 22:46:23.779305,0.0,58.40883333333333,68.87500000000003,device_04
2025-11-12 22:46:25.237773,0.0,57.41083333333335,68.20500000000004,device_05
2025-11-12 22:46:45.431863,0.0,57.16041666666661,67.69708333333341,device_02
2025-11-12 22:46:50.964029,0.0,56.80416666666663,67.70625000000003,device_01
2025-11-12 22:47:00.884848,0.0,56.55208333333332,67.82,device_03
2025-11-12 22:47:23.899944,0.0,58.40883333333332,68.87500000000004,device_04
2025-11-12 22:47:25.089576,0.0,57.410833333333336,68.20500000000004,device_05
2025-11-12 22:47:45.526971,0.0,57.14416666666662,67.71125000000006,device_02
2025-11-12 22:47:50.944824,0.0,56.81458333333328,67.80750000000002,device_01
2025-11-12 22:48:01.227895,0.0,56.55874999999999,67.83166666666666,device_03
2025-11-12 22:48:25.092682,0.0,57.41083333333335,68.20500000000006,device_05
2025-11-12 22:48:25.469772,0.0,58.40883333333333,68.87500000000003,device_04
2025-11-12 22:48:44.888973,0.0,57.137499999999946,67.70458333333342,device_02
2025-11-12 22:48:51.209779,0.0,56.8145833333333,67.80875000000003,device_01
2025-11-12 22:49:02.08941,0.0,56.54458333333332,67.82083333333334,device_03
2025-11-12 22:49:23.944244,0.0,58.40883333333333,68.87500000000004,device_04
2025-11-12 22:49:25.157424,0.0,57.410833333333336,68.20500000000004,device_05
2025-11-12 22:49:44.93224,0.0,57.131249999999966,67.72541666666673,device_02
2025-11-12 22:49:50.961727,0.0,56.84291666666663,67.80333333333336,device_01
2025-11-12 22:50:00.939008,0.0,56.55874999999999,67.83166666666668,device_03
2025-11-12 22:50:24.125669,0.0,58.40883333333333,68.87500000000003,device_04
2025-11-12 22:50:25.235757,0.0,57.410833333333336,68.20500000000006,device_05
2025-11-12 22:50:45.133331,0.0,57.137499999999946,67.70583333333342,device_02
2025-11-12 22:50:51.080098,0.0,57.242249999999984,68.07458333333336,device_01
2025-11-12 22:51:01.508782,0.0,56.603749999999984,67.83166666666668,device_03
2025-11-12 22:51:24.44036,0.0,58.40883333333333,68.87500000000004,device_04
2025-11-12 22:51:25.38379,0.0,57.410833333333336,68.20500000000004,device_05
2025-11-12 22:51:45.133265,0.0,57.09624999999995,67.72541666666672,device_02
2025-11-12 22:51:51.005409,0.0,56.814583333333296,67.80875000000003,device_01
2025-11-12 22:52:01.533619,0.0,56.54458333333333,67.82083333333334,device_03
2025-11-12 22:52:24.390207,0.0,58.40883333333333,68.87375000000004,device_04
2025-11-12 22:52:25.075289,0.0,57.410833333333336,68.20500000000004,device_05
2025-11-12 22:52:45.623071,0.0,57.19749999999995,67.69958333333341,device_02
2025-11-12 22:52:50.934287,0.0,56.8058333333333,67.71208333333335,device_01
2025-11-12 22:53:00.875746,0.0,56.59833333333332,67.82666666666667,device_03
2025-11-12 22:53:23.775125,0.0,58.40883333333333,68.87500000000004,device_04
2025-11-12 22:53:25.301263,0.0,57.410833333333336,68.20500000000004,device_05
2025-11-12 22:53:44.906959,0.0,57.223749999999946,67.71250000000008,device_02
2025-11-12 22:53:50.970901,0.0,56.84291666666663,67.80666666666667,device_01
2025-11-12 22:54:00.895778,0.0,56.56666666666666,67.825,device_03
2025-11-12 22:54:24.141797,0.0,58.40883333333333,68.87375000000003,device_04
2025-11-12 22:54:25.075567,0.0,57.41083333333333,68.20500000000004,device_05
2025-11-12 22:54:45.167439,0.0,57.22499999999995,67.72666666666674,device_02
2025-11-12 22:54:51.117584,0.0,56.84291666666663,67.80666666666669,device_01
2025-11-12 22:55:03.187557,0.0,56.57041666666665,67.81083333333333,device_03
2025-11-12 22:55:24.556297,0.0,58.40883333333333,68.87375000000004,device_04
2025-11-12 22:55:25.467128,0.0,57.410833333333336,68.20500000000004,device_05
2025-11-12 22:55:44.897273,0.0,57.22374999999994,67.71250000000008,device_02
2025-11-12 22:55:50.970165,0.0,56.95416666666663,67.81666666666669,device_01
2025-11-12 22:56:23.77284,0.0,58.40883333333333,68.87375000000003,device_04
2025-11-12 22:56:25.177962,0.0,57.410833333333336,68.20500000000004,device_05
2025-11-12 22:56:44.890264,0.0,57.198749999999954,67.71375000000006,device_02
2025-11-12 22:56:51.274581,0.0,56.97374999999997,67.82666666666668,device_01
2025-11-12 22:57:01.133817,0.0,56.54708333333331,67.80000000000001,device_03
2025-11-12 22:57:23.961315,0.0,58.40883333333333,68.87375000000004,device_04
2025-11-12 22:57:25.130299,0.0,57.410833333333336,68.20500000000004,device_05
2025-11-12 22:57:45.020967,0.0,57.22499999999995,67.72666666666673,device_02
2025-11-12 22:57:51.129309,0.0,56.84374999999997,67.80666666666669,device_01
2025-11-12 22:58:01.265851,0.0,56.60083333333332,67.81083333333335,device_03
2025-11-12 22:58:23.858423,0.0,58.40883333333333,68.87375000000003,device_04
2025-11-12 22:58:25.224778,0.0,57.41083333333335,68.20500000000004,device_05
2025-11-12 22:58:44.972899,0.0,57.223749999999946,67.71250000000008,device_02
2025-11-12 22:58:51.226559,0.0,56.976249999999965,67.82666666666668,device_01
2025-11-12 22:59:04.425477,0.0,56.55874999999999,67.83166666666666,device_03
2025-11-12 22:59:23.792917,0.0,58.40883333333333,68.87375000000004,device_04
2025-11-12 22:59:25.270254,0.0,57.410833333333336,68.20500000000003,device_05
2025-11-12 22:59:45.485892,0.0,57.19749999999995,67.69958333333341,device_02
2025-11-12 22:59:51.188142,0.0,56.84416666666663,67.81083333333336,device_01
2025-11-12 23:00:01.281502,0.0,56.59541666666664,67.80583333333334,device_03
2025-11-12 23:00:23.960645,0.0,58.40883333333333,68.87375000000003,device_04
2025-11-12 23:00:25.135087,0.0,57.410833333333336,68.20500000000006,device_05
2025-11-12 23:00:44.905757,0.0,57.19749999999995,67.69958333333341,device_02
2025-11-12 23:00:51.513347,0.0,56.84333333333329,67.81666666666669,device_01
2025-11-12 23:01:01.519164,0.0,56.591666666666654,67.815,device_03
2025-11-12 23:01:23.999696,0.0,58.40883333333334,68.87375000000003,device_04
2025-11-12 23:01:25.079144,0.0,57.41083333333333,68.20500000000004,device_05
2025-11-12 23:01:45.010331,0.0,57.198749999999954,67.71375000000006,device_02
2025-11-12 23:01:51.340829,0.0,56.844166666666645,67.81666666666669,device_01
2025-11-12 23:02:01.675573,0.0,56.61833333333332,67.83666666666667,device_03
2025-11-12 23:02:23.797621,0.0,58.40883333333333,68.87375000000003,device_04
2025-11-12 23:02:25.490502,0.0,57.410833333333336,68.20500000000004,device_05
2025-11-12 23:02:45.124554,0.0,57.20583333333328,67.69208333333341,device_02
2025-11-12 23:02:51.099195,0.0,56.84416666666663,67.81666666666668,device_01
2025-11-12 23:03:01.133944,0.0,56.60208333333331,67.84000000000002,device_03
2025-11-12 23:03:23.932986,0.0,58.40883333333333,68.87375000000003,device_04
2025-11-12 23:03:25.106833,0.0,57.410833333333336,68.20500000000004,device_05
2025-11-12 23:03:45.028622,0.0,57.19749999999996,67.69958333333341,device_02
2025-11-12 23:03:51.114104,0.0,56.84416666666663,67.81666666666669,device_01
2025-11-12 23:04:01.466715,0.0,56.63374999999997,67.84166666666668,device_03
2025-11-12 23:04:24.062162,0.0,58.40883333333333,68.87375000000004,device_04
2025-11-12 23:04:25.395441,0.0,57.41083333333335,68.20500000000004,device_05
2025-11-12 23:04:45.125829,0.0,57.198749999999954,67.71375000000006,device_02
2025-11-12 23:04:51.558737,0.0,56.84416666666663,67.81666666666669,device_01
2025-11-12 23:05:05.146274,0.0,56.64416666666664,67.84166666666668,device_03
2025-11-12 23:05:23.916853,0.0,58.40883333333333,68.87375000000003,device_04
2025-11-12 23:05:25.388794,0.0,57.410833333333336,68.20500000000006,device_05
2025-11-12 23:05:44.910057,0.0,57.16666666666662,67.71375000000006,device_02
2025-11-12 23:05:51.07712,0.0,57.00666666666663,67.82083333333335,device_01
2025-11-12 23:06:02.03909,0.0,56.6058333333333,67.83083333333335,device_03
2025-11-12 23:06:24.042649,0.0,58.40883333333333,68.87375000000003,device_04
2025-11-12 23:06:25.134103,0.0,57.410833333333336,68.20500000000004,device_05
2025-11-12 23:06:45.425667,0.0,57.19749999999995,67.69958333333341,device_02
2025-11-12 23:06:51.786798,0.0,56.844166666666624,67.81666666666669,device_01
2025-11-12 23:07:01.32982,0.0,56.72541666666664,67.85833333333335,device_03
2025-11-12 23:07:23.797883,0.0,58.40883333333333,68.87375000000003,device_04
2025-11-12 23:07:25.228408,0.0,57.410833333333336,68.20500000000004,device_05
2025-11-12 23:07:44.976021,0.0,57.16166666666663,67.71125000000008,device_02
2025-11-12 23:07:51.150151,0.0,56.84416666666663,67.81666666666669,device_01
2025-11-12 23:08:01.447542,0.0,56.662083333333314,67.85458333333335,device_03
2025-11-12 23:08:23.768075,0.0,58.40883333333332,68.87375000000003,device_04
2025-11-12 23:08:25.101731,0.0,57.410833333333336,68.20500000000004,device_05
2025-11-12 23:08:45.108299,0.0,57.14416666666662,67.71125000000008,device_02
2025-11-12 23:08:51.501862,0.0,56.9870833333333,67.81708333333336,device_01
2025-11-12 23:09:00.919597,0.0,56.671666666666646,67.83333333333334,device_03
2025-11-12 23:09:23.77003,0.0,58.40883333333334,68.87375000000004,device_04
2025-11-12 23:09:25.219264,0.0,57.410833333333336,68.20500000000004,device_05
2025-11-12 23:09:44.89112,0.0,57.16166666666663,67.71125000000006,device_02
2025-11-12 23:09:50.998489,0.0,56.84416666666663,67.80708333333335,device_01
2025-11-12 23:10:00.957822,0.0,56.702916666666624,67.8279166666667,device_03
2025-11-12 23:10:23.945917,0.0,58.39258333333332,68.85500000000003,device_04
2025-11-12 23:10:25.135103,0.0,57.410833333333336,68.20500000000004,device_05
2025-11-12 23:10:45.115905,0.0,57.168749999999946,67.68958333333342,device_02
2025-11-12 23:10:51.137959,0.0,57.0445833333333,67.81708333333336,device_01
2025-11-12 23:11:01.140277,0.0,56.664166666666645,67.8441666666667,device_03
2025-11-12 23:11:23.932649,0.0,58.39258333333332,68.85500000000003,device_04
2025-11-12 23:11:25.080229,0.0,57.410833333333336,68.20500000000004,device_05
2025-11-12 23:11:45.037262,0.0,57.16041666666661,67.69708333333341,device_02
2025-11-12 23:11:51.017697,0.0,57.07916666666664,67.81125000000002,device_01
2025-11-12 23:12:01.044092,0.0,56.59833333333332,67.82666666666667,device_03
2025-11-12 23:12:23.877041,0.0,58.39258333333332,68.85500000000003,device_04
2025-11-12 23:12:25.104717,0.0,57.410833333333336,68.20500000000004,device_05
2025-11-12 23:12:45.131355,0.0,57.13749999999995,67.70583333333342,device_02
2025-11-12 23:12:51.764917,0.0,57.1070833333333,67.81125000000002,device_01
2025-11-12 23:13:00.855257,0.0,56.67374999999996,67.82083333333335,device_03
2025-11-12 23:13:23.800879,0.0,58.39258333333333,68.85500000000003,device_04
2025-11-12 23:13:25.382376,0.0,57.41083333333333,68.20500000000004,device_05
2025-11-12 23:13:45.052623,0.0,57.142916666666615,67.69708333333341,device_02
2025-11-12 23:13:51.022573,0.0,57.08833333333331,67.81708333333336,device_01
2025-11-12 23:14:00.915295,0.0,56.693749999999966,67.83708333333337,device_03
2025-11-12 23:14:23.810644,0.0,58.39258333333333,68.85500000000003,device_04
2025-11-12 23:14:25.152227,0.0,57.410833333333336,68.20500000000004,device_05
2025-11-12 23:14:45.532483,0.0,57.13874999999995,67.72125000000007,device_02
2025-11-12 23:14:51.18971,0.0,56.90458333333331,67.80708333333335,device_01
2025-11-12 23:15:01.048675,0.0,56.700833333333314,67.84875000000002,device_03
2025-11-12 23:15:23.806286,0.0,58.39258333333332,68.85500000000003,device_04
2025-11-12 23:15:25.14604,0.0,57.41083333333333,68.20500000000004,device_05
2025-11-12 23:15:45.032531,0.0,57.137499999999946,67.70583333333339,device_02
2025-11-12 23:15:51.025765,0.0,56.90458333333331,67.80625000000002,device_01
2025-11-12 23:16:00.914987,0.0,56.72583333333331,67.84875000000004,device_03
2025-11-12 23:16:23.816456,0.0,58.39258333333333,68.85500000000003,device_04
2025-11-12 23:16:25.084691,0.0,57.410833333333336,68.20500000000004,device_05
2025-11-12 23:16:45.616104,0.0,57.16166666666663,67.71125000000006,device_02
2025-11-12 23:16:51.494319,0.0,57.47974999999999,68.09275000000004,device_01
2025-11-12 23:17:00.974322,0.0,56.67624999999998,67.83250000000002,device_03
2025-11-12 23:17:23.909247,0.0,58.39258333333333,68.85500000000003,device_04
2025-11-12 23:17:25.11691,0.0,57.410833333333336,68.20500000000004,device_05
2025-11-12 23:17:44.908066,0.0,57.13874999999995,67.71125000000006,device_02
2025-11-12 23:17:51.338681,0.0,57.47974999999999,68.08575000000003,device_01
2025-11-12 23:18:01.190433,0.0,56.70124999999998,67.83250000000004,device_03
2025-11-12 23:18:23.811574,0.0,58.37675000000001,68.85708333333336,device_04
2025-11-12 23:18:25.140678,0.0,57.41083333333335,68.20500000000004,device_05
2025-11-12 23:18:45.447196,0.0,57.14583333333328,67.69708333333341,device_02
2025-11-12 23:18:51.10053,0.0,57.47766666666666,68.09275000000004,device_01
2025-11-12 23:19:01.216494,0.0,56.72583333333331,67.84875000000002,device_03
2025-11-12 23:19:24.047969,0.0,58.37258333333333,68.85708333333338,device_04
2025-11-12 23:19:25.329135,0.0,57.41083333333335,68.20500000000004,device_05
2025-11-12 23:19:44.986924,0.0,57.137499999999946,67.7045833333334,device_02
2025-11-12 23:19:51.015132,0.0,57.465166666666654,68.09150000000004,device_01
2025-11-12 23:20:00.997238,0.0,56.70083333333329,67.85833333333336,device_03
2025-11-12 23:20:24.093403,0.0,58.36425000000001,68.86875000000005,device_04
2025-11-12 23:20:25.362799,0.0,57.41083333333335,68.20500000000004,device_05
2025-11-12 23:20:45.181183,0.0,57.13124999999995,67.72541666666672,device_02
2025-11-12 23:20:51.025293,0.0,57.465166666666654,68.0849166666667,device_01
2025-11-12 23:21:01.097188,0.0,56.71874999999997,67.83708333333337,device_03
2025-11-12 23:21:23.845478,0.0,58.36425,68.86875000000003,device_04
2025-11-12 23:21:25.312423,0.0,57.410833333333336,68.20500000000004,device_05
2025-11-12 23:21:44.90513,0.0,57.137499999999946,67.70708333333341,device_02
2025-11-12 23:21:50.948081,0.0,57.465166666666654,68.0849166666667,device_01
2025-11-12 23:22:01.439,0.0,56.6683333333333,67.8216666666667,device_03
2025-11-12 23:22:23.836043,0.0,58.36425,68.86875000000003,device_04
2025-11-12 23:22:25.147881,0.0,57.410833333333336,68.20500000000004,device_05
2025-11-12 23:22:45.061085,0.0,57.13874999999995,67.72000000000007,device_02
2025-11-12 23:22:51.547848,0.0,57.47975,68.09358333333337,device_01
2025-11-12 23:23:00.912488,0.0,56.64124999999997,67.83250000000004,device_03
2025-11-12 23:23:23.80932,0.0,58.36425,68.86875000000003,device_04
2025-11-12 23:23:25.251363,0.0,57.41083333333333,68.20625000000004,device_05
2025-11-12 23:23:45.064918,0.0,57.13874999999995,67.71875000000006,device_02
2025-11-12 23:24:00.874755,0.0,56.39708333333329,67.83500000000002,device_03
2025-11-12 23:24:23.853064,0.0,58.30591666666668,68.86875000000003,device_04
2025-11-12 23:24:25.208426,0.0,57.410833333333336,68.20625000000004,device_05
2025-11-12 23:24:44.917254,0.0,57.13124999999995,67.72541666666672,device_02
2025-11-12 23:25:23.848141,0.0,58.30591666666667,68.86875000000003,device_04
2025-11-12 23:25:25.129433,0.0,57.41083333333335,68.20625000000004,device_05
2025-11-12 23:26:25.600855,0.0,57.41083333333336,68.20625000000004,device_05
2025-11-12 23:28:51.017512,0.0,57.68641666666665,67.9981666666667,device_01
2025-11-12 23:29:50.943638,0.0,57.465166666666654,68.0906666666667,device_01
2025-11-12 23:30:00.902207,0.0,56.43583333333331,67.81125000000004,device_03
2025-11-12 23:30:45.521334,0.0,57.131249999999945,67.68666666666674,device_02
2025-11-12 23:30:50.947536,0.0,57.46516666666666,68.0906666666667,device_01
2025-11-12 23:31:01.059677,0.0,56.40333333333332,67.81208333333338,device_03
2025-11-12 23:31:23.820519,0.0,58.32383333333333,68.86625000000004,device_04
2025-11-12 23:31:44.896214,0.0,57.13124999999995,67.72541666666673,device_02
2025-11-12 23:31:51.043834,0.0,57.46516666666666,68.0906666666667,device_01
2025-11-12 23:32:00.934214,0.0,56.39999999999996,67.79208333333338,device_03
2025-11-12 23:32:23.760918,0.0,58.32383333333334,68.86875000000003,device_04
2025-11-12 23:32:25.173284,0.0,57.42833333333334,68.21458333333338,device_05
2025-11-12 23:32:44.930996,0.0,57.13124999999995,67.72541666666672,device_02
2025-11-12 23:32:51.196632,0.0,57.465166666666654,68.0919166666667,device_01
2025-11-12 23:33:00.883552,0.0,56.39999999999996,67.79208333333338,device_03
2025-11-12 23:33:24.123616,0.0,58.30591666666668,68.86875000000005,device_04
2025-11-12 23:33:25.115808,0.0,57.42833333333335,68.21458333333338,device_05
2025-11-12 23:33:45.047876,0.0,57.13874999999995,67.71875000000006,device_02
2025-11-12 23:33:51.473441,0.0,57.488916666666654,68.0906666666667,device_01
2025-11-12 23:34:00.937406,0.0,56.43416666666664,67.80041666666672,device_03
2025-11-12 23:34:23.862926,0.0,58.36425,68.86875000000003,device_04
2025-11-12 23:34:25.170013,0.0,57.42833333333333,68.21458333333338,device_05
2025-11-12 23:34:45.048804,0.0,57.129999999999946,67.71125000000008,device_02
2025-11-12 23:34:51.635582,0.0,57.465166666666654,68.0906666666667,device_01
2025-11-12 23:35:01.04767,0.0,56.42291666666664,67.80583333333338,device_03
2025-11-12 23:35:23.900186,0.0,58.31633333333334,68.86625000000004,device_04
2025-11-12 23:35:25.810164,0.0,57.39708333333335,68.33875000000003,device_05
2025-11-12 23:35:44.888916,0.0,57.13124999999995,67.75208333333339,device_02
2025-11-12 23:35:50.984298,0.0,57.488916666666654,68.0906666666667,device_01
2025-11-12 23:36:00.885369,0.0,56.43583333333331,67.81125000000003,device_03
2025-11-12 23:36:23.91027,0.0,58.32383333333333,68.86625000000004,device_04
2025-11-12 23:36:25.186411,0.0,57.39708333333334,68.33875000000005,device_05
2025-11-12 23:36:45.652527,0.0,57.04666666666662,67.76958333333337,device_02
2025-11-12 23:36:50.939533,0.0,57.46266666666666,68.0906666666667,device_01
2025-11-12 23:37:03.999122,0.0,56.44124999999998,67.81833333333337,device_03
2025-11-12 23:37:23.932259,0.0,58.32383333333333,68.86625000000005,device_04
2025-11-12 23:37:25.111495,0.0,57.39708333333335,68.33875000000005,device_05
2025-11-12 23:37:44.952406,0.0,56.763749999999945,67.71583333333338,device_02
2025-11-12 23:37:50.931794,0.0,57.46266666666666,68.0906666666667,device_01
2025-11-12 23:38:01.408395,0.0,56.43833333333331,67.81500000000005,device_03
2025-11-12 23:38:23.86492,0.0,58.31633333333333,68.86625000000005,device_04
2025-11-12 23:38:25.12344,0.0,57.39708333333335,68.33875000000005,device_05
2025-11-12 23:38:44.891632,0.0,56.76583333333328,67.73333333333339,device_02
2025-11-12 23:38:51.01623,0.0,57.488916666666654,68.08408333333337,device_01
2025-11-12 23:39:01.119469,0.0,56.43416666666664,67.80041666666672,device_03
2025-11-12 23:39:24.519416,0.0,58.32758333333333,68.86625000000004,device_04
2025-11-12 23:39:25.097161,0.0,57.36541666666667,68.33833333333335,device_05
2025-11-12 23:39:44.972605,0.0,56.76874999999996,67.74500000000006,device_02
2025-11-12 23:39:51.076072,0.0,57.486416666666656,68.08408333333337,device_01
2025-11-12 23:40:01.028186,0.0,56.4033333333333,67.81208333333338,device_03
2025-11-12 23:40:23.901021,0.0,58.327583333333344,68.86625000000004,device_04
2025-11-12 23:40:25.131537,0.0,57.36541666666667,68.33833333333335,device_05
2025-11-12 23:40:45.07881,0.0,56.76833333333329,67.74500000000005,device_02
2025-11-12 23:40:51.141512,0.0,57.48641666666665,68.09066666666669,device_01
2025-11-12 23:41:01.22414,0.0,56.41249999999998,67.82583333333336,device_03
2025-11-12 23:41:23.844667,0.0,58.32758333333333,68.86625000000004,device_04
2025-11-12 23:41:25.408619,0.0,57.36541666666668,68.33833333333335,device_05
2025-11-12 23:41:45.003412,0.0,57.04666666666662,67.76958333333339,device_02
2025-11-12 23:41:51.082534,0.0,57.488916666666654,68.0906666666667,device_01
2025-11-12 23:42:01.207791,0.0,56.43583333333331,67.8279166666667,device_03
2025-11-12 23:42:23.965743,0.0,58.32758333333333,68.86625000000002,device_04
2025-11-12 23:42:25.149816,0.0,57.36541666666668,68.33833333333335,device_05
2025-11-12 23:42:45.103286,0.0,56.818749999999945,67.73500000000007,device_02
2025-11-12 23:42:50.987297,0.0,57.46516666666665,68.0906666666667,device_01
2025-11-12 23:43:01.661202,0.0,56.42874999999998,67.81833333333337,device_03
2025-11-12 23:43:24.215931,0.0,58.32758333333333,68.86625000000002,device_04
2025-11-12 23:43:25.131952,0.0,57.36541666666667,68.33833333333335,device_05
2025-11-12 23:43:45.00658,0.0,57.04708333333328,67.7708333333334,device_02
2025-11-12 23:43:50.993592,0.0,57.46266666666665,68.0906666666667,device_01
2025-11-12 23:44:00.95149,0.0,56.43833333333331,67.80125000000004,device_03
2025-11-12 23:44:23.841748,0.0,58.32758333333333,68.86625000000004,device_04
2025-11-12 23:44:25.259934,0.0,57.25999999999999,68.33833333333335,device_05
2025-11-12 23:44:45.036878,0.0,57.05624999999996,67.7708333333334,device_02
2025-11-12 23:44:51.036049,0.0,57.46266666666666,68.0906666666667,device_01
2025-11-12 23:45:01.793636,0.0,56.397916666666646,67.82583333333338,device_03
2025-11-12 23:45:23.977579,0.0,58.32758333333333,68.86625000000004,device_04
2025-11-12 23:45:25.213233,0.0,57.25749999999999,68.3341666666667,device_05
2025-11-12 23:45:45.199218,0.0,56.75999999999995,67.71875000000006,device_02
2025-11-12 23:45:50.99851,0.0,57.486416666666656,68.0906666666667,device_01
2025-11-12 23:46:00.926599,0.0,56.41916666666664,67.81500000000004,device_03
2025-11-12 23:46:23.824414,0.0,58.36425,68.86875000000003,device_04
2025-11-12 23:46:25.154122,0.0,57.2575,68.33416666666669,device_05
2025-11-12 23:46:44.978884,0.0,57.03249999999996,67.7545833333334,device_02
2025-11-12 23:46:51.213968,0.0,57.46266666666666,68.0840833333334,device_01
2025-11-12 23:47:01.146658,0.0,56.41833333333332,67.85750000000003,device_03
2025-11-12 23:47:23.951285,0.0,58.36425,68.86875000000005,device_04
2025-11-12 23:47:25.153243,0.0,57.27041666666666,68.33416666666669,device_05
2025-11-12 23:47:45.004301,0.0,57.19916666666665,67.98758333333339,device_02
2025-11-12 23:47:51.176234,0.0,57.465166666666654,68.08408333333337,device_01
2025-11-12 23:48:00.983432,0.0,56.41083333333332,67.85333333333335,device_03
2025-11-12 23:48:24.004493,0.0,58.38050000000001,68.88750000000003,device_04
2025-11-12 23:48:25.224321,0.0,57.37583333333334,68.33416666666668,device_05
2025-11-12 23:48:45.856893,0.0,56.83374999999995,67.74083333333338,device_02
2025-11-12 23:48:51.010761,0.0,57.46708333333333,68.08075000000004,device_01
2025-11-12 23:49:01.904901,0.0,56.413749999999965,67.86333333333337,device_03
2025-11-12 23:49:23.862151,0.0,58.380500000000005,68.88750000000003,device_04
2025-11-12 23:49:25.108267,0.0,57.37583333333334,68.33416666666669,device_05
2025-11-12 23:49:45.148247,0.0,57.08374999999997,67.76666666666674,device_02
2025-11-12 23:49:51.265357,0.0,57.48124999999999,68.08408333333337,device_01
2025-11-12 23:50:01.050204,0.0,56.80316666666667,68.08450000000003,device_03
2025-11-12 23:50:23.834612,0.0,58.380500000000005,68.88750000000003,device_04
2025-11-12 23:50:25.093871,0.0,57.37583333333334,68.33416666666669,device_05
2025-11-12 23:50:45.517899,0.0,56.84249999999995,67.7308333333334,device_02
2025-11-12 23:50:51.103341,0.0,57.43083333333331,68.09033333333338,device_01
2025-11-12 23:51:00.931181,0.0,56.406666666666645,67.84666666666669,device_03
2025-11-12 23:51:23.822905,0.0,58.380500000000005,68.88750000000003,device_04
2025-11-12 23:51:25.093632,0.0,57.407500000000006,68.33458333333337,device_05
2025-11-12 23:51:45.418904,0.0,56.871249999999954,67.7295833333334,device_02
2025-11-12 23:51:51.0523,0.0,57.42999999999999,68.09033333333338,device_01
2025-11-12 23:52:00.922892,0.0,56.43041666666663,67.85083333333337,device_03
2025-11-12 23:52:24.171232,0.0,58.38050000000001,68.88750000000003,device_04
2025-11-12 23:52:25.243599,0.0,57.407500000000006,68.33458333333337,device_05
2025-11-12 23:52:45.318681,0.0,56.842499999999966,67.7308333333334,device_02
2025-11-12 23:52:50.991705,0.0,57.40333333333332,68.09575000000004,device_01
2025-11-12 23:53:01.124591,0.0,56.67666666666664,67.86625000000002,device_03
2025-11-12 23:53:23.981464,0.0,58.38049999999999,68.88875000000004,device_04
2025-11-12 23:53:25.453667,0.0,57.42833333333334,68.21458333333338,device_05
2025-11-12 23:53:45.093285,0.0,57.08874999999996,67.76666666666674,device_02
2025-11-12 23:53:51.1439,0.0,57.40499999999998,68.10158333333338,device_01
2025-11-12 23:54:04.014413,0.0,56.73583333333331,67.88958333333333,device_03
2025-11-12 23:54:24.591125,0.0,58.380500000000005,68.88875000000003,device_04
2025-11-12 23:54:25.147126,0.0,57.42833333333334,68.21458333333338,device_05
2025-11-12 23:54:44.950565,0.0,57.12916666666664,67.76916666666672,device_02
2025-11-12 23:54:51.079327,0.0,57.404166666666654,68.10158333333338,device_01
2025-11-12 23:55:01.601521,0.0,56.73791666666665,67.87416666666668,device_03
2025-11-12 23:55:24.123111,0.0,58.380500000000005,68.88875000000003,device_04
2025-11-12 23:55:25.294055,0.0,57.42833333333334,68.21458333333338,device_05
2025-11-12 23:55:44.978646,0.0,56.91458333333328,67.73333333333339,device_02
2025-11-12 23:55:50.908285,0.0,57.40458333333331,68.10033333333337,device_01
2025-11-12 23:56:00.908354,0.0,56.69791666666666,67.85083333333337,device_03
2025-11-12 23:56:23.784042,0.0,58.380500000000005,68.88875000000003,device_04
2025-11-12 23:56:25.069074,0.0,57.410833333333336,68.20625000000004,device_05
2025-11-12 23:56:45.2072,0.0,56.91458333333328,67.73333333333339,device_02
2025-11-12 23:56:51.297204,0.0,57.404166666666654,68.10158333333338,device_01
2025-11-12 23:57:06.159983,0.0,56.73624999999996,67.88000000000002,device_03
2025-11-12 23:57:23.938747,0.0,58.380500000000005,68.88875000000003,device_04
2025-11-12 23:57:25.189233,0.0,57.46,68.25833333333338,device_05
2025-11-12 23:57:45.539932,0.0,57.08374999999997,67.76666666666674,device_02
2025-11-12 23:57:50.94085,0.0,57.405,68.10158333333338,device_01
2025-11-12 23:58:01.612765,0.0,56.711666666666645,67.86375000000002,device_03
2025-11-12 23:58:24.612335,0.0,58.380500000000005,68.88875000000003,device_04
2025-11-12 23:58:25.240984,0.0,57.46000000000001,68.25833333333338,device_05
2025-11-12 23:58:45.159177,0.0,56.87124999999996,67.7308333333334,device_02
2025-11-12 23:58:50.933807,0.0,57.40333333333332,68.09116666666671,device_01
2025-11-12 23:59:00.915853,0.0,56.43833333333331,67.85083333333336,device_03
2025-11-12 23:59:24.066218,0.0,58.380500000000005,68.88750000000003,device_04
2025-11-12 23:59:25.384772,0.0,57.46000000000001,68.25708333333337,device_05
2025-11-12 23:59:44.912106,0.0,57.08374999999997,67.76666666666672,device_02
2025-11-12 23:59:51.547103,0.0,57.40374999999998,68.08991666666671,device_01
2025-11-13 00:00:01.540436,0.0,56.35791666666662,67.47625000000005,device_03
2025-11-13 00:00:24.047284,0.0,58.37624999999999,68.65158333333339,device_04
2025-11-13 00:00:25.210165,0.0,57.34124999999999,67.59416666666674,device_05
2025-11-13 00:00:44.925259,0.0,56.847499999999954,67.41750000000003,device_02
2025-11-13 00:00:50.932011,0.0,58.2755,68.18316666666676,device_01
2025-11-13 00:01:01.011524,0.0,56.34041666666661,67.45583333333337,device_03
2025-11-13 00:01:23.781521,0.0,58.37624999999999,68.6515833333334,device_04
2025-11-13 00:01:25.240204,0.0,57.34125,67.59416666666674,device_05
2025-11-13 00:01:44.856202,0.0,56.84749999999995,67.41750000000003,device_02
2025-11-13 00:01:50.910795,0.0,57.58941666666663,67.98341666666674,device_01
2025-11-13 00:02:01.323758,0.0,56.37416666666663,67.45000000000006,device_03
2025-11-13 00:02:24.575231,0.0,58.37416666666666,68.65866666666675,device_04
2025-11-13 00:02:25.135302,0.0,57.32833333333333,67.59416666666674,device_05
2025-11-13 00:02:44.863194,0.0,57.042083333333295,67.43250000000003,device_02
2025-11-13 00:02:50.917862,0.0,57.4248333333333,67.77766666666673,device_01
2025-11-13 00:03:00.951236,0.0,56.3920833333333,67.4358333333334,device_03
2025-11-13 00:03:24.047605,0.0,58.37416666666665,68.6515833333334,device_04
2025-11-13 00:03:25.335081,0.0,57.33083333333333,67.59416666666675,device_05
2025-11-13 00:03:44.884925,0.0,57.10958333333328,67.43250000000003,device_02
2025-11-13 00:03:51.075693,0.0,57.42024999999996,67.78641666666672,device_01
2025-11-13 00:04:00.934351,0.0,56.59874999999997,67.46833333333339,device_03
2025-11-13 00:04:23.914657,0.0,58.37624999999999,68.6515833333334,device_04
2025-11-13 00:04:25.767902,0.0,57.33083333333334,67.59416666666674,device_05
2025-11-13 00:04:44.905078,0.0,57.10958333333329,67.43250000000003,device_02
2025-11-13 00:04:50.926995,0.0,57.27108333333329,67.74075000000006,device_01
2025-11-13 00:05:00.894185,0.0,56.37416666666663,67.44708333333338,device_03
2025-11-13 00:05:24.519196,0.0,58.37624999999999,68.65158333333339,device_04
2025-11-13 00:05:25.112301,0.0,57.33083333333333,67.59416666666674,device_05
2025-11-13 00:05:45.108404,0.0,57.10958333333329,67.43250000000002,device_02
2025-11-13 00:05:51.028091,0.0,57.043749999999946,67.4120833333334,device_01
2025-11-13 00:06:01.238448,0.0,56.63083333333329,67.46833333333339,device_03
2025-11-13 00:06:24.44493,0.0,58.37624999999999,68.65158333333339,device_04
2025-11-13 00:06:25.160976,0.0,57.33083333333333,67.59416666666675,device_05
2025-11-13 00:06:44.821436,0.0,57.10958333333329,67.43250000000003,device_02
2025-11-13 00:06:50.948084,0.0,57.26399999999998,67.73825000000006,device_01
2025-11-13 00:07:00.952705,0.0,56.33833333333328,67.43000000000008,device_03
2025-11-13 00:07:24.346877,0.0,58.38208333333331,68.6453333333334,device_04
2025-11-13 00:07:25.089072,0.0,57.33083333333333,67.59416666666675,device_05
2025-11-13 00:07:44.861771,0.0,56.89458333333327,67.42000000000003,device_02
2025-11-13 00:07:50.90855,0.0,56.77208333333326,67.42000000000003,device_01
2025-11-13 00:08:05.676396,0.0,56.31958333333328,67.44000000000008,device_03
2025-11-13 00:08:24.662269,0.0,58.399999999999984,68.64533333333341,device_04
2025-11-13 00:08:25.09399,0.0,57.33083333333333,67.59416666666675,device_05
2025-11-13 00:08:44.880231,0.0,57.10958333333328,67.43250000000003,device_02
2025-11-13 00:08:51.059329,0.0,56.77083333333326,67.42000000000004,device_01
2025-11-13 00:09:00.88607,0.0,56.59708333333329,67.4570833333334,device_03
2025-11-13 00:09:24.095661,0.0,58.399999999999984,68.64533333333341,device_04
2025-11-13 00:09:25.80076,0.0,57.33083333333334,67.59416666666674,device_05
2025-11-13 00:09:44.867745,0.0,57.345666666666645,67.75950000000006,device_02
2025-11-13 00:09:51.040765,0.0,56.840416666666606,67.42750000000005,device_01
2025-11-13 00:10:00.987187,0.0,56.619999999999976,67.46833333333339,device_03
2025-11-13 00:10:23.972406,0.0,58.399999999999984,68.6453333333334,device_04
2025-11-13 00:10:25.128839,0.0,57.33083333333334,67.59416666666674,device_05
2025-11-13 00:10:44.939611,0.0,57.10958333333329,67.43250000000003,device_02
2025-11-13 00:10:50.882369,0.0,56.8404166666666,67.42750000000005,device_01
2025-11-13 00:11:01.079374,0.0,56.31958333333327,67.43000000000008,device_03
2025-11-13 00:11:23.778475,0.0,58.36333333333332,68.6453333333334,device_04
2025-11-13 00:11:25.346468,0.0,57.33083333333334,67.59416666666674,device_05
2025-11-13 00:11:44.822346,0.0,56.92083333333328,67.4329166666667,device_02
2025-11-13 00:11:50.919961,0.0,56.73249999999993,67.42708333333339,device_01
2025-11-13 00:12:00.930133,0.0,56.57999999999996,67.45416666666672,device_03
2025-11-13 00:12:23.827507,0.0,58.36333333333332,68.64533333333341,device_04
2025-11-13 00:12:25.070027,0.0,57.33083333333333,67.59416666666674,device_05
2025-11-13 00:12:44.821449,0.0,57.31941666666665,67.75950000000006,device_02
2025-11-13 00:12:51.465453,0.0,56.8241666666666,67.42750000000005,device_01
2025-11-13 00:13:01.273212,0.0,56.60666666666663,67.47208333333339,device_03
2025-11-13 00:13:23.82535,0.0,58.399999999999984,68.64533333333341,device_04
2025-11-13 00:13:25.060103,0.0,57.33083333333334,67.59416666666675,device_05
2025-11-13 00:13:44.836256,0.0,57.10374999999996,67.41833333333338,device_02
2025-11-13 00:13:50.937478,0.0,56.7316666666666,67.42708333333339,device_01
2025-11-13 00:14:01.188543,0.0,56.589583333333294,67.46833333333338,device_03
2025-11-13 00:14:23.919857,0.0,58.399999999999984,68.6453333333334,device_04
2025-11-13 00:14:25.070786,0.0,57.33083333333335,67.59416666666674,device_05
2025-11-13 00:14:44.832565,0.0,57.1791666666666,67.43375000000003,device_02
2025-11-13 00:14:50.922858,0.0,56.81458333333327,67.42750000000005,device_01
2025-11-13 00:15:01.211251,0.0,56.54291666666663,67.46250000000005,device_03
2025-11-13 00:15:24.639911,0.0,58.39999999999997,68.6453333333334,device_04
2025-11-13 00:15:25.263006,0.0,57.33083333333333,67.59416666666674,device_05
2025-11-13 00:15:44.957222,0.0,56.89458333333327,67.42000000000003,device_02
2025-11-13 00:15:50.928237,0.0,56.81458333333328,67.42750000000005,device_01
2025-11-13 00:16:02.740371,0.0,56.35583333333327,67.43000000000006,device_03
2025-11-13 00:16:24.282909,0.0,58.399999999999984,68.6453333333334,device_04
2025-11-13 00:16:25.290117,0.0,57.33083333333333,67.59416666666675,device_05
2025-11-13 00:16:44.850355,0.0,57.17916666666662,67.43375000000002,device_02
2025-11-13 00:16:50.958529,0.0,57.16066666666663,67.75700000000008,device_01
2025-11-13 00:17:01.323138,0.0,56.5895833333333,67.46833333333339,device_03
2025-11-13 00:17:24.319441,0.0,58.399999999999984,68.6453333333334,device_04
2025-11-13 00:17:25.514493,0.0,57.33083333333334,67.59416666666675,device_05
2025-11-13 00:17:45.009136,0.0,57.17916666666662,67.43375000000003,device_02
2025-11-13 00:17:50.861181,0.0,56.7316666666666,67.42708333333339,device_01
2025-11-13 00:18:01.140192,0.0,56.36458333333329,67.44000000000007,device_03
2025-11-13 00:18:23.748826,0.0,58.399999999999984,68.64533333333343,device_04
2025-11-13 00:18:25.110836,0.0,57.28541666666666,67.59916666666675,device_05
2025-11-13 00:18:45.354285,0.0,57.135833333333295,67.4454166666667,device_02
2025-11-13 00:18:50.89028,0.0,57.16066666666663,67.75700000000006,device_01
2025-11-13 00:19:01.433404,0.0,56.53249999999996,67.45875000000005,device_03
2025-11-13 00:19:23.849153,0.0,58.39999999999999,68.6453333333334,device_04
2025-11-13 00:19:25.622701,0.0,57.28541666666666,67.59916666666675,device_05
2025-11-13 00:19:44.802136,0.0,56.92083333333328,67.4329166666667,device_02
2025-11-13 00:19:53.82224,0.0,56.8241666666666,67.43125000000005,device_01
2025-11-13 00:20:00.837914,0.0,56.35958333333328,67.43000000000008,device_03
2025-11-13 00:20:23.850739,0.0,58.36333333333332,68.64533333333341,device_04
2025-11-13 00:20:25.225531,0.0,57.28541666666666,67.59916666666675,device_05
2025-11-13 00:20:44.930435,0.0,56.92083333333328,67.4304166666667,device_02
2025-11-13 00:21:01.131044,0.0,56.589583333333294,67.47125000000004,device_03
2025-11-13 00:21:23.883036,0.0,58.399999999999984,68.6453333333334,device_04
2025-11-13 00:21:25.645415,0.0,57.28541666666666,67.59916666666675,device_05
2025-11-13 00:21:45.131887,0.0,56.920833333333285,67.4329166666667,device_02
2025-11-13 00:22:00.960078,0.0,56.59708333333329,67.4570833333334,device_03
2025-11-13 00:22:23.999502,0.0,58.40208333333332,68.63825000000006,device_04
2025-11-13 00:22:25.15881,0.0,57.28541666666666,67.59916666666675,device_05
2025-11-13 00:22:44.997159,0.0,57.10958333333329,67.43250000000003,device_02
2025-11-13 00:23:00.938438,0.0,56.36166666666664,67.45000000000006,device_03
2025-11-13 00:23:24.214619,0.0,59.57216666666669,69.5818333333333,device_04
2025-11-13 00:23:25.760289,0.0,57.30291666666666,67.60750000000009,device_05
2025-11-13 00:23:44.969286,0.0,56.847499999999954,67.41750000000003,device_02
2025-11-13 00:24:01.268707,0.0,56.59708333333329,67.46000000000006,device_03
2025-11-13 00:24:24.40655,0.0,58.37624999999999,68.6503333333334,device_04
2025-11-13 00:24:25.347889,0.0,61.183750000000046,70.05999999999992,device_05
2025-11-13 00:24:44.815682,0.0,57.06083333333329,67.43000000000002,device_02
2025-11-13 00:25:23.852017,0.0,58.37624999999999,68.65200000000006,device_04
2025-11-13 00:25:25.267918,0.0,61.228333333333374,70.16708333333327,device_05
2025-11-13 00:26:25.872122,0.0,57.24583333333333,67.71208333333341,device_05
2025-11-13 00:30:01.130749,0.0,56.816666666666606,67.48750000000005,device_03
2025-11-13 00:30:45.206399,0.0,57.21441666666665,67.78441666666673,device_02
2025-11-13 00:31:01.211704,0.0,56.73374999999994,67.49000000000005,device_03
2025-11-13 00:31:24.557359,0.0,58.31958333333332,68.66550000000005,device_04
2025-11-13 00:31:45.088845,0.0,56.98416666666662,67.44125000000003,device_02
2025-11-13 00:32:01.038942,0.0,56.73333333333326,67.47375000000004,device_03
2025-11-13 00:32:24.466307,0.0,58.31958333333332,68.66550000000008,device_04
2025-11-13 00:32:25.129164,0.0,57.24208333333332,67.98666666666672,device_05
2025-11-13 00:32:44.891338,0.0,56.79958333333328,67.4166666666667,device_02
2025-11-13 00:33:01.140613,0.0,56.733333333333256,67.47375000000005,device_03
2025-11-13 00:33:23.885424,0.0,58.31958333333333,68.66550000000005,device_04
2025-11-13 00:33:25.281,0.0,57.25249999999999,68.00458333333337,device_05
2025-11-13 00:33:45.121353,0.0,56.97374999999995,67.4204166666667,device_02
2025-11-13 00:34:00.983155,0.0,56.73333333333326,67.49125000000005,device_03
2025-11-13 00:34:24.432174,0.0,58.31958333333332,68.66550000000007,device_04
2025-11-13 00:34:25.199601,0.0,57.25249999999998,68.00458333333337,device_05
2025-11-13 00:34:44.897479,0.0,56.77208333333326,67.4079166666667,device_02
2025-11-13 00:35:00.900789,0.0,56.733333333333256,67.47375000000005,device_03
2025-11-13 00:35:23.865245,0.0,58.30958333333332,68.66550000000008,device_04
2025-11-13 00:35:25.156727,0.0,57.27958333333333,68.08375000000005,device_05
2025-11-13 00:35:44.871165,0.0,56.77208333333328,67.4079166666667,device_02
2025-11-13 00:36:00.917067,0.0,56.733333333333256,67.47375000000005,device_03
2025-11-13 00:36:24.38435,0.0,58.31958333333332,68.66550000000007,device_04
2025-11-13 00:36:25.428191,0.0,57.27958333333333,68.08375000000005,device_05
2025-11-13 00:36:44.905623,0.0,56.809999999999945,67.41416666666672,device_02
2025-11-13 00:37:00.945757,0.0,56.81624999999994,67.43875000000006,device_03
2025-11-13 00:37:24.052317,0.0,58.33799999999999,68.6788333333334,device_04
2025-11-13 00:37:25.274395,0.0,57.27958333333333,68.07333333333338,device_05
2025-11-13 00:37:44.920514,0.0,56.79666666666662,67.3941666666667,device_02
2025-11-13 00:38:01.054957,0.0,56.73333333333326,67.47375000000005,device_03
2025-11-13 00:38:24.190542,0.0,58.28208333333333,68.66550000000008,device_04
2025-11-13 00:38:25.198506,0.0,57.29333333333333,68.07333333333338,device_05
2025-11-13 00:38:45.503439,0.0,56.7966666666666,67.40000000000005,device_02
2025-11-13 00:39:01.012063,0.0,56.73333333333326,67.47375000000005,device_03
2025-11-13 00:39:23.859548,0.0,58.19766666666666,68.71366666666675,device_04
2025-11-13 00:39:25.210752,0.0,57.25666666666667,68.11083333333339,device_05
2025-11-13 00:39:45.149693,0.0,56.79666666666662,67.40000000000005,device_02
2025-11-13 00:40:00.988427,0.0,56.733333333333256,67.47375000000005,device_03
2025-11-13 00:40:23.855278,0.0,58.160916666666665,68.70033333333339,device_04
2025-11-13 00:40:26.359201,0.0,57.28708333333333,68.1229166666667,device_05
2025-11-13 00:40:45.04722,0.0,57.03083333333329,67.4291666666667,device_02
2025-11-13 00:41:00.893644,0.0,56.81624999999994,67.43875000000006,device_03
2025-11-13 00:41:23.860096,0.0,58.19766666666666,68.71241666666674,device_04
2025-11-13 00:41:25.20686,0.0,57.287083333333314,68.10625000000003,device_05
2025-11-13 00:41:44.97058,0.0,57.04708333333329,67.42666666666672,device_02
2025-11-13 00:42:00.960818,0.0,57.162333333333294,67.76825000000007,device_03
2025-11-13 00:42:24.061879,0.0,58.19766666666666,68.71366666666675,device_04
2025-11-13 00:42:25.136099,0.0,57.24125000000001,68.09541666666671,device_05
2025-11-13 00:42:44.911349,0.0,57.243583333333305,67.79025000000006,device_02
2025-11-13 00:43:01.024609,0.0,56.73333333333326,67.43833333333338,device_03
2025-11-13 00:43:23.8522,0.0,58.19391666666667,68.71908333333342,device_04
2025-11-13 00:43:25.158038,0.0,57.29333333333332,68.05791666666671,device_05
2025-11-13 00:43:45.091443,0.0,57.36191666666666,67.81700000000006,device_02
2025-11-13 00:44:00.928125,0.0,56.73333333333326,67.43833333333339,device_03
2025-11-13 00:44:23.884737,0.0,58.183083333333336,68.71866666666673,device_04
2025-11-13 00:44:25.37165,0.0,57.25666666666667,68.09541666666672,device_05
2025-11-13 00:44:45.002925,0.0,57.3223333333333,67.80408333333341,device_02
2025-11-13 00:45:00.899414,0.0,56.82958333333327,67.43250000000005,device_03
2025-11-13 00:45:23.903617,0.0,58.18308333333334,68.71866666666673,device_04
2025-11-13 00:45:25.209298,0.0,57.23583333333334,68.07875000000006,device_05
2025-11-13 00:45:44.948673,0.0,57.35899999999999,67.85825000000008,device_02
2025-11-13 00:46:01.148992,0.0,57.162333333333294,67.76825000000007,device_03
2025-11-13 00:46:23.815467,0.0,58.183083333333336,68.71866666666673,device_04
2025-11-13 00:46:26.142801,0.0,57.258750000000006,68.09541666666671,device_05
2025-11-13 00:46:44.883881,0.0,57.334416666666655,67.8353333333334,device_02
2025-11-13 00:47:00.952018,0.0,57.33191666666662,67.80266666666672,device_03
2025-11-13 00:47:23.898513,0.0,58.1735,68.71866666666673,device_04
2025-11-13 00:47:25.360376,0.0,57.20583333333335,68.07875000000004,device_05
2025-11-13 00:47:45.073364,0.0,57.344416666666646,67.82866666666673,device_02
2025-11-13 00:48:02.619135,0.0,57.33191666666663,67.79600000000008,device_03
2025-11-13 00:48:23.821849,0.0,58.58683333333336,69.01891666666674,device_04
2025-11-13 00:48:25.298996,0.0,57.14291666666667,68.06041666666671,device_05
2025-11-13 00:48:45.018155,0.0,57.33941666666666,67.81700000000006,device_02
2025-11-13 00:49:01.078552,0.0,57.33191666666662,67.79600000000006,device_03
2025-11-13 00:49:23.845278,0.0,58.58308333333337,69.01891666666674,device_04
2025-11-13 00:49:25.210783,0.0,57.160833333333336,68.0545833333334,device_05
2025-11-13 00:49:45.042376,0.0,57.35899999999998,67.85741666666677,device_02
2025-11-13 00:50:01.083995,0.0,57.37691666666664,67.95683333333338,device_03
2025-11-13 00:50:24.478319,0.0,58.60100000000003,69.01766666666677,device_04
2025-11-13 00:50:25.139132,0.0,57.14666666666667,68.10750000000002,device_05
2025-11-13 00:50:44.887759,0.0,57.36191666666666,67.82366666666672,device_02
2025-11-13 00:51:00.909731,0.0,57.30899999999997,67.85183333333337,device_03
2025-11-13 00:51:23.846179,0.0,58.60100000000003,69.01766666666676,device_04
2025-11-13 00:51:25.164587,0.0,57.14666666666668,68.10750000000002,device_05
2025-11-13 00:51:44.908617,0.0,57.33941666666666,67.81700000000006,device_02
2025-11-13 00:52:00.982858,0.0,57.3323333333333,67.80266666666672,device_03
2025-11-13 00:52:24.390187,0.0,58.56425000000003,69.00433333333342,device_04
2025-11-13 00:52:25.30021,0.0,57.17250000000001,68.10750000000003,device_05
2025-11-13 00:52:44.929901,0.0,57.35899999999998,67.85825000000007,device_02
2025-11-13 00:53:01.209853,0.0,57.33316666666662,67.79600000000006,device_03
2025-11-13 00:53:23.898457,0.0,58.60100000000003,69.01641666666676,device_04
2025-11-13 00:53:25.141556,0.0,57.12083333333333,68.10750000000002,device_05
2025-11-13 00:53:44.874165,0.0,57.36191666666666,67.81700000000006,device_02
2025-11-13 00:54:01.388832,0.0,57.33233333333329,67.80266666666674,device_03
2025-11-13 00:54:24.077558,0.0,58.60100000000002,69.01933333333342,device_04
2025-11-13 00:54:25.161016,0.0,57.14666666666667,68.09750000000003,device_05
2025-11-13 00:54:45.077166,0.0,57.35899999999998,67.85741666666675,device_02
2025-11-13 00:55:01.1974,0.0,57.40191666666664,67.79516666666672,device_03
2025-11-13 00:55:23.828595,0.0,58.58975000000003,69.01891666666675,device_04
2025-11-13 00:55:25.265614,0.0,57.17249999999999,68.09750000000003,device_05
2025-11-13 00:55:45.065841,0.0,57.35899999999998,67.86575000000008,device_02
2025-11-13 00:56:01.130567,0.0,57.38733333333329,67.79516666666674,device_03
2025-11-13 00:56:23.812897,0.0,58.58308333333336,69.01891666666675,device_04
2025-11-13 00:56:25.452654,0.0,57.22791666666668,68.0329166666667,device_05
2025-11-13 00:56:44.942109,0.0,57.35899999999998,67.86575000000008,device_02
2025-11-13 00:57:01.112633,0.0,57.3873333333333,67.79516666666674,device_03
2025-11-13 00:57:23.856084,0.0,58.58308333333337,69.01891666666674,device_04
2025-11-13 00:57:25.15965,0.0,57.11499999999999,68.06166666666671,device_05
2025-11-13 00:57:44.904359,0.0,57.35691666666665,67.86116666666675,device_02
2025-11-13 00:58:00.955289,0.0,57.40191666666664,67.80266666666674,device_03
2025-11-13 00:58:24.061497,0.0,58.57058333333336,69.00225000000009,device_04
2025-11-13 00:58:25.151147,0.0,57.10666666666666,68.05750000000003,device_05
2025-11-13 00:58:45.519747,0.0,57.48124999999998,67.89158333333341,device_02
2025-11-13 00:59:00.950094,0.0,57.38899999999997,67.79516666666674,device_03
2025-11-13 00:59:23.819869,0.0,58.56683333333336,69.00225000000009,device_04
2025-11-13 00:59:25.464517,0.0,57.1325,68.05750000000005,device_05
2025-11-13 00:59:44.997896,0.0,57.49666666666664,67.96533333333343,device_02
2025-11-13 01:00:01.069553,0.0,57.3873333333333,67.79516666666673,device_03
2025-11-13 01:00:24.167053,0.0,58.62108333333336,69.03458333333343,device_04
2025-11-13 01:00:25.14639,0.0,57.22916666666667,67.93458333333336,device_05
2025-11-13 01:00:45.506346,0.0,57.46124999999997,67.9940833333334,device_02
2025-11-13 01:01:01.090782,0.0,57.38899999999998,67.8018333333334,device_03
2025-11-13 01:01:23.84712,0.0,58.621083333333374,69.03458333333344,device_04
2025-11-13 01:01:25.157637,0.0,57.20291666666667,68.00083333333338,device_05
2025-11-13 01:01:44.961141,0.0,57.488749999999975,67.98741666666675,device_02
2025-11-13 01:02:01.061593,0.0,57.38816666666664,67.79516666666673,device_03
2025-11-13 01:02:23.818295,0.0,58.65150000000003,69.08516666666678,device_04
2025-11-13 01:02:25.499197,0.0,57.21125000000001,68.00500000000005,device_05
2025-11-13 01:02:45.444605,0.0,57.474583333333314,68.00366666666675,device_02
2025-11-13 01:03:01.061155,0.0,57.41274999999996,67.8018333333334,device_03
2025-11-13 01:03:23.834453,0.0,58.62733333333336,69.08683333333344,device_04
2025-11-13 01:03:25.252057,0.0,57.0875,67.72250000000004,device_05
2025-11-13 01:03:44.878051,0.0,57.51583333333329,68.05525000000007,device_02
2025-11-13 01:04:01.192673,0.0,57.3873333333333,67.79516666666673,device_03
2025-11-13 01:04:23.834437,0.0,58.65400000000003,69.0835000000001,device_04
2025-11-13 01:04:25.373513,0.0,57.07749999999999,67.7191666666667,device_05
2025-11-13 01:04:45.478743,0.0,57.61116666666664,68.1048333333334,device_02
2025-11-13 01:05:01.01851,0.0,57.39066666666663,67.79516666666673,device_03
2025-11-13 01:05:23.814962,0.0,58.65150000000003,69.08516666666678,device_04
2025-11-13 01:05:25.146025,0.0,57.07749999999999,67.7191666666667,device_05
2025-11-13 01:05:44.949946,0.0,57.527499999999975,68.11733333333342,device_02
2025-11-13 01:06:00.931554,0.0,57.41691666666664,67.79266666666673,device_03
2025-11-13 01:06:23.834289,0.0,58.648166666666704,69.06850000000011,device_04
2025-11-13 01:06:25.14541,0.0,57.0775,67.7191666666667,device_05
2025-11-13 01:06:45.064884,0.0,58.06441666666666,68.23425000000009,device_02
2025-11-13 01:07:01.062036,0.0,57.421499999999966,67.80183333333339,device_03
2025-11-13 01:07:23.89279,0.0,58.65150000000003,69.08516666666678,device_04
2025-11-13 01:07:25.389306,0.0,57.15958333333334,67.88708333333335,device_05
2025-11-13 01:07:45.003415,0.0,57.45874999999997,67.99325000000007,device_02
2025-11-13 01:08:00.999308,0.0,57.375249999999966,67.79516666666673,device_03
2025-11-13 01:08:24.412236,0.0,58.6531666666667,69.08350000000011,device_04
2025-11-13 01:08:25.227021,0.0,57.25750000000001,67.97625000000002,device_05
2025-11-13 01:08:45.054295,0.0,57.75866666666665,68.12150000000008,device_02
2025-11-13 01:09:00.974665,0.0,57.421499999999966,67.79516666666673,device_03
2025-11-13 01:09:24.016543,0.0,58.65150000000003,69.08516666666678,device_04
2025-11-13 01:09:25.218403,0.0,57.10916666666667,68.1054166666667,device_05
2025-11-13 01:09:45.166924,0.0,57.515833333333305,68.06816666666674,device_02
2025-11-13 01:10:01.105336,0.0,57.421499999999966,67.79141666666673,device_03
2025-11-13 01:10:23.870899,0.0,58.660250000000026,69.08516666666678,device_04
2025-11-13 01:10:25.144659,0.0,57.135,68.1054166666667,device_05
2025-11-13 01:10:45.193411,0.0,57.49749999999997,68.06691666666674,device_02
2025-11-13 01:11:01.321374,0.0,57.42149999999998,67.79516666666673,device_03
2025-11-13 01:11:23.927082,0.0,58.65400000000003,69.0835000000001,device_04
2025-11-13 01:11:25.143189,0.0,57.21625,68.04083333333335,device_05
2025-11-13 01:11:44.899353,0.0,57.75866666666665,68.1245833333334,device_02
2025-11-13 01:12:01.180037,0.0,57.42149999999998,67.79266666666673,device_03
2025-11-13 01:12:23.80693,0.0,58.648166666666704,69.0685000000001,device_04
2025-11-13 01:12:25.289443,0.0,57.20375,68.02666666666669,device_05
2025-11-13 01:12:45.101402,0.0,57.5083333333333,68.0960833333334,device_02
2025-11-13 01:13:01.239046,0.0,60.96083333333332,69.73924999999997,device_03
2025-11-13 01:13:23.829893,0.0,58.6569166666667,69.05433333333345,device_04
2025-11-13 01:13:25.697284,0.0,57.10500000000001,67.76541666666668,device_05
2025-11-13 01:13:44.990713,0.0,57.59366666666665,68.14566666666673,device_02
2025-11-13 01:14:02.09237,0.0,57.41691666666664,67.79141666666673,device_03
2025-11-13 01:14:23.830169,0.0,58.648166666666704,69.0472500000001,device_04
2025-11-13 01:14:25.142956,0.0,57.10500000000001,67.76541666666668,device_05
2025-11-13 01:14:45.502289,0.0,58.03608333333332,68.23883333333342,device_02
2025-11-13 01:15:00.981759,0.0,57.421499999999966,67.7918333333334,device_03
2025-11-13 01:15:24.037823,0.0,58.6444166666667,69.0497500000001,device_04
2025-11-13 01:15:25.128973,0.0,56.59416666666663,67.55000000000003,device_05
2025-11-13 01:15:45.040319,0.0,58.04774999999999,68.28616666666674,device_02
2025-11-13 01:16:00.960625,0.0,57.42149999999995,67.8018333333334,device_03
2025-11-13 01:16:23.969956,0.0,58.63066666666671,69.04975000000012,device_04
2025-11-13 01:16:25.211854,0.0,57.04666666666666,67.7129166666667,device_05
2025-11-13 01:16:45.076951,0.0,58.094,68.23266666666676,device_02
2025-11-13 01:17:00.935681,0.0,57.421499999999966,67.79516666666673,device_03
2025-11-13 01:17:23.873589,0.0,58.61525000000003,69.06266666666679,device_04
2025-11-13 01:17:25.436779,0.0,56.39291666666664,67.50625,device_05
2025-11-13 01:17:44.93718,0.0,58.07608333333333,68.28158333333342,device_02
2025-11-13 01:18:01.036003,0.0,57.41566666666663,67.84225000000004,device_03
2025-11-13 01:18:24.091898,0.0,58.61525000000004,69.06266666666677,device_04
2025-11-13 01:18:25.269128,0.0,56.352916666666616,67.47666666666669,device_05
2025-11-13 01:18:44.916965,0.0,58.09383333333333,68.22791666666674,device_02
2025-11-13 01:19:00.965735,0.0,57.421499999999966,67.80183333333339,device_03
2025-11-13 01:19:24.080562,0.0,58.61525000000003,69.06266666666679,device_04
2025-11-13 01:19:25.307507,0.0,56.35291666666662,67.46416666666669,device_05
2025-11-13 01:19:44.882416,0.0,58.09383333333333,68.22791666666676,device_02
2025-11-13 01:20:01.009316,0.0,57.42358333333331,67.79225000000005,device_03
2025-11-13 01:20:24.061903,0.0,58.61525000000003,69.07266666666679,device_04
2025-11-13 01:20:25.34888,0.0,56.838,67.7851666666667,device_05
2025-11-13 01:20:44.889244,0.0,58.09383333333333,68.21875000000009,device_02
2025-11-13 01:21:01.216337,0.0,57.4235833333333,67.79225000000005,device_03
2025-11-13 01:21:23.845819,0.0,58.61525000000003,69.07266666666678,device_04
2025-11-13 01:21:25.14155,0.0,56.77466666666666,67.78516666666668,device_05
2025-11-13 01:21:45.086493,0.0,58.09399999999999,68.23266666666674,device_02
2025-11-13 01:22:01.087812,0.0,57.42399999999998,67.79225000000005,device_03
2025-11-13 01:22:24.434138,0.0,58.61525000000003,69.07266666666678,device_04
2025-11-13 01:22:25.133275,0.0,56.76674999999998,67.78516666666668,device_05
2025-11-13 01:22:44.857243,0.0,58.09383333333333,68.21875000000009,device_02
2025-11-13 01:23:01.048701,0.0,57.42399999999997,67.79225000000007,device_03
2025-11-13 01:23:24.000349,0.0,58.61341666666669,69.08183333333345,device_04
2025-11-13 01:23:25.17556,0.0,56.76674999999998,67.7851666666667,device_05
2025-11-13 01:23:44.937522,0.0,58.09383333333333,68.20541666666675,device_02
2025-11-13 01:24:00.983754,0.0,57.42399999999997,67.79100000000007,device_03
2025-11-13 01:24:24.109644,0.0,58.61341666666669,69.08183333333345,device_04
2025-11-13 01:24:25.76155,0.0,56.78549999999999,67.78516666666667,device_05
2025-11-13 01:24:44.972244,0.0,58.04966666666666,68.3058333333334,device_02
2025-11-13 01:25:23.833419,0.0,58.61341666666669,69.08183333333345,device_04
2025-11-13 01:25:25.410563,0.0,56.92966666666667,68.60775000000001,device_05
2025-11-13 01:26:26.014257,0.0,56.734666666666655,67.74308333333337,device_05
2025-11-13 01:30:01.129947,0.0,57.42691666666664,67.79100000000005,device_03
2025-11-13 01:30:44.934808,0.0,58.35341666666663,68.53683333333342,device_02
2025-11-13 01:31:00.976048,0.0,57.42399999999997,67.79100000000005,device_03
2025-11-13 01:31:23.819601,0.0,58.69483333333336,69.08750000000012,device_04
2025-11-13 01:31:44.897715,0.0,58.139666666666656,68.22925000000009,device_02
2025-11-13 01:32:01.298218,0.0,57.42608333333331,67.79350000000005,device_03
2025-11-13 01:32:24.093796,0.0,58.68608333333336,69.08750000000012,device_04
2025-11-13 01:32:25.360261,0.0,56.89341666666665,67.78516666666673,device_05
2025-11-13 01:32:44.969909,0.0,58.139666666666656,68.22925000000009,device_02
2025-11-13 01:33:00.976245,0.0,57.42608333333331,67.79350000000005,device_03
2025-11-13 01:33:24.056972,0.0,58.69483333333336,69.08750000000013,device_04
2025-11-13 01:33:25.17867,0.0,56.77591666666665,67.7851666666667,device_05
2025-11-13 01:33:44.955649,0.0,58.207999999999984,68.22050000000009,device_02
2025-11-13 01:34:00.993768,0.0,57.42608333333331,67.81933333333338,device_03
2025-11-13 01:34:24.441541,0.0,58.69483333333336,69.08750000000012,device_04
2025-11-13 01:34:25.382826,0.0,56.785916666666665,67.79600000000002,device_05
2025-11-13 01:34:44.919264,0.0,58.21758333333332,68.22675000000008,device_02
2025-11-13 01:35:01.08909,0.0,57.42608333333331,67.79350000000005,device_03
2025-11-13 01:35:23.844034,0.0,58.64550000000002,69.08750000000013,device_04
2025-11-13 01:35:25.451616,0.0,56.77591666666666,67.76850000000002,device_05
2025-11-13 01:35:44.863834,0.0,58.12299999999998,68.22925000000008,device_02
2025-11-13 01:36:00.930216,0.0,57.42608333333331,67.79350000000005,device_03
2025-11-13 01:36:24.441783,0.0,58.68591666666669,69.09291666666678,device_04
2025-11-13 01:36:25.126363,0.0,57.172833333333294,68.73166666666667,device_05
2025-11-13 01:36:44.935952,0.0,58.24216666666664,68.22050000000009,device_02
2025-11-13 01:37:01.336565,0.0,57.42608333333331,67.79350000000005,device_03
2025-11-13 01:37:23.810615,0.0,58.68591666666669,69.08625000000012,device_04
2025-11-13 01:37:25.213643,0.0,56.83091666666665,67.78600000000002,device_05
2025-11-13 01:37:44.929596,0.0,58.207999999999984,68.22050000000009,device_02
2025-11-13 01:38:00.986736,0.0,57.42608333333331,67.79350000000007,device_03
2025-11-13 01:38:23.987866,0.0,58.685750000000034,69.14066666666679,device_04
2025-11-13 01:38:25.215356,0.0,56.48008333333331,67.74516666666669,device_05
2025-11-13 01:38:44.872562,0.0,58.207999999999984,68.22050000000009,device_02
2025-11-13 01:39:01.577669,0.0,57.42608333333332,67.79350000000007,device_03
2025-11-13 01:39:23.893721,0.0,58.6859166666667,69.0929166666668,device_04
2025-11-13 01:39:25.143731,0.0,56.596749999999965,67.75433333333335,device_05
2025-11-13 01:39:44.975018,0.0,58.207999999999984,68.22050000000007,device_02
2025-11-13 01:40:01.072424,0.0,57.42608333333331,67.79350000000005,device_03
2025-11-13 01:40:24.488512,0.0,58.685750000000034,69.16316666666678,device_04
2025-11-13 01:40:25.16006,0.0,56.46758333333332,67.74516666666669,device_05
2025-11-13 01:40:45.47646,0.0,58.207999999999984,68.21716666666676,device_02
2025-11-13 01:41:00.977853,0.0,57.42608333333331,67.79350000000007,device_03
2025-11-13 01:41:23.861532,0.0,58.685750000000034,69.14191666666679,device_04
2025-11-13 01:41:25.118138,0.0,58.61166666666667,69.23616666666669,device_05
2025-11-13 01:41:45.083252,0.0,58.207999999999984,68.22050000000009,device_02
2025-11-13 01:42:01.061568,0.0,57.4260833333333,67.80016666666671,device_03
2025-11-13 01:42:24.027899,0.0,58.6859166666667,69.08625000000012,device_04
2025-11-13 01:42:25.338439,0.0,58.611666666666686,69.23616666666668,device_05
2025-11-13 01:42:44.84801,0.0,58.207999999999984,68.22050000000009,device_02
2025-11-13 01:43:00.990606,0.0,57.42608333333331,67.79350000000007,device_03
2025-11-13 01:43:23.881066,0.0,58.68575000000003,69.14066666666679,device_04
2025-11-13 01:43:25.155345,0.0,56.746333333333325,67.76725000000005,device_05
2025-11-13 01:43:44.891956,0.0,58.38674999999998,68.58558333333342,device_02
2025-11-13 01:44:01.057948,0.0,57.42608333333331,67.79350000000007,device_03
2025-11-13 01:44:24.408834,0.0,58.68658333333337,69.13525000000011,device_04
2025-11-13 01:44:25.097124,0.0,56.78258333333332,67.78308333333334,device_05
2025-11-13 01:44:44.959509,0.0,58.21758333333332,68.22675000000008,device_02
2025-11-13 01:45:00.928203,0.0,57.42608333333331,67.81933333333339,device_03
2025-11-13 01:45:23.815446,0.0,58.68283333333336,69.17191666666679,device_04
2025-11-13 01:45:25.152493,0.0,56.88924999999998,67.81125000000002,device_05
2025-11-13 01:45:44.965587,0.0,58.207999999999984,68.22050000000009,device_02
2025-11-13 01:46:01.51149,0.0,57.42024999999998,67.83308333333338,device_03
2025-11-13 01:46:24.564324,0.0,58.667416666666696,69.16650000000013,device_04
2025-11-13 01:46:25.658729,0.0,56.859666666666655,67.79541666666668,device_05
2025-11-13 01:46:45.011375,0.0,58.21758333333332,68.22675000000008,device_02
2025-11-13 01:47:00.897,0.0,57.4260833333333,67.79350000000007,device_03
2025-11-13 01:47:23.850331,0.0,58.667416666666696,69.16650000000013,device_04
2025-11-13 01:47:25.363527,0.0,56.88049999999999,67.80333333333336,device_05
2025-11-13 01:47:45.124668,0.0,58.35341666666665,68.53683333333342,device_02
2025-11-13 01:48:01.041542,0.0,57.42608333333331,67.79350000000007,device_03
2025-11-13 01:48:24.117098,0.0,58.667416666666696,69.16650000000011,device_04
2025-11-13 01:48:25.096472,0.0,56.880499999999984,67.80333333333337,device_05
2025-11-13 01:48:44.832938,0.0,58.21758333333332,68.23091666666674,device_02
2025-11-13 01:49:00.911112,0.0,57.42608333333331,67.79350000000005,device_03
2025-11-13 01:49:23.906892,0.0,58.69408333333335,69.1352500000001,device_04
2025-11-13 01:49:25.188895,0.0,56.90549999999999,67.80625000000003,device_05
2025-11-13 01:49:44.818726,0.0,58.21758333333332,68.23008333333341,device_02
2025-11-13 01:50:00.998509,0.0,57.4260833333333,67.79350000000008,device_03
2025-11-13 01:50:24.390946,0.0,58.69033333333336,69.1352500000001,device_04
2025-11-13 01:50:25.175429,0.0,56.89049999999998,67.80750000000003,device_05
2025-11-13 01:50:44.886358,0.0,58.21633333333332,68.23091666666674,device_02
2025-11-13 01:51:01.032494,0.0,57.42608333333331,67.79350000000007,device_03
2025-11-13 01:51:23.857834,0.0,58.66741666666669,69.16650000000011,device_04
2025-11-13 01:51:25.167918,0.0,56.850916666666656,67.78750000000004,device_05
2025-11-13 01:51:44.864335,0.0,58.38674999999997,68.58558333333343,device_02
2025-11-13 01:52:00.938797,0.0,57.42608333333331,67.79350000000007,device_03
2025-11-13 01:52:24.419269,0.0,58.66741666666669,69.16650000000011,device_04
2025-11-13 01:52:25.508638,0.0,56.90549999999998,67.80625000000005,device_05
2025-11-13 01:52:45.002691,0.0,58.38549999999997,68.59975000000009,device_02
2025-11-13 01:53:01.260511,0.0,57.42608333333331,67.79350000000005,device_03
2025-11-13 01:53:23.8953,0.0,58.66741666666669,69.16650000000011,device_04
2025-11-13 01:53:25.292924,0.0,56.94675,67.80333333333336,device_05
2025-11-13 01:53:44.894403,0.0,58.4100833333333,68.59975000000009,device_02
2025-11-13 01:54:01.037811,0.0,57.4260833333333,67.80016666666673,device_03
2025-11-13 01:54:24.058846,0.0,58.667416666666696,69.1665000000001,device_04
2025-11-13 01:54:25.074312,0.0,56.9005,67.78750000000004,device_05
2025-11-13 01:54:44.842523,0.0,58.38549999999999,68.59975000000009,device_02
2025-11-13 01:55:01.084254,0.0,57.42608333333331,67.79350000000007,device_03
2025-11-13 01:55:24.036235,0.0,58.671583333333366,69.15941666666677,device_04
2025-11-13 01:55:25.094977,0.0,56.89466666666667,67.77625000000005,device_05
2025-11-13 01:55:44.884987,0.0,58.38549999999997,68.59975000000007,device_02
2025-11-13 01:56:01.058823,0.0,57.42608333333331,67.80016666666673,device_03
2025-11-13 01:56:24.433203,0.0,58.66741666666669,69.16650000000011,device_04
2025-11-13 01:56:25.822911,0.0,56.6463333333333,67.76541666666671,device_05
2025-11-13 01:56:44.843153,0.0,58.38549999999997,68.58558333333343,device_02
2025-11-13 01:57:01.065279,0.0,57.42608333333331,67.79350000000005,device_03
2025-11-13 01:57:23.852682,0.0,58.66741666666669,69.16650000000011,device_04
2025-11-13 01:57:25.105485,0.0,56.89466666666667,67.77625000000003,device_05
2025-11-13 01:57:44.860656,0.0,58.43841666666663,68.59975000000009,device_02
2025-11-13 01:58:01.022095,0.0,57.42608333333331,67.79350000000007,device_03
2025-11-13 01:58:24.064012,0.0,58.66741666666669,69.16650000000013,device_04
2025-11-13 01:58:25.320207,0.0,56.89758333333332,67.78083333333338,device_05
2025-11-13 01:58:44.841125,0.0,58.41591666666663,68.59975000000009,device_02
2025-11-13 01:59:01.142704,0.0,57.42608333333331,67.79350000000007,device_03
2025-11-13 01:59:23.875032,0.0,58.671583333333366,69.15941666666679,device_04
2025-11-13 01:59:25.177422,0.0,56.88174999999999,67.78375000000004,device_05
2025-11-13 01:59:44.798861,0.0,58.43258333333331,68.59975000000007,device_02
2025-11-13 02:00:01.208619,0.0,57.42608333333331,67.79350000000005,device_03
2025-11-13 02:00:24.107186,0.0,58.66325000000004,69.15941666666677,device_04
2025-11-13 02:00:25.183067,0.0,56.90466666666667,67.78458333333337,device_05
2025-11-13 02:00:44.879788,0.0,58.43258333333331,68.59975000000009,device_02
2025-11-13 02:01:01.009578,0.0,57.4260833333333,67.80016666666671,device_03
2025-11-13 02:01:23.852631,0.0,58.67866666666672,69.23800000000011,device_04
2025-11-13 02:01:25.115296,0.0,56.91341666666667,67.78458333333337,device_05
2025-11-13 02:01:44.851299,0.0,58.39133333333331,68.58558333333343,device_02
2025-11-13 02:02:00.974225,0.0,57.42608333333331,67.79350000000005,device_03
2025-11-13 02:02:24.632177,0.0,58.69408333333335,69.25091666666677,device_04
2025-11-13 02:02:25.707249,0.0,56.89758333333333,67.78083333333338,device_05
2025-11-13 02:02:44.935648,0.0,58.432583333333305,68.59975000000009,device_02
2025-11-13 02:03:00.954554,0.0,57.42608333333331,67.79350000000007,device_03
2025-11-13 02:03:23.89517,0.0,58.671583333333366,69.15941666666677,device_04
2025-11-13 02:03:25.121724,0.0,56.90466666666667,67.80125000000004,device_05
2025-11-13 02:03:44.86833,0.0,58.35216666666665,68.5535000000001,device_02
2025-11-13 02:04:01.083164,0.0,57.42608333333331,67.79350000000005,device_03
2025-11-13 02:04:24.645702,0.0,58.671583333333366,69.15941666666679,device_04
2025-11-13 02:04:25.11065,0.0,59.11325000000001,69.31633333333336,device_05
2025-11-13 02:04:44.860814,0.0,58.38674999999998,68.58558333333343,device_02
2025-11-13 02:05:01.25375,0.0,57.42608333333331,67.79350000000007,device_03
2025-11-13 02:05:24.082233,0.0,58.667416666666696,69.16650000000011,device_04
2025-11-13 02:05:25.142392,0.0,56.66674999999997,67.77375000000005,device_05
2025-11-13 02:05:44.808795,0.0,58.385499999999965,68.60225000000008,device_02
2025-11-13 02:06:01.004671,0.0,57.42608333333331,67.79350000000007,device_03
2025-11-13 02:06:24.007426,0.0,58.678666666666686,69.25091666666678,device_04
2025-11-13 02:06:25.397857,0.0,56.87133333333333,67.79750000000004,device_05
2025-11-13 02:06:44.844541,0.0,58.39133333333331,68.58558333333343,device_02
2025-11-13 02:07:01.001742,0.0,57.42608333333331,67.79350000000007,device_03
2025-11-13 02:07:23.796929,0.0,58.69408333333335,69.25091666666678,device_04
2025-11-13 02:07:25.398702,0.0,56.90341666666665,67.80875000000003,device_05
2025-11-13 02:07:44.860426,0.0,58.43841666666663,68.59975000000009,device_02
2025-11-13 02:08:01.174857,0.0,57.42608333333332,67.79350000000007,device_03
2025-11-13 02:08:24.058501,0.0,58.678666666666686,69.25091666666677,device_04
2025-11-13 02:08:25.637258,0.0,56.862583333333326,67.79750000000004,device_05
2025-11-13 02:08:45.008706,0.0,58.43841666666663,68.59975000000009,device_02
2025-11-13 02:09:01.016106,0.0,57.42608333333331,67.80016666666673,device_03
2025-11-13 02:09:23.853717,0.0,58.667416666666696,69.16650000000011,device_04
2025-11-13 02:09:25.075007,0.0,56.90466666666666,67.80125000000004,device_05
2025-11-13 02:09:44.870667,0.0,58.43258333333331,68.59975000000007,device_02
2025-11-13 02:10:00.883996,0.0,57.42608333333331,67.79350000000005,device_03
2025-11-13 02:10:24.098056,0.0,58.66741666666669,69.16650000000013,device_04
2025-11-13 02:10:25.112311,0.0,56.897583333333344,67.79750000000004,device_05
2025-11-13 02:10:44.803569,0.0,58.432583333333305,68.59975000000009,device_02
2025-11-13 02:11:01.853222,0.0,57.42608333333331,67.79350000000007,device_03
2025-11-13 02:11:23.889165,0.0,58.66325000000003,69.15941666666679,device_04
2025-11-13 02:11:25.061791,0.0,56.88008333333333,67.79750000000004,device_05
2025-11-13 02:11:44.84433,0.0,58.38549999999999,68.58558333333343,device_02
2025-11-13 02:12:01.230789,0.0,57.4260833333333,67.79350000000005,device_03
2025-11-13 02:12:24.224801,0.0,58.67158333333336,69.1594166666668,device_04
2025-11-13 02:12:25.715405,0.0,56.87133333333334,67.79750000000004,device_05
2025-11-13 02:12:45.136844,0.0,58.43841666666663,68.59975000000009,device_02
2025-11-13 02:13:01.136516,0.0,57.42608333333331,67.81933333333339,device_03
2025-11-13 02:13:23.880272,0.0,58.67158333333336,69.15941666666677,device_04
2025-11-13 02:13:25.187937,0.0,56.65633333333331,67.7904166666667,device_05
2025-11-13 02:13:44.811437,0.0,58.51174999999999,69.04191666666675,device_02
2025-11-13 02:14:00.920487,0.0,57.42608333333331,67.81933333333338,device_03
2025-11-13 02:14:24.472446,0.0,58.69408333333335,69.25091666666678,device_04
2025-11-13 02:14:25.128857,0.0,56.65633333333332,67.7904166666667,device_05
2025-11-13 02:14:44.800239,0.0,58.43841666666665,68.59975000000009,device_02
2025-11-13 02:15:01.030234,0.0,57.4260833333333,67.79350000000007,device_03
2025-11-13 02:15:23.888962,0.0,58.67866666666669,69.25091666666677,device_04
2025-11-13 02:15:25.113108,0.0,56.654249999999976,67.79041666666672,device_05
2025-11-13 02:15:44.86404,0.0,58.43258333333331,68.59975000000007,device_02
2025-11-13 02:16:00.956867,0.0,57.42608333333331,67.79350000000005,device_03
2025-11-13 02:16:24.07007,0.0,58.67866666666669,69.25091666666677,device_04
2025-11-13 02:16:25.128332,0.0,56.87133333333333,67.79750000000004,device_05
2025-11-13 02:16:45.03827,0.0,58.43841666666663,68.59975000000009,device_02
2025-11-13 02:17:01.057557,0.0,57.40983333333331,67.79350000000007,device_03
2025-11-13 02:17:23.798896,0.0,58.937833333333366,69.29975000000012,device_04
2025-11-13 02:17:25.095051,0.0,56.65633333333331,67.7904166666667,device_05
2025-11-13 02:17:44.80053,0.0,58.43841666666663,68.59975000000009,device_02
2025-11-13 02:18:01.162527,0.0,57.42608333333331,67.79350000000007,device_03
2025-11-13 02:18:24.128654,0.0,58.937833333333366,69.29975000000012,device_04
2025-11-13 02:18:25.113563,0.0,56.6688333333333,67.7904166666667,device_05
2025-11-13 02:18:45.058096,0.0,58.43841666666663,68.59975000000007,device_02
2025-11-13 02:19:00.908014,0.0,57.409833333333296,67.79350000000005,device_03
2025-11-13 02:19:24.018183,0.0,58.69408333333337,69.25216666666678,device_04
2025-11-13 02:19:25.158729,0.0,56.66466666666663,67.76166666666673,device_05
2025-11-13 02:19:45.012975,0.0,59.01016666666664,69.4865833333334,device_02
2025-11-13 02:20:01.1745,0.0,57.42608333333331,67.79350000000005,device_03
2025-11-13 02:20:24.059161,0.0,58.937833333333366,69.2966666666668,device_04
2025-11-13 02:20:25.081703,0.0,56.80424999999998,67.80375000000004,device_05
2025-11-13 02:20:44.875137,0.0,58.43841666666663,68.59975000000009,device_02
2025-11-13 02:21:00.892477,0.0,57.4260833333333,67.79350000000005,device_03
2025-11-13 02:21:23.981356,0.0,58.97408333333337,69.29666666666678,device_04
2025-11-13 02:21:25.214619,0.0,56.66674999999997,67.7904166666667,device_05
2025-11-13 02:21:44.825476,0.0,58.451749999999976,68.5997500000001,device_02
2025-11-13 02:22:01.173567,0.0,57.40983333333331,67.80016666666673,device_03
2025-11-13 02:22:24.498951,0.0,58.937833333333366,69.29975000000012,device_04
2025-11-13 02:22:25.120576,0.0,56.652166666666645,67.76166666666673,device_05
2025-11-13 02:22:44.792518,0.0,58.43841666666663,68.5997500000001,device_02
2025-11-13 02:23:00.944533,0.0,57.42608333333331,67.80016666666673,device_03
2025-11-13 02:23:23.833808,0.0,58.69408333333335,69.25216666666677,device_04
2025-11-13 02:23:25.128179,0.0,56.65633333333332,67.79041666666672,device_05
2025-11-13 02:23:44.848766,0.0,58.4550833333333,68.59975000000009,device_02
2025-11-13 02:24:00.915027,0.0,57.40983333333331,67.80016666666673,device_03
2025-11-13 02:24:24.07393,0.0,58.937833333333366,69.29666666666678,device_04
2025-11-13 02:24:25.71135,0.0,56.66466666666663,67.76166666666673,device_05
2025-11-13 02:24:44.816439,0.0,58.451749999999976,68.59975000000007,device_02
2025-11-13 02:25:23.855736,0.0,58.979916666666696,69.31875000000012,device_04
2025-11-13 02:25:25.132176,0.0,56.66091666666664,67.76833333333339,device_05
2025-11-13 02:26:25.341293,0.0,56.74258333333332,67.81041666666671,device_05
2025-11-13 02:30:01.137194,0.0,57.33649999999998,67.7868333333334,device_03
2025-11-13 02:30:45.498668,0.0,58.455083333333306,68.59500000000008,device_02
2025-11-13 02:31:01.030855,0.0,57.34399999999998,67.78975000000005,device_03
2025-11-13 02:31:23.82942,0.0,59.20366666666671,69.36158333333347,device_04
2025-11-13 02:31:44.895433,0.0,58.438416666666654,68.59975000000009,device_02
2025-11-13 02:32:00.961216,0.0,57.41066666666664,67.79225000000005,device_03
2025-11-13 02:32:24.374926,0.0,59.20633333333337,69.39675000000015,device_04
2025-11-13 02:32:25.131864,0.0,56.963833333333326,67.82125000000008,device_05
2025-11-13 02:32:45.046374,0.0,58.43841666666663,68.59975000000009,device_02
2025-11-13 02:33:00.944713,0.0,57.33566666666664,67.79225000000007,device_03
2025-11-13 02:33:23.864845,0.0,59.20858333333337,69.40608333333347,device_04
2025-11-13 02:33:25.139058,0.0,56.6663333333333,67.78666666666673,device_05
2025-11-13 02:33:44.84257,0.0,58.451749999999976,68.59975000000007,device_02
2025-11-13 02:34:00.93956,0.0,57.34316666666664,67.79475000000006,device_03
2025-11-13 02:34:23.953929,0.0,59.20366666666671,69.36158333333347,device_04
2025-11-13 02:34:25.732831,0.0,56.666333333333306,67.78666666666675,device_05
2025-11-13 02:34:45.057032,0.0,58.455083333333306,68.59975000000009,device_02
2025-11-13 02:35:01.167358,0.0,57.34316666666665,67.79225000000008,device_03
2025-11-13 02:35:24.005938,0.0,59.20383333333337,69.36633333333347,device_04
2025-11-13 02:35:25.849621,0.0,56.78049999999998,67.77666666666673,device_05
2025-11-13 02:35:45.120698,0.0,58.45508333333331,68.59975000000009,device_02
2025-11-13 02:36:01.070147,0.0,57.33566666666664,67.79225000000008,device_03
2025-11-13 02:36:23.806872,0.0,59.20366666666671,69.36158333333347,device_04
2025-11-13 02:36:25.183747,0.0,56.72341666666664,67.77666666666673,device_05
2025-11-13 02:36:44.810243,0.0,58.4550833333333,68.59500000000008,device_02
2025-11-13 02:37:01.02108,0.0,57.33566666666665,67.79225000000008,device_03
2025-11-13 02:37:23.83611,0.0,59.20366666666671,69.36158333333347,device_04
2025-11-13 02:37:25.235021,0.0,56.72174999999999,67.7683333333334,device_05
2025-11-13 02:37:44.844084,0.0,58.455083333333306,68.59500000000008,device_02
2025-11-13 02:38:00.921685,0.0,57.33566666666664,67.79225000000007,device_03
2025-11-13 02:38:24.051791,0.0,59.20366666666671,69.36158333333347,device_04
2025-11-13 02:38:25.200951,0.0,56.66466666666663,67.76833333333339,device_05
2025-11-13 02:38:44.818723,0.0,58.455083333333306,68.59975000000009,device_02
2025-11-13 02:39:01.510161,0.0,57.33566666666664,67.79225000000007,device_03
2025-11-13 02:39:23.877785,0.0,59.20366666666671,69.36158333333347,device_04
2025-11-13 02:39:25.193526,0.0,56.72674999999998,67.76833333333339,device_05
2025-11-13 02:39:45.024102,0.0,58.455083333333306,68.59975000000009,device_02
2025-11-13 02:40:01.185503,0.0,57.33566666666663,67.79225000000008,device_03
2025-11-13 02:40:24.071753,0.0,59.20383333333337,69.36633333333346,device_04
2025-11-13 02:40:25.123419,0.0,56.80008333333331,67.76416666666672,device_05
2025-11-13 02:40:44.917168,0.0,58.455083333333306,68.59975000000009,device_02
2025-11-13 02:41:00.966684,0.0,59.315666666666665,69.14974999999998,device_03
2025-11-13 02:41:24.060702,0.0,59.20366666666671,69.36158333333347,device_04
2025-11-13 02:41:25.153742,0.0,56.800083333333305,67.76416666666672,device_05
2025-11-13 02:41:44.850967,0.0,58.455083333333306,68.59500000000008,device_02
2025-11-13 02:42:01.043955,0.0,57.32399999999998,67.79225000000007,device_03
2025-11-13 02:42:24.428853,0.0,59.20366666666671,69.3524166666668,device_04
2025-11-13 02:42:25.21382,0.0,56.77883333333332,67.76833333333339,device_05
2025-11-13 02:42:45.041591,0.0,58.4550833333333,68.59500000000008,device_02
2025-11-13 02:43:00.959052,0.0,57.33566666666665,67.79225000000008,device_03
2025-11-13 02:43:24.003525,0.0,59.20366666666671,69.3524166666668,device_04
2025-11-13 02:43:25.66294,0.0,56.801749999999984,67.77666666666673,device_05
2025-11-13 02:43:44.946437,0.0,58.455083333333306,68.59500000000008,device_02
2025-11-13 02:44:01.01089,0.0,57.32733333333331,67.79225000000008,device_03
2025-11-13 02:44:24.232592,0.0,59.20366666666671,69.3524166666668,device_04
2025-11-13 02:44:25.190805,0.0,56.76591666666664,67.78666666666675,device_05
2025-11-13 02:44:44.81584,0.0,58.455083333333306,68.59975000000009,device_02
2025-11-13 02:45:01.080125,0.0,57.33566666666664,67.79225000000007,device_03
2025-11-13 02:45:23.940663,0.0,59.20366666666671,69.3524166666668,device_04
2025-11-13 02:45:25.328269,0.0,56.72341666666664,67.77666666666673,device_05
2025-11-13 02:45:45.009402,0.0,58.455083333333306,68.59500000000008,device_02
2025-11-13 02:46:01.251957,0.0,57.32149999999996,67.84308333333338,device_03
2025-11-13 02:46:24.430241,0.0,59.20366666666671,69.33908333333346,device_04
2025-11-13 02:46:25.164795,0.0,56.70716666666662,67.76833333333339,device_05
2025-11-13 02:46:44.837714,0.0,58.47341666666664,68.59133333333342,device_02
2025-11-13 02:47:00.973591,0.0,57.33566666666665,67.79225000000007,device_03
2025-11-13 02:47:24.401346,0.0,59.20366666666671,69.33908333333346,device_04
2025-11-13 02:47:25.175293,0.0,56.76258333333331,67.76416666666672,device_05
2025-11-13 02:47:44.907863,0.0,58.455083333333306,68.59500000000007,device_02
2025-11-13 02:48:00.954659,0.0,57.33566666666664,67.79225000000007,device_03
2025-11-13 02:48:23.965072,0.0,59.20366666666671,69.33908333333348,device_04
2025-11-13 02:48:25.143912,0.0,57.070916666666655,68.47483333333335,device_05
2025-11-13 02:48:44.925293,0.0,58.455083333333306,68.59500000000008,device_02
2025-11-13 02:49:00.941464,0.0,57.32733333333331,67.79225000000008,device_03
2025-11-13 02:49:23.912669,0.0,59.20366666666671,69.33908333333346,device_04
2025-11-13 02:49:25.824089,0.0,57.06216666666667,68.29150000000006,device_05
2025-11-13 02:49:44.942804,0.0,58.455083333333306,68.59500000000008,device_02
2025-11-13 02:50:00.98549,0.0,57.31858333333331,67.79225000000007,device_03
2025-11-13 02:50:24.098961,0.0,59.20366666666671,69.33908333333346,device_04
2025-11-13 02:50:25.183983,0.0,57.19649999999996,67.7770833333334,device_05
2025-11-13 02:50:44.864306,0.0,58.47341666666664,68.59133333333341,device_02
2025-11-13 02:51:00.96788,0.0,57.33566666666664,67.79225000000007,device_03
2025-11-13 02:51:23.980202,0.0,59.20366666666671,69.33908333333346,device_04
2025-11-13 02:51:25.27926,0.0,56.801749999999984,67.77250000000006,device_05
2025-11-13 02:51:44.90416,0.0,58.455083333333306,68.59500000000008,device_02
2025-11-13 02:52:01.173936,0.0,57.32816666666665,67.78975000000005,device_03
2025-11-13 02:52:23.880353,0.0,59.20366666666671,69.33783333333348,device_04
2025-11-13 02:52:25.462031,0.0,57.19649999999996,67.78125000000006,device_05
2025-11-13 02:52:44.885551,0.0,58.94724999999997,69.49875000000006,device_02
2025-11-13 02:53:01.160541,0.0,57.32733333333331,67.79225000000007,device_03
2025-11-13 02:53:24.540322,0.0,59.20366666666671,69.33908333333346,device_04
2025-11-13 02:53:25.139773,0.0,56.80174999999998,67.77250000000006,device_05
2025-11-13 02:53:44.845324,0.0,58.455083333333306,68.59500000000008,device_02
2025-11-13 02:54:00.963086,0.0,57.32816666666664,67.78975000000007,device_03
2025-11-13 02:54:24.127897,0.0,59.20366666666671,69.33908333333348,device_04
2025-11-13 02:54:25.564796,0.0,57.19816666666664,67.79541666666672,device_05
2025-11-13 02:54:44.863101,0.0,58.455083333333306,68.59500000000007,device_02
2025-11-13 02:55:00.950031,0.0,57.31941666666665,67.78975000000007,device_03
2025-11-13 02:55:24.017286,0.0,59.20366666666669,69.33908333333346,device_04
2025-11-13 02:55:25.772023,0.0,57.19649999999996,67.77708333333341,device_05
2025-11-13 02:55:44.865636,0.0,58.455083333333306,68.59500000000008,device_02
2025-11-13 02:56:00.983352,0.0,57.32816666666665,67.78975000000007,device_03
2025-11-13 02:56:24.414009,0.0,59.20366666666671,69.33908333333346,device_04
2025-11-13 02:56:25.20172,0.0,57.19816666666663,67.79541666666674,device_05
2025-11-13 02:56:45.05244,0.0,58.455083333333306,68.59500000000008,device_02
2025-11-13 02:57:00.976874,0.0,57.31941666666665,67.78975000000007,device_03
2025-11-13 02:57:23.946043,0.0,59.206166666666704,69.33783333333346,device_04
2025-11-13 02:57:25.218525,0.0,57.16441666666664,67.78541666666675,device_05
2025-11-13 02:57:45.041236,0.0,58.455083333333306,68.59500000000008,device_02
2025-11-13 02:58:01.001955,0.0,57.31858333333331,67.79225000000007,device_03
2025-11-13 02:58:23.877981,0.0,59.206166666666704,69.33783333333346,device_04
2025-11-13 02:58:25.597059,0.0,57.16441666666664,67.79916666666674,device_05
2025-11-13 02:58:44.886194,0.0,58.455083333333306,68.59500000000008,device_02
2025-11-13 02:59:01.021056,0.0,57.31941666666665,67.80100000000007,device_03
2025-11-13 02:59:24.040286,0.0,59.22366666666669,69.33208333333347,device_04
2025-11-13 02:59:25.246595,0.0,57.46608333333332,68.46400000000001,device_05
2025-11-13 02:59:45.07619,0.0,58.455083333333306,68.59500000000008,device_02
2025-11-13 03:00:00.957195,0.0,57.31941666666664,67.80100000000007,device_03
2025-11-13 03:00:24.509827,0.0,59.20616666666671,69.3636666666668,device_04
2025-11-13 03:00:25.345188,0.0,57.46608333333332,68.44650000000001,device_05
2025-11-13 03:00:44.859788,0.0,58.455083333333306,68.59500000000007,device_02
2025-11-13 03:01:00.990936,0.0,57.31858333333331,67.80350000000006,device_03
2025-11-13 03:01:23.935055,0.0,59.223666666666695,69.33208333333347,device_04
2025-11-13 03:01:25.273895,0.0,57.16441666666663,67.79791666666674,device_05
2025-11-13 03:01:44.902195,0.0,58.455083333333306,68.59500000000008,device_02
2025-11-13 03:02:01.018414,0.0,57.31941666666664,67.80100000000007,device_03
2025-11-13 03:02:24.281226,0.0,59.22616666666671,69.35791666666681,device_04
2025-11-13 03:02:25.655021,0.0,57.16441666666664,67.79916666666674,device_05
2025-11-13 03:02:44.865401,0.0,58.45508333333331,68.59500000000007,device_02
2025-11-13 03:03:00.979287,0.0,57.31941666666665,67.80100000000006,device_03
2025-11-13 03:03:23.904228,0.0,59.26950000000002,69.35791666666681,device_04
2025-11-13 03:03:25.207748,0.0,57.16441666666664,67.79916666666674,device_05
2025-11-13 03:03:44.893318,0.0,58.4550833333333,68.59500000000008,device_02
2025-11-13 03:04:01.171075,0.0,57.31858333333331,67.80350000000007,device_03
2025-11-13 03:04:24.134575,0.0,59.206166666666704,69.3341666666668,device_04
2025-11-13 03:04:25.370535,0.0,57.16441666666664,67.80791666666673,device_05
2025-11-13 03:04:45.028102,0.0,58.4550833333333,68.59500000000008,device_02
2025-11-13 03:05:01.010723,0.0,57.31941666666665,67.80100000000007,device_03
2025-11-13 03:05:23.958081,0.0,59.24116666666669,69.33208333333347,device_04
2025-11-13 03:05:25.393067,0.0,57.19816666666664,67.79541666666674,device_05
2025-11-13 03:05:44.885831,0.0,58.455083333333306,68.59500000000007,device_02
2025-11-13 03:06:00.979836,0.0,57.31941666666665,67.80100000000007,device_03
2025-11-13 03:06:24.71256,0.0,59.223666666666695,69.33208333333347,device_04
2025-11-13 03:06:25.887771,0.0,57.16441666666663,67.80791666666673,device_05
2025-11-13 03:06:44.874466,0.0,58.47341666666664,68.59133333333342,device_02
2025-11-13 03:07:01.016208,0.0,57.31941666666665,67.80100000000007,device_03
2025-11-13 03:07:24.105159,0.0,59.2086666666667,69.3636666666668,device_04
2025-11-13 03:07:25.289955,0.0,57.16441666666663,67.80791666666674,device_05
2025-11-13 03:07:44.872353,0.0,58.47341666666664,68.59133333333342,device_02
2025-11-13 03:08:01.345912,0.0,57.31941666666665,67.80100000000007,device_03
2025-11-13 03:08:24.504732,0.0,59.2086666666667,69.36000000000014,device_04
2025-11-13 03:08:25.914555,0.0,57.16441666666663,67.80791666666674,device_05
2025-11-13 03:08:45.055632,0.0,58.47341666666664,68.59133333333341,device_02
2025-11-13 03:09:00.989923,0.0,57.31566666666665,67.80100000000007,device_03
2025-11-13 03:09:23.961212,0.0,59.28700000000003,69.35791666666681,device_04
2025-11-13 03:09:25.529027,0.0,57.16441666666662,67.80791666666673,device_05
2025-11-13 03:09:44.882038,0.0,58.455083333333306,68.59500000000008,device_02
2025-11-13 03:10:00.961699,0.0,57.31566666666665,67.80100000000007,device_03
2025-11-13 03:10:24.168145,0.0,59.28700000000003,69.35791666666681,device_04
2025-11-13 03:10:25.762959,0.0,57.16441666666664,67.80791666666673,device_05
2025-11-13 03:10:44.876468,0.0,58.455083333333306,68.59500000000008,device_02
2025-11-13 03:11:00.981894,0.0,57.31941666666665,67.80100000000007,device_03
2025-11-13 03:11:23.961208,0.0,59.28700000000003,69.35791666666681,device_04
2025-11-13 03:11:25.165843,0.0,57.16441666666662,67.80791666666673,device_05
2025-11-13 03:11:44.895742,0.0,58.455083333333306,68.59500000000008,device_02
2025-11-13 03:12:00.981839,0.0,57.31941666666665,67.80100000000007,device_03
2025-11-13 03:12:24.533409,0.0,59.28700000000003,69.35791666666681,device_04
2025-11-13 03:12:25.212563,0.0,57.16441666666663,67.79041666666673,device_05
2025-11-13 03:12:44.888507,0.0,58.455083333333306,68.59500000000007,device_02
2025-11-13 03:13:01.07753,0.0,57.31566666666664,67.80100000000007,device_03
2025-11-13 03:13:23.954923,0.0,59.28700000000001,69.35791666666681,device_04
2025-11-13 03:13:25.221803,0.0,57.16441666666663,67.79041666666674,device_05
2025-11-13 03:13:44.975892,0.0,58.4550833333333,68.59133333333341,device_02
2025-11-13 03:14:01.026481,0.0,57.31941666666665,67.80100000000007,device_03
2025-11-13 03:14:24.663166,0.0,59.28700000000004,69.35791666666681,device_04
2025-11-13 03:14:25.757632,0.0,57.16441666666663,67.80791666666673,device_05
2025-11-13 03:14:45.076271,0.0,58.455083333333306,68.59500000000008,device_02
2025-11-13 03:15:01.118516,0.0,57.31566666666664,67.80391666666672,device_03
2025-11-13 03:15:23.946146,0.0,59.28700000000003,69.35791666666681,device_04
2025-11-13 03:15:25.187567,0.0,57.16441666666663,67.80791666666674,device_05
2025-11-13 03:15:44.883297,0.0,58.455083333333306,68.59500000000008,device_02
2025-11-13 03:16:01.554459,0.0,57.31566666666665,67.80391666666672,device_03
2025-11-13 03:16:24.271336,0.0,59.28700000000003,69.35791666666681,device_04
2025-11-13 03:16:25.217962,0.0,57.16441666666663,67.79041666666673,device_05
2025-11-13 03:16:44.901003,0.0,58.47341666666664,68.59133333333341,device_02
2025-11-13 03:17:01.623851,0.0,57.24733333333331,67.80391666666674,device_03
2025-11-13 03:17:23.914355,0.0,59.28700000000003,69.35791666666682,device_04
2025-11-13 03:17:25.280674,0.0,57.16441666666663,67.79041666666673,device_05
2025-11-13 03:17:45.085288,0.0,58.455083333333306,68.59500000000008,device_02
2025-11-13 03:18:00.955928,0.0,57.25774999999998,67.80391666666672,device_03
2025-11-13 03:18:23.891527,0.0,59.28183333333335,69.35791666666681,device_04
2025-11-13 03:18:25.928095,0.0,57.16441666666663,67.79041666666673,device_05
2025-11-13 03:18:45.040323,0.0,58.455083333333306,68.59133333333341,device_02
2025-11-13 03:19:00.968724,0.0,57.31566666666665,67.80100000000007,device_03
2025-11-13 03:19:24.044945,0.0,59.28183333333335,69.35791666666681,device_04
2025-11-13 03:19:25.184894,0.0,57.16441666666663,67.80791666666673,device_05
2025-11-13 03:19:44.883522,0.0,58.47341666666664,68.59133333333341,device_02
2025-11-13 03:20:00.988061,0.0,57.25649999999998,67.80100000000007,device_03
2025-11-13 03:20:24.49266,0.0,59.28700000000003,69.35791666666681,device_04
2025-11-13 03:20:25.168948,0.0,57.16441666666663,67.79041666666673,device_05
2025-11-13 03:20:45.057757,0.0,58.455083333333306,68.59500000000008,device_02
2025-11-13 03:21:00.969406,0.0,57.25024999999998,67.80391666666674,device_03
2025-11-13 03:21:23.890955,0.0,59.28183333333335,69.35791666666681,device_04
2025-11-13 03:21:25.131038,0.0,57.16441666666662,67.79041666666674,device_05
2025-11-13 03:21:45.0569,0.0,58.47341666666664,68.59133333333341,device_02
2025-11-13 03:22:01.009079,0.0,57.26649999999998,67.80391666666672,device_03
2025-11-13 03:22:23.973018,0.0,59.28183333333335,69.35791666666681,device_04
2025-11-13 03:22:25.125182,0.0,57.16441666666663,67.79041666666673,device_05
2025-11-13 03:22:44.899421,0.0,58.47341666666664,68.59133333333342,device_02
2025-11-13 03:23:01.107683,0.0,57.31566666666662,67.80100000000007,device_03
2025-11-13 03:23:24.340721,0.0,59.28183333333335,69.35791666666681,device_04
2025-11-13 03:23:25.15879,0.0,57.18774999999996,67.79041666666673,device_05
2025-11-13 03:23:44.84651,0.0,58.47341666666664,68.59133333333341,device_02
2025-11-13 03:24:00.932928,0.0,57.25899999999998,67.80391666666674,device_03
2025-11-13 03:24:23.977533,0.0,59.28183333333336,69.35791666666681,device_04
2025-11-13 03:24:25.836011,0.0,57.16441666666663,67.79041666666673,device_05
2025-11-13 03:24:44.833794,0.0,58.47341666666664,68.59133333333341,device_02
2025-11-13 03:25:24.613666,0.0,59.28700000000001,69.35791666666681,device_04
2025-11-13 03:25:25.167525,0.0,57.16441666666663,67.79041666666673,device_05
2025-11-13 03:26:25.127816,0.0,57.16441666666662,67.77391666666674,device_05
2025-11-13 03:30:01.039021,0.0,57.21191666666664,67.7755833333334,device_03
2025-11-13 03:30:45.150973,0.0,58.4963333333333,68.62550000000009,device_02
2025-11-13 03:31:01.031142,0.0,57.24858333333331,67.80100000000007,device_03
2025-11-13 03:31:23.913927,0.0,59.31716666666668,69.3506666666668,device_04
2025-11-13 03:31:44.80532,0.0,58.47341666666664,68.59133333333342,device_02
2025-11-13 03:32:01.272813,0.0,57.262749999999976,67.80100000000007,device_03
2025-11-13 03:32:24.131475,0.0,59.28183333333336,69.35791666666681,device_04
2025-11-13 03:32:25.129785,0.0,57.3198333333333,67.81416666666672,device_05
2025-11-13 03:32:45.046461,0.0,58.455083333333306,68.59500000000008,device_02
2025-11-13 03:33:00.969367,0.0,57.24108333333331,67.80100000000007,device_03
2025-11-13 03:33:23.868118,0.0,59.28700000000003,69.35791666666681,device_04
2025-11-13 03:33:25.142466,0.0,57.31816666666664,67.82250000000008,device_05
2025-11-13 03:33:44.864271,0.0,58.4550833333333,68.59500000000008,device_02
2025-11-13 03:34:00.930365,0.0,57.24108333333331,67.80100000000006,device_03
2025-11-13 03:34:24.268784,0.0,59.28700000000004,69.3579166666668,device_04
2025-11-13 03:34:25.204809,0.0,57.26566666666662,67.78833333333341,device_05
2025-11-13 03:34:44.873779,0.0,58.455083333333306,68.59500000000008,device_02
2025-11-13 03:35:01.509956,0.0,57.24108333333331,67.80100000000007,device_03
2025-11-13 03:35:23.90834,0.0,59.28183333333335,69.35791666666681,device_04
2025-11-13 03:35:25.11092,0.0,57.22524999999997,67.8058333333334,device_05
2025-11-13 03:35:44.819641,0.0,58.455083333333306,68.59500000000007,device_02
2025-11-13 03:36:00.955429,0.0,57.24858333333331,67.80100000000007,device_03
2025-11-13 03:36:24.092533,0.0,59.206166666666704,69.3341666666668,device_04
2025-11-13 03:36:25.095844,0.0,57.22524999999995,67.80791666666673,device_05
2025-11-13 03:36:45.467547,0.0,58.455083333333306,68.59133333333341,device_02
2025-11-13 03:37:00.965474,0.0,57.2410833333333,67.80100000000006,device_03
2025-11-13 03:37:23.905463,0.0,59.22616666666669,69.35791666666681,device_04
2025-11-13 03:37:25.147525,0.0,57.16441666666663,67.79041666666674,device_05
2025-11-13 03:37:44.83015,0.0,58.455083333333306,68.59500000000008,device_02
2025-11-13 03:38:01.176336,0.0,57.25774999999998,67.80100000000006,device_03
2025-11-13 03:38:23.879628,0.0,59.24116666666669,69.33208333333347,device_04
2025-11-13 03:38:25.669855,0.0,57.368166666666646,68.17291666666671,device_05
2025-11-13 03:38:44.996626,0.0,58.455083333333306,68.59500000000008,device_02
2025-11-13 03:39:01.073839,0.0,57.241083333333314,67.80100000000007,device_03
2025-11-13 03:39:23.898523,0.0,59.28183333333335,69.35791666666681,device_04
2025-11-13 03:39:25.168754,0.0,57.22524999999996,67.79041666666674,device_05
2025-11-13 03:39:44.789149,0.0,58.47341666666664,68.59133333333342,device_02
2025-11-13 03:40:01.22503,0.0,57.24858333333331,67.80100000000007,device_03
2025-11-13 03:40:24.124493,0.0,59.28700000000003,69.35791666666681,device_04
2025-11-13 03:40:25.336632,0.0,57.22524999999997,67.80791666666673,device_05
2025-11-13 03:40:44.985291,0.0,58.455083333333306,68.59500000000008,device_02
2025-11-13 03:41:01.101792,0.0,57.22441666666664,67.78016666666673,device_03
2025-11-13 03:41:23.935355,0.0,59.28700000000003,69.35791666666681,device_04
2025-11-13 03:41:25.125298,0.0,57.18774999999996,67.79041666666673,device_05
2025-11-13 03:41:44.990802,0.0,58.455083333333306,68.59500000000008,device_02
2025-11-13 03:42:00.958451,0.0,57.241083333333314,67.80100000000006,device_03
2025-11-13 03:42:23.863706,0.0,59.28700000000004,69.3579166666668,device_04
2025-11-13 03:42:25.09817,0.0,57.18774999999995,67.79041666666673,device_05
2025-11-13 03:42:44.83695,0.0,58.455083333333306,68.59500000000008,device_02
2025-11-13 03:43:01.214352,0.0,57.26649999999998,67.80100000000007,device_03
2025-11-13 03:43:24.092577,0.0,59.28700000000004,69.35791666666681,device_04
2025-11-13 03:43:25.266654,0.0,57.50483333333332,68.23258333333338,device_05
2025-11-13 03:43:44.80517,0.0,58.4550833333333,68.59500000000008,device_02
2025-11-13 03:44:00.925262,0.0,57.24108333333331,67.80100000000007,device_03
2025-11-13 03:44:24.114527,0.0,59.28183333333335,69.35791666666681,device_04
2025-11-13 03:44:25.127326,0.0,57.50483333333332,68.23258333333338,device_05
2025-11-13 03:44:44.91689,0.0,58.455083333333306,68.59500000000008,device_02
2025-11-13 03:45:01.125352,0.0,57.24108333333331,67.80100000000007,device_03
2025-11-13 03:45:24.22269,0.0,59.28700000000001,69.35791666666681,device_04
2025-11-13 03:45:25.142941,0.0,57.18774999999995,67.79041666666674,device_05
2025-11-13 03:45:44.811422,0.0,58.455083333333306,68.59133333333342,device_02
2025-11-13 03:46:00.918336,0.0,57.24483333333331,67.80100000000007,device_03
2025-11-13 03:46:24.572756,0.0,59.28183333333335,69.35791666666681,device_04
2025-11-13 03:46:25.109308,0.0,57.22524999999997,67.7883333333334,device_05
2025-11-13 03:46:44.807416,0.0,58.455083333333306,68.59500000000008,device_02
2025-11-13 03:47:01.094343,0.0,57.25899999999998,67.80100000000007,device_03
2025-11-13 03:47:24.443243,0.0,59.28700000000001,69.35791666666681,device_04
2025-11-13 03:47:25.458766,0.0,57.22524999999997,67.79041666666673,device_05
2025-11-13 03:47:44.781373,0.0,58.45508333333331,68.59500000000008,device_02
2025-11-13 03:48:00.936782,0.0,57.25774999999998,67.80100000000004,device_03
2025-11-13 03:48:23.871406,0.0,59.28183333333335,69.35791666666681,device_04
2025-11-13 03:48:25.656631,0.0,57.22524999999996,67.77391666666674,device_05
2025-11-13 03:48:44.815423,0.0,58.415916666666654,68.6358333333334,device_02
2025-11-13 03:49:00.929065,0.0,57.24108333333331,67.80100000000007,device_03
2025-11-13 03:49:24.024277,0.0,59.28183333333336,69.35791666666681,device_04
2025-11-13 03:49:25.124254,0.0,57.22524999999997,67.7883333333334,device_05
2025-11-13 03:49:45.403165,0.0,58.455083333333306,68.59500000000008,device_02
2025-11-13 03:50:01.056882,0.0,57.20358333333332,67.78016666666673,device_03
2025-11-13 03:50:24.4263,0.0,59.28183333333335,69.35791666666681,device_04
2025-11-13 03:50:25.178005,0.0,57.22524999999996,67.79041666666673,device_05
2025-11-13 03:50:44.850014,0.0,58.455083333333306,68.59500000000007,device_02
2025-11-13 03:51:01.00426,0.0,57.20358333333332,67.78016666666674,device_03
2025-11-13 03:51:23.893144,0.0,59.28700000000001,69.35791666666681,device_04
2025-11-13 03:51:25.135751,0.0,57.18774999999996,67.79041666666673,device_05
2025-11-13 03:51:45.393778,0.0,58.455083333333306,68.59133333333341,device_02
2025-11-13 03:52:00.979997,0.0,57.22441666666665,67.78016666666673,device_03
2025-11-13 03:52:24.1663,0.0,59.28183333333335,69.35791666666681,device_04
2025-11-13 03:52:25.241755,0.0,57.22524999999995,67.77391666666674,device_05
2025-11-13 03:52:44.896117,0.0,58.455083333333306,68.59500000000008,device_02
2025-11-13 03:53:00.999799,0.0,57.20691666666665,67.78016666666673,device_03
2025-11-13 03:53:23.997199,0.0,59.28183333333336,69.35791666666681,device_04
2025-11-13 03:53:25.200756,0.0,57.22524999999997,67.7883333333334,device_05
2025-11-13 03:53:45.656025,0.0,58.455083333333306,68.59500000000008,device_02
2025-11-13 03:54:01.078607,0.0,57.21399999999998,67.78016666666674,device_03
2025-11-13 03:54:23.909648,0.0,59.28183333333335,69.35791666666681,device_04
2025-11-13 03:54:25.726163,0.0,57.22524999999996,67.7883333333334,device_05
2025-11-13 03:54:44.83382,0.0,58.455083333333306,68.59500000000008,device_02
2025-11-13 03:55:01.042243,0.0,57.19983333333332,67.78016666666673,device_03
2025-11-13 03:55:23.893371,0.0,59.28183333333335,69.35791666666681,device_04
2025-11-13 03:55:25.122564,0.0,57.22524999999997,67.78833333333341,device_05
2025-11-13 03:55:45.009926,0.0,58.45508333333331,68.59500000000008,device_02
2025-11-13 03:56:01.056759,0.0,57.20691666666665,67.78016666666673,device_03
2025-11-13 03:56:23.912647,0.0,59.28183333333335,69.35791666666681,device_04
2025-11-13 03:56:25.467514,0.0,57.22524999999997,67.7883333333334,device_05
2025-11-13 03:56:44.89083,0.0,58.455083333333306,68.59500000000007,device_02
2025-11-13 03:57:01.065433,0.0,57.20316666666665,67.78016666666673,device_03
2025-11-13 03:57:23.954645,0.0,59.28700000000003,69.35791666666681,device_04
2025-11-13 03:57:25.28879,0.0,57.22524999999996,67.7883333333334,device_05
2025-11-13 03:57:45.436934,0.0,58.4550833333333,68.59500000000008,device_02
2025-11-13 03:58:00.964734,0.0,57.240249999999975,67.79766666666674,device_03
2025-11-13 03:58:24.498199,0.0,59.28700000000004,69.35791666666681,device_04
2025-11-13 03:58:25.18578,0.0,57.22524999999997,67.7883333333334,device_05
2025-11-13 03:58:44.886117,0.0,58.455083333333306,68.59500000000007,device_02
2025-11-13 03:59:00.999334,0.0,57.20691666666666,67.78016666666673,device_03
2025-11-13 03:59:23.927146,0.0,59.31716666666668,69.35208333333347,device_04
2025-11-13 03:59:25.152709,0.0,57.26566666666661,67.78833333333343,device_05
2025-11-13 03:59:44.865877,0.0,58.455083333333306,68.59500000000008,device_02
2025-11-13 04:00:01.527801,0.0,57.240249999999975,67.79766666666674,device_03
2025-11-13 04:00:24.14104,0.0,59.28183333333335,69.35791666666681,device_04
2025-11-13 04:00:25.174164,0.0,57.22524999999997,67.7718333333334,device_05
2025-11-13 04:00:44.959592,0.0,58.455083333333306,68.59500000000007,device_02
2025-11-13 04:01:00.986766,0.0,57.257749999999966,67.79766666666674,device_03
2025-11-13 04:01:24.03771,0.0,59.28183333333335,69.35791666666681,device_04
2025-11-13 04:01:25.166432,0.0,57.22524999999995,67.79041666666674,device_05
2025-11-13 04:01:45.093703,0.0,58.455083333333306,68.59500000000008,device_02
2025-11-13 04:02:00.977628,0.0,57.203166666666654,67.78016666666673,device_03
2025-11-13 04:02:23.948195,0.0,59.28183333333335,69.35791666666681,device_04
2025-11-13 04:02:25.200091,0.0,57.22524999999997,67.79041666666673,device_05
2025-11-13 04:02:44.8466,0.0,58.455083333333306,68.59500000000008,device_02
2025-11-13 04:03:01.242426,0.0,57.21399999999998,67.78016666666673,device_03
2025-11-13 04:03:23.918859,0.0,59.28183333333335,69.35791666666681,device_04
2025-11-13 04:03:25.411274,0.0,57.22524999999997,67.7883333333334,device_05
2025-11-13 04:03:44.873825,0.0,58.455083333333306,68.59500000000008,device_02
2025-11-13 04:04:01.239152,0.0,57.203166666666654,67.78016666666673,device_03
2025-11-13 04:04:24.648054,0.0,59.28183333333335,69.35791666666681,device_04
2025-11-13 04:04:25.176352,0.0,57.26566666666663,67.7883333333334,device_05
2025-11-13 04:04:44.872607,0.0,58.455083333333306,68.59500000000008,device_02
2025-11-13 04:05:01.246645,0.0,57.24108333333331,67.80100000000007,device_03
2025-11-13 04:05:24.000776,0.0,59.28183333333335,69.3579166666668,device_04
2025-11-13 04:05:25.398773,0.0,57.22524999999996,67.7883333333334,device_05
2025-11-13 04:05:44.882265,0.0,58.455083333333306,68.59500000000008,device_02
2025-11-13 04:06:01.008552,0.0,57.240249999999975,67.79766666666674,device_03
2025-11-13 04:06:24.303363,0.0,59.28183333333335,69.35791666666681,device_04
2025-11-13 04:06:25.832706,0.0,57.48191666666666,68.24683333333338,device_05
2025-11-13 04:06:44.892191,0.0,58.49633333333331,68.61800000000008,device_02
2025-11-13 04:07:01.010965,0.0,57.218999999999966,67.79766666666674,device_03
2025-11-13 04:07:24.016955,0.0,59.28183333333335,69.3579166666668,device_04
2025-11-13 04:07:25.175636,0.0,57.22524999999997,67.77641666666673,device_05
2025-11-13 04:07:44.924998,0.0,58.4550833333333,68.59500000000007,device_02
2025-11-13 04:08:01.014929,0.0,57.24024999999997,67.79766666666674,device_03
2025-11-13 04:08:24.108589,0.0,59.31716666666668,69.35208333333348,device_04
2025-11-13 04:08:25.364754,0.0,57.22524999999997,67.77391666666672,device_05
2025-11-13 04:08:44.923969,0.0,58.455083333333306,68.59133333333341,device_02
2025-11-13 04:09:01.070546,0.0,57.240249999999975,67.79766666666674,device_03
2025-11-13 04:09:24.111491,0.0,59.31716666666668,69.3506666666668,device_04
2025-11-13 04:09:25.162434,0.0,57.22524999999996,67.78833333333341,device_05
2025-11-13 04:09:44.914897,0.0,58.455083333333306,68.59133333333341,device_02
2025-11-13 04:10:01.650623,0.0,57.218999999999966,67.79766666666674,device_03
2025-11-13 04:10:24.544374,0.0,59.31716666666668,69.3506666666668,device_04
2025-11-13 04:10:25.276324,0.0,57.26566666666662,67.7718333333334,device_05
2025-11-13 04:10:44.877818,0.0,58.455083333333306,68.59500000000007,device_02
2025-11-13 04:11:01.139551,0.0,57.22608333333331,67.85033333333342,device_03
2025-11-13 04:11:23.954786,0.0,59.31716666666668,69.35208333333348,device_04
2025-11-13 04:11:25.396227,0.0,57.22524999999996,67.7718333333334,device_05
2025-11-13 04:11:45.070601,0.0,58.4550833333333,68.59500000000007,device_02
2025-11-13 04:12:01.005478,0.0,57.22608333333332,67.85033333333341,device_03
2025-11-13 04:12:23.982078,0.0,59.28183333333335,69.35791666666681,device_04
2025-11-13 04:12:25.510419,0.0,57.31649999999996,67.8058333333334,device_05
2025-11-13 04:12:44.898361,0.0,58.455083333333306,68.59500000000008,device_02
2025-11-13 04:13:01.211459,0.0,57.20691666666666,67.78016666666673,device_03
2025-11-13 04:13:23.929605,0.0,59.28183333333336,69.35791666666681,device_04
2025-11-13 04:13:25.152523,0.0,57.26566666666663,67.7718333333334,device_05
2025-11-13 04:13:44.943892,0.0,58.47341666666664,68.59133333333342,device_02
2025-11-13 04:14:01.070863,0.0,57.24191666666664,67.84783333333343,device_03
2025-11-13 04:14:24.143488,0.0,59.31716666666668,69.3506666666668,device_04
2025-11-13 04:14:25.202199,0.0,57.22524999999996,67.7718333333334,device_05
2025-11-13 04:14:44.851811,0.0,58.4963333333333,68.61800000000008,device_02
2025-11-13 04:15:01.014928,0.0,57.24733333333332,67.85033333333342,device_03
2025-11-13 04:15:23.991838,0.0,59.31716666666668,69.3506666666668,device_04
2025-11-13 04:15:25.414083,0.0,57.22524999999997,67.7718333333334,device_05
2025-11-13 04:15:44.928906,0.0,58.455083333333306,68.59133333333341,device_02
2025-11-13 04:16:01.035321,0.0,57.22108333333331,67.85033333333341,device_03
2025-11-13 04:16:23.978497,0.0,59.31716666666667,69.35208333333347,device_04
2025-11-13 04:16:25.253344,0.0,57.22524999999995,67.7718333333334,device_05
2025-11-13 04:16:45.110603,0.0,58.4963333333333,68.61175000000007,device_02
2025-11-13 04:17:01.167462,0.0,57.22608333333332,67.85033333333342,device_03
2025-11-13 04:17:24.038737,0.0,59.31716666666668,69.3506666666668,device_04
2025-11-13 04:17:25.223841,0.0,57.22524999999995,67.77391666666674,device_05
2025-11-13 04:17:44.857815,0.0,58.455083333333306,68.59500000000008,device_02
2025-11-13 04:18:01.787643,0.0,57.24733333333332,67.85033333333341,device_03
2025-11-13 04:18:24.01555,0.0,59.31716666666668,69.3506666666668,device_04
2025-11-13 04:18:25.361086,0.0,57.22524999999997,67.77641666666673,device_05
2025-11-13 04:18:44.86667,0.0,58.4963333333333,68.61800000000008,device_02
2025-11-13 04:19:01.15414,0.0,57.20316666666665,67.78016666666673,device_03
2025-11-13 04:19:23.999056,0.0,59.28183333333336,69.3579166666668,device_04
2025-11-13 04:19:25.866737,0.0,57.18774999999996,67.77850000000007,device_05
2025-11-13 04:19:44.897142,0.0,58.52008333333331,68.62925000000007,device_02
2025-11-13 04:20:01.206504,0.0,57.22608333333332,67.85033333333341,device_03
2025-11-13 04:20:24.189939,0.0,59.28183333333335,69.35791666666681,device_04
2025-11-13 04:20:25.626769,0.0,57.22524999999997,67.7718333333334,device_05
2025-11-13 04:20:44.886489,0.0,58.47341666666664,68.59133333333341,device_02
2025-11-13 04:21:01.236049,0.0,57.26899999999998,67.84783333333343,device_03
2025-11-13 04:21:24.726362,0.0,59.28183333333336,69.35791666666681,device_04
2025-11-13 04:21:25.263693,0.0,57.22524999999997,67.77850000000007,device_05
2025-11-13 04:21:44.94611,0.0,58.47341666666664,68.59133333333342,device_02
2025-11-13 04:22:01.03134,0.0,57.23691666666666,67.84783333333343,device_03
2025-11-13 04:22:24.000241,0.0,59.31716666666667,69.35208333333347,device_04
2025-11-13 04:22:25.210026,0.0,57.22524999999996,67.77850000000008,device_05
2025-11-13 04:22:45.143745,0.0,58.47341666666664,68.59758333333342,device_02
2025-11-13 04:23:01.246961,0.0,57.265666666666654,67.84241666666675,device_03
2025-11-13 04:23:23.943555,0.0,59.31716666666668,69.35208333333348,device_04
2025-11-13 04:23:25.170896,0.0,57.22524999999997,67.77641666666673,device_05
2025-11-13 04:23:44.920606,0.0,58.4963333333333,68.61800000000008,device_02
2025-11-13 04:24:01.040851,0.0,57.26399999999998,67.84783333333343,device_03
2025-11-13 04:24:24.060167,0.0,59.28183333333335,69.35791666666681,device_04
2025-11-13 04:24:25.188013,0.0,57.22524999999997,67.77850000000007,device_05
2025-11-13 04:24:44.930887,0.0,58.47341666666664,68.59133333333341,device_02
2025-11-13 04:25:23.993419,0.0,59.31716666666667,69.3506666666668,device_04
2025-11-13 04:25:25.357894,0.0,57.22524999999996,67.77641666666673,device_05
2025-11-13 04:26:25.792973,0.0,57.22524999999997,67.77641666666673,device_05
2025-11-13 04:30:01.601816,0.0,57.251916666666645,67.81825000000008,device_03
2025-11-13 04:30:44.924142,0.0,58.536749999999984,68.62175000000008,device_02
2025-11-13 04:31:01.831575,0.0,57.22608333333331,67.85033333333342,device_03
2025-11-13 04:31:24.064664,0.0,59.36091666666667,69.35050000000012,device_04
2025-11-13 04:31:45.697172,0.0,58.47341666666664,68.59758333333342,device_02
2025-11-13 04:32:01.02249,0.0,57.25899999999999,67.82866666666676,device_03
2025-11-13 04:32:23.968725,0.0,59.31716666666668,69.3506666666668,device_04
2025-11-13 04:32:25.286015,0.0,57.3198333333333,67.80225000000007,device_05
2025-11-13 04:32:45.555855,0.0,58.47341666666664,68.59758333333342,device_02
2025-11-13 04:33:01.082988,0.0,57.23691666666664,67.84783333333343,device_03
2025-11-13 04:33:24.055007,0.0,59.31716666666667,69.35066666666681,device_04
2025-11-13 04:33:25.343458,0.0,57.31816666666664,67.81058333333341,device_05
2025-11-13 04:33:45.025782,0.0,58.4963333333333,68.61800000000008,device_02
2025-11-13 04:34:01.106431,0.0,57.22608333333331,67.84950000000008,device_03
2025-11-13 04:34:24.28856,0.0,59.31716666666668,69.35066666666681,device_04
2025-11-13 04:34:25.200425,0.0,57.31649999999996,67.79391666666673,device_05
2025-11-13 04:34:44.877786,0.0,58.4963333333333,68.61800000000008,device_02
2025-11-13 04:35:01.06203,0.0,57.26899999999998,67.84783333333343,device_03
2025-11-13 04:35:24.040732,0.0,59.31716666666668,69.3506666666668,device_04
2025-11-13 04:35:25.380971,0.0,57.26566666666662,67.77641666666673,device_05
2025-11-13 04:35:44.864481,0.0,58.5200833333333,68.62175000000008,device_02
2025-11-13 04:36:03.130071,0.0,57.22608333333332,67.84950000000009,device_03
2025-11-13 04:36:24.22471,0.0,59.31716666666668,69.3506666666668,device_04
2025-11-13 04:36:25.1969,0.0,57.26566666666662,67.77641666666673,device_05
2025-11-13 04:36:44.894913,0.0,58.49633333333331,68.61175000000009,device_02
2025-11-13 04:37:01.586542,0.0,57.22608333333331,67.84950000000008,device_03
2025-11-13 04:37:23.956468,0.0,59.31716666666667,69.34733333333347,device_04
2025-11-13 04:37:25.206634,0.0,57.22524999999994,67.77850000000007,device_05
2025-11-13 04:37:44.860154,0.0,58.47341666666664,68.59758333333342,device_02
2025-11-13 04:38:01.150727,0.0,57.22608333333332,67.8503333333334,device_03
2025-11-13 04:38:24.194988,0.0,59.31716666666668,69.3506666666668,device_04
2025-11-13 04:38:25.220684,0.0,57.22524999999997,67.77641666666673,device_05
2025-11-13 04:38:45.102221,0.0,58.47341666666664,68.59758333333342,device_02
2025-11-13 04:39:01.042582,0.0,57.22108333333331,67.85033333333342,device_03
2025-11-13 04:39:23.953786,0.0,59.36091666666667,69.35050000000012,device_04
2025-11-13 04:39:25.191083,0.0,57.22524999999996,67.77641666666673,device_05
2025-11-13 04:39:44.93522,0.0,58.47341666666664,68.59758333333342,device_02
2025-11-13 04:40:01.563165,0.0,57.22108333333332,67.84950000000008,device_03
2025-11-13 04:40:24.038526,0.0,59.31716666666668,69.34733333333347,device_04
2025-11-13 04:40:25.214836,0.0,57.22524999999995,67.77850000000007,device_05
2025-11-13 04:40:44.867512,0.0,58.47341666666664,68.59133333333341,device_02
2025-11-13 04:41:01.045058,0.0,57.26399999999999,67.84783333333343,device_03
2025-11-13 04:41:23.986902,0.0,59.31716666666668,69.34733333333347,device_04
2025-11-13 04:41:25.232512,0.0,57.22524999999996,67.77641666666673,device_05
2025-11-13 04:41:44.874372,0.0,58.47341666666664,68.59758333333342,device_02
2025-11-13 04:42:01.736343,0.0,57.26399999999999,67.84783333333343,device_03
2025-11-13 04:42:24.026419,0.0,59.36091666666668,69.34633333333346,device_04
2025-11-13 04:42:25.418435,0.0,57.22524999999996,67.77850000000008,device_05
2025-11-13 04:42:44.873301,0.0,58.48049999999998,68.60133333333341,device_02
2025-11-13 04:43:01.153771,0.0,57.27149999999999,67.84241666666676,device_03
2025-11-13 04:43:24.066821,0.0,59.36091666666667,69.34633333333346,device_04
2025-11-13 04:43:25.244118,0.0,57.22524999999996,67.77850000000007,device_05
2025-11-13 04:43:45.377406,0.0,58.44716666666665,68.6638333333334,device_02
2025-11-13 04:44:01.036571,0.0,57.23691666666664,67.84783333333343,device_03
2025-11-13 04:44:24.041717,0.0,59.36091666666668,69.35050000000014,device_04
2025-11-13 04:44:25.730746,0.0,57.20816666666663,67.83433333333338,device_05
2025-11-13 04:44:44.914263,0.0,58.48049999999997,68.6013333333334,device_02
2025-11-13 04:45:01.050875,0.0,57.25399999999999,67.82866666666675,device_03
2025-11-13 04:45:24.006622,0.0,59.36091666666668,69.34633333333346,device_04
2025-11-13 04:45:25.15529,0.0,57.20816666666663,67.83641666666671,device_05
2025-11-13 04:45:44.886822,0.0,58.4963333333333,68.61800000000008,device_02
2025-11-13 04:46:01.02479,0.0,57.25399999999999,67.82866666666676,device_03
2025-11-13 04:46:24.557235,0.0,59.36091666666668,69.35050000000012,device_04
2025-11-13 04:46:25.228346,0.0,57.22524999999997,67.77850000000007,device_05
2025-11-13 04:46:44.843255,0.0,58.49633333333331,68.61800000000008,device_02
2025-11-13 04:47:01.058251,0.0,57.26649999999998,67.84241666666675,device_03
2025-11-13 04:47:24.012878,0.0,59.36091666666668,69.34633333333346,device_04
2025-11-13 04:47:25.185653,0.0,57.22524999999997,67.77641666666673,device_05
2025-11-13 04:47:44.843286,0.0,58.48049999999997,68.60133333333341,device_02
2025-11-13 04:48:01.019581,0.0,57.26649999999999,67.84241666666675,device_03
2025-11-13 04:48:24.688146,0.0,59.36091666666668,69.34633333333346,device_04
2025-11-13 04:48:25.329703,0.0,57.22524999999996,67.77850000000007,device_05
2025-11-13 04:48:44.889226,0.0,58.4963333333333,68.61800000000008,device_02
2025-11-13 04:49:01.081201,0.0,57.22608333333332,67.84950000000008,device_03
2025-11-13 04:49:24.008302,0.0,59.36091666666668,69.35050000000012,device_04
2025-11-13 04:49:25.321417,0.0,57.22524999999996,67.77850000000007,device_05
2025-11-13 04:49:44.832879,0.0,58.48049999999997,68.60133333333341,device_02
2025-11-13 04:50:01.157443,0.0,57.22608333333332,67.85033333333342,device_03
2025-11-13 04:50:24.251398,0.0,59.36091666666668,69.34633333333346,device_04
2025-11-13 04:50:25.406402,0.0,57.22524999999997,67.77850000000007,device_05
2025-11-13 04:50:44.84219,0.0,58.50341666666664,68.62175000000008,device_02
2025-11-13 04:51:01.07167,0.0,57.241916666666654,67.84783333333341,device_03
2025-11-13 04:51:23.988702,0.0,59.35966666666668,69.35050000000012,device_04
2025-11-13 04:51:25.256572,0.0,57.22524999999996,67.77641666666673,device_05
2025-11-13 04:51:44.860609,0.0,58.503416666666624,68.62175000000008,device_02
2025-11-13 04:52:01.298735,0.0,57.26649999999999,67.84241666666675,device_03
2025-11-13 04:52:23.956318,0.0,59.402000000000015,69.42325000000011,device_04
2025-11-13 04:52:25.278543,0.0,57.22524999999995,67.77850000000008,device_05
2025-11-13 04:52:45.211711,0.0,58.503416666666624,68.62175000000008,device_02
2025-11-13 04:53:01.045368,0.0,57.25066666666667,67.82366666666675,device_03
2025-11-13 04:53:24.185593,0.0,59.36091666666667,69.35050000000012,device_04
2025-11-13 04:53:25.217023,0.0,57.22524999999996,67.77850000000007,device_05
2025-11-13 04:53:44.887715,0.0,58.47341666666664,68.59758333333342,device_02
2025-11-13 04:54:01.132247,0.0,57.25149999999998,67.81241666666673,device_03
2025-11-13 04:54:24.151933,0.0,59.36091666666668,69.34633333333345,device_04
2025-11-13 04:54:25.236713,0.0,57.22524999999996,67.77850000000007,device_05
2025-11-13 04:54:44.961308,0.0,58.47341666666664,68.59133333333341,device_02
2025-11-13 04:55:01.027055,0.0,57.29666666666665,67.8145000000001,device_03
2025-11-13 04:55:24.046155,0.0,59.45608333333335,69.4312500000001,device_04
2025-11-13 04:55:25.72767,0.0,57.22524999999997,67.77850000000007,device_05
2025-11-13 04:55:44.875144,0.0,58.503416666666624,68.62175000000008,device_02
2025-11-13 04:56:01.292215,0.0,57.29666666666665,67.8145000000001,device_03
2025-11-13 04:56:23.982711,0.0,59.400750000000016,69.43825000000012,device_04
2025-11-13 04:56:25.285465,0.0,57.18774999999996,67.77850000000007,device_05
2025-11-13 04:56:44.882021,0.0,58.503416666666624,68.62175000000008,device_02
2025-11-13 04:57:01.118344,0.0,57.249416666666654,67.82366666666675,device_03
2025-11-13 04:57:24.087113,0.0,59.45483333333335,69.4312500000001,device_04
2025-11-13 04:57:25.416138,0.0,57.22524999999997,67.77850000000007,device_05
2025-11-13 04:57:45.186437,0.0,58.50341666666664,68.62175000000008,device_02
2025-11-13 04:58:01.296029,0.0,57.25399999999999,67.8228333333334,device_03
2025-11-13 04:58:23.963143,0.0,59.45483333333335,69.4312500000001,device_04
2025-11-13 04:58:25.233967,0.0,57.22524999999996,67.77850000000007,device_05
2025-11-13 04:58:44.876376,0.0,58.50341666666664,68.62175000000008,device_02
2025-11-13 04:59:01.284582,0.0,57.29666666666665,67.8145000000001,device_03
2025-11-13 04:59:23.994706,0.0,59.45500000000001,69.44283333333344,device_04
2025-11-13 04:59:25.341509,0.0,57.18774999999996,67.77850000000007,device_05
2025-11-13 04:59:45.415168,0.0,58.48049999999997,68.60133333333341,device_02
2025-11-13 05:00:01.060399,0.0,57.29333333333332,67.84658333333341,device_03
2025-11-13 05:00:24.009823,0.0,59.45483333333335,69.4312500000001,device_04
2025-11-13 05:00:25.185066,0.0,57.22524999999997,67.77850000000008,device_05
2025-11-13 05:00:44.870775,0.0,58.503416666666645,68.62175000000008,device_02
2025-11-13 05:01:01.135069,0.0,57.28791666666665,67.82325000000009,device_03
2025-11-13 05:01:24.097031,0.0,59.45483333333336,69.4312500000001,device_04
2025-11-13 05:01:25.252277,0.0,57.18774999999996,67.77850000000008,device_05
2025-11-13 05:01:45.558752,0.0,58.503416666666645,68.62175000000008,device_02
2025-11-13 05:02:01.282805,0.0,57.28791666666665,67.82325000000009,device_03
2025-11-13 05:02:23.981672,0.0,59.45483333333335,69.4312500000001,device_04
2025-11-13 05:02:25.283812,0.0,57.16441666666663,67.77850000000007,device_05
2025-11-13 05:02:45.042122,0.0,58.50341666666664,68.62175000000008,device_02
2025-11-13 05:03:01.046962,0.0,57.31249999999998,67.85741666666678,device_03
2025-11-13 05:03:24.006624,0.0,59.45500000000001,69.45408333333344,device_04
2025-11-13 05:03:25.286397,0.0,57.22524999999996,67.77850000000007,device_05
2025-11-13 05:03:45.425904,0.0,58.50341666666664,68.62175000000008,device_02
2025-11-13 05:04:01.675243,0.0,57.28791666666665,67.82325000000009,device_03
2025-11-13 05:04:24.009113,0.0,59.45483333333333,69.4312500000001,device_04
2025-11-13 05:04:25.341427,0.0,57.22524999999996,67.77850000000007,device_05
2025-11-13 05:04:44.850755,0.0,58.503416666666624,68.62175000000008,device_02
2025-11-13 05:05:01.395872,0.0,57.28791666666665,67.82325000000009,device_03
2025-11-13 05:05:24.026455,0.0,59.45483333333335,69.4312500000001,device_04
2025-11-13 05:05:25.311707,0.0,57.22524999999997,67.77850000000007,device_05
2025-11-13 05:05:45.414058,0.0,58.503416666666645,68.62175000000008,device_02
2025-11-13 05:06:01.629543,0.0,57.29666666666665,67.8245000000001,device_03
2025-11-13 05:06:24.112484,0.0,59.45483333333335,69.44625000000012,device_04
2025-11-13 05:06:25.186092,0.0,57.16441666666663,67.77850000000007,device_05
2025-11-13 05:06:44.89254,0.0,58.50341666666664,68.62175000000008,device_02
2025-11-13 05:07:01.290691,0.0,57.28791666666666,67.8245000000001,device_03
2025-11-13 05:07:24.045956,0.0,59.45483333333335,69.44250000000011,device_04
2025-11-13 05:07:25.204326,0.0,57.22524999999997,67.77850000000007,device_05
2025-11-13 05:07:45.440421,0.0,58.503416666666624,68.62175000000008,device_02
2025-11-13 05:08:01.957775,0.0,57.29666666666665,67.8245000000001,device_03
2025-11-13 05:08:23.966005,0.0,59.48608333333333,69.44250000000012,device_04
2025-11-13 05:08:25.258911,0.0,57.22524999999996,67.77850000000008,device_05
2025-11-13 05:08:44.864965,0.0,58.50341666666664,68.62175000000008,device_02
2025-11-13 05:09:01.085508,0.0,57.32124999999999,67.85658333333343,device_03
2025-11-13 05:09:24.026228,0.0,59.45483333333335,69.44250000000011,device_04
2025-11-13 05:09:25.174844,0.0,57.18774999999995,67.77850000000008,device_05
2025-11-13 05:09:45.500627,0.0,58.48049999999998,68.60133333333341,device_02
2025-11-13 05:10:01.044735,0.0,57.28791666666666,67.82325000000009,device_03
2025-11-13 05:10:24.100576,0.0,59.45483333333335,69.44250000000012,device_04
2025-11-13 05:10:25.173816,0.0,57.18774999999996,67.77850000000007,device_05
2025-11-13 05:10:44.848857,0.0,58.50341666666664,68.62175000000008,device_02
2025-11-13 05:11:01.03233,0.0,57.29666666666666,67.82450000000011,device_03
2025-11-13 05:11:24.08555,0.0,59.45483333333335,69.44250000000012,device_04
2025-11-13 05:11:25.387597,0.0,57.22524999999996,67.77850000000007,device_05
2025-11-13 05:11:45.052137,0.0,58.44633333333331,68.75550000000007,device_02
2025-11-13 05:12:01.334665,0.0,57.29666666666665,67.82450000000009,device_03
2025-11-13 05:12:24.57282,0.0,59.45483333333333,69.4312500000001,device_04
2025-11-13 05:12:25.213705,0.0,57.22524999999996,67.77850000000007,device_05
2025-11-13 05:12:44.86041,0.0,58.48049999999998,68.60133333333341,device_02
2025-11-13 05:13:01.242695,0.0,57.249416666666654,67.82366666666675,device_03
2025-11-13 05:13:24.253691,0.0,59.40075000000001,69.42325000000011,device_04
2025-11-13 05:13:25.325618,0.0,57.22524999999996,67.77641666666673,device_05
2025-11-13 05:13:45.570669,0.0,58.48049999999997,68.60133333333341,device_02
2025-11-13 05:14:01.125356,0.0,57.28791666666665,67.82325000000009,device_03
2025-11-13 05:14:24.60262,0.0,59.45483333333335,69.4312500000001,device_04
2025-11-13 05:14:25.240289,0.0,57.22524999999997,67.77850000000007,device_05
2025-11-13 05:14:44.838917,0.0,58.48049999999997,68.60133333333341,device_02
2025-11-13 05:15:01.370904,0.0,57.27874999999997,67.8545000000001,device_03
2025-11-13 05:15:24.024161,0.0,59.45483333333333,69.4312500000001,device_04
2025-11-13 05:15:25.233714,0.0,57.22524999999997,67.77641666666675,device_05
2025-11-13 05:15:45.007549,0.0,58.48049999999998,68.59508333333342,device_02
2025-11-13 05:16:01.15708,0.0,57.30999999999997,67.8507500000001,device_03
2025-11-13 05:16:24.564195,0.0,59.45483333333335,69.44250000000011,device_04
2025-11-13 05:16:25.339047,0.0,57.22524999999997,67.77641666666673,device_05
2025-11-13 05:16:44.856914,0.0,58.50341666666664,68.62175000000008,device_02
2025-11-13 05:17:01.034587,0.0,57.31249999999998,67.85533333333343,device_03
2025-11-13 05:17:24.027795,0.0,59.48608333333335,69.44250000000011,device_04
2025-11-13 05:17:25.193721,0.0,57.22524999999997,67.77850000000007,device_05
2025-11-13 05:17:44.889328,0.0,58.48049999999997,68.60133333333341,device_02
2025-11-13 05:18:01.043137,0.0,57.27874999999998,67.84908333333343,device_03
2025-11-13 05:18:24.582232,0.0,59.46066666666668,69.44250000000011,device_04
2025-11-13 05:18:25.173776,0.0,57.22524999999995,67.77641666666673,device_05
2025-11-13 05:18:44.911364,0.0,58.48049999999998,68.60133333333341,device_02
2025-11-13 05:19:01.162802,0.0,57.30999999999998,67.85533333333343,device_03
2025-11-13 05:19:24.024043,0.0,59.48608333333333,69.44250000000011,device_04
2025-11-13 05:19:25.205436,0.0,57.22524999999997,67.77850000000007,device_05
2025-11-13 05:19:44.884578,0.0,58.48049999999997,68.60133333333341,device_02
2025-11-13 05:20:01.00956,0.0,57.28791666666665,67.82450000000009,device_03
2025-11-13 05:20:24.250089,0.0,59.45483333333335,69.44250000000011,device_04
2025-11-13 05:20:25.541144,0.0,57.18774999999996,67.77850000000007,device_05
2025-11-13 05:20:44.886864,0.0,58.50341666666664,68.61550000000008,device_02
2025-11-13 05:21:01.338787,0.0,57.30999999999998,67.84991666666677,device_03
2025-11-13 05:21:24.248504,0.0,59.45483333333333,69.4462500000001,device_04
2025-11-13 05:21:25.386591,0.0,57.22524999999997,67.77850000000007,device_05
2025-11-13 05:21:44.900067,0.0,58.503416666666645,68.62175000000008,device_02
2025-11-13 05:22:01.034502,0.0,57.32124999999999,67.85658333333342,device_03
2025-11-13 05:22:24.043407,0.0,59.45483333333335,69.4312500000001,device_04
2025-11-13 05:22:25.273859,0.0,57.22524999999997,67.77850000000007,device_05
2025-11-13 05:22:44.863422,0.0,58.5200833333333,68.62925000000008,device_02
2025-11-13 05:23:01.229761,0.0,57.30999999999997,67.8507500000001,device_03
2025-11-13 05:23:24.611141,0.0,59.45483333333335,69.44250000000011,device_04
2025-11-13 05:23:25.205332,0.0,57.22524999999996,67.77850000000008,device_05
2025-11-13 05:23:44.854507,0.0,58.52758333333331,68.62175000000008,device_02
2025-11-13 05:24:01.081878,0.0,57.29666666666666,67.8145000000001,device_03
2025-11-13 05:24:23.986896,0.0,59.49191666666668,69.44250000000011,device_04
2025-11-13 05:24:25.250535,0.0,57.18774999999995,67.77850000000007,device_05
2025-11-13 05:24:44.984558,0.0,58.48049999999997,68.60133333333341,device_02
2025-11-13 05:25:24.043156,0.0,59.45483333333335,69.44250000000012,device_04
2025-11-13 05:25:25.401205,0.0,57.18774999999996,67.77850000000007,device_05
2025-11-13 05:26:25.385661,0.0,57.22524999999997,67.77850000000007,device_05
2025-11-13 05:30:01.332191,0.0,57.30999999999998,67.8345000000001,device_03
2025-11-13 05:30:45.469905,0.0,58.5275833333333,68.62175000000008,device_02
2025-11-13 05:31:01.899828,0.0,57.3220833333333,67.84616666666676,device_03
2025-11-13 05:31:24.108804,0.0,59.49191666666668,69.44250000000011,device_04
2025-11-13 05:31:44.952504,0.0,58.503416666666645,68.62175000000008,device_02
2025-11-13 05:32:01.078419,0.0,57.32416666666664,67.8507500000001,device_03
2025-11-13 05:32:23.983275,0.0,59.49191666666668,69.44250000000012,device_04
2025-11-13 05:32:25.343423,0.0,57.3198333333333,67.80225000000007,device_05
2025-11-13 05:32:45.404543,0.0,58.48799999999997,68.60133333333341,device_02
2025-11-13 05:33:01.175967,0.0,57.3220833333333,67.84616666666676,device_03
2025-11-13 05:33:24.275422,0.0,59.48608333333335,69.44250000000012,device_04
2025-11-13 05:33:25.249396,0.0,57.31816666666663,67.81058333333341,device_05
2025-11-13 05:33:44.91675,0.0,58.51091666666664,68.62175000000008,device_02
2025-11-13 05:34:01.039496,0.0,57.32416666666664,67.8507500000001,device_03
2025-11-13 05:34:24.00337,0.0,59.48608333333335,69.44250000000011,device_04
2025-11-13 05:34:25.179943,0.0,57.44816666666665,68.17058333333338,device_05
2025-11-13 05:34:44.995107,0.0,58.48049999999997,68.6013333333334,device_02
2025-11-13 05:35:01.096474,0.0,57.32416666666664,67.8507500000001,device_03
2025-11-13 05:35:24.668262,0.0,59.48608333333335,69.4425000000001,device_04
2025-11-13 05:35:25.220254,0.0,57.22524999999997,67.77641666666673,device_05
2025-11-13 05:35:44.829316,0.0,58.51091666666664,68.62175000000006,device_02
2025-11-13 05:36:01.031374,0.0,57.3220833333333,67.84616666666676,device_03
2025-11-13 05:36:24.744897,0.0,59.49191666666668,69.44250000000012,device_04
2025-11-13 05:36:25.36574,0.0,57.22524999999996,67.77641666666673,device_05
2025-11-13 05:36:44.814896,0.0,58.51091666666664,68.62175000000008,device_02
2025-11-13 05:37:01.150424,0.0,57.32416666666664,67.8507500000001,device_03
2025-11-13 05:37:24.014225,0.0,59.48608333333335,69.44250000000011,device_04
2025-11-13 05:37:25.274578,0.0,57.22524999999996,67.77850000000007,device_05
2025-11-13 05:37:44.999959,0.0,58.48049999999997,68.60133333333341,device_02
2025-11-13 05:38:01.18929,0.0,57.32416666666665,67.8507500000001,device_03
2025-11-13 05:38:24.207256,0.0,59.49191666666668,69.44250000000011,device_04
2025-11-13 05:38:25.213135,0.0,57.18774999999996,67.77850000000007,device_05
2025-11-13 05:38:44.867561,0.0,58.46216666666663,68.60133333333341,device_02
2025-11-13 05:39:01.08869,0.0,57.32416666666664,67.85075000000009,device_03
2025-11-13 05:39:23.993698,0.0,59.48608333333336,69.44250000000012,device_04
2025-11-13 05:39:25.166301,0.0,57.22524999999997,67.77850000000007,device_05
2025-11-13 05:39:45.433228,0.0,58.48799999999997,68.60133333333341,device_02
2025-11-13 05:40:01.442521,0.0,57.32416666666665,67.8507500000001,device_03
2025-11-13 05:40:24.012667,0.0,59.45483333333335,69.44250000000011,device_04
2025-11-13 05:40:25.219996,0.0,57.18774999999996,67.77850000000007,device_05
2025-11-13 05:40:45.108536,0.0,58.5275833333333,68.62925000000007,device_02
2025-11-13 05:41:01.029445,0.0,57.32416666666664,67.85075000000009,device_03
2025-11-13 05:41:24.039655,0.0,59.49191666666668,69.44250000000011,device_04
2025-11-13 05:41:25.232422,0.0,57.18774999999996,67.77850000000007,device_05
2025-11-13 05:41:44.909403,0.0,58.46966666666663,68.60500000000008,device_02
2025-11-13 05:42:01.23803,0.0,57.32416666666664,67.8507500000001,device_03
2025-11-13 05:42:24.086233,0.0,59.49191666666667,69.44250000000011,device_04
2025-11-13 05:42:25.164657,0.0,57.22524999999996,67.77641666666673,device_05
2025-11-13 05:42:44.790206,0.0,58.50341666666664,68.62175000000008,device_02
2025-11-13 05:43:01.071687,0.0,57.32416666666665,67.8507500000001,device_03
2025-11-13 05:43:24.168893,0.0,59.49191666666668,69.44250000000012,device_04
2025-11-13 05:43:25.35918,0.0,57.22524999999996,67.77850000000007,device_05
2025-11-13 05:43:45.023512,0.0,58.48049999999998,68.60133333333341,device_02
2025-11-13 05:44:01.036087,0.0,57.32416666666664,67.8507500000001,device_03
2025-11-13 05:44:24.036507,0.0,59.48608333333335,69.44250000000012,device_04
2025-11-13 05:44:25.205563,0.0,57.22524999999996,67.77850000000007,device_05
2025-11-13 05:44:44.843089,0.0,58.48799999999997,68.60133333333343,device_02
2025-11-13 05:45:01.020514,0.0,57.32416666666664,67.8507500000001,device_03
2025-11-13 05:45:24.11437,0.0,59.48608333333335,69.44250000000011,device_04
2025-11-13 05:45:25.175922,0.0,57.22524999999997,67.77850000000007,device_05
2025-11-13 05:45:45.41008,0.0,58.51091666666664,68.62175000000009,device_02
2025-11-13 05:46:01.206022,0.0,57.32416666666664,67.8507500000001,device_03
2025-11-13 05:46:23.97147,0.0,59.48608333333333,69.44250000000012,device_04
2025-11-13 05:46:25.174197,0.0,57.18774999999996,67.77850000000007,device_05
2025-11-13 05:46:44.782954,0.0,58.48799999999997,68.60133333333341,device_02
2025-11-13 05:47:01.137374,0.0,57.32416666666664,67.8507500000001,device_03
2025-11-13 05:47:23.946176,0.0,59.49191666666668,69.44250000000011,device_04
2025-11-13 05:47:25.180134,0.0,57.22524999999996,67.77850000000007,device_05
2025-11-13 05:47:45.133311,0.0,58.46216666666663,68.60133333333341,device_02
2025-11-13 05:48:01.191312,0.0,57.32416666666664,67.8507500000001,device_03
2025-11-13 05:48:23.962183,0.0,59.48608333333333,69.44250000000011,device_04
2025-11-13 05:48:25.126787,0.0,57.18774999999996,67.77850000000007,device_05
2025-11-13 05:48:44.828659,0.0,58.46216666666663,68.59508333333342,device_02
2025-11-13 05:49:01.001146,0.0,57.29999999999998,67.8370000000001,device_03
2025-11-13 05:49:24.030674,0.0,59.49191666666668,69.44250000000011,device_04
2025-11-13 05:49:25.187744,0.0,57.18774999999996,67.77850000000007,device_05
2025-11-13 05:49:45.430217,0.0,58.46966666666663,68.59875000000008,device_02
2025-11-13 05:50:00.987235,0.0,57.32416666666665,67.8507500000001,device_03
2025-11-13 05:50:24.129234,0.0,59.48608333333335,69.44250000000012,device_04
2025-11-13 05:50:25.267794,0.0,57.22524999999997,67.77850000000008,device_05
2025-11-13 05:50:44.983814,0.0,58.48799999999997,68.59508333333342,device_02
2025-11-13 05:51:01.120739,0.0,57.320416666666645,67.84616666666676,device_03
2025-11-13 05:51:23.961822,0.0,59.48608333333333,69.44250000000011,device_04
2025-11-13 05:51:25.183955,0.0,57.22524999999996,67.77850000000007,device_05
2025-11-13 05:51:44.864357,0.0,58.46966666666663,68.59875000000008,device_02
2025-11-13 05:52:01.388928,0.0,57.28583333333332,67.81866666666676,device_03
2025-11-13 05:52:24.617208,0.0,59.45483333333335,69.4312500000001,device_04
2025-11-13 05:52:25.309799,0.0,57.18774999999996,67.77850000000007,device_05
2025-11-13 05:52:44.782904,0.0,58.46216666666665,68.59508333333342,device_02
2025-11-13 05:53:01.105448,0.0,57.322499999999984,67.8507500000001,device_03
2025-11-13 05:53:23.942811,0.0,59.45483333333335,69.44625000000012,device_04
2025-11-13 05:53:25.411974,0.0,57.18774999999996,67.77850000000007,device_05
2025-11-13 05:53:45.049399,0.0,58.46966666666663,68.59875000000008,device_02
2025-11-13 05:54:01.285203,0.0,57.32416666666664,67.8507500000001,device_03
2025-11-13 05:54:24.107868,0.0,59.48608333333335,69.44250000000012,device_04
2025-11-13 05:54:25.220526,0.0,57.1723333333333,67.77850000000007,device_05
2025-11-13 05:54:44.819806,0.0,58.46966666666663,68.59875000000007,device_02
2025-11-13 05:55:01.585059,0.0,57.299999999999976,67.8370000000001,device_03
2025-11-13 05:55:23.958612,0.0,59.45483333333335,69.44250000000011,device_04
2025-11-13 05:55:25.151039,0.0,57.22524999999997,67.77641666666673,device_05
2025-11-13 05:55:44.787585,0.0,58.510916666666624,68.62175000000008,device_02
2025-11-13 05:56:00.998978,0.0,57.32416666666664,67.85075000000009,device_03
2025-11-13 05:56:24.072594,0.0,59.45483333333335,69.44250000000011,device_04
2025-11-13 05:56:25.154574,0.0,57.18774999999996,67.77850000000007,device_05
2025-11-13 05:56:45.392799,0.0,58.46966666666663,68.60500000000008,device_02
2025-11-13 05:57:01.030768,0.0,57.32416666666664,67.8507500000001,device_03
2025-11-13 05:57:24.493129,0.0,59.486083333333326,69.44250000000012,device_04
2025-11-13 05:57:25.155036,0.0,57.22524999999996,67.77850000000007,device_05
2025-11-13 05:57:44.898338,0.0,58.46216666666663,68.59875000000008,device_02
2025-11-13 05:58:01.153483,0.0,57.3220833333333,67.84616666666676,device_03
2025-11-13 05:58:23.975748,0.0,59.48608333333335,69.44250000000012,device_04
2025-11-13 05:58:25.167176,0.0,57.22524999999997,67.77850000000007,device_05
2025-11-13 05:58:44.873008,0.0,58.46216666666663,68.59875000000008,device_02
2025-11-13 05:59:01.213415,0.0,57.30999999999998,67.85616666666678,device_03
2025-11-13 05:59:24.142349,0.0,59.48608333333335,69.44250000000012,device_04
2025-11-13 05:59:25.3297,0.0,57.16441666666662,67.77850000000007,device_05
2025-11-13 05:59:44.801746,0.0,58.46966666666663,68.59875000000007,device_02
2025-11-13 06:00:01.023736,0.0,57.31041666666664,67.85158333333342,device_03
2025-11-13 06:00:24.00217,0.0,59.45483333333335,69.44250000000011,device_04
2025-11-13 06:00:25.155633,0.0,57.22524999999996,67.77850000000007,device_05
2025-11-13 06:00:45.114277,0.0,58.46216666666663,68.59875000000008,device_02
2025-11-13 06:01:01.338712,0.0,57.3220833333333,67.84616666666676,device_03
2025-11-13 06:01:24.006907,0.0,59.45483333333335,69.44250000000011,device_04
2025-11-13 06:01:25.392043,0.0,57.20816666666664,67.83641666666671,device_05
2025-11-13 06:01:44.963808,0.0,58.46966666666663,68.59508333333342,device_02
2025-11-13 06:02:01.053793,0.0,57.32041666666663,67.84616666666676,device_03
2025-11-13 06:02:24.025791,0.0,59.48608333333333,69.44250000000011,device_04
2025-11-13 06:02:25.176938,0.0,57.22524999999996,67.77850000000008,device_05
2025-11-13 06:02:45.03759,0.0,58.48799999999997,68.60133333333341,device_02
2025-11-13 06:03:01.129053,0.0,57.32416666666664,67.8507500000001,device_03
2025-11-13 06:03:24.035625,0.0,59.45483333333335,69.4462500000001,device_04
2025-11-13 06:03:25.168705,0.0,57.22524999999997,67.77641666666675,device_05
2025-11-13 06:03:45.386059,0.0,58.46966666666663,68.59875000000008,device_02
2025-11-13 06:04:01.02367,0.0,57.3220833333333,67.84616666666676,device_03
2025-11-13 06:04:23.96645,0.0,59.48608333333335,69.44250000000011,device_04
2025-11-13 06:04:25.232066,0.0,57.22524999999997,67.77641666666675,device_05
2025-11-13 06:04:44.888871,0.0,58.46966666666665,68.59875000000008,device_02
2025-11-13 06:05:01.126769,0.0,57.3220833333333,67.84616666666676,device_03
2025-11-13 06:05:24.114837,0.0,59.45483333333333,69.4312500000001,device_04
2025-11-13 06:05:25.151593,0.0,57.16441666666663,67.77850000000007,device_05
2025-11-13 06:05:44.814559,0.0,58.51841666666664,68.62175000000008,device_02
2025-11-13 06:06:01.016436,0.0,57.299999999999976,67.8370000000001,device_03
2025-11-13 06:06:24.291457,0.0,59.45483333333335,69.4312500000001,device_04
2025-11-13 06:06:25.326957,0.0,57.22524999999997,67.77850000000008,device_05
2025-11-13 06:06:44.871089,0.0,58.46966666666663,68.59875000000008,device_02
2025-11-13 06:07:01.086748,0.0,57.32416666666664,67.85075000000009,device_03
2025-11-13 06:07:24.127974,0.0,59.45483333333335,69.4312500000001,device_04
2025-11-13 06:07:25.290575,0.0,57.22524999999997,67.77641666666673,device_05
2025-11-13 06:07:44.847167,0.0,58.46966666666663,68.59875000000008,device_02
2025-11-13 06:08:01.257471,0.0,57.3220833333333,67.84616666666676,device_03
2025-11-13 06:08:24.574264,0.0,59.45483333333335,69.44250000000011,device_04
2025-11-13 06:08:25.302106,0.0,57.16358333333329,67.77850000000007,device_05
2025-11-13 06:08:44.989359,0.0,58.46966666666663,68.5987500000001,device_02
2025-11-13 06:09:01.067196,0.0,57.3220833333333,67.84616666666676,device_03
2025-11-13 06:09:24.025447,0.0,59.45483333333335,69.44250000000012,device_04
2025-11-13 06:09:25.245711,0.0,57.18774999999996,67.77850000000007,device_05
2025-11-13 06:09:44.814759,0.0,58.46966666666663,68.59875000000008,device_02
2025-11-13 06:10:02.759173,0.0,57.320416666666645,67.84616666666676,device_03
2025-11-13 06:10:24.020573,0.0,59.48608333333336,69.44250000000011,device_04
2025-11-13 06:10:25.155427,0.0,57.18774999999996,67.77850000000007,device_05
2025-11-13 06:10:44.837011,0.0,58.46966666666663,68.5987500000001,device_02
2025-11-13 06:11:01.052024,0.0,57.32208333333331,67.84616666666676,device_03
2025-11-13 06:11:24.038111,0.0,59.35966666666668,69.35050000000012,device_04
2025-11-13 06:11:25.383372,0.0,57.22524999999996,67.77641666666673,device_05
2025-11-13 06:11:44.86941,0.0,58.49549999999997,68.60133333333341,device_02
2025-11-13 06:12:01.272429,0.0,57.3220833333333,67.84616666666676,device_03
2025-11-13 06:12:24.043162,0.0,59.45483333333335,69.44625000000012,device_04
2025-11-13 06:12:25.16026,0.0,57.18774999999996,67.77850000000007,device_05
2025-11-13 06:12:44.911349,0.0,58.46966666666663,68.59875000000008,device_02
2025-11-13 06:13:01.060525,0.0,57.322083333333296,67.84616666666676,device_03
2025-11-13 06:13:24.038671,0.0,59.48608333333335,69.44250000000011,device_04
2025-11-13 06:13:25.254611,0.0,57.22524999999996,67.77641666666673,device_05
2025-11-13 06:13:45.396847,0.0,58.46966666666663,68.59875000000008,device_02
2025-11-13 06:14:01.223666,0.0,57.32208333333331,67.84616666666676,device_03
2025-11-13 06:14:24.113914,0.0,59.45483333333335,69.44625000000012,device_04
2025-11-13 06:14:25.169891,0.0,57.22524999999996,67.77850000000007,device_05
2025-11-13 06:14:45.186338,0.0,58.46966666666663,68.59875000000008,device_02
2025-11-13 06:15:01.079424,0.0,57.320416666666645,67.84533333333343,device_03
2025-11-13 06:15:24.07654,0.0,59.45500000000001,69.44283333333345,device_04
2025-11-13 06:15:25.224138,0.0,57.18774999999995,67.77850000000007,device_05
2025-11-13 06:15:45.178819,0.0,58.46966666666663,68.59875000000008,device_02
2025-11-13 06:16:01.181155,0.0,57.3220833333333,67.84616666666676,device_03
2025-11-13 06:16:24.199857,0.0,59.45483333333335,69.44250000000011,device_04
2025-11-13 06:16:25.347071,0.0,57.22524999999997,67.77850000000008,device_05
2025-11-13 06:16:44.829411,0.0,58.46966666666663,68.59875000000008,device_02
2025-11-13 06:17:01.211406,0.0,57.3220833333333,67.84616666666676,device_03
2025-11-13 06:17:24.586702,0.0,59.45483333333335,69.44250000000011,device_04
2025-11-13 06:17:25.183908,0.0,57.22524999999996,67.77850000000007,device_05
2025-11-13 06:17:44.974448,0.0,58.47716666666663,68.59875000000008,device_02
2025-11-13 06:18:01.124368,0.0,57.3220833333333,67.84616666666676,device_03
2025-11-13 06:18:24.031114,0.0,59.45483333333333,69.4312500000001,device_04
2025-11-13 06:18:25.21972,0.0,57.26566666666662,67.77641666666673,device_05
2025-11-13 06:18:44.864317,0.0,58.46966666666663,68.59875000000007,device_02
2025-11-13 06:19:01.066607,0.0,57.320416666666645,67.84616666666676,device_03
2025-11-13 06:19:24.000446,0.0,59.455,69.44283333333344,device_04
2025-11-13 06:19:25.460316,0.0,57.22524999999996,67.77641666666676,device_05
2025-11-13 06:19:44.858291,0.0,58.46966666666663,68.59875000000007,device_02
2025-11-13 06:20:01.747558,0.0,57.320416666666645,67.84616666666676,device_03
2025-11-13 06:20:24.029531,0.0,59.45483333333335,69.4312500000001,device_04
2025-11-13 06:20:25.234894,0.0,57.22524999999996,67.77850000000007,device_05
2025-11-13 06:20:45.0317,0.0,58.46966666666663,68.5987500000001,device_02
2025-11-13 06:21:01.148669,0.0,57.320416666666645,67.84616666666676,device_03
2025-11-13 06:21:24.026645,0.0,59.35966666666668,69.35050000000012,device_04
2025-11-13 06:21:25.804443,0.0,57.22524999999997,67.77850000000007,device_05
2025-11-13 06:21:44.924772,0.0,58.46966666666663,68.59875000000008,device_02
2025-11-13 06:22:01.662125,0.0,57.320416666666645,67.84616666666675,device_03
2025-11-13 06:22:24.187881,0.0,59.45483333333333,69.4312500000001,device_04
2025-11-13 06:22:25.302841,0.0,57.26566666666662,67.77641666666673,device_05
2025-11-13 06:22:45.009501,0.0,58.46966666666663,68.60350000000008,device_02
2025-11-13 06:23:01.246806,0.0,57.3220833333333,67.84616666666676,device_03
2025-11-13 06:23:24.03797,0.0,59.36091666666667,69.35050000000012,device_04
2025-11-13 06:23:25.547364,0.0,57.22524999999997,67.77850000000007,device_05
2025-11-13 06:23:45.412605,0.0,58.46966666666663,68.60350000000008,device_02
2025-11-13 06:24:01.216204,0.0,57.32208333333331,67.84616666666676,device_03
2025-11-13 06:24:24.124902,0.0,59.402000000000015,69.42325000000011,device_04
2025-11-13 06:24:25.231487,0.0,57.22524999999996,67.77641666666673,device_05
2025-11-13 06:24:44.864241,0.0,58.46966666666663,68.60350000000008,device_02
2025-11-13 06:25:24.266125,0.0,59.45625000000001,69.44283333333343,device_04
2025-11-13 06:25:25.221323,0.0,57.22524999999997,67.77850000000008,device_05
2025-11-13 06:26:25.24863,0.0,57.22524999999997,67.77641666666673,device_05
2025-11-13 06:30:01.698752,0.0,57.42266666666664,67.97041666666676,device_03
2025-11-13 06:30:45.367046,0.0,58.46966666666663,68.59875000000008,device_02
2025-11-13 06:31:01.330106,0.0,57.32041666666663,67.84616666666676,device_03
2025-11-13 06:31:24.133175,0.0,59.45483333333335,69.44250000000011,device_04
2025-11-13 06:31:45.19329,0.0,58.47716666666663,68.59875000000008,device_02
2025-11-13 06:32:01.079337,0.0,57.3220833333333,67.84616666666676,device_03
2025-11-13 06:32:24.061633,0.0,59.36091666666668,69.35050000000012,device_04
2025-11-13 06:32:25.623522,0.0,57.3198333333333,67.79433333333341,device_05
2025-11-13 06:32:45.017521,0.0,58.47716666666663,68.60350000000007,device_02
2025-11-13 06:33:01.794053,0.0,57.320416666666645,67.84616666666676,device_03
2025-11-13 06:33:24.079183,0.0,59.36091666666669,69.34633333333346,device_04
2025-11-13 06:33:25.243231,0.0,57.31816666666663,67.80225000000007,device_05
2025-11-13 06:33:44.949857,0.0,58.46966666666663,68.60350000000008,device_02
2025-11-13 06:34:01.101294,0.0,57.31041666666663,67.85283333333342,device_03
2025-11-13 06:34:24.629533,0.0,59.402000000000015,69.42325000000011,device_04
2025-11-13 06:34:25.231228,0.0,57.31816666666663,67.81058333333341,device_05
2025-11-13 06:34:45.221925,0.0,58.47716666666663,68.60350000000008,device_02
2025-11-13 06:35:01.080103,0.0,57.28249999999997,67.8420000000001,device_03
2025-11-13 06:35:24.109431,0.0,59.36091666666668,69.35050000000012,device_04
2025-11-13 06:35:25.222178,0.0,57.26566666666663,67.77641666666673,device_05
2025-11-13 06:35:44.979831,0.0,58.47716666666663,68.60350000000008,device_02
2025-11-13 06:36:01.26767,0.0,57.28583333333332,67.80866666666675,device_03
2025-11-13 06:36:24.355645,0.0,59.36091666666668,69.35050000000012,device_04
2025-11-13 06:36:25.24166,0.0,57.31649999999996,67.79391666666673,device_05
2025-11-13 06:36:45.011306,0.0,58.456333333333305,68.60350000000008,device_02
2025-11-13 06:37:01.297413,0.0,57.31041666666663,67.8507500000001,device_03
2025-11-13 06:37:24.093535,0.0,59.36091666666668,69.34633333333346,device_04
2025-11-13 06:37:25.272554,0.0,57.31816666666663,67.81058333333341,device_05
2025-11-13 06:37:44.878495,0.0,58.47716666666663,68.59875000000007,device_02
2025-11-13 06:38:01.083361,0.0,57.31041666666663,67.8507500000001,device_03
2025-11-13 06:38:24.100348,0.0,59.31716666666668,69.34733333333347,device_04
2025-11-13 06:38:25.244827,0.0,57.26566666666663,67.77641666666673,device_05
2025-11-13 06:38:45.077757,0.0,58.46966666666663,68.60350000000008,device_02
2025-11-13 06:39:01.280589,0.0,57.27666666666664,67.84991666666676,device_03
2025-11-13 06:39:24.046626,0.0,59.36091666666667,69.34966666666679,device_04
2025-11-13 06:39:25.216783,0.0,57.26566666666663,67.77641666666673,device_05
2025-11-13 06:39:44.91409,0.0,58.47716666666663,68.60350000000008,device_02
2025-11-13 06:40:01.212192,0.0,57.28333333333331,67.81866666666676,device_03
2025-11-13 06:40:24.282512,0.0,59.31716666666667,69.3506666666668,device_04
2025-11-13 06:40:25.351727,0.0,57.22524999999997,67.77641666666673,device_05
2025-11-13 06:40:44.914085,0.0,58.4663333333333,68.60350000000008,device_02
2025-11-13 06:41:01.191132,0.0,57.28583333333332,67.81866666666676,device_03
2025-11-13 06:41:24.066581,0.0,59.36091666666667,69.34633333333346,device_04
2025-11-13 06:41:25.291839,0.0,57.26566666666663,67.77641666666673,device_05
2025-11-13 06:41:44.926631,0.0,58.456333333333305,68.60350000000008,device_02
2025-11-13 06:42:01.292417,0.0,57.28583333333332,67.81866666666676,device_03
2025-11-13 06:42:24.111165,0.0,59.36091666666668,69.34633333333345,device_04
2025-11-13 06:42:25.196579,0.0,57.26566666666662,67.77641666666673,device_05
2025-11-13 06:42:45.068746,0.0,58.47716666666663,68.60350000000008,device_02
2025-11-13 06:43:01.212742,0.0,57.320416666666645,67.84616666666676,device_03
2025-11-13 06:43:24.073073,0.0,59.31716666666668,69.3506666666668,device_04
2025-11-13 06:43:25.207404,0.0,57.22524999999997,67.77641666666673,device_05
2025-11-13 06:43:45.570788,0.0,58.45633333333331,68.60350000000008,device_02
2025-11-13 06:44:01.382448,0.0,57.30791666666665,67.84616666666676,device_03
2025-11-13 06:44:24.131491,0.0,59.31716666666668,69.35150000000013,device_04
2025-11-13 06:44:25.232445,0.0,57.26566666666663,67.77641666666673,device_05
2025-11-13 06:44:44.879444,0.0,58.47716666666663,68.59875000000007,device_02
2025-11-13 06:45:01.226041,0.0,57.30791666666664,67.85158333333344,device_03
2025-11-13 06:45:24.233232,0.0,59.36091666666668,69.34633333333346,device_04
2025-11-13 06:45:25.288644,0.0,57.31649999999995,67.79391666666673,device_05
2025-11-13 06:45:45.107362,0.0,58.45299999999997,68.60350000000008,device_02
2025-11-13 06:46:01.23332,0.0,57.28333333333331,67.81866666666674,device_03
2025-11-13 06:46:24.628316,0.0,59.31716666666668,69.34733333333347,device_04
2025-11-13 06:46:25.452631,0.0,57.26566666666662,67.77641666666673,device_05
2025-11-13 06:46:44.934246,0.0,58.47716666666663,68.60350000000008,device_02
2025-11-13 06:47:01.13207,0.0,57.30791666666664,67.84616666666676,device_03
2025-11-13 06:47:24.09942,0.0,59.31716666666668,69.3506666666668,device_04
2025-11-13 06:47:25.388823,0.0,57.26566666666662,67.77641666666673,device_05
2025-11-13 06:47:45.148091,0.0,58.47716666666663,68.60350000000008,device_02
2025-11-13 06:48:01.053586,0.0,57.31041666666664,67.85158333333342,device_03
2025-11-13 06:48:24.197037,0.0,59.31716666666668,69.34733333333347,device_04
2025-11-13 06:48:25.248503,0.0,57.31649999999995,67.79391666666673,device_05
2025-11-13 06:48:44.789194,0.0,58.4663333333333,68.60350000000008,device_02
2025-11-13 06:49:01.128778,0.0,57.28583333333332,67.81866666666674,device_03
2025-11-13 06:49:24.156495,0.0,59.31716666666668,69.34733333333347,device_04
2025-11-13 06:49:25.752074,0.0,57.22524999999998,67.77641666666673,device_05
2025-11-13 06:49:45.120536,0.0,58.45633333333331,68.60350000000008,device_02
2025-11-13 06:50:01.040225,0.0,57.28249999999997,67.84075000000009,device_03
2025-11-13 06:50:24.060775,0.0,59.31716666666668,69.34733333333347,device_04
2025-11-13 06:50:25.223161,0.0,57.26566666666662,67.77641666666673,device_05
2025-11-13 06:50:44.902159,0.0,58.47716666666663,68.60350000000008,device_02
2025-11-13 06:51:01.084695,0.0,57.31041666666664,67.85158333333342,device_03
2025-11-13 06:51:24.064528,0.0,59.31716666666668,69.34733333333347,device_04
2025-11-13 06:51:25.388901,0.0,57.22524999999996,67.77641666666673,device_05
2025-11-13 06:51:45.500895,0.0,58.47716666666663,68.60350000000008,device_02
2025-11-13 06:52:01.372485,0.0,57.31041666666664,67.8507500000001,device_03
2025-11-13 06:52:24.051489,0.0,59.31716666666668,69.3506666666668,device_04
2025-11-13 06:52:25.32815,0.0,57.26566666666662,67.77641666666673,device_05
2025-11-13 06:52:45.078151,0.0,58.4663333333333,68.60350000000008,device_02
2025-11-13 06:53:01.135651,0.0,57.31041666666663,67.8507500000001,device_03
2025-11-13 06:53:24.298818,0.0,59.31716666666668,69.3506666666668,device_04
2025-11-13 06:53:25.220871,0.0,57.31649999999996,67.79391666666673,device_05
2025-11-13 06:53:45.357231,0.0,58.456333333333305,68.60350000000008,device_02
2025-11-13 06:54:01.038817,0.0,57.2858333333333,67.81991666666676,device_03
2025-11-13 06:54:05.485312,0.0,58.529500000000006,67.89575000000005,device_01
2025-11-13 06:54:24.163612,0.0,59.31716666666667,69.3506666666668,device_04
2025-11-13 06:54:25.273792,0.0,57.31649999999995,67.79391666666673,device_05
2025-11-13 06:54:44.808017,0.0,58.46049999999997,68.60350000000008,device_02
2025-11-13 06:55:01.088971,0.0,57.28333333333331,67.81866666666676,device_03
2025-11-13 06:55:24.024366,0.0,59.31716666666668,69.3506666666668,device_04
2025-11-13 06:55:25.192565,0.0,57.22524999999997,67.77641666666673,device_05
2025-11-13 06:55:44.803594,0.0,58.4738333333333,68.60350000000008,device_02
2025-11-13 06:56:01.098156,0.0,57.31041666666664,67.85158333333342,device_03
2025-11-13 06:56:24.074656,0.0,59.31716666666668,69.34733333333347,device_04
2025-11-13 06:56:25.160039,0.0,57.26566666666662,67.77641666666673,device_05
2025-11-13 06:56:44.810934,0.0,58.463833333333305,68.60350000000008,device_02
2025-11-13 06:57:01.294696,0.0,57.30791666666664,67.84533333333344,device_03
2025-11-13 06:57:24.244125,0.0,59.31716666666668,69.3506666666668,device_04
2025-11-13 06:57:25.261927,0.0,57.26566666666662,67.77641666666673,device_05
2025-11-13 06:57:44.838474,0.0,58.46049999999997,68.60350000000008,device_02
2025-11-13 06:58:01.062551,0.0,57.30791666666664,67.84616666666676,device_03
2025-11-13 06:58:24.081887,0.0,59.31716666666668,69.34733333333347,device_04
2025-11-13 06:58:25.164247,0.0,57.26566666666662,67.77641666666673,device_05
2025-11-13 06:58:44.992969,0.0,58.46049999999997,68.60350000000008,device_02
2025-11-13 06:59:01.098618,0.0,57.31041666666663,67.85158333333342,device_03
2025-11-13 06:59:24.055169,0.0,59.31716666666668,69.3506666666668,device_04
2025-11-13 06:59:25.204917,0.0,57.26566666666662,67.77641666666673,device_05
2025-11-13 06:59:44.952987,0.0,58.46049999999997,68.60350000000008,device_02
2025-11-13 07:00:01.070317,0.0,57.289166666666645,67.8445000000001,device_03
2025-11-13 07:00:24.108303,0.0,59.31716666666668,69.3506666666668,device_04
2025-11-13 07:00:25.434728,0.0,57.22524999999996,67.77641666666673,device_05
2025-11-13 07:00:44.91809,0.0,58.452999999999975,68.60350000000008,device_02
2025-11-13 07:01:01.295471,0.0,57.31041666666664,67.85158333333342,device_03
2025-11-13 07:01:24.145431,0.0,59.31716666666668,69.3506666666668,device_04
2025-11-13 07:01:25.399906,0.0,57.26566666666663,67.77641666666673,device_05
2025-11-13 07:01:44.861735,0.0,58.45466666666663,68.60350000000008,device_02
2025-11-13 07:02:01.094344,0.0,57.31041666666664,67.85158333333342,device_03
2025-11-13 07:02:24.036918,0.0,59.31716666666668,69.3506666666668,device_04
2025-11-13 07:02:25.757761,0.0,57.26566666666663,67.77641666666675,device_05
2025-11-13 07:02:44.836757,0.0,58.400083333333306,68.6060000000001,device_02
2025-11-13 07:03:01.742667,0.0,57.27999999999997,67.83533333333342,device_03
2025-11-13 07:03:24.132482,0.0,59.31716666666669,69.3506666666668,device_04
2025-11-13 07:03:25.173213,0.0,57.26566666666662,67.77641666666675,device_05
2025-11-13 07:03:44.835365,0.0,58.46049999999997,68.60350000000008,device_02
2025-11-13 07:04:01.041902,0.0,57.31041666666664,67.85158333333342,device_03
2025-11-13 07:04:24.234716,0.0,59.31716666666668,69.3506666666668,device_04
2025-11-13 07:04:25.169202,0.0,57.22524999999997,67.77641666666673,device_05
2025-11-13 07:04:44.863334,0.0,58.46049999999997,68.6035000000001,device_02
2025-11-13 07:05:01.243868,0.0,57.31041666666663,67.8507500000001,device_03
2025-11-13 07:05:24.057583,0.0,59.31716666666668,69.3506666666668,device_04
2025-11-13 07:05:25.214204,0.0,57.22524999999997,67.77641666666673,device_05
2025-11-13 07:05:44.874416,0.0,58.460499999999975,68.60350000000008,device_02
2025-11-13 07:06:01.026403,0.0,57.28583333333332,67.81866666666674,device_03
2025-11-13 07:06:24.101096,0.0,59.31716666666667,69.34733333333347,device_04
2025-11-13 07:06:26.600399,0.0,57.31649999999995,67.79391666666673,device_05
2025-11-13 07:06:45.010493,0.0,58.46049999999997,68.60350000000008,device_02
2025-11-13 07:07:01.662322,0.0,57.28583333333332,67.81991666666676,device_03
2025-11-13 07:07:24.062786,0.0,59.31716666666667,69.34733333333347,device_04
2025-11-13 07:07:25.334845,0.0,57.26566666666663,67.77641666666673,device_05
2025-11-13 07:07:45.155436,0.0,58.36674999999997,68.55475000000008,device_02
2025-11-13 07:08:01.044548,0.0,57.28583333333332,67.81866666666674,device_03
2025-11-13 07:08:24.013436,0.0,59.31716666666668,69.3506666666668,device_04
2025-11-13 07:08:25.759307,0.0,57.31649999999996,67.79391666666673,device_05
2025-11-13 07:08:45.485801,0.0,58.45466666666663,68.60350000000008,device_02
2025-11-13 07:09:01.04978,0.0,57.28583333333332,67.81700000000009,device_03
2025-11-13 07:09:24.058054,0.0,59.31716666666668,69.3506666666668,device_04
2025-11-13 07:09:25.322057,0.0,57.31649999999996,67.79391666666673,device_05
2025-11-13 07:09:44.850739,0.0,58.45466666666663,68.60350000000008,device_02
2025-11-13 07:10:01.395574,0.0,57.24733333333332,67.81908333333341,device_03
2025-11-13 07:10:24.092812,0.0,59.31716666666668,69.3506666666668,device_04
2025-11-13 07:10:25.214435,0.0,57.31649999999995,67.79391666666675,device_05
2025-11-13 07:10:45.43019,0.0,58.43216666666663,68.60350000000008,device_02
2025-11-13 07:11:01.128411,0.0,57.28583333333332,67.81866666666674,device_03
2025-11-13 07:11:24.094516,0.0,59.31716666666667,69.3506666666668,device_04
2025-11-13 07:11:25.476784,0.0,57.31816666666663,67.8105833333334,device_05
2025-11-13 07:11:44.805933,0.0,58.463833333333305,68.6035000000001,device_02
2025-11-13 07:12:01.188779,0.0,57.24733333333332,67.81908333333342,device_03
2025-11-13 07:12:24.018657,0.0,59.31716666666668,69.3506666666668,device_04
2025-11-13 07:12:25.198692,0.0,57.31649999999995,67.79391666666673,device_05
2025-11-13 07:12:44.776872,0.0,58.40758333333329,68.60350000000008,device_02
2025-11-13 07:13:01.160187,0.0,57.31041666666664,67.8507500000001,device_03
2025-11-13 07:13:24.065179,0.0,59.31716666666667,69.3506666666668,device_04
2025-11-13 07:13:25.186969,0.0,57.26566666666663,67.77641666666673,device_05
2025-11-13 07:13:44.87428,0.0,58.40758333333331,68.60350000000008,device_02
2025-11-13 07:14:01.059631,0.0,57.25108333333332,67.80616666666675,device_03
2025-11-13 07:14:24.078567,0.0,59.31716666666668,69.3506666666668,device_04
2025-11-13 07:14:25.849266,0.0,57.31816666666664,67.81058333333341,device_05
2025-11-13 07:14:44.865414,0.0,58.463833333333305,68.60350000000008,device_02
2025-11-13 07:15:01.253774,0.0,57.31041666666663,67.85158333333342,device_03
2025-11-13 07:15:24.154899,0.0,59.31716666666668,69.3506666666668,device_04
2025-11-13 07:15:25.381791,0.0,57.31649999999996,67.79391666666673,device_05
2025-11-13 07:15:44.899424,0.0,58.41341666666664,68.60350000000008,device_02
2025-11-13 07:16:01.084296,0.0,57.31041666666663,67.85075000000009,device_03
2025-11-13 07:16:24.229859,0.0,59.31716666666668,69.3506666666668,device_04
2025-11-13 07:16:25.674082,0.0,57.31649999999996,67.79391666666673,device_05
2025-11-13 07:16:45.193532,0.0,58.45466666666663,68.60350000000008,device_02
2025-11-13 07:17:01.27506,0.0,57.28249999999999,67.84075000000009,device_03
2025-11-13 07:17:24.238946,0.0,59.31716666666668,69.3506666666668,device_04
2025-11-13 07:17:25.273651,0.0,57.31816666666663,67.81058333333341,device_05
2025-11-13 07:17:44.97255,0.0,58.40758333333329,68.60350000000008,device_02
2025-11-13 07:18:01.303451,0.0,57.31041666666664,67.8507500000001,device_03
2025-11-13 07:18:24.097007,0.0,59.31716666666667,69.3506666666668,device_04
2025-11-13 07:18:25.229144,0.0,57.31649999999996,67.79391666666673,device_05
2025-11-13 07:18:45.438012,0.0,58.45466666666665,68.60350000000008,device_02
2025-11-13 07:19:02.347841,0.0,57.31041666666664,67.85158333333342,device_03
2025-11-13 07:19:24.210845,0.0,59.31716666666667,69.3506666666668,device_04
2025-11-13 07:19:25.19416,0.0,57.31649999999995,67.79391666666673,device_05
2025-11-13 07:19:44.826498,0.0,58.45466666666663,68.60350000000008,device_02
2025-11-13 07:20:01.119968,0.0,57.294583333333314,67.80991666666674,device_03
2025-11-13 07:20:24.072425,0.0,59.31716666666668,69.3506666666668,device_04
2025-11-13 07:20:25.274568,0.0,57.26566666666662,67.77641666666673,device_05
2025-11-13 07:20:44.814846,0.0,58.408833333333305,68.58933333333343,device_02
2025-11-13 07:21:01.188332,0.0,57.30791666666664,67.84616666666676,device_03
2025-11-13 07:21:24.071248,0.0,59.31716666666668,69.3506666666668,device_04
2025-11-13 07:21:25.729007,0.0,57.31649999999996,67.79391666666673,device_05
2025-11-13 07:21:45.026681,0.0,58.37424999999997,68.5547500000001,device_02
2025-11-13 07:22:01.083979,0.0,57.24941666666665,67.82075000000007,device_03
2025-11-13 07:22:24.106473,0.0,59.31716666666668,69.3506666666668,device_04
2025-11-13 07:22:25.441527,0.0,57.26566666666664,67.77641666666673,device_05
2025-11-13 07:22:45.151619,0.0,58.40758333333331,68.60350000000008,device_02
2025-11-13 07:23:01.108854,0.0,57.29458333333332,67.81991666666676,device_03
2025-11-13 07:23:24.263813,0.0,59.31716666666668,69.3506666666668,device_04
2025-11-13 07:23:25.54955,0.0,57.31649999999996,67.79391666666673,device_05
2025-11-13 07:23:45.185102,0.0,58.374249999999975,68.53100000000009,device_02
2025-11-13 07:24:01.223608,0.0,57.234833333333306,67.84408333333342,device_03
2025-11-13 07:24:24.212327,0.0,59.31716666666667,69.35208333333348,device_04
2025-11-13 07:24:25.507268,0.0,57.31816666666664,67.81058333333341,device_05
2025-11-13 07:24:44.93504,0.0,58.23216666666664,68.24675000000006,device_02
2025-11-13 07:25:24.205632,0.0,59.31716666666667,69.35208333333347,device_04
2025-11-13 07:25:26.110183,0.0,57.31649999999996,67.79391666666673,device_05
2025-11-13 07:26:25.901866,0.0,57.31649999999996,67.79391666666675,device_05
2025-11-13 07:30:01.282115,0.0,57.24999999999999,67.8235833333334,device_03
2025-11-13 07:30:44.903664,0.0,58.47716666666663,68.60350000000008,device_02
2025-11-13 07:31:01.083361,0.0,57.24858333333331,67.80450000000008,device_03
2025-11-13 07:31:24.142431,0.0,59.31716666666668,69.3506666666668,device_04
2025-11-13 07:31:44.866014,0.0,58.23966666666664,68.23300000000008,device_02
2025-11-13 07:32:01.686597,0.0,57.24733333333333,67.81741666666674,device_03
2025-11-13 07:32:24.374756,0.0,59.28183333333335,69.3579166666668,device_04
2025-11-13 07:32:25.437356,0.0,57.3198333333333,67.79433333333341,device_05
2025-11-13 07:32:44.86392,0.0,58.31216666666664,68.51016666666675,device_02
2025-11-13 07:33:01.324908,0.0,57.294583333333314,67.81991666666677,device_03
2025-11-13 07:33:24.269515,0.0,59.28700000000004,69.35791666666681,device_04
2025-11-13 07:33:25.392086,0.0,57.31983333333329,67.80225000000007,device_05
2025-11-13 07:33:45.021719,0.0,58.23966666666664,68.24675000000008,device_02
2025-11-13 07:34:01.176468,0.0,57.28583333333332,67.80866666666675,device_03
2025-11-13 07:34:24.095581,0.0,59.26950000000002,69.35791666666681,device_04
2025-11-13 07:34:25.278985,0.0,57.31816666666663,67.8043333333334,device_05
2025-11-13 07:34:44.888748,0.0,58.238416666666645,68.24675000000008,device_02
2025-11-13 07:35:01.354169,0.0,57.294583333333314,67.80991666666675,device_03
2025-11-13 07:35:24.335424,0.0,59.28700000000004,69.35791666666681,device_04
2025-11-13 07:35:25.283375,0.0,57.31816666666663,67.81058333333341,device_05
2025-11-13 07:35:45.038664,0.0,58.31216666666664,68.51433333333341,device_02
2025-11-13 07:36:01.757038,0.0,57.294583333333314,67.80991666666675,device_03
2025-11-13 07:36:24.264534,0.0,59.28183333333335,69.35791666666681,device_04
2025-11-13 07:36:25.237599,0.0,57.31816666666663,67.81058333333341,device_05
2025-11-13 07:36:44.83478,0.0,58.23966666666664,68.23716666666674,device_02
2025-11-13 07:37:01.121038,0.0,57.28583333333332,67.80991666666675,device_03
2025-11-13 07:37:24.156802,0.0,59.28700000000003,69.35791666666681,device_04
2025-11-13 07:37:25.27673,0.0,57.31816666666664,67.81058333333341,device_05
2025-11-13 07:37:45.13509,0.0,58.31091666666664,68.51433333333341,device_02
2025-11-13 07:38:01.106215,0.0,57.24733333333333,67.81908333333342,device_03
2025-11-13 07:38:24.188755,0.0,59.2086666666667,69.36000000000014,device_04
2025-11-13 07:38:25.38586,0.0,57.31816666666664,67.81058333333341,device_05
2025-11-13 07:38:44.986638,0.0,58.23966666666664,68.23716666666674,device_02
2025-11-13 07:39:01.112409,0.0,57.24733333333332,67.81741666666674,device_03
2025-11-13 07:39:24.146502,0.0,59.26950000000002,69.35791666666681,device_04
2025-11-13 07:39:25.22829,0.0,57.31816666666663,67.8105833333334,device_05
2025-11-13 07:39:45.031776,0.0,58.23966666666664,68.24675000000008,device_02
2025-11-13 07:40:01.379082,0.0,57.24733333333332,67.81908333333342,device_03
2025-11-13 07:40:24.149029,0.0,59.28700000000003,69.35791666666681,device_04
2025-11-13 07:40:25.271424,0.0,57.31816666666663,67.81058333333341,device_05
2025-11-13 07:40:44.9672,0.0,58.23008333333331,68.22716666666675,device_02
2025-11-13 07:41:01.221893,0.0,57.24733333333332,67.81908333333342,device_03
2025-11-13 07:41:24.651154,0.0,59.28183333333336,69.35791666666681,device_04
2025-11-13 07:41:25.282795,0.0,57.31816666666664,67.81058333333341,device_05
2025-11-13 07:41:44.844665,0.0,58.23966666666664,68.23716666666674,device_02
2025-11-13 07:42:01.317495,0.0,57.24858333333332,67.81908333333342,device_03
2025-11-13 07:42:24.147957,0.0,59.28700000000003,69.35791666666681,device_04
2025-11-13 07:42:25.298357,0.0,57.31816666666662,67.81058333333341,device_05
2025-11-13 07:42:44.855571,0.0,58.23966666666664,68.2363333333334,device_02
2025-11-13 07:43:01.155112,0.0,57.24733333333332,67.80450000000008,device_03
2025-11-13 07:43:24.111065,0.0,59.28700000000003,69.35791666666681,device_04
2025-11-13 07:43:25.232911,0.0,57.31649999999996,67.79391666666673,device_05
2025-11-13 07:43:44.876786,0.0,58.230083333333305,68.21758333333341,device_02
2025-11-13 07:44:02.107265,0.0,57.24858333333332,67.8190833333334,device_03
2025-11-13 07:44:24.13586,0.0,59.28700000000003,69.35791666666681,device_04
2025-11-13 07:44:25.277336,0.0,57.31816666666662,67.81058333333341,device_05
2025-11-13 07:44:44.953992,0.0,58.23966666666664,68.23300000000008,device_02
2025-11-13 07:45:01.118012,0.0,57.24858333333331,67.81908333333341,device_03
2025-11-13 07:45:24.111724,0.0,59.28700000000001,69.35791666666681,device_04
2025-11-13 07:45:25.259162,0.0,57.31816666666663,67.81058333333341,device_05
2025-11-13 07:45:44.93302,0.0,58.23966666666664,68.24258333333341,device_02
2025-11-13 07:46:01.326917,0.0,57.24941666666665,67.80616666666674,device_03
2025-11-13 07:46:24.19699,0.0,59.28700000000001,69.35791666666681,device_04
2025-11-13 07:46:25.318181,0.0,57.31816666666663,67.80600000000008,device_05
2025-11-13 07:46:44.913705,0.0,58.23966666666664,68.23716666666674,device_02
2025-11-13 07:47:01.115621,0.0,57.24941666666665,67.80616666666674,device_03
2025-11-13 07:47:24.117503,0.0,59.28700000000003,69.35791666666681,device_04
2025-11-13 07:47:25.817146,0.0,57.31816666666663,67.80600000000007,device_05
2025-11-13 07:47:45.278805,0.0,58.23966666666664,68.23300000000009,device_02
2025-11-13 07:48:01.201429,0.0,57.251916666666645,67.81825000000008,device_03
2025-11-13 07:48:24.191072,0.0,59.28700000000003,69.35791666666681,device_04
2025-11-13 07:48:25.259066,0.0,57.31649999999996,67.79391666666673,device_05
2025-11-13 07:48:44.895323,0.0,58.23966666666664,68.23716666666674,device_02
2025-11-13 07:49:01.18061,0.0,57.24941666666664,67.81908333333341,device_03
2025-11-13 07:49:24.712229,0.0,59.26950000000002,69.35791666666681,device_04
2025-11-13 07:49:25.312259,0.0,57.31816666666663,67.80600000000007,device_05
2025-11-13 07:49:44.852741,0.0,58.23008333333331,68.21758333333341,device_02
2025-11-13 07:50:01.472902,0.0,57.24941666666665,67.81908333333341,device_03
2025-11-13 07:50:24.688434,0.0,59.223666666666695,69.33208333333347,device_04
2025-11-13 07:50:25.302526,0.0,57.31816666666663,67.80600000000008,device_05
2025-11-13 07:50:45.027732,0.0,58.230083333333305,68.21758333333341,device_02
2025-11-13 07:51:01.154719,0.0,57.24858333333332,67.80450000000008,device_03
2025-11-13 07:51:24.121911,0.0,59.25200000000004,69.36000000000014,device_04
2025-11-13 07:51:25.262325,0.0,57.31816666666664,67.80600000000008,device_05
2025-11-13 07:51:44.901611,0.0,58.23966666666664,68.23716666666674,device_02
2025-11-13 07:52:01.115891,0.0,57.24941666666665,67.8078333333334,device_03
2025-11-13 07:52:24.31216,0.0,59.223666666666695,69.33208333333347,device_04
2025-11-13 07:52:25.213271,0.0,57.31649999999996,67.79391666666673,device_05
2025-11-13 07:52:45.013026,0.0,58.23966666666664,68.24591666666676,device_02
2025-11-13 07:53:01.764725,0.0,57.24941666666664,67.82075000000007,device_03
2025-11-13 07:53:24.127691,0.0,59.206166666666704,69.33783333333348,device_04
2025-11-13 07:53:25.226547,0.0,57.31816666666664,67.80600000000008,device_05
2025-11-13 07:53:45.205025,0.0,58.23008333333331,68.2175833333334,device_02
2025-11-13 07:54:01.116949,0.0,57.251916666666645,67.81658333333341,device_03
2025-11-13 07:54:24.152612,0.0,59.20866666666669,69.36000000000014,device_04
2025-11-13 07:54:25.803122,0.0,57.31816666666664,67.80600000000008,device_05
2025-11-13 07:54:44.896591,0.0,58.230083333333305,68.22091666666674,device_02
2025-11-13 07:55:03.870274,0.0,57.24941666666665,67.8078333333334,device_03
2025-11-13 07:55:24.093673,0.0,59.223666666666695,69.33208333333347,device_04
2025-11-13 07:55:25.352116,0.0,57.31816666666662,67.8105833333334,device_05
2025-11-13 07:55:44.870862,0.0,58.230083333333305,68.22091666666672,device_02
2025-11-13 07:56:01.166215,0.0,59.24399999999995,69.16491666666666,device_03
2025-11-13 07:56:24.238731,0.0,59.25200000000004,69.3636666666668,device_04
2025-11-13 07:56:25.373039,0.0,57.31816666666663,67.81625000000007,device_05
2025-11-13 07:56:44.879789,0.0,58.230083333333305,68.22091666666674,device_02
2025-11-13 07:57:01.791575,0.0,57.25191666666666,67.8165833333334,device_03
2025-11-13 07:57:24.082096,0.0,59.2086666666667,69.3636666666668,device_04
2025-11-13 07:57:25.438703,0.0,57.31816666666664,67.80600000000007,device_05
2025-11-13 07:57:44.874109,0.0,58.23966666666664,68.24591666666674,device_02
2025-11-13 07:58:01.267013,0.0,57.259416666666645,67.80616666666674,device_03
2025-11-13 07:58:24.093785,0.0,59.206166666666704,69.33416666666682,device_04
2025-11-13 07:58:25.241627,0.0,57.31816666666663,67.82250000000008,device_05
2025-11-13 07:58:44.836363,0.0,58.230083333333305,68.22091666666674,device_02
2025-11-13 07:59:02.025844,0.0,57.251916666666645,67.82408333333342,device_03
2025-11-13 07:59:24.26633,0.0,59.206166666666704,69.33783333333346,device_04
2025-11-13 07:59:25.248254,0.0,57.31816666666662,67.81625000000007,device_05
2025-11-13 07:59:44.804475,0.0,58.230083333333305,68.22091666666674,device_02
2025-11-13 08:00:01.310349,0.0,57.25191666666664,67.82241666666674,device_03
2025-11-13 08:00:24.115426,0.0,59.20616666666671,69.33908333333346,device_04
2025-11-13 08:00:25.280111,0.0,57.31816666666663,67.80600000000007,device_05
2025-11-13 08:00:44.935335,0.0,58.230083333333305,68.23050000000008,device_02
2025-11-13 08:01:01.346443,0.0,57.25191666666664,67.82241666666674,device_03
2025-11-13 08:01:24.645817,0.0,59.206166666666704,69.33783333333348,device_04
2025-11-13 08:01:25.271838,0.0,57.31816666666663,67.79975000000007,device_05
2025-11-13 08:01:45.022435,0.0,58.23008333333331,68.21758333333341,device_02
2025-11-13 08:02:01.393534,0.0,57.26441666666665,67.83616666666674,device_03
2025-11-13 08:02:24.123137,0.0,59.20366666666671,69.33908333333346,device_04
2025-11-13 08:02:25.196924,0.0,57.31816666666663,67.79975000000007,device_05
2025-11-13 08:02:45.309588,0.0,58.230083333333305,68.23050000000008,device_02
2025-11-13 08:03:01.094969,0.0,57.251916666666645,67.82241666666674,device_03
2025-11-13 08:03:24.336635,0.0,59.20366666666671,69.33908333333346,device_04
2025-11-13 08:03:25.284427,0.0,57.31816666666664,67.81416666666674,device_05
2025-11-13 08:03:44.946952,0.0,58.230083333333305,68.22091666666674,device_02
2025-11-13 08:04:01.192851,0.0,57.26358333333332,67.83783333333342,device_03
2025-11-13 08:04:24.114272,0.0,59.20366666666671,69.3524166666668,device_04
2025-11-13 08:04:25.30917,0.0,57.31816666666663,67.81625000000007,device_05
2025-11-13 08:04:44.899542,0.0,58.14508333333331,68.22966666666674,device_02
2025-11-13 08:05:01.374095,0.0,57.251916666666645,67.82241666666675,device_03
2025-11-13 08:05:24.339043,0.0,59.20366666666671,69.33783333333346,device_04
2025-11-13 08:05:25.506283,0.0,57.31816666666663,67.82250000000006,device_05
2025-11-13 08:05:44.840241,0.0,58.14508333333331,68.22966666666674,device_02
2025-11-13 08:06:01.379823,0.0,57.251916666666645,67.82241666666675,device_03
2025-11-13 08:06:24.064812,0.0,59.20366666666671,69.3524166666668,device_04
2025-11-13 08:06:25.198832,0.0,57.31816666666663,67.81625000000007,device_05
2025-11-13 08:06:44.762234,0.0,58.14508333333331,68.22966666666674,device_02
2025-11-13 08:07:01.404546,0.0,57.251916666666645,67.82241666666675,device_03
2025-11-13 08:07:24.116088,0.0,59.20366666666669,69.33908333333346,device_04
2025-11-13 08:07:25.169701,0.0,57.31816666666664,67.82250000000008,device_05
2025-11-13 08:07:44.841805,0.0,58.230083333333305,68.23050000000006,device_02
2025-11-13 08:08:01.137541,0.0,57.26358333333332,67.83616666666676,device_03
2025-11-13 08:08:24.061902,0.0,59.20366666666671,69.3524166666668,device_04
2025-11-13 08:08:25.740249,0.0,57.31816666666664,67.82250000000008,device_05
2025-11-13 08:08:44.815282,0.0,58.1450833333333,68.22966666666674,device_02
2025-11-13 08:09:01.434672,0.0,57.26358333333332,67.83616666666676,device_03
2025-11-13 08:09:24.080773,0.0,59.20366666666671,69.33908333333346,device_04
2025-11-13 08:09:25.203036,0.0,57.31816666666663,67.82250000000006,device_05
2025-11-13 08:09:44.872199,0.0,58.230083333333305,68.22091666666674,device_02
2025-11-13 08:10:01.095045,0.0,57.26358333333332,67.83616666666673,device_03
2025-11-13 08:10:24.075999,0.0,59.20366666666671,69.33908333333346,device_04
2025-11-13 08:10:25.816105,0.0,57.31816666666664,67.81625000000007,device_05
2025-11-13 08:10:44.986592,0.0,58.14508333333331,68.22966666666674,device_02
2025-11-13 08:11:01.173789,0.0,57.26441666666665,67.83616666666676,device_03
2025-11-13 08:11:24.239057,0.0,59.20366666666671,69.3524166666668,device_04
2025-11-13 08:11:25.176459,0.0,57.31816666666663,67.81625000000007,device_05
2025-11-13 08:11:44.786802,0.0,58.14508333333331,68.22966666666674,device_02
2025-11-13 08:12:01.229729,0.0,57.26358333333332,67.83616666666676,device_03
2025-11-13 08:12:24.120768,0.0,59.20366666666671,69.3524166666668,device_04
2025-11-13 08:12:25.824684,0.0,57.31816666666664,67.81625000000007,device_05
2025-11-13 08:12:44.80691,0.0,58.17924999999998,68.23925000000008,device_02
2025-11-13 08:13:01.262229,0.0,57.266916666666646,67.84158333333342,device_03
2025-11-13 08:13:24.648039,0.0,59.20366666666671,69.3524166666668,device_04
2025-11-13 08:13:25.19762,0.0,57.57441666666665,68.44400000000002,device_05
2025-11-13 08:13:44.780449,0.0,58.17924999999998,68.23925000000008,device_02
2025-11-13 08:14:01.233817,0.0,57.223999999999975,67.84325000000007,device_03
2025-11-13 08:14:24.911976,0.0,59.20366666666671,69.36158333333347,device_04
2025-11-13 08:14:25.167995,0.0,57.31816666666663,67.81416666666674,device_05
2025-11-13 08:14:44.893268,0.0,58.268833333333326,68.45008333333338,device_02
2025-11-13 08:15:01.049844,0.0,57.223999999999975,67.84325000000008,device_03
2025-11-13 08:15:24.102657,0.0,59.20366666666671,69.36158333333347,device_04
2025-11-13 08:15:25.2598,0.0,57.31816666666664,67.81625000000007,device_05
2025-11-13 08:15:44.912078,0.0,58.30299999999999,68.45008333333338,device_02
2025-11-13 08:16:01.034649,0.0,57.22399999999997,67.84325000000007,device_03
2025-11-13 08:16:24.630117,0.0,59.20366666666671,69.36158333333347,device_04
2025-11-13 08:16:25.233884,0.0,57.31816666666663,67.81625000000007,device_05
2025-11-13 08:16:44.941568,0.0,58.14508333333331,68.23925000000007,device_02
2025-11-13 08:17:01.046281,0.0,57.22399999999997,67.84325000000007,device_03
2025-11-13 08:17:24.637165,0.0,59.20366666666671,69.36158333333347,device_04
2025-11-13 08:17:25.266096,0.0,57.31816666666663,67.83166666666673,device_05
2025-11-13 08:17:44.772306,0.0,58.17924999999998,68.22966666666674,device_02
2025-11-13 08:18:01.182811,0.0,57.21691666666664,67.79141666666673,device_03
2025-11-13 08:18:24.134366,0.0,59.20366666666671,69.36158333333347,device_04
2025-11-13 08:18:25.300319,0.0,57.31816666666663,67.82250000000006,device_05
2025-11-13 08:18:44.782086,0.0,58.15341666666665,68.20300000000007,device_02
2025-11-13 08:19:01.065926,0.0,57.21691666666664,67.79141666666675,device_03
2025-11-13 08:19:24.69822,0.0,59.20383333333338,69.36633333333347,device_04
2025-11-13 08:19:25.211021,0.0,57.31816666666662,67.83166666666673,device_05
2025-11-13 08:19:44.909293,0.0,58.12841666666665,68.20425000000007,device_02
2025-11-13 08:20:01.699505,0.0,57.22399999999997,67.84408333333342,device_03
2025-11-13 08:20:24.209736,0.0,59.20633333333337,69.39675000000014,device_04
2025-11-13 08:20:25.380014,0.0,57.31816666666663,67.83375000000007,device_05
2025-11-13 08:20:44.854189,0.0,58.140916666666655,68.22966666666674,device_02
2025-11-13 08:21:01.348367,0.0,57.23816666666664,67.79141666666673,device_03
2025-11-13 08:21:24.657243,0.0,59.20483333333336,69.40608333333347,device_04
2025-11-13 08:21:25.173666,0.0,57.31816666666664,67.83166666666675,device_05
2025-11-13 08:21:44.846398,0.0,58.135916666666645,68.19341666666674,device_02
2025-11-13 08:22:01.294156,0.0,57.24816666666664,67.79475000000006,device_03
2025-11-13 08:22:24.095739,0.0,59.20483333333337,69.40608333333347,device_04
2025-11-13 08:22:25.511733,0.0,57.31816666666662,67.83166666666673,device_05
2025-11-13 08:22:44.857089,0.0,58.113416666666666,68.21416666666674,device_02
2025-11-13 08:23:01.436214,0.0,57.19774999999998,67.77391666666674,device_03
2025-11-13 08:23:24.101966,0.0,59.20483333333336,69.40608333333347,device_04
2025-11-13 08:23:25.221308,0.0,57.31816666666663,67.83166666666673,device_05
2025-11-13 08:23:44.917507,0.0,58.11341666666665,68.2058333333334,device_02
2025-11-13 08:24:01.114965,0.0,57.21816666666663,67.79475000000006,device_03
2025-11-13 08:24:24.117016,0.0,59.20233333333336,69.4269166666668,device_04
2025-11-13 08:24:25.307956,0.0,57.31816666666663,67.81916666666673,device_05
2025-11-13 08:24:44.807647,0.0,58.118416666666654,68.21541666666674,device_02
2025-11-13 08:25:24.096878,0.0,59.20633333333337,69.39675000000014,device_04
2025-11-13 08:25:25.242793,0.0,56.9263333333333,67.80916666666674,device_05
2025-11-13 08:26:25.350417,0.0,56.96008333333332,67.80916666666673,device_05
2025-11-13 08:30:01.180705,0.0,57.204999999999984,67.69025000000006,device_03
2025-11-13 08:30:44.874087,0.0,58.113416666666666,68.21916666666674,device_02
2025-11-13 08:31:01.807058,0.0,57.2370833333333,67.80175000000007,device_03
2025-11-13 08:31:24.316565,0.0,59.20383333333337,69.36633333333347,device_04
2025-11-13 08:31:45.218337,0.0,57.86991666666665,68.63083333333341,device_02
2025-11-13 08:32:01.160339,0.0,57.25499999999997,67.7980833333334,device_03
2025-11-13 08:32:24.831395,0.0,58.69408333333337,69.25216666666677,device_04
2025-11-13 08:32:25.291772,0.0,56.92716666666664,67.81125000000007,device_05
2025-11-13 08:32:45.503787,0.0,57.6365833333333,68.11566666666674,device_02
2025-11-13 08:33:01.183721,0.0,57.31166666666663,67.7980833333334,device_03
2025-11-13 08:33:24.163289,0.0,58.66325000000003,69.15941666666677,device_04
2025-11-13 08:33:25.233708,0.0,56.92716666666665,67.81125000000006,device_05
2025-11-13 08:33:44.91897,0.0,57.503333333333295,68.00783333333341,device_02
2025-11-13 08:34:01.420612,0.0,57.426249999999975,68.2746666666667,device_03
2025-11-13 08:34:24.343524,0.0,58.667416666666696,69.16650000000013,device_04
2025-11-13 08:34:25.43106,0.0,56.79299999999999,67.8058333333334,device_05
2025-11-13 08:34:45.070673,0.0,57.50666666666663,68.0040833333334,device_02
2025-11-13 08:35:01.552704,0.0,57.25249999999996,67.7980833333334,device_03
2025-11-13 08:35:24.36441,0.0,58.667416666666696,69.16650000000011,device_04
2025-11-13 08:35:25.36174,0.0,57.19008333333333,68.70575000000002,device_05
2025-11-13 08:35:44.903116,0.0,57.52249999999997,68.00491666666673,device_02
2025-11-13 08:36:01.645782,0.0,57.31541666666664,67.79516666666673,device_03
2025-11-13 08:36:24.151344,0.0,58.66741666666669,69.16650000000011,device_04
2025-11-13 08:36:25.331823,0.0,56.79508333333332,67.8058333333334,device_05
2025-11-13 08:36:44.916362,0.0,57.49916666666663,67.99450000000007,device_02
2025-11-13 08:37:01.121341,0.0,57.313583333333305,67.7980833333334,device_03
2025-11-13 08:37:24.198401,0.0,58.663250000000026,69.15941666666677,device_04
2025-11-13 08:37:25.334964,0.0,56.79508333333332,67.8058333333334,device_05
2025-11-13 08:37:44.80778,0.0,57.558749999999954,68.07316666666674,device_02
2025-11-13 08:38:01.608149,0.0,57.313583333333305,67.7980833333334,device_03
2025-11-13 08:38:24.342448,0.0,58.69033333333336,69.15775000000014,device_04
2025-11-13 08:38:25.888347,0.0,56.82383333333331,67.81916666666673,device_05
2025-11-13 08:38:44.971402,0.0,57.5208333333333,68.00491666666674,device_02
2025-11-13 08:39:01.275091,0.0,57.31166666666663,67.7980833333334,device_03
2025-11-13 08:39:24.144431,0.0,58.69033333333336,69.13525000000013,device_04
2025-11-13 08:39:25.290469,0.0,57.09299999999998,67.81666666666673,device_05
2025-11-13 08:39:45.606243,0.0,57.53416666666664,67.9953333333334,device_02
2025-11-13 08:40:01.144399,0.0,57.3135833333333,67.7980833333334,device_03
2025-11-13 08:40:24.722139,0.0,58.671166666666686,69.16650000000013,device_04
2025-11-13 08:40:25.299772,0.0,57.07758333333332,67.81291666666674,device_05
2025-11-13 08:40:44.914984,0.0,57.50249999999997,68.00491666666673,device_02
2025-11-13 08:41:01.160872,0.0,57.313583333333305,67.79475000000006,device_03
2025-11-13 08:41:24.173142,0.0,58.68658333333337,69.13525000000011,device_04
2025-11-13 08:41:25.38849,0.0,57.11383333333331,67.84166666666674,device_05
2025-11-13 08:41:44.824752,0.0,57.52541666666664,67.97616666666674,device_02
2025-11-13 08:42:01.583292,0.0,57.31733333333331,67.79516666666673,device_03
2025-11-13 08:42:24.219973,0.0,58.68658333333335,69.1352500000001,device_04
2025-11-13 08:42:25.384412,0.0,57.122999999999976,67.85791666666672,device_05
2025-11-13 08:42:44.967776,0.0,57.52541666666664,67.98158333333342,device_02
2025-11-13 08:43:01.28418,0.0,57.31733333333331,67.79516666666673,device_03
2025-11-13 08:43:24.162891,0.0,58.68575000000003,69.14066666666679,device_04
2025-11-13 08:43:25.343787,0.0,57.092999999999975,67.81666666666673,device_05
2025-11-13 08:43:45.523056,0.0,57.52541666666664,67.9815833333334,device_02
2025-11-13 08:44:01.449418,0.0,57.31166666666664,67.7980833333334,device_03
2025-11-13 08:44:24.455579,0.0,58.64550000000004,69.08750000000012,device_04
2025-11-13 08:44:25.280656,0.0,57.04258333333331,67.81291666666674,device_05
2025-11-13 08:44:45.005968,0.0,57.537083333333314,67.97616666666674,device_02
2025-11-13 08:45:01.441248,0.0,57.31541666666664,67.79516666666673,device_03
2025-11-13 08:45:24.205078,0.0,58.68591666666669,69.09291666666678,device_04
2025-11-13 08:45:25.555055,0.0,57.08299999999998,67.82791666666674,device_05
2025-11-13 08:45:45.114122,0.0,57.50666666666663,67.99825000000007,device_02
2025-11-13 08:46:02.396815,0.0,57.31541666666664,67.79516666666672,device_03
2025-11-13 08:46:24.176494,0.0,58.68608333333336,69.08750000000012,device_04
2025-11-13 08:46:25.281591,0.0,57.033833333333305,67.81291666666674,device_05
2025-11-13 08:46:44.856987,0.0,57.5370833333333,67.97616666666673,device_02
2025-11-13 08:47:01.322004,0.0,57.31541666666664,67.79516666666673,device_03
2025-11-13 08:47:24.151361,0.0,58.68675000000003,69.08083333333344,device_04
2025-11-13 08:47:25.239538,0.0,57.08508333333332,67.83875000000006,device_05
2025-11-13 08:47:44.882364,0.0,57.510833333333295,68.00200000000005,device_02
2025-11-13 08:48:01.374746,0.0,57.31541666666664,67.79516666666672,device_03
2025-11-13 08:48:24.185352,0.0,58.68658333333337,69.12150000000013,device_04
2025-11-13 08:48:25.235738,0.0,57.09299999999998,67.81666666666675,device_05
2025-11-13 08:48:44.960032,0.0,57.51166666666664,67.93366666666675,device_02
2025-11-13 08:49:01.157268,0.0,57.31541666666664,67.79516666666673,device_03
2025-11-13 08:49:24.171485,0.0,58.68591666666669,69.0929166666668,device_04
2025-11-13 08:49:25.293201,0.0,57.12299999999998,67.85791666666672,device_05
2025-11-13 08:49:44.905493,0.0,57.51166666666664,67.90783333333341,device_02
2025-11-13 08:50:01.566725,0.0,57.31733333333331,67.79516666666672,device_03
2025-11-13 08:50:24.177823,0.0,58.6859166666667,69.08625000000012,device_04
2025-11-13 08:50:25.239733,0.0,57.085083333333294,67.83875000000006,device_05
2025-11-13 08:50:44.836398,0.0,57.51916666666664,67.93366666666674,device_02
2025-11-13 08:51:01.18712,0.0,57.31541666666664,67.79516666666673,device_03
2025-11-13 08:51:24.393348,0.0,58.64550000000003,69.0875000000001,device_04
2025-11-13 08:51:25.249207,0.0,57.0850833333333,67.83875000000006,device_05
2025-11-13 08:51:45.595782,0.0,57.55874999999996,68.07191666666672,device_02
2025-11-13 08:52:01.803821,0.0,57.31733333333331,67.79516666666672,device_03
2025-11-13 08:52:24.146728,0.0,58.64550000000003,69.08750000000012,device_04
2025-11-13 08:52:25.455861,0.0,57.08299999999998,67.82791666666674,device_05
2025-11-13 08:52:44.920676,0.0,57.51916666666664,67.90783333333341,device_02
2025-11-13 08:53:01.405972,0.0,57.31541666666664,67.78391666666673,device_03
2025-11-13 08:53:24.171565,0.0,58.6859166666667,69.08625000000012,device_04
2025-11-13 08:53:25.287901,0.0,57.092999999999975,67.81666666666673,device_05
2025-11-13 08:53:45.077331,0.0,57.51166666666664,67.93366666666675,device_02
2025-11-13 08:54:01.336157,0.0,57.31541666666664,67.79516666666673,device_03
2025-11-13 08:54:24.162094,0.0,58.6946666666667,69.08750000000012,device_04
2025-11-13 08:54:25.57998,0.0,57.12383333333332,67.83041666666674,device_05
2025-11-13 08:54:44.869344,0.0,57.51166666666664,67.90783333333341,device_02
2025-11-13 08:55:01.222548,0.0,57.31541666666664,67.79516666666673,device_03
2025-11-13 08:55:24.221496,0.0,58.68591666666669,69.08625000000012,device_04
2025-11-13 08:55:25.283131,0.0,57.08216666666664,67.82416666666673,device_05
2025-11-13 08:55:45.073605,0.0,57.53541666666664,67.9815833333334,device_02
2025-11-13 08:56:01.176604,0.0,57.3173333333333,67.79641666666673,device_03
2025-11-13 08:56:24.19708,0.0,58.6859166666667,69.0862500000001,device_04
2025-11-13 08:56:25.284201,0.0,57.13716666666664,67.84166666666674,device_05
2025-11-13 08:56:44.960698,0.0,57.52166666666663,67.91283333333341,device_02
2025-11-13 08:57:01.15873,0.0,57.3208333333333,67.78391666666671,device_03
2025-11-13 08:57:24.322098,0.0,58.69466666666669,69.08750000000012,device_04
2025-11-13 08:57:25.384526,0.0,57.04258333333331,67.81291666666674,device_05
2025-11-13 08:57:44.848535,0.0,57.51166666666664,67.93366666666675,device_02
2025-11-13 08:58:01.452984,0.0,57.32083333333331,67.78391666666671,device_03
2025-11-13 08:58:24.191502,0.0,58.64550000000003,69.08750000000012,device_04
2025-11-13 08:58:25.274411,0.0,57.0850833333333,67.83875000000006,device_05
2025-11-13 08:58:44.827716,0.0,57.51916666666664,67.90783333333341,device_02
2025-11-13 08:59:01.227071,0.0,57.32416666666664,67.78391666666671,device_03
2025-11-13 08:59:24.336812,0.0,58.68608333333336,69.08750000000013,device_04
2025-11-13 08:59:25.405434,0.0,57.0850833333333,67.83875000000006,device_05
2025-11-13 08:59:44.844685,0.0,57.51166666666664,67.90783333333341,device_02
2025-11-13 09:00:01.445487,0.0,57.31733333333331,67.78391666666673,device_03
2025-11-13 09:00:24.179356,0.0,58.64550000000003,69.08750000000012,device_04
2025-11-13 09:00:25.454039,0.0,57.08299999999998,67.82791666666674,device_05
2025-11-13 09:00:44.989524,0.0,57.51916666666664,67.91325000000008,device_02
2025-11-13 09:01:01.197046,0.0,57.32083333333331,67.82350000000004,device_03
2025-11-13 09:01:24.208302,0.0,58.69483333333336,69.08750000000012,device_04
2025-11-13 09:01:25.895524,0.0,57.082999999999984,67.82791666666674,device_05
2025-11-13 09:01:45.046671,0.0,57.51166666666664,67.90783333333343,device_02
2025-11-13 09:02:01.206218,0.0,57.32416666666664,67.83475000000004,device_03
2025-11-13 09:02:24.344979,0.0,58.61341666666669,69.08183333333345,device_04
2025-11-13 09:02:25.756975,0.0,57.13716666666664,67.84166666666673,device_05
2025-11-13 09:02:45.109928,0.0,57.558749999999954,68.07191666666672,device_02
2025-11-13 09:03:01.148432,0.0,57.31541666666664,67.78391666666673,device_03
2025-11-13 09:03:24.84286,0.0,58.62483333333336,69.09075000000011,device_04
2025-11-13 09:03:25.373112,0.0,57.1138333333333,67.84166666666674,device_05
2025-11-13 09:03:45.362749,0.0,57.53541666666664,67.9740833333334,device_02
2025-11-13 09:04:01.437937,0.0,57.32416666666664,67.78391666666671,device_03
2025-11-13 09:04:24.204776,0.0,58.64550000000003,69.08750000000013,device_04
2025-11-13 09:04:25.459375,0.0,57.08299999999996,67.82791666666672,device_05
2025-11-13 09:04:44.95057,0.0,57.51666666666664,67.91825000000009,device_02
2025-11-13 09:05:01.131103,0.0,57.32416666666664,67.78391666666673,device_03
2025-11-13 09:05:24.134637,0.0,58.62483333333336,69.08283333333344,device_04
2025-11-13 09:05:25.427742,0.0,57.122999999999976,67.85791666666672,device_05
2025-11-13 09:05:45.175167,0.0,57.4945833333333,67.91325000000008,device_02
2025-11-13 09:06:01.215739,0.0,57.32416666666664,67.78391666666671,device_03
2025-11-13 09:06:24.179191,0.0,58.69483333333336,69.08750000000012,device_04
2025-11-13 09:06:25.300899,0.0,57.1138333333333,67.84166666666673,device_05
2025-11-13 09:06:44.814848,0.0,57.4870833333333,67.91325000000008,device_02
2025-11-13 09:07:01.420536,0.0,57.332499999999975,67.78391666666673,device_03
2025-11-13 09:07:24.304692,0.0,58.64550000000003,69.08750000000012,device_04
2025-11-13 09:07:25.42968,0.0,57.0850833333333,67.83875000000008,device_05
2025-11-13 09:07:45.343915,0.0,57.48708333333331,67.91325000000008,device_02
2025-11-13 09:08:01.403258,0.0,57.33249999999996,67.78391666666671,device_03
2025-11-13 09:08:24.158319,0.0,58.64550000000003,69.08750000000013,device_04
2025-11-13 09:08:25.469548,0.0,57.122999999999976,67.85791666666672,device_05
2025-11-13 09:08:44.869864,0.0,57.4870833333333,67.91325000000008,device_02
2025-11-13 09:09:01.326566,0.0,57.33441666666665,67.78391666666673,device_03
2025-11-13 09:09:24.785111,0.0,58.61341666666669,69.08183333333345,device_04
2025-11-13 09:09:25.37782,0.0,57.08508333333332,67.83875000000006,device_05
2025-11-13 09:09:44.963697,0.0,57.4945833333333,67.90783333333341,device_02
2025-11-13 09:10:01.397701,0.0,57.33441666666664,67.78391666666673,device_03
2025-11-13 09:10:24.175524,0.0,58.62483333333337,69.08283333333345,device_04
2025-11-13 09:10:25.273969,0.0,57.0850833333333,67.83875000000006,device_05
2025-11-13 09:10:44.859688,0.0,57.51916666666664,67.91325000000008,device_02
2025-11-13 09:11:01.210299,0.0,57.332499999999975,67.78391666666673,device_03
2025-11-13 09:11:24.208213,0.0,58.61341666666669,69.08183333333345,device_04
2025-11-13 09:11:25.390828,0.0,57.0850833333333,67.83875000000006,device_05
2025-11-13 09:11:45.378526,0.0,57.49458333333331,67.90741666666673,device_02
2025-11-13 09:12:01.368722,0.0,57.33249999999996,67.7875833333334,device_03
2025-11-13 09:12:24.173052,0.0,58.6134166666667,69.08183333333345,device_04
2025-11-13 09:12:25.251347,0.0,57.09299999999998,67.81666666666675,device_05
2025-11-13 09:12:44.977955,0.0,57.48708333333331,67.91325000000008,device_02
2025-11-13 09:13:01.760696,0.0,57.33999999999996,67.7875833333334,device_03
2025-11-13 09:13:24.164438,0.0,58.61341666666669,69.08183333333345,device_04
2025-11-13 09:13:25.275051,0.0,57.08508333333332,67.83875000000006,device_05
2025-11-13 09:13:44.839265,0.0,57.450249999999976,67.92241666666673,device_02
2025-11-13 09:14:01.179929,0.0,57.33999999999996,67.78850000000006,device_03
2025-11-13 09:14:24.8646,0.0,58.61341666666669,69.08183333333345,device_04
2025-11-13 09:14:25.31154,0.0,57.08508333333332,67.83875000000006,device_05
2025-11-13 09:14:45.4757,0.0,57.49458333333331,67.90783333333341,device_02
2025-11-13 09:15:01.368307,0.0,57.332499999999975,67.78391666666673,device_03
2025-11-13 09:15:24.367058,0.0,58.6134166666667,69.08183333333345,device_04
2025-11-13 09:15:25.326429,0.0,57.13299999999998,67.84666666666672,device_05
2025-11-13 09:15:44.834905,0.0,57.66124999999998,68.45566666666674,device_02
2025-11-13 09:16:01.321864,0.0,57.40666666666663,67.78641666666672,device_03
2025-11-13 09:16:24.339992,0.0,58.61341666666669,69.08183333333345,device_04
2025-11-13 09:16:25.245727,0.0,57.08508333333332,67.83875000000006,device_05
2025-11-13 09:16:45.079867,0.0,57.494583333333296,67.90741666666673,device_02
2025-11-13 09:17:01.396904,0.0,57.33441666666665,67.78391666666673,device_03
2025-11-13 09:17:24.269826,0.0,58.6134166666667,69.08183333333345,device_04
2025-11-13 09:17:25.53249,0.0,57.0850833333333,67.83875000000006,device_05
2025-11-13 09:17:44.811043,0.0,57.450249999999976,67.92241666666673,device_02
2025-11-13 09:18:01.467217,0.0,57.33249999999996,67.78391666666673,device_03
2025-11-13 09:18:24.166277,0.0,58.61525000000004,69.07266666666678,device_04
2025-11-13 09:18:25.265357,0.0,57.08508333333332,67.83875000000006,device_05
2025-11-13 09:18:44.915612,0.0,57.53541666666664,67.97575000000008,device_02
2025-11-13 09:19:01.141358,0.0,57.339999999999975,67.78391666666671,device_03
2025-11-13 09:19:24.222686,0.0,58.61525000000003,69.07266666666678,device_04
2025-11-13 09:19:25.283773,0.0,57.08508333333332,67.83875000000006,device_05
2025-11-13 09:19:44.856731,0.0,57.45024999999999,67.92241666666675,device_02
2025-11-13 09:20:01.20028,0.0,57.33249999999996,67.78391666666671,device_03
2025-11-13 09:20:24.437547,0.0,58.61341666666669,69.08183333333345,device_04
2025-11-13 09:20:25.813081,0.0,57.04966666666665,67.82791666666672,device_05
2025-11-13 09:20:44.83444,0.0,57.40483333333331,67.86616666666673,device_02
2025-11-13 09:21:01.172311,0.0,57.40666666666663,67.78850000000007,device_03
2025-11-13 09:21:24.223683,0.0,58.61525000000003,69.07266666666678,device_04
2025-11-13 09:21:25.335068,0.0,57.085083333333294,67.83875000000006,device_05
2025-11-13 09:21:44.840624,0.0,57.64416666666664,68.67408333333334,device_02
2025-11-13 09:22:01.269052,0.0,57.40666666666663,67.78641666666672,device_03
2025-11-13 09:22:24.38497,0.0,58.61341666666669,69.08183333333345,device_04
2025-11-13 09:22:25.288493,0.0,57.08508333333332,67.83875000000008,device_05
2025-11-13 09:22:44.859799,0.0,57.40483333333332,67.87200000000007,device_02
2025-11-13 09:23:01.163183,0.0,57.32916666666664,67.78975000000007,device_03
2025-11-13 09:23:24.299132,0.0,58.6134166666667,69.08183333333345,device_04
2025-11-13 09:23:25.285475,0.0,57.04966666666665,67.82791666666672,device_05
2025-11-13 09:23:44.885303,0.0,57.40566666666665,67.87658333333341,device_02
2025-11-13 09:24:01.135992,0.0,57.40666666666663,67.78641666666672,device_03
2025-11-13 09:24:24.36789,0.0,58.61525000000003,69.07266666666679,device_04
2025-11-13 09:24:25.322155,0.0,57.00783333333333,68.80058333333336,device_05
2025-11-13 09:24:44.925253,0.0,57.39816666666665,67.8765833333334,device_02
2025-11-13 09:25:24.37901,0.0,58.61525000000003,69.06266666666677,device_04
2025-11-13 09:25:25.227811,0.0,56.99325,68.79891666666668,device_05
2025-11-13 09:26:25.469763,0.0,57.04966666666666,67.82791666666671,device_05
2025-11-13 09:30:01.833401,0.0,57.54958333333333,67.77050000000007,device_03
2025-11-13 09:30:45.337856,0.0,57.51916666666664,67.90200000000007,device_02
2025-11-13 09:31:01.166805,0.0,57.332499999999975,67.78466666666672,device_03
2025-11-13 09:31:24.465837,0.0,58.61341666666669,69.08183333333345,device_04
2025-11-13 09:31:44.997662,0.0,57.40566666666664,67.86991666666673,device_02
2025-11-13 09:32:01.401885,0.0,57.32916666666663,67.7900833333334,device_03
2025-11-13 09:32:24.479351,0.0,58.61525000000004,69.06266666666676,device_04
2025-11-13 09:32:25.255206,0.0,57.035083333333326,67.82000000000005,device_05
2025-11-13 09:32:44.830458,0.0,57.55066666666666,68.3798333333334,device_02
2025-11-13 09:33:01.149726,0.0,57.339999999999975,67.7875833333334,device_03
2025-11-13 09:33:24.368351,0.0,58.61525000000003,69.06266666666677,device_04
2025-11-13 09:33:25.257477,0.0,57.02591666666666,67.80916666666673,device_05
2025-11-13 09:33:44.798254,0.0,57.38358333333332,67.84616666666673,device_02
2025-11-13 09:34:01.394473,0.0,57.33999999999996,67.78600000000006,device_03
2025-11-13 09:34:24.169601,0.0,58.61525000000003,69.06266666666679,device_04
2025-11-13 09:34:25.312953,0.0,57.03508333333331,67.82000000000005,device_05
2025-11-13 09:34:44.866494,0.0,57.40566666666664,67.87491666666673,device_02
2025-11-13 09:35:01.172697,0.0,57.40666666666663,67.78850000000006,device_03
2025-11-13 09:35:24.148428,0.0,58.61525000000004,69.06266666666677,device_04
2025-11-13 09:35:25.253081,0.0,57.035083333333326,67.82000000000005,device_05
2025-11-13 09:35:45.364474,0.0,57.40566666666664,67.8690833333334,device_02
2025-11-13 09:36:01.793653,0.0,57.339999999999975,67.79341666666672,device_03
2025-11-13 09:36:24.345961,0.0,58.61525000000003,69.07266666666678,device_04
2025-11-13 09:36:25.246806,0.0,57.04466666666665,67.80916666666673,device_05
2025-11-13 09:36:44.811691,0.0,57.40566666666664,67.87491666666673,device_02
2025-11-13 09:37:01.257223,0.0,57.32916666666663,67.78975000000005,device_03
2025-11-13 09:37:24.17577,0.0,58.61525000000003,69.07266666666678,device_04
2025-11-13 09:37:25.249582,0.0,57.11425,67.82000000000006,device_05
2025-11-13 09:37:45.428608,0.0,57.37358333333332,67.84616666666673,device_02
2025-11-13 09:38:01.467458,0.0,57.406666666666645,67.78975000000005,device_03
2025-11-13 09:38:24.242914,0.0,58.61525000000003,69.06266666666677,device_04
2025-11-13 09:38:25.260901,0.0,57.0805,67.80916666666671,device_05
2025-11-13 09:38:44.81481,0.0,57.40566666666664,67.87491666666675,device_02
2025-11-13 09:39:01.281473,0.0,57.406666666666645,67.78975000000005,device_03
2025-11-13 09:39:24.162372,0.0,58.61525000000003,69.06266666666679,device_04
2025-11-13 09:39:25.231485,0.0,57.0805,67.80916666666673,device_05
2025-11-13 09:39:44.905448,0.0,57.39608333333331,67.83450000000006,device_02
2025-11-13 09:40:01.283872,0.0,57.339999999999975,67.78975000000005,device_03
2025-11-13 09:40:24.709213,0.0,58.61525000000003,69.06266666666677,device_04
2025-11-13 09:40:25.337107,0.0,59.034916666666696,69.32275000000003,device_05
2025-11-13 09:40:44.806635,0.0,57.38858333333332,67.83450000000006,device_02
2025-11-13 09:41:01.459778,0.0,57.40666666666663,67.79341666666673,device_03
2025-11-13 09:41:24.40256,0.0,58.61525000000003,69.06266666666677,device_04
2025-11-13 09:41:25.22847,0.0,59.03491666666668,69.32733333333337,device_05
2025-11-13 09:41:44.781083,0.0,57.38858333333332,67.83450000000006,device_02
2025-11-13 09:42:01.149115,0.0,57.40666666666663,67.79341666666673,device_03
2025-11-13 09:42:24.208227,0.0,58.61525000000003,69.06266666666677,device_04
2025-11-13 09:42:25.348296,0.0,57.07966666666666,67.80916666666671,device_05
2025-11-13 09:42:44.918705,0.0,57.38858333333332,67.83450000000006,device_02
2025-11-13 09:43:01.176953,0.0,57.40666666666663,67.79341666666673,device_03
2025-11-13 09:43:24.162231,0.0,58.61525000000003,69.06266666666679,device_04
2025-11-13 09:43:25.223258,0.0,57.03383333333333,67.80916666666673,device_05
2025-11-13 09:43:45.348686,0.0,57.37774999999998,67.86491666666674,device_02
2025-11-13 09:44:01.142737,0.0,57.40666666666663,67.79341666666672,device_03
2025-11-13 09:44:24.147426,0.0,58.61525000000003,69.06266666666677,device_04
2025-11-13 09:44:25.282944,0.0,57.04466666666665,67.80916666666673,device_05
2025-11-13 09:44:45.024611,0.0,57.38858333333331,67.82158333333338,device_02
2025-11-13 09:45:01.309151,0.0,57.40666666666663,67.78975000000005,device_03
2025-11-13 09:45:24.199237,0.0,58.62733333333336,69.06266666666679,device_04
2025-11-13 09:45:25.862219,0.0,57.0805,67.80916666666673,device_05
2025-11-13 09:45:44.931473,0.0,57.39608333333331,67.83450000000006,device_02
2025-11-13 09:46:01.657274,0.0,57.40666666666663,67.79341666666673,device_03
2025-11-13 09:46:24.138744,0.0,58.63066666666671,69.0497500000001,device_04
2025-11-13 09:46:25.263647,0.0,57.03383333333332,67.80916666666673,device_05
2025-11-13 09:46:45.074149,0.0,57.40858333333331,67.83450000000006,device_02
2025-11-13 09:47:01.401938,0.0,57.40666666666663,67.79341666666673,device_03
2025-11-13 09:47:24.742047,0.0,58.63066666666669,69.06266666666679,device_04
2025-11-13 09:47:25.439923,0.0,57.02591666666665,67.80916666666673,device_05
2025-11-13 09:47:44.933108,0.0,57.39774999999997,67.8215833333334,device_02
2025-11-13 09:48:01.093299,0.0,57.40666666666663,67.78975000000005,device_03
2025-11-13 09:48:24.175948,0.0,58.62733333333336,69.06266666666679,device_04
2025-11-13 09:48:25.402168,0.0,57.06841666666666,67.82000000000005,device_05
2025-11-13 09:48:44.810029,0.0,57.383583333333306,67.84616666666675,device_02
2025-11-13 09:49:01.149355,0.0,57.40666666666663,67.79341666666673,device_03
2025-11-13 09:49:24.300366,0.0,58.63066666666671,69.0497500000001,device_04
2025-11-13 09:49:25.377973,0.0,57.02591666666665,67.80916666666673,device_05
2025-11-13 09:49:44.843443,0.0,57.40108333333332,67.83450000000006,device_02
2025-11-13 09:50:01.19765,0.0,57.40666666666663,67.82933333333337,device_03
2025-11-13 09:50:24.347624,0.0,58.63066666666671,69.04975000000012,device_04
2025-11-13 09:50:25.203334,0.0,57.035083333333326,67.82000000000005,device_05
2025-11-13 09:50:44.859268,0.0,57.40858333333332,67.83450000000006,device_02
2025-11-13 09:51:01.111144,0.0,57.40666666666663,67.84058333333337,device_03
2025-11-13 09:51:24.221431,0.0,58.640666666666704,69.04975000000012,device_04
2025-11-13 09:51:25.390708,0.0,57.03508333333331,67.82000000000005,device_05
2025-11-13 09:51:44.967187,0.0,57.40108333333331,67.83450000000006,device_02
2025-11-13 09:52:01.270084,0.0,57.406666666666645,67.79341666666673,device_03
2025-11-13 09:52:24.77106,0.0,58.648166666666704,69.05683333333343,device_04
2025-11-13 09:52:25.259046,0.0,61.01125000000002,69.95049999999996,device_05
2025-11-13 09:52:44.797152,0.0,57.40108333333332,67.83450000000006,device_02
2025-11-13 09:53:01.477027,0.0,57.40666666666663,67.78975000000007,device_03
2025-11-13 09:53:24.310845,0.0,58.6406666666667,69.0497500000001,device_04
2025-11-13 09:53:25.359907,0.0,57.11425,67.82000000000005,device_05
2025-11-13 09:53:44.754979,0.0,57.40858333333331,67.83450000000006,device_02
2025-11-13 09:54:01.108424,0.0,57.40666666666663,67.79341666666673,device_03
2025-11-13 09:54:24.722944,0.0,58.640666666666704,69.0497500000001,device_04
2025-11-13 09:54:25.208192,0.0,57.06049999999999,67.82791666666671,device_05
2025-11-13 09:54:45.019163,0.0,57.85291666666665,68.74233333333333,device_02
2025-11-13 09:55:01.230374,0.0,57.42291666666664,67.79341666666673,device_03
2025-11-13 09:55:24.480438,0.0,58.654000000000025,69.08600000000011,device_04
2025-11-13 09:55:25.237683,0.0,57.07966666666667,67.81708333333339,device_05
2025-11-13 09:55:44.858836,0.0,57.40108333333332,67.83450000000005,device_02
2025-11-13 09:56:01.26557,0.0,57.42291666666663,67.79341666666673,device_03
2025-11-13 09:56:24.296337,0.0,58.648166666666704,69.04975000000012,device_04
2025-11-13 09:56:25.506592,0.0,57.07924999999998,67.82791666666671,device_05
2025-11-13 09:56:44.772565,0.0,57.40858333333332,67.83450000000006,device_02
2025-11-13 09:57:01.103271,0.0,57.42291666666664,67.79341666666673,device_03
2025-11-13 09:57:24.195419,0.0,58.62733333333336,69.04975000000012,device_04
2025-11-13 09:57:25.196966,0.0,57.03508333333333,67.82791666666672,device_05
2025-11-13 09:57:44.77313,0.0,57.40774999999998,67.82158333333341,device_02
2025-11-13 09:58:01.087569,0.0,57.42291666666664,67.79341666666673,device_03
2025-11-13 09:58:24.748057,0.0,58.640666666666704,69.0497500000001,device_04
2025-11-13 09:58:25.720228,0.0,57.11425000000001,67.82791666666671,device_05
2025-11-13 09:58:44.891334,0.0,57.40858333333332,67.82158333333338,device_02
2025-11-13 09:59:01.1072,0.0,57.4248333333333,67.78641666666672,device_03
2025-11-13 09:59:24.30281,0.0,58.648166666666704,69.07100000000011,device_04
2025-11-13 09:59:25.215969,0.0,57.025916666666646,67.81708333333339,device_05
2025-11-13 09:59:44.8123,0.0,57.40358333333332,67.82908333333339,device_02
2025-11-13 10:00:01.449607,0.0,57.42291666666664,67.78975000000005,device_03
2025-11-13 10:00:24.759247,0.0,58.648166666666704,69.0710000000001,device_04
2025-11-13 10:00:25.802285,0.0,57.02591666666666,67.8170833333334,device_05
2025-11-13 10:00:44.779255,0.0,57.42066666666665,67.8215833333334,device_02
2025-11-13 10:01:01.120835,0.0,57.40858333333329,67.78975000000005,device_03
2025-11-13 10:01:24.176439,0.0,58.6481666666667,69.05683333333344,device_04
2025-11-13 10:01:25.280792,0.0,57.04966666666665,67.82791666666671,device_05
2025-11-13 10:01:44.909987,0.0,57.40524999999998,67.81575000000005,device_02
2025-11-13 10:02:01.15376,0.0,60.89041666666665,69.66341666666662,device_03
2025-11-13 10:02:24.486061,0.0,58.63066666666671,69.04975000000012,device_04
2025-11-13 10:02:25.54303,0.0,57.02591666666665,67.8170833333334,device_05
2025-11-13 10:02:44.797351,0.0,57.40024999999998,67.8215833333334,device_02
2025-11-13 10:03:01.1613,0.0,57.42291666666662,67.79341666666673,device_03
2025-11-13 10:03:24.21152,0.0,58.63441666666671,69.0497500000001,device_04
2025-11-13 10:03:25.333006,0.0,57.04466666666665,67.8170833333334,device_05
2025-11-13 10:03:44.798627,0.0,57.42066666666665,67.83450000000005,device_02
2025-11-13 10:04:01.145785,0.0,57.42291666666664,67.78975000000005,device_03
2025-11-13 10:04:24.368136,0.0,58.6569166666667,69.0710000000001,device_04
2025-11-13 10:04:25.294468,0.0,57.03383333333332,67.8170833333334,device_05
2025-11-13 10:04:44.927177,0.0,57.40024999999997,67.8215833333334,device_02
2025-11-13 10:05:01.174614,0.0,57.42291666666663,67.78975000000005,device_03
2025-11-13 10:05:24.15486,0.0,58.648166666666704,69.0710000000001,device_04
2025-11-13 10:05:25.2248,0.0,57.02591666666666,67.8170833333334,device_05
2025-11-13 10:05:44.79473,0.0,57.430666666666646,67.8215833333334,device_02
2025-11-13 10:06:01.291471,0.0,57.42291666666664,67.78975000000007,device_03
2025-11-13 10:06:24.76578,0.0,58.631083333333365,69.05683333333344,device_04
2025-11-13 10:06:25.817565,0.0,57.02591666666665,67.81708333333339,device_05
2025-11-13 10:06:44.967406,0.0,57.43691666666665,67.84366666666672,device_02
2025-11-13 10:07:01.115512,0.0,57.42483333333331,67.78641666666672,device_03
2025-11-13 10:07:24.157903,0.0,58.648166666666704,69.05683333333343,device_04
2025-11-13 10:07:25.246806,0.0,57.04466666666665,67.81708333333339,device_05
2025-11-13 10:07:44.842973,0.0,57.43691666666665,67.84366666666673,device_02
2025-11-13 10:08:01.17451,0.0,57.4248333333333,67.78975000000007,device_03
2025-11-13 10:08:24.984984,0.0,58.648166666666704,69.0710000000001,device_04
2025-11-13 10:08:25.251011,0.0,57.03383333333332,67.8170833333334,device_05
2025-11-13 10:08:44.868831,0.0,57.435666666666656,67.8215833333334,device_02
2025-11-13 10:09:01.737873,0.0,57.42291666666663,67.78975000000005,device_03
2025-11-13 10:09:24.164471,0.0,58.648166666666704,69.05683333333343,device_04
2025-11-13 10:09:25.28898,0.0,57.0805,67.81708333333339,device_05
2025-11-13 10:09:44.757691,0.0,57.43691666666665,67.84366666666672,device_02
2025-11-13 10:10:01.141407,0.0,57.42291666666664,67.78975000000005,device_03
2025-11-13 10:10:24.507845,0.0,58.648166666666704,69.04975000000012,device_04
2025-11-13 10:10:25.248814,0.0,57.03383333333333,67.8170833333334,device_05
2025-11-13 10:10:45.348177,0.0,57.41524999999997,67.8215833333334,device_02
2025-11-13 10:11:01.583508,0.0,57.4248333333333,67.78641666666672,device_03
2025-11-13 10:11:24.305835,0.0,58.648166666666704,69.07100000000013,device_04
2025-11-13 10:11:25.333567,0.0,57.035083333333326,67.82791666666672,device_05
2025-11-13 10:11:44.879992,0.0,57.40858333333332,67.83450000000005,device_02
2025-11-13 10:12:01.411502,0.0,57.34191666666664,67.78891666666672,device_03
2025-11-13 10:12:24.143441,0.0,58.6569166666667,69.07100000000011,device_04
2025-11-13 10:12:25.875718,0.0,57.0805,67.81708333333337,device_05
2025-11-13 10:12:44.832178,0.0,57.40108333333332,67.8215833333334,device_02
2025-11-13 10:13:01.444834,0.0,57.40858333333331,67.78975000000005,device_03
2025-11-13 10:13:24.362606,0.0,58.6531666666667,69.08600000000011,device_04
2025-11-13 10:13:25.241237,0.0,57.02591666666666,67.80916666666673,device_05
2025-11-13 10:13:44.765502,0.0,57.39608333333331,67.82866666666672,device_02
2025-11-13 10:14:01.15723,0.0,57.34191666666664,67.7830833333334,device_03
2025-11-13 10:14:24.189153,0.0,58.648166666666704,69.0710000000001,device_04
2025-11-13 10:14:25.545978,0.0,57.04466666666666,67.8170833333334,device_05
2025-11-13 10:14:44.797915,0.0,57.40858333333332,67.82866666666672,device_02
2025-11-13 10:15:01.353437,0.0,57.32916666666664,67.78975000000005,device_03
2025-11-13 10:15:24.197859,0.0,58.648166666666704,69.07100000000011,device_04
2025-11-13 10:15:25.238656,0.0,57.03383333333332,67.81041666666673,device_05
2025-11-13 10:15:44.997206,0.0,57.39608333333332,67.81575000000005,device_02
2025-11-13 10:16:01.16567,0.0,57.406666666666645,67.78975000000005,device_03
2025-11-13 10:16:24.39764,0.0,58.6481666666667,69.07100000000011,device_04
2025-11-13 10:16:25.371786,0.0,57.08299999999999,67.81500000000005,device_05
2025-11-13 10:16:45.008594,0.0,57.39608333333331,67.82866666666672,device_02
2025-11-13 10:17:01.635662,0.0,57.406666666666645,67.78975000000005,device_03
2025-11-13 10:17:24.521423,0.0,58.66025000000003,69.08766666666678,device_04
2025-11-13 10:17:25.331565,0.0,57.08049999999997,67.81500000000005,device_05
2025-11-13 10:17:44.833574,0.0,57.408583333333326,67.82866666666672,device_02
2025-11-13 10:18:01.959911,0.0,57.40666666666663,67.78975000000005,device_03
2025-11-13 10:18:24.334044,0.0,58.65150000000003,69.08766666666678,device_04
2025-11-13 10:18:25.284502,0.0,57.0805,67.80250000000005,device_05
2025-11-13 10:18:45.05499,0.0,57.39608333333332,67.82866666666672,device_02
2025-11-13 10:19:01.258032,0.0,57.40666666666663,67.78975000000007,device_03
2025-11-13 10:19:24.337878,0.0,58.627333333333375,69.08933333333343,device_04
2025-11-13 10:19:25.369443,0.0,58.92325000000002,69.30816666666671,device_05
2025-11-13 10:19:44.861901,0.0,57.40108333333332,67.83450000000005,device_02
2025-11-13 10:20:01.657577,0.0,57.40666666666663,67.78975000000005,device_03
2025-11-13 10:20:24.242353,0.0,58.65150000000003,69.08766666666678,device_04
2025-11-13 10:20:25.275437,0.0,58.92325000000003,69.32150000000003,device_05
2025-11-13 10:20:45.148437,0.0,57.40858333333332,67.83450000000005,device_02
2025-11-13 10:21:01.357113,0.0,57.40666666666663,67.78975000000007,device_03
2025-11-13 10:21:24.207581,0.0,58.65150000000003,69.08766666666678,device_04
2025-11-13 10:21:25.273789,0.0,57.03383333333332,67.80250000000005,device_05
2025-11-13 10:21:44.849973,0.0,57.40524999999997,67.83450000000006,device_02
2025-11-13 10:22:01.691641,0.0,57.42291666666664,67.79341666666673,device_03
2025-11-13 10:22:24.268414,0.0,58.65150000000003,69.08766666666678,device_04
2025-11-13 10:22:25.279044,0.0,57.07966666666667,67.80250000000005,device_05
2025-11-13 10:22:45.043016,0.0,57.420666666666655,67.83450000000006,device_02
2025-11-13 10:23:01.490431,0.0,57.406666666666645,67.78975000000005,device_03
2025-11-13 10:23:24.72924,0.0,58.662750000000045,69.0860000000001,device_04
2025-11-13 10:23:25.320541,0.0,57.0805,67.80250000000007,device_05
2025-11-13 10:23:44.859685,0.0,57.40858333333332,67.8215833333334,device_02
2025-11-13 10:24:02.375108,0.0,57.40666666666663,67.78975000000005,device_03
2025-11-13 10:24:24.329977,0.0,58.65400000000003,69.0860000000001,device_04
2025-11-13 10:24:25.20991,0.0,57.0805,67.80250000000007,device_05
2025-11-13 10:24:44.7566,0.0,57.40774999999998,67.82325000000004,device_02
2025-11-13 10:25:24.339612,0.0,58.65150000000003,69.08766666666678,device_04
2025-11-13 10:25:25.34373,0.0,57.0805,67.80250000000005,device_05
2025-11-13 10:26:25.332041,0.0,57.08299999999999,67.81500000000005,device_05
2025-11-13 10:30:01.319009,0.0,58.11808333333333,69.00016666666674,device_03
2025-11-13 10:30:44.956965,0.0,57.40566666666663,67.87075000000006,device_02
2025-11-13 10:31:01.181523,0.0,57.42291666666663,67.69383333333337,device_03
2025-11-13 10:31:24.388352,0.0,58.6344166666667,69.04975000000012,device_04
2025-11-13 10:31:44.750766,0.0,57.40858333333332,67.83450000000005,device_02
2025-11-13 10:32:01.129491,0.0,57.42291666666662,67.79050000000005,device_03
2025-11-13 10:32:24.194423,0.0,58.62108333333336,69.03708333333344,device_04
2025-11-13 10:32:25.543153,0.0,57.08299999999999,67.81500000000005,device_05
2025-11-13 10:32:44.79069,0.0,57.40858333333332,67.82866666666673,device_02
2025-11-13 10:33:24.257324,0.0,58.65400000000003,69.0860000000001,device_04
2025-11-13 10:33:25.214407,0.0,57.74925000000002,67.9995833333334,device_05
2025-11-13 10:33:44.940189,0.0,57.40858333333332,67.81575000000005,device_02
2025-11-13 10:34:24.320629,0.0,58.62816666666669,69.08975000000011,device_04
2025-11-13 10:34:25.200176,0.0,57.74925,67.9995833333334,device_05
2025-11-13 10:34:44.782135,0.0,57.40858333333331,67.81575000000004,device_02
2025-11-13 10:35:24.209303,0.0,58.62733333333336,69.08933333333344,device_04
2025-11-13 10:35:44.894686,0.0,57.42066666666665,67.83450000000006,device_02
2025-11-13 10:36:24.160813,0.0,58.62108333333335,69.03708333333344,device_04
2025-11-13 10:36:44.854158,0.0,57.430666666666646,67.8215833333334,device_02
2025-11-13 10:37:24.198857,0.0,58.62108333333336,69.03708333333344,device_04
2025-11-13 10:37:45.358753,0.0,57.43733333333332,67.84366666666672,device_02
2025-11-13 10:38:24.269518,0.0,58.62108333333335,69.03708333333344,device_04
2025-11-13 10:38:44.777322,0.0,57.64749999999998,68.43833333333333,device_02
2025-11-13 10:39:24.308287,0.0,58.627333333333375,69.08975000000011,device_04
2025-11-13 10:39:44.779354,0.0,57.60566666666665,68.23166666666671,device_02
2025-11-13 10:40:24.17424,0.0,58.62108333333336,69.03708333333344,device_04
2025-11-13 10:40:44.803013,0.0,57.43066666666664,67.8215833333334,device_02
2025-11-13 10:41:24.454281,0.0,58.62108333333336,69.03708333333343,device_04
2025-11-13 10:41:44.773011,0.0,57.43691666666665,67.82908333333339,device_02
2025-11-13 10:42:24.179566,0.0,58.62441666666669,69.01958333333341,device_04
2025-11-13 10:42:44.806652,0.0,57.42941666666665,67.83491666666673,device_02
2025-11-13 10:43:24.221095,0.0,58.62108333333336,69.03708333333344,device_04
2025-11-13 10:43:44.933738,0.0,57.44358333333331,67.84366666666673,device_02
2025-11-13 10:44:24.731079,0.0,58.62816666666669,69.08975000000011,device_04
2025-11-13 10:44:44.834865,0.0,57.43733333333332,67.83783333333338,device_02
2025-11-13 10:45:24.264061,0.0,58.62066666666669,69.01958333333343,device_04
2025-11-13 10:45:44.940715,0.0,57.438166666666646,67.83783333333339,device_02
2025-11-13 10:46:24.217818,0.0,58.62108333333336,69.03708333333344,device_04
2025-11-13 10:46:45.418613,0.0,57.42816666666665,67.83450000000006,device_02
2025-11-13 10:47:24.288071,0.0,58.621083333333374,69.03708333333344,device_04
2025-11-13 10:47:44.846263,0.0,57.430666666666646,67.81575000000004,device_02
2025-11-13 10:48:24.364201,0.0,58.62108333333336,69.03708333333344,device_04
2025-11-13 10:48:44.820723,0.0,57.438166666666646,67.8378333333334,device_02
2025-11-13 10:49:24.48866,0.0,58.624416666666704,69.01958333333343,device_04
2025-11-13 10:49:45.012809,0.0,57.423166666666646,67.82908333333339,device_02
2025-11-13 10:50:24.367435,0.0,58.6206666666667,69.01958333333343,device_04
2025-11-13 10:50:44.880835,0.0,57.639166666666654,68.63049999999998,device_02
2025-11-13 10:51:24.728513,0.0,58.62441666666669,69.01958333333341,device_04
2025-11-13 10:51:44.828153,0.0,57.44358333333332,67.84366666666673,device_02
2025-11-13 10:52:24.268907,0.0,58.62108333333336,69.03708333333344,device_04
2025-11-13 10:52:44.849727,0.0,57.43566666666665,67.84908333333338,device_02
2025-11-13 10:53:24.237525,0.0,58.6206666666667,69.01958333333341,device_04
2025-11-13 10:53:45.27898,0.0,57.43066666666666,67.82908333333339,device_02
2025-11-13 10:54:24.323007,0.0,58.62066666666669,69.01958333333343,device_04
2025-11-13 10:54:44.921051,0.0,57.430666666666646,67.82908333333339,device_02
2025-11-13 10:55:24.232371,0.0,58.6206666666667,69.01958333333343,device_04
2025-11-13 10:55:45.426287,0.0,57.44566666666665,67.82908333333339,device_02
2025-11-13 10:56:24.441139,0.0,58.62441666666668,69.01958333333341,device_04
2025-11-13 10:56:44.834507,0.0,57.44566666666665,67.83491666666673,device_02
2025-11-13 10:57:24.273582,0.0,58.6369166666667,69.03625000000008,device_04
2025-11-13 10:57:45.337307,0.0,57.42524999999998,67.8490833333334,device_02
2025-11-13 10:58:24.252859,0.0,58.62066666666669,69.01958333333343,device_04
2025-11-13 10:58:44.965882,0.0,57.43733333333332,67.83783333333339,device_02
2025-11-13 10:59:24.417535,0.0,58.63691666666669,69.0362500000001,device_04
2025-11-13 10:59:45.12679,0.0,57.430666666666646,67.82908333333339,device_02
2025-11-13 11:00:24.248703,0.0,58.60225000000003,69.00600000000007,device_04
2025-11-13 11:00:44.961096,0.0,57.388333333333314,67.70691666666671,device_02
2025-11-13 11:01:24.258014,0.0,58.60600000000004,69.00600000000009,device_04
2025-11-13 11:01:44.868617,0.0,57.38583333333331,67.69358333333338,device_02
2025-11-13 11:02:06.031835,0.0,58.502666666666656,68.5845833333334,device_01
2025-11-13 11:02:24.278033,0.0,58.61850000000004,69.02266666666674,device_04
2025-11-13 11:02:45.215548,0.0,57.36874999999997,67.69358333333338,device_02
2025-11-13 11:03:05.392007,0.0,58.53933333333332,68.66441666666675,device_01
2025-11-13 11:03:24.298275,0.0,58.62516666666671,69.02266666666675,device_04
2025-11-13 11:03:44.913795,0.0,57.388333333333314,67.70691666666671,device_02
2025-11-13 11:04:05.448314,0.0,58.53724999999999,68.65608333333341,device_01
2025-11-13 11:04:24.852473,0.0,58.62225000000003,69.02266666666675,device_04
2025-11-13 11:04:44.994879,0.0,57.36541666666664,67.69358333333338,device_02
2025-11-13 11:05:05.269927,0.0,58.5035,68.57291666666674,device_01
2025-11-13 11:05:24.49488,0.0,58.61850000000003,69.02266666666675,device_04
2025-11-13 11:05:44.892213,0.0,57.388333333333314,67.71275000000006,device_02
2025-11-13 11:06:05.061783,0.0,58.215166666666654,68.06700000000008,device_01
2025-11-13 11:06:24.811293,0.0,58.61850000000003,69.02266666666675,device_04
2025-11-13 11:06:44.866218,0.0,57.39458333333332,67.71275000000006,device_02
2025-11-13 11:07:05.131174,0.0,58.166416666666656,68.0163333333334,device_01
2025-11-13 11:07:24.30151,0.0,58.61850000000003,69.02266666666675,device_04
2025-11-13 11:07:44.84335,0.0,57.4020833333333,67.72650000000006,device_02
2025-11-13 11:08:05.198298,0.0,58.070999999999984,68.03016666666676,device_01
2025-11-13 11:08:24.256322,0.0,58.62516666666671,69.02266666666674,device_04
2025-11-13 11:08:45.040603,0.0,57.4020833333333,67.72066666666672,device_02
2025-11-13 11:09:05.10936,0.0,58.01933333333332,68.02933333333343,device_01
2025-11-13 11:09:24.494413,0.0,58.62516666666669,69.02266666666674,device_04
2025-11-13 11:09:45.027182,0.0,57.37458333333329,67.73191666666672,device_02
2025-11-13 11:10:05.413132,0.0,58.023083333333325,67.93850000000009,device_01
2025-11-13 11:10:24.324256,0.0,58.6251666666667,69.02266666666677,device_04
2025-11-13 11:10:44.87102,0.0,57.382916666666624,67.72858333333338,device_02
2025-11-13 11:11:05.229434,0.0,58.02308333333333,67.94391666666675,device_01
2025-11-13 11:11:24.90451,0.0,58.6251666666667,69.02266666666675,device_04
2025-11-13 11:11:44.966932,0.0,57.4020833333333,67.72650000000004,device_02
2025-11-13 11:12:05.537209,0.0,58.023083333333325,67.93391666666673,device_01
2025-11-13 11:12:24.358039,0.0,58.62516666666669,69.02266666666675,device_04
2025-11-13 11:12:44.887961,0.0,57.382916666666624,67.73358333333337,device_02
2025-11-13 11:13:05.167833,0.0,58.02808333333333,67.93391666666673,device_01
2025-11-13 11:13:24.833436,0.0,58.63641666666669,69.02016666666675,device_04
2025-11-13 11:13:44.938201,0.0,57.374583333333305,67.73191666666672,device_02
2025-11-13 11:14:05.339312,0.0,58.023083333333325,67.94391666666675,device_01
2025-11-13 11:14:24.245925,0.0,58.6364166666667,69.02016666666674,device_04
2025-11-13 11:14:44.901865,0.0,57.3295833333333,67.66991666666671,device_02
2025-11-13 11:15:05.737489,0.0,58.023083333333325,67.94391666666675,device_01
2025-11-13 11:15:45.550747,0.0,57.39041666666663,67.68175000000004,device_02
2025-11-13 11:16:05.497525,0.0,58.023083333333325,67.93391666666673,device_01
2025-11-13 11:16:45.009615,0.0,57.38291666666663,67.72858333333338,device_02
2025-11-13 11:17:05.173419,0.0,58.023083333333325,67.93100000000007,device_01
2025-11-13 11:17:44.843749,0.0,57.38291666666663,67.73358333333337,device_02
2025-11-13 11:18:05.589216,0.0,61.19541666666667,70.15899999999996,device_01
2025-11-13 11:18:44.963333,0.0,57.3995833333333,67.72608333333338,device_02
2025-11-13 11:19:05.245608,0.0,61.24125,70.12566666666663,device_01
2025-11-13 11:19:44.994807,0.0,57.3995833333333,67.7319166666667,device_02
2025-11-13 11:20:05.727966,0.0,58.02308333333332,67.94266666666675,device_01
2025-11-13 11:20:45.080731,0.0,57.3920833333333,67.73191666666672,device_02
2025-11-13 11:21:05.32501,0.0,58.02808333333333,68.00225000000007,device_01
2025-11-13 11:21:44.781555,0.0,57.3920833333333,67.73191666666672,device_02
2025-11-13 11:22:05.596271,0.0,58.02808333333333,68.00225000000007,device_01
2025-11-13 11:22:44.833164,0.0,57.38291666666663,67.68175000000005,device_02
2025-11-13 11:23:05.242987,0.0,58.023083333333325,67.94266666666675,device_01
2025-11-13 11:23:44.973748,0.0,57.39041666666663,67.68175000000005,device_02
2025-11-13 11:24:05.795017,0.0,58.023083333333325,67.94266666666675,device_01
2025-11-13 11:24:45.607077,0.0,57.382916666666624,67.68175000000005,device_02
2025-11-13 11:25:05.175051,0.0,58.02808333333333,67.99225000000007,device_01
2025-11-13 11:26:05.685675,0.0,58.046416666666666,68.00225000000007,device_01
2025-11-13 11:27:05.793982,0.0,58.071,68.03516666666674,device_01
2025-11-13 11:28:05.027861,0.0,58.071,68.03516666666675,device_01
2025-11-13 11:29:05.311822,0.0,58.071,68.03516666666675,device_01
2025-11-13 11:30:05.784196,0.0,60.787083333333385,69.62450000000001,device_01
2025-11-13 11:30:44.817521,0.0,57.3958333333333,67.69941666666672,device_02
2025-11-13 11:31:05.059041,0.0,58.070999999999984,68.03516666666674,device_01
2025-11-13 11:31:45.491511,0.0,57.3558333333333,67.6699166666667,device_02
2025-11-13 11:32:06.724316,0.0,58.071000000000005,68.03516666666674,device_01
2025-11-13 11:32:44.78934,0.0,57.32583333333329,67.66991666666671,device_02
2025-11-13 11:33:05.057958,0.0,58.071,68.03516666666675,device_01
2025-11-13 11:33:45.46242,0.0,57.33333333333329,67.66991666666671,device_02
2025-11-13 11:34:05.417727,0.0,58.071,68.03516666666675,device_01
2025-11-13 11:34:44.781802,0.0,57.33416666666663,67.69075000000002,device_02
2025-11-13 11:35:05.267807,0.0,58.071,68.03516666666675,device_01
2025-11-13 11:35:44.924464,0.0,57.33416666666663,67.69075000000004,device_02
2025-11-13 11:36:05.304185,0.0,58.1685,68.02316666666674,device_01
2025-11-13 11:36:44.861835,0.0,57.33416666666663,67.6949166666667,device_02
2025-11-13 11:37:04.996399,0.0,58.071,68.03516666666675,device_01
2025-11-13 11:37:45.001467,0.0,57.39624999999997,67.6949166666667,device_02
2025-11-13 11:38:05.627698,0.0,58.1685,68.02175000000007,device_01
2025-11-13 11:38:44.787515,0.0,57.36916666666664,67.70075000000003,device_02
2025-11-13 11:39:05.640086,0.0,58.1685,68.02175000000007,device_01
2025-11-13 11:39:44.758047,0.0,58.926166666666674,68.9191666666667,device_02
2025-11-13 11:40:05.073923,0.0,58.071,68.03516666666675,device_01
2025-11-13 11:40:44.78675,0.0,57.37666666666664,67.69491666666671,device_02
2025-11-13 11:41:05.085349,0.0,58.1685,68.02641666666676,device_01
2025-11-13 11:41:44.973331,0.0,57.37291666666664,67.68908333333337,device_02
2025-11-13 11:42:05.338566,0.0,58.071,68.03516666666674,device_01
2025-11-13 11:42:44.982888,0.0,57.37291666666663,67.69783333333338,device_02
2025-11-13 11:43:44.787942,0.0,57.39624999999997,67.6949166666667,device_02
2025-11-13 11:44:45.339929,0.0,57.39999999999996,67.69200000000004,device_02
2025-11-13 11:45:45.003661,0.0,59.89725000000004,69.05000000000003,device_02
2025-11-13 11:46:45.353192,0.0,57.39624999999997,67.6949166666667,device_02
2025-11-13 11:47:45.097717,0.0,57.39624999999997,67.6949166666667,device_02
2025-11-13 11:48:05.023751,0.0,58.21724999999999,68.0753333333334,device_01
2025-11-13 11:48:45.432859,0.0,57.39999999999997,67.69200000000004,device_02
2025-11-13 11:49:05.528942,0.0,58.071,68.03516666666674,device_01
2025-11-13 11:49:44.763086,0.0,57.39624999999997,67.6949166666667,device_02
2025-11-13 11:50:05.100562,0.0,58.070999999999984,68.03516666666677,device_01
2025-11-13 11:50:45.121093,0.0,57.39624999999997,67.6949166666667,device_02
2025-11-13 11:51:06.38515,0.0,58.071,68.03516666666674,device_01
2025-11-13 11:51:44.779666,0.0,60.19416666666672,69.2671666666667,device_02
2025-11-13 11:52:05.279804,0.0,58.071,68.03516666666675,device_01
2025-11-13 11:52:44.861961,0.0,57.37291666666663,67.69783333333338,device_02
2025-11-13 11:53:05.224738,0.0,58.071,68.03516666666674,device_01
2025-11-13 11:53:44.983686,0.0,57.37291666666664,67.69908333333338,device_02
2025-11-13 11:54:05.034769,0.0,58.071,68.03516666666675,device_01
2025-11-13 11:54:44.861176,0.0,57.37291666666664,67.69908333333338,device_02
2025-11-13 11:55:04.994085,0.0,58.071,68.03516666666675,device_01
2025-11-13 11:55:45.44332,0.0,57.37291666666664,67.69908333333338,device_02
2025-11-13 11:56:05.040498,0.0,58.071,68.03516666666674,device_01
2025-11-13 11:56:44.834316,0.0,57.39999999999996,67.69325000000005,device_02
2025-11-13 11:57:05.703718,0.0,58.071,68.03191666666675,device_01
2025-11-13 11:57:45.406816,0.0,57.37666666666664,67.6949166666667,device_02
2025-11-13 11:58:05.02134,0.0,58.071,68.03191666666675,device_01
2025-11-13 11:58:44.898977,0.0,57.38499999999997,67.69491666666671,device_02
2025-11-13 11:59:05.234936,0.0,58.071,68.03516666666674,device_01
2025-11-13 11:59:44.81816,0.0,57.37291666666664,67.68908333333337,device_02
2025-11-13 12:00:05.018077,0.0,58.05416666666667,68.5183333333334,device_01
2025-11-13 12:00:44.779248,0.0,57.447499999999984,68.04283333333338,device_02
2025-11-13 12:01:05.198812,0.0,58.05416666666665,68.5183333333334,device_01
2025-11-13 12:01:44.82392,0.0,57.447499999999984,68.04283333333338,device_02
2025-11-13 12:02:05.611016,0.0,58.05416666666666,68.5183333333334,device_01
2025-11-13 12:02:44.823706,0.0,57.44749999999999,68.04283333333338,device_02
2025-11-13 12:03:05.392256,0.0,58.05416666666666,68.5183333333334,device_01
2025-11-13 12:03:44.854527,0.0,57.44749999999999,68.04283333333338,device_02
2025-11-13 12:04:05.171433,0.0,58.05416666666666,68.51833333333342,device_01
2025-11-13 12:04:46.393646,0.0,57.42249999999999,68.04866666666672,device_02
2025-11-13 12:05:05.264449,0.0,58.15166666666666,68.5063333333334,device_01
2025-11-13 12:05:44.875652,0.0,57.41749999999998,68.05575000000006,device_02
2025-11-13 12:06:05.17186,0.0,58.15166666666666,68.5063333333334,device_01
2025-11-13 12:06:44.980219,0.0,57.42249999999999,68.04991666666672,device_02
2025-11-13 12:07:05.66462,0.0,58.15166666666665,68.50633333333339,device_01
2025-11-13 12:07:45.027885,0.0,57.42624999999998,68.04700000000007,device_02
2025-11-13 12:08:05.022879,0.0,58.15166666666666,68.5063333333334,device_01
2025-11-13 12:08:44.822812,0.0,57.43124999999999,68.04116666666673,device_02
2025-11-13 12:09:05.229687,0.0,58.15166666666666,68.5063333333334,device_01
2025-11-13 12:09:45.03089,0.0,57.42291666666666,68.04700000000007,device_02
2025-11-13 12:10:04.998992,0.0,58.15166666666666,68.5063333333334,device_01
2025-11-13 12:10:44.813017,0.0,57.43124999999999,68.04116666666673,device_02
2025-11-13 12:11:05.03836,0.0,58.15166666666666,68.5063333333334,device_01
2025-11-13 12:11:45.607606,0.0,57.431249999999984,68.04116666666673,device_02
2025-11-13 12:12:05.447221,0.0,58.15166666666667,68.5053333333334,device_01
2025-11-13 12:12:44.764917,0.0,57.42291666666665,68.04700000000007,device_02
2025-11-13 12:13:04.976722,0.0,58.15166666666665,68.5053333333334,device_01
2025-11-13 12:13:44.907927,0.0,60.69625,69.72883333333336,device_02
2025-11-13 12:14:05.670423,0.0,58.15166666666666,68.5053333333334,device_01
2025-11-13 12:14:45.086823,0.0,57.43124999999999,68.04116666666673,device_02
2025-11-13 12:15:05.040433,0.0,58.15166666666666,68.50633333333339,device_01
2025-11-13 12:15:44.938139,0.0,57.43958333333331,68.04116666666673,device_02
2025-11-13 12:16:05.087547,0.0,58.200416666666655,68.55366666666673,device_01
2025-11-13 12:16:44.806124,0.0,57.447499999999984,68.04408333333339,device_02
2025-11-13 12:17:04.973049,0.0,58.15166666666666,68.5053333333334,device_01
2025-11-13 12:17:45.303039,0.0,57.4225,68.04116666666673,device_02
2025-11-13 12:18:05.789412,0.0,58.20041666666666,68.55366666666671,device_01
2025-11-13 12:18:44.924747,0.0,57.42249999999999,68.04991666666672,device_02
2025-11-13 12:19:05.202021,0.0,60.49858333333336,69.6805,device_01
2025-11-13 12:19:44.817781,0.0,57.44749999999999,68.04283333333338,device_02
2025-11-13 12:20:05.351555,0.0,58.20041666666666,68.55366666666673,device_01
2025-11-13 12:20:44.859238,0.0,57.44749999999999,68.0440833333334,device_02
2025-11-13 12:21:05.16748,0.0,58.20041666666666,68.55366666666673,device_01
2025-11-13 12:21:44.765792,0.0,57.42249999999999,68.04991666666672,device_02
2025-11-13 12:22:05.591331,0.0,58.15166666666666,68.5053333333334,device_01
2025-11-13 12:22:44.948913,0.0,57.42249999999999,68.04116666666673,device_02
2025-11-13 12:23:05.150947,0.0,58.20041666666666,68.55366666666673,device_01
2025-11-13 12:23:44.887039,0.0,57.45624999999999,68.03533333333338,device_02
2025-11-13 12:24:45.513626,0.0,57.42291666666665,68.04700000000007,device_02
2025-11-13 12:30:45.019074,0.0,57.44749999999999,68.04283333333338,device_02
2025-11-13 12:31:44.811309,0.0,57.43125,68.04116666666673,device_02
2025-11-13 12:32:44.980766,0.0,57.43958333333331,68.04116666666673,device_02
2025-11-13 12:33:45.470622,0.0,57.45624999999999,68.0353333333334,device_02
2025-11-13 12:34:45.084439,0.0,57.43958333333333,68.04116666666673,device_02
2025-11-13 12:35:45.413299,0.0,57.42791666666666,68.04116666666673,device_02
2025-11-13 12:36:45.464736,0.0,57.43458333333332,68.04700000000007,device_02
2025-11-13 12:37:44.914217,0.0,57.43958333333333,68.04116666666673,device_02
2025-11-13 12:38:44.908217,0.0,57.43958333333333,68.04116666666673,device_02
2025-11-13 12:39:44.891438,0.0,57.42874999999998,68.04950000000007,device_02
2025-11-13 12:40:45.539878,0.0,57.43958333333333,68.04700000000007,device_02
2025-11-13 12:41:44.881493,0.0,57.43458333333332,68.04700000000007,device_02
2025-11-13 12:42:45.628287,0.0,57.43458333333332,68.04700000000004,device_02
2025-11-13 12:43:44.931979,0.0,57.46791666666666,68.03533333333338,device_02
2025-11-13 12:44:44.924489,0.0,57.48708333333333,68.04366666666674,device_02
2025-11-13 12:45:44.846637,0.0,57.47291666666665,68.03783333333337,device_02
2025-11-13 12:46:45.001814,0.0,57.44458333333332,68.04116666666673,device_02
2025-11-13 12:47:44.890749,0.0,57.45624999999999,68.03533333333338,device_02
2025-11-13 12:48:45.987468,0.0,57.46791666666665,68.03533333333338,device_02
2025-11-13 12:49:45.533502,0.0,57.43958333333333,68.04116666666673,device_02
2025-11-13 12:50:45.379703,0.0,57.43458333333332,68.04700000000007,device_02
2025-11-13 12:51:45.54261,0.0,57.48208333333332,68.04950000000007,device_02
2025-11-13 12:52:45.037493,0.0,57.43958333333333,68.04116666666673,device_02
2025-11-13 12:53:45.478403,0.0,57.44458333333332,68.04116666666673,device_02
2025-11-13 12:54:45.612761,0.0,57.42875,68.04950000000007,device_02
2025-11-13 12:55:45.161632,0.0,57.43958333333333,68.04700000000007,device_02
2025-11-13 12:56:44.851565,0.0,57.48208333333332,68.04950000000007,device_02
2025-11-13 12:57:44.887248,0.0,59.59933333333337,69.00000000000004,device_02
2025-11-13 12:58:44.852146,0.0,59.77625000000003,68.99000000000005,device_02
2025-11-13 12:59:45.10797,0.0,57.482083333333314,68.04950000000007,device_02
2025-11-13 13:00:45.123303,0.0,57.51541666666665,68.03783333333338,device_02
2025-11-13 13:01:45.575795,0.0,57.47291666666665,68.03533333333338,device_02
2025-11-13 13:02:44.925884,0.0,57.43458333333332,68.04700000000007,device_02
2025-11-13 13:03:45.652984,0.0,57.43458333333333,68.04700000000005,device_02
2025-11-13 13:04:44.924175,0.0,57.4820833333333,68.04950000000007,device_02
2025-11-13 13:05:45.608638,0.0,57.48208333333332,68.04950000000007,device_02
2025-11-13 13:06:45.378125,0.0,57.50833333333332,68.04950000000007,device_02
2025-11-13 13:07:45.652491,0.0,57.50833333333331,68.04950000000007,device_02
2025-11-13 13:08:45.480633,0.0,57.50833333333331,68.04950000000007,device_02
2025-11-13 13:09:44.993337,0.0,59.924583333333366,69.22633333333337,device_02
2025-11-13 13:10:44.819839,0.0,57.482083333333314,68.04950000000007,device_02
2025-11-13 13:11:44.783149,0.0,57.50333333333332,68.02200000000008,device_02
2025-11-13 13:12:44.830072,0.0,57.50833333333332,68.04533333333339,device_02
2025-11-13 13:13:45.881214,0.0,57.50833333333331,68.04533333333339,device_02
2025-11-13 13:14:45.155861,0.0,57.50333333333331,68.02200000000008,device_02
2025-11-13 13:15:45.067607,0.0,57.50333333333331,68.02200000000008,device_02
2025-11-13 13:16:44.964092,0.0,57.482083333333314,68.0453333333334,device_02
2025-11-13 13:17:45.606126,0.0,57.48208333333332,68.0453333333334,device_02
2025-11-13 13:18:45.014824,0.0,57.50333333333332,68.02200000000008,device_02
2025-11-13 13:19:45.222269,0.0,57.47708333333332,68.02200000000008,device_02
2025-11-13 13:20:44.972333,0.0,57.43458333333332,68.02200000000008,device_02
2025-11-13 13:21:44.982376,0.0,57.42958333333332,68.01950000000006,device_02
2025-11-13 13:22:45.092144,0.0,57.4125,68.01950000000006,device_02
2025-11-13 13:23:46.041965,0.0,57.4125,68.02700000000007,device_02
2025-11-13 13:24:44.99419,0.0,57.35124999999998,68.0340833333334,device_02
2025-11-13 13:30:44.792641,0.0,57.35124999999998,68.02991666666672,device_02
2025-11-13 13:31:44.970272,0.0,57.40874999999998,68.03450000000007,device_02
2025-11-13 13:32:45.295614,0.0,57.40874999999999,68.02991666666674,device_02
2025-11-13 13:33:45.398659,0.0,57.35124999999998,68.02991666666674,device_02
2025-11-13 13:34:44.814777,0.0,57.35124999999998,68.01825000000007,device_02
2025-11-13 13:35:44.938588,0.0,57.34749999999998,68.00825000000007,device_02
2025-11-13 13:36:44.867236,0.0,57.35124999999998,68.00075000000007,device_02
2025-11-13 13:37:44.781732,0.0,57.40041666666665,68.07258333333341,device_02
2025-11-13 13:38:44.8839,0.0,57.39208333333331,68.07716666666674,device_02
2025-11-13 13:39:44.866401,0.0,57.39208333333331,68.07258333333341,device_02
2025-11-13 13:40:44.824466,0.0,57.41041666666665,68.07091666666675,device_02
2025-11-13 13:41:45.116633,0.0,57.39208333333331,68.07216666666675,device_02
2025-11-13 13:42:44.842124,0.0,57.38374999999997,68.07050000000008,device_02
2025-11-13 13:43:45.569518,0.0,57.41666666666665,68.07591666666676,device_02
2025-11-13 13:44:44.909419,0.0,57.404166666666654,68.0705000000001,device_02
2025-11-13 13:45:45.489445,0.0,57.396666666666654,68.05091666666675,device_02
2025-11-13 13:46:44.822974,0.0,57.37958333333332,68.07008333333341,device_02
2025-11-13 13:47:45.437161,0.0,57.38958333333331,68.07008333333341,device_02
2025-11-13 13:48:44.776156,0.0,57.40166666666665,68.07425000000008,device_02
2025-11-13 13:49:45.032903,0.0,57.38958333333332,68.0700833333334,device_02
2025-11-13 13:50:44.768354,0.0,57.41666666666665,68.07425000000008,device_02
2025-11-13 13:51:44.998301,0.0,57.404166666666654,68.07050000000008,device_02
2025-11-13 13:52:44.754623,0.0,57.40874999999999,68.07925000000009,device_02
2025-11-13 13:53:45.620545,0.0,57.41041666666665,68.07050000000008,device_02
2025-11-13 13:54:45.136372,0.0,57.40874999999999,68.07466666666674,device_02
2025-11-13 13:55:47.148802,0.0,57.40166666666665,68.08008333333342,device_02
2025-11-13 13:56:45.140797,0.0,57.39666666666666,68.06133333333341,device_02
2025-11-13 13:57:44.782659,0.0,57.40166666666665,68.07008333333341,device_02
2025-11-13 13:58:45.394988,0.0,60.000416666666695,69.67591666666667,device_02
2025-11-13 13:59:45.843601,0.0,57.38208333333332,68.08008333333342,device_02
2025-11-13 14:00:44.847998,0.0,57.399166666666645,68.07008333333341,device_02
2025-11-13 14:01:44.921555,0.0,57.37874999999999,68.07425000000008,device_02
2025-11-13 14:02:44.857038,0.0,57.38208333333332,68.07008333333343,device_02
2025-11-13 14:03:44.943318,0.0,57.40166666666664,68.08008333333342,device_02
2025-11-13 14:04:44.817526,0.0,60.61708333333335,69.758,device_02
2025-11-13 14:05:44.954052,0.0,57.40791666666665,68.07591666666674,device_02
2025-11-13 14:06:44.80882,0.0,57.40041666666664,68.01991666666675,device_02
2025-11-13 14:07:44.799648,0.0,57.35249999999997,68.02700000000006,device_02
2025-11-13 14:08:44.819554,0.0,57.35624999999998,68.02408333333341,device_02
2025-11-13 14:09:44.77497,0.0,57.35124999999998,68.03450000000007,device_02
2025-11-13 14:10:45.015453,0.0,60.64875,69.55091666666667,device_02
2025-11-13 14:11:44.787935,0.0,57.41249999999998,68.02825000000006,device_02
2025-11-13 14:12:44.972995,0.0,57.42124999999998,68.02825000000007,device_02
2025-11-13 14:13:44.818885,0.0,57.41749999999998,68.0515833333334,device_02
2025-11-13 14:14:44.857481,0.0,57.41791666666665,68.01950000000006,device_02
2025-11-13 14:15:44.93417,0.0,57.42624999999999,68.0428333333334,device_02
2025-11-13 14:16:44.84058,0.0,57.42958333333332,68.02366666666673,device_02
2025-11-13 14:17:44.831403,0.0,57.42958333333332,68.01950000000006,device_02
2025-11-13 14:18:45.147984,0.0,57.42958333333333,68.01950000000006,device_02
2025-11-13 14:19:44.776905,0.0,57.47708333333331,68.02200000000008,device_02
2025-11-13 14:20:44.964185,0.0,57.47708333333332,68.02200000000008,device_02
2025-11-13 14:21:44.879322,0.0,57.47708333333332,68.02616666666673,device_02
2025-11-13 14:22:44.80069,0.0,57.50333333333331,68.02616666666673,device_02
2025-11-13 14:23:45.459236,0.0,57.50333333333331,68.02200000000008,device_02
2025-11-13 14:24:44.948034,0.0,57.50333333333332,68.02200000000008,device_02
2025-11-13 14:30:44.772359,0.0,57.20166666666663,67.77250000000005,device_02
2025-11-13 14:31:45.424475,0.0,56.940833333333295,67.76541666666672,device_02
2025-11-13 14:32:45.311538,0.0,56.94083333333327,67.76166666666673,device_02
2025-11-13 14:33:44.809274,0.0,57.15541666666663,67.79750000000007,device_02
2025-11-13 14:34:45.058713,0.0,56.93833333333328,67.75791666666673,device_02
2025-11-13 14:35:44.965043,0.0,57.201249999999966,67.78250000000007,device_02
2025-11-13 14:36:44.798782,0.0,57.16874999999997,67.79291666666673,device_02
2025-11-13 14:37:44.782041,0.0,60.60624999999999,69.49125,device_02
2025-11-13 14:38:44.869648,0.0,57.34583333333331,68.0075833333334,device_02
2025-11-13 14:39:45.022705,0.0,57.34583333333331,68.01091666666673,device_02
2025-11-13 14:40:44.833819,0.0,57.33541666666665,68.01341666666674,device_02
2025-11-13 14:41:44.777417,0.0,57.160833333333294,67.7870833333334,device_02
2025-11-13 14:42:44.873278,0.0,56.90583333333328,67.76208333333338,device_02
2025-11-13 14:43:44.795258,0.0,57.33249999999998,68.01091666666673,device_02
2025-11-13 14:44:44.942541,0.0,57.08999999999996,67.79791666666672,device_02
2025-11-13 14:45:44.941635,0.0,57.089999999999954,67.79791666666672,device_02
2025-11-13 14:46:44.909708,0.0,57.101666666666624,67.79875000000004,device_02
2025-11-13 14:47:45.085463,0.0,57.101666666666624,67.79833333333339,device_02
2025-11-13 14:48:44.852769,0.0,56.90874999999996,67.75666666666673,device_02
2025-11-13 14:49:44.894853,0.0,57.10166666666663,67.79875000000006,device_02
2025-11-13 14:50:44.908496,0.0,57.33583333333332,68.0075833333334,device_02
2025-11-13 14:51:44.839797,0.0,56.92166666666662,67.75791666666672,device_02
2025-11-13 14:52:44.869717,0.0,56.91416666666662,67.75791666666673,device_02
2025-11-13 14:53:44.911993,0.0,56.95916666666663,67.7558333333334,device_02
2025-11-13 14:54:44.985408,0.0,57.2983333333333,68.39666666666665,device_02
2025-11-13 14:55:45.037262,0.0,57.12041666666664,67.79375000000006,device_02
2025-11-13 14:56:44.86293,0.0,57.11791666666663,67.79875000000004,device_02
2025-11-13 14:57:44.853533,0.0,57.34583333333333,68.01341666666673,device_02
2025-11-13 14:58:45.063556,0.0,57.34833333333332,68.0088333333334,device_02
2025-11-13 14:59:44.958759,0.0,57.34083333333332,68.0088333333334,device_02
2025-11-13 15:00:45.88659,0.0,56.914166666666624,67.75791666666673,device_02
2025-11-13 15:01:45.097103,0.0,57.1695833333333,67.79583333333339,device_02
2025-11-13 15:02:45.017835,0.0,57.15541666666663,67.79958333333339,device_02
2025-11-13 15:03:45.158444,0.0,57.15541666666663,67.79750000000007,device_02
2025-11-13 15:04:44.844134,0.0,57.15541666666663,67.79750000000007,device_02
2025-11-13 15:05:44.872609,0.0,57.154999999999966,67.79375000000006,device_02
2025-11-13 15:06:44.854094,0.0,56.93874999999994,67.76375000000006,device_02
2025-11-13 15:07:45.268657,0.0,57.15499999999997,67.79375000000006,device_02
2025-11-13 15:08:44.91741,0.0,56.955416666666615,67.76583333333339,device_02
2025-11-13 15:09:45.064253,0.0,57.15541666666663,67.79958333333339,device_02
2025-11-13 15:10:45.257221,0.0,57.20166666666663,67.78625000000007,device_02
2025-11-13 15:11:44.925438,0.0,57.15541666666663,67.7995833333334,device_02
2025-11-13 15:12:45.516992,0.0,57.34874999999999,68.01091666666673,device_02
2025-11-13 15:13:44.865039,0.0,57.15541666666663,67.79958333333339,device_02
2025-11-13 15:14:45.234938,0.0,56.94083333333329,67.75208333333339,device_02
2025-11-13 15:15:45.085967,0.0,57.15541666666663,67.79750000000007,device_02
2025-11-13 15:16:45.036805,0.0,57.21624999999997,68.20958333333338,device_02
2025-11-13 15:17:45.493102,0.0,57.60291666666666,68.46575000000007,device_02
2025-11-13 15:18:45.008218,0.0,57.50333333333332,68.02616666666674,device_02
2025-11-13 15:19:45.517833,0.0,57.50333333333332,68.02616666666674,device_02
2025-11-13 15:20:44.793091,0.0,57.50333333333331,68.02616666666673,device_02
2025-11-13 15:21:45.404331,0.0,57.50333333333331,68.0303333333334,device_02
2025-11-13 15:22:44.774409,0.0,57.50333333333331,68.02616666666673,device_02
2025-11-13 15:23:45.304937,0.0,57.50333333333332,68.02616666666673,device_02
2025-11-13 15:24:45.689686,0.0,57.50333333333331,68.02616666666674,device_02
2025-11-13 15:30:44.913143,0.0,57.47708333333333,68.0203333333334,device_02
2025-11-13 15:31:45.345701,0.0,57.50333333333331,68.02616666666673,device_02
2025-11-13 15:32:44.754398,0.0,57.50333333333331,68.0303333333334,device_02
2025-11-13 15:33:44.934491,0.0,57.76249999999998,68.45916666666672,device_02
2025-11-13 15:34:44.754231,0.0,57.50333333333331,68.02616666666675,device_02
2025-11-13 15:35:45.03809,0.0,57.50333333333331,68.02616666666674,device_02
2025-11-13 15:36:45.065937,0.0,57.50333333333332,68.02616666666674,device_02
2025-11-13 15:37:44.772933,0.0,57.50333333333332,68.02616666666674,device_02
2025-11-13 15:38:44.861636,0.0,57.50333333333331,68.02616666666674,device_02
2025-11-13 15:39:44.937336,0.0,57.50333333333331,68.02616666666674,device_02
2025-11-13 15:40:45.036265,0.0,57.50333333333331,68.02616666666674,device_02
2025-11-13 15:41:44.871414,0.0,57.50333333333332,68.02616666666674,device_02
2025-11-13 15:42:45.424449,0.0,57.50333333333331,68.02616666666673,device_02
2025-11-13 15:43:45.92031,0.0,57.50333333333331,68.02616666666674,device_02
2025-11-13 15:44:45.432066,0.0,57.50333333333331,68.02616666666675,device_02
2025-11-13 15:45:45.731266,0.0,57.50333333333332,68.0203333333334,device_02
2025-11-13 15:46:44.764329,0.0,57.50333333333331,68.0203333333334,device_02
2025-11-13 15:47:45.010141,0.0,57.50333333333331,68.0203333333334,device_02
2025-11-13 15:48:44.783647,0.0,57.50333333333332,68.02450000000007,device_02
2025-11-13 15:49:44.894329,0.0,57.50333333333331,68.02616666666674,device_02
2025-11-13 15:50:45.619106,0.0,57.50333333333332,68.02450000000007,device_02
2025-11-13 15:51:44.761364,0.0,57.50333333333331,68.02033333333341,device_02
2025-11-13 15:52:44.79085,0.0,57.50333333333331,68.02616666666674,device_02
2025-11-13 15:53:44.969143,0.0,57.50333333333332,68.03033333333342,device_02
2025-11-13 15:54:44.884733,0.0,57.50333333333331,68.02616666666674,device_02
2025-11-13 15:55:45.534535,0.0,57.50333333333332,68.02616666666675,device_02
2025-11-13 15:56:44.890924,0.0,57.50333333333332,68.02616666666674,device_02
2025-11-13 15:57:45.532215,0.0,57.50333333333332,68.02450000000007,device_02
2025-11-13 15:58:44.75886,0.0,57.50333333333332,68.02616666666674,device_02
2025-11-13 15:59:44.997403,0.0,57.50333333333331,68.02616666666674,device_02
2025-11-13 16:00:44.907218,0.0,57.50333333333332,68.0203333333334,device_02
2025-11-13 16:01:44.792884,0.0,57.50333333333332,68.0203333333334,device_02
2025-11-13 16:02:44.846795,0.0,57.50333333333332,68.02616666666674,device_02
2025-11-13 16:03:45.019364,0.0,57.50333333333331,68.0203333333334,device_02
2025-11-13 16:04:44.859901,0.0,57.50333333333331,68.02033333333341,device_02
2025-11-13 16:05:45.102343,0.0,57.50333333333331,68.02450000000007,device_02
2025-11-13 16:06:44.780789,0.0,57.50333333333331,68.02033333333341,device_02
2025-11-13 16:07:45.188167,0.0,57.50333333333331,68.02616666666674,device_02
2025-11-13 16:08:45.337526,0.0,57.50333333333332,68.02616666666674,device_02
2025-11-13 16:09:44.780009,0.0,57.50333333333331,68.02616666666674,device_02
2025-11-13 16:10:45.472566,0.0,57.50333333333331,68.02616666666674,device_02
2025-11-13 16:11:44.792098,0.0,57.50333333333331,68.02616666666674,device_02
2025-11-13 16:12:45.686416,0.0,57.50333333333331,68.0203333333334,device_02
2025-11-13 16:13:44.771804,0.0,57.50333333333332,68.02616666666674,device_02
2025-11-13 16:14:44.807341,0.0,57.50333333333332,68.02616666666674,device_02
2025-11-13 16:15:45.395244,0.0,57.50333333333331,68.02033333333341,device_02
2025-11-13 16:16:45.398958,0.0,57.50333333333331,68.02616666666674,device_02
2025-11-13 16:17:45.447969,0.0,57.7358333333333,68.61033333333336,device_02
2025-11-13 16:18:44.761134,0.0,57.50333333333331,68.03033333333342,device_02
2025-11-13 16:19:44.838179,0.0,57.50333333333332,68.02616666666673,device_02
2025-11-13 16:20:44.861746,0.0,57.50333333333332,68.03575000000006,device_02
2025-11-13 16:21:45.094173,0.0,57.50333333333331,68.02616666666674,device_02
2025-11-13 16:22:44.993014,0.0,57.50333333333332,68.03991666666674,device_02
2025-11-13 16:23:45.40291,0.0,57.64024999999999,68.58741666666666,device_02
2025-11-13 16:24:44.947449,0.0,57.45374999999997,68.02616666666674,device_02
2025-11-13 16:30:45.401882,0.0,57.47708333333332,68.0203333333334,device_02
2025-11-13 16:31:44.911623,0.0,57.50333333333331,68.02616666666674,device_02
2025-11-13 16:32:45.430342,0.0,57.50333333333332,68.02616666666673,device_02
2025-11-13 16:33:45.504696,0.0,57.50333333333332,68.02616666666675,device_02
2025-11-13 16:34:44.738,0.0,57.78416666666665,68.52083333333337,device_02
2025-11-13 16:35:45.833465,0.0,57.50333333333331,68.02616666666674,device_02
2025-11-13 16:36:44.842554,0.0,57.50333333333332,68.02616666666674,device_02
2025-11-13 16:37:44.783492,0.0,57.50333333333332,68.02616666666674,device_02
2025-11-13 16:38:44.848798,0.0,57.50333333333332,68.02616666666674,device_02
2025-11-13 16:39:44.871608,0.0,57.50333333333332,68.02616666666673,device_02
2025-11-13 16:40:44.749076,0.0,57.50333333333332,68.02616666666674,device_02
2025-11-13 16:41:45.345528,0.0,57.50333333333331,68.02825000000007,device_02
2025-11-13 16:42:46.534097,0.0,57.50333333333332,68.02616666666674,device_02
2025-11-13 16:43:44.892634,0.0,57.50333333333332,68.02616666666674,device_02
2025-11-13 16:44:44.750377,0.0,57.50333333333331,68.02616666666674,device_02
2025-11-13 16:45:44.744877,0.0,57.50333333333331,68.02616666666674,device_02
2025-11-13 16:46:47.813455,0.0,57.50333333333332,68.02616666666675,device_02
2025-11-13 16:47:45.114697,0.0,57.50333333333333,68.02616666666673,device_02
2025-11-13 16:48:44.84717,0.0,57.50333333333332,68.02616666666674,device_02
2025-11-13 16:49:45.319758,0.0,57.50333333333332,68.02616666666673,device_02
2025-11-13 16:50:44.777866,0.0,57.50333333333331,68.03575000000006,device_02
2025-11-13 16:51:44.77776,0.0,57.45374999999999,68.03575000000006,device_02
2025-11-13 16:52:44.813559,0.0,57.50333333333332,68.0303333333334,device_02
2025-11-13 16:53:44.761709,0.0,57.5033333333333,68.02616666666674,device_02
2025-11-13 16:54:44.956656,0.0,57.50333333333332,68.02616666666674,device_02
2025-11-13 16:55:46.001728,0.0,57.50333333333331,68.0378333333334,device_02
2025-11-13 16:56:44.805038,0.0,58.54166666666667,68.77641666666668,device_02
2025-11-13 16:57:45.723615,0.0,57.50333333333332,68.02616666666674,device_02
2025-11-13 16:58:44.884189,0.0,57.50333333333331,68.02616666666674,device_02
2025-11-13 16:59:45.127074,0.0,57.50333333333331,68.02616666666674,device_02
2025-11-13 17:00:44.883514,0.0,57.50333333333332,68.02616666666674,device_02
2025-11-13 17:01:44.815689,0.0,57.50333333333331,68.02616666666674,device_02
2025-11-13 17:02:45.145957,0.0,57.50333333333331,68.03033333333342,device_02
2025-11-13 17:03:45.425257,0.0,57.50333333333331,68.02616666666674,device_02
2025-11-13 17:04:45.29707,0.0,57.50333333333331,68.02616666666674,device_02
2025-11-13 17:05:44.92892,0.0,57.50333333333332,68.02616666666674,device_02
2025-11-13 17:06:45.06629,0.0,57.50333333333332,68.03575000000008,device_02
2025-11-13 17:07:44.952306,0.0,57.5033333333333,68.03575000000006,device_02
2025-11-13 17:08:44.756104,0.0,57.50333333333331,68.02616666666673,device_02
2025-11-13 17:09:45.542406,0.0,57.50333333333332,68.02616666666674,device_02
2025-11-13 17:10:44.727422,0.0,57.50333333333332,68.02616666666674,device_02
2025-11-13 17:11:45.390338,0.0,57.50333333333332,68.02616666666674,device_02
2025-11-13 17:12:44.773681,0.0,57.50333333333331,68.02616666666674,device_02
2025-11-13 17:13:45.00242,0.0,57.50333333333331,68.02616666666674,device_02
2025-11-13 17:14:45.047127,0.0,57.50333333333332,68.02616666666674,device_02
2025-11-13 17:15:45.333728,0.0,57.50333333333332,68.0303333333334,device_02
2025-11-13 17:16:44.906476,0.0,57.50333333333331,68.02616666666674,device_02
2025-11-13 17:17:44.985174,0.0,57.50333333333331,68.03991666666674,device_02
2025-11-13 17:18:44.772043,0.0,57.50333333333331,68.03575000000006,device_02
2025-11-13 17:19:44.777599,0.0,57.51749999999999,68.03991666666673,device_02
2025-11-13 17:20:44.966255,0.0,57.50333333333332,68.03575000000006,device_02
2025-11-13 17:21:44.919778,0.0,57.50333333333331,68.03575000000006,device_02
2025-11-13 17:22:44.831761,0.0,57.50333333333331,68.03575000000006,device_02
2025-11-13 17:23:44.777467,0.0,57.50333333333331,68.0378333333334,device_02
2025-11-13 17:24:45.342355,0.0,57.50291666666666,68.0378333333334,device_02
2025-11-13 17:30:45.135762,0.0,57.47708333333331,68.02200000000008,device_02
2025-11-13 17:31:44.765594,0.0,57.50333333333332,68.02616666666674,device_02
2025-11-13 17:32:44.959838,0.0,57.50333333333332,68.02616666666674,device_02
2025-11-13 17:33:44.808456,0.0,57.50333333333331,68.02616666666674,device_02
2025-11-13 17:34:45.381629,0.0,57.50333333333331,68.02616666666673,device_02
2025-11-13 17:35:44.796625,0.0,57.74624999999998,68.49541666666673,device_02
2025-11-13 17:36:45.030311,0.0,57.50333333333332,68.02033333333341,device_02
2025-11-13 17:37:44.81301,0.0,57.50333333333331,68.03575000000006,device_02
2025-11-13 17:38:45.70635,0.0,57.50333333333332,68.02616666666674,device_02
2025-11-13 17:39:45.529274,0.0,57.50333333333331,68.03575000000008,device_02
2025-11-13 17:40:44.793177,0.0,57.71791666666667,68.52758333333342,device_02
2025-11-13 17:41:45.091361,0.0,57.76624999999999,68.4733333333334,device_02
2025-11-13 17:42:44.91504,0.0,57.50291666666666,68.0378333333334,device_02
2025-11-13 17:43:45.150761,0.0,57.50333333333332,68.02616666666674,device_02
2025-11-13 17:44:44.912573,0.0,57.50333333333331,68.02616666666674,device_02
2025-11-13 17:45:45.372598,0.0,57.50333333333332,68.0278333333334,device_02
2025-11-13 17:46:44.828973,0.0,57.50333333333331,68.02616666666673,device_02
2025-11-13 17:47:45.22896,0.0,57.50333333333331,68.02616666666674,device_02
2025-11-13 17:48:44.7737,0.0,57.50333333333332,68.02616666666674,device_02
2025-11-13 17:49:45.023701,0.0,57.50333333333331,68.02616666666674,device_02
2025-11-13 17:50:44.793164,0.0,57.50333333333332,68.02616666666674,device_02
2025-11-13 17:51:45.386597,0.0,57.50333333333331,68.02616666666674,device_02
2025-11-13 17:52:45.013052,0.0,57.76624999999999,68.59525000000008,device_02
2025-11-13 17:53:44.805401,0.0,57.50083333333331,68.0378333333334,device_02
2025-11-13 17:54:44.847058,0.0,57.50333333333332,68.0378333333334,device_02
2025-11-13 17:55:44.891606,0.0,57.50333333333331,68.0378333333334,device_02
2025-11-13 17:56:44.824672,0.0,57.50333333333331,68.02825000000009,device_02
2025-11-13 17:57:45.404835,0.0,57.50333333333331,68.03575000000006,device_02
2025-11-13 17:58:44.952753,0.0,57.50333333333332,68.02616666666673,device_02
2025-11-13 17:59:45.479332,0.0,57.50333333333332,68.02616666666673,device_02
2025-11-13 18:00:44.813502,0.0,57.50333333333332,68.0278333333334,device_02
2025-11-13 18:01:45.383593,0.0,57.50333333333332,68.02616666666674,device_02
2025-11-13 18:02:46.552638,0.0,57.50333333333332,68.02616666666673,device_02
2025-11-13 18:03:45.44083,0.0,57.50333333333331,68.02616666666674,device_02
2025-11-13 18:04:44.924305,0.0,57.50291666666666,68.03575000000006,device_02
2025-11-13 18:05:45.75135,0.0,57.50333333333331,68.03783333333341,device_02
2025-11-13 18:06:44.84922,0.0,57.50333333333332,68.02616666666674,device_02
2025-11-13 18:07:44.897789,0.0,57.50333333333332,68.03575000000008,device_02
2025-11-13 18:08:44.814559,0.0,57.50333333333332,68.02825000000009,device_02
2025-11-13 18:09:44.987288,0.0,57.5033333333333,68.03575000000006,device_02
2025-11-13 18:10:44.805137,0.0,57.50333333333332,68.03575000000006,device_02
2025-11-13 18:11:45.38891,0.0,57.50333333333331,68.0378333333334,device_02
2025-11-13 18:12:44.861843,0.0,57.50333333333332,68.03575000000008,device_02
2025-11-13 18:13:45.205205,0.0,57.50333333333332,68.02616666666674,device_02
2025-11-13 18:14:44.787474,0.0,57.50333333333331,68.02616666666674,device_02
2025-11-13 18:15:45.332467,0.0,57.50333333333332,68.0278333333334,device_02
2025-11-13 18:16:44.852975,0.0,57.50333333333332,68.0303333333334,device_02
2025-11-13 18:17:45.397467,0.0,57.50333333333331,68.02616666666674,device_02
2025-11-13 18:18:45.093784,0.0,57.50333333333332,68.02616666666673,device_02
2025-11-13 18:19:45.383337,0.0,57.50333333333331,68.02616666666674,device_02
2025-11-13 18:20:44.82148,0.0,57.35124999999998,68.00675000000007,device_02
2025-11-13 18:21:45.408196,0.0,57.15541666666663,67.79750000000007,device_02
2025-11-13 18:22:44.817533,0.0,57.35083333333332,68.00675000000007,device_02
2025-11-13 18:23:45.085189,0.0,56.95499999999996,67.76000000000005,device_02
2025-11-13 18:24:44.890625,0.0,56.94083333333329,67.76375000000006,device_02
2025-11-13 18:30:45.424054,0.0,57.35124999999998,67.99300000000007,device_02
2025-11-13 18:31:44.851318,0.0,56.940833333333295,67.76375000000006,device_02
2025-11-13 18:32:44.996436,0.0,56.94041666666662,67.75791666666673,device_02
2025-11-13 18:33:44.855264,0.0,57.15541666666663,67.79750000000007,device_02
2025-11-13 18:34:44.817606,0.0,56.94041666666664,67.7579166666667,device_02
2025-11-13 18:35:44.858654,0.0,57.15499999999997,67.79375000000005,device_02
2025-11-13 18:36:45.450083,0.0,57.169583333333286,67.79583333333339,device_02
2025-11-13 18:37:44.768775,0.0,57.16916666666664,67.79583333333339,device_02
2025-11-13 18:38:44.982793,0.0,56.95374999999997,67.75708333333337,device_02
2025-11-13 18:39:44.860018,0.0,57.21583333333329,67.78458333333339,device_02
2025-11-13 18:40:45.670498,0.0,56.95499999999996,67.76000000000005,device_02
2025-11-13 18:41:44.792419,0.0,57.234166666666646,68.29875000000006,device_02
2025-11-13 18:42:44.769896,0.0,56.95499999999996,67.76000000000006,device_02
2025-11-13 18:43:44.896873,0.0,56.95499999999996,67.76000000000006,device_02
2025-11-13 18:44:44.921623,0.0,57.16958333333329,67.79583333333339,device_02
2025-11-13 18:45:44.92157,0.0,57.16333333333329,67.78250000000007,device_02
2025-11-13 18:46:44.935253,0.0,57.16958333333329,67.79583333333339,device_02
2025-11-13 18:47:44.791148,0.0,57.21916666666663,68.1779166666667,device_02
2025-11-13 18:48:45.056642,0.0,57.365416666666654,68.01091666666673,device_02
2025-11-13 18:49:44.977124,0.0,56.9383333333333,67.75791666666673,device_02
2025-11-13 18:50:44.833278,0.0,57.21541666666663,67.78458333333339,device_02
2025-11-13 18:51:45.017348,0.0,57.365416666666654,68.01091666666673,device_02
2025-11-13 18:52:45.578533,0.0,57.341666666666654,68.01175000000008,device_02
2025-11-13 18:53:44.770579,0.0,57.51833333333333,68.19833333333332,device_02
2025-11-13 18:54:44.886325,0.0,57.214999999999975,67.78166666666671,device_02
2025-11-13 18:55:44.888959,0.0,56.95458333333328,67.76000000000005,device_02
2025-11-13 18:56:44.988729,0.0,57.16874999999996,67.79291666666671,device_02
2025-11-13 18:57:44.774619,0.0,57.16916666666664,67.79583333333339,device_02
2025-11-13 18:58:45.363023,0.0,57.21499999999996,67.78166666666672,device_02
2025-11-13 18:59:44.893452,0.0,57.214999999999954,67.78166666666672,device_02
2025-11-13 19:00:45.463647,0.0,56.95499999999996,67.76000000000005,device_02
2025-11-13 19:01:44.797116,0.0,57.365416666666654,68.01091666666673,device_02
2025-11-13 19:02:45.365171,0.0,57.16958333333329,67.79583333333339,device_02
2025-11-13 19:03:44.830843,0.0,57.35083333333332,68.0088333333334,device_02
2025-11-13 19:04:45.216276,0.0,57.215833333333286,67.78458333333339,device_02
2025-11-13 19:05:44.794833,0.0,57.16958333333329,67.79583333333339,device_02
2025-11-13 19:06:44.766016,0.0,57.21583333333329,67.78458333333339,device_02
2025-11-13 19:07:44.772496,0.0,57.11374999999996,67.79666666666672,device_02
2025-11-13 19:08:44.865241,0.0,57.34583333333331,68.0075833333334,device_02
2025-11-13 19:09:44.755834,0.0,56.919583333333286,67.75666666666672,device_02
2025-11-13 19:10:45.135682,0.0,56.91916666666663,67.75666666666675,device_02
2025-11-13 19:11:44.831236,0.0,56.919583333333286,67.75666666666672,device_02
2025-11-13 19:12:45.017792,0.0,57.12041666666662,67.79375000000006,device_02
2025-11-13 19:13:44.912807,0.0,57.33541666666665,68.01091666666673,device_02
2025-11-13 19:14:45.417217,0.0,57.34583333333331,68.00758333333339,device_02
2025-11-13 19:15:44.916608,0.0,57.37416666666663,68.3191666666666,device_02
2025-11-13 19:16:44.941721,0.0,56.96166666666662,67.7570833333334,device_02
2025-11-13 19:17:44.78366,0.0,57.16958333333329,67.79583333333339,device_02
2025-11-13 19:18:44.938623,0.0,56.9545833333333,67.76000000000005,device_02
2025-11-13 19:19:45.097509,0.0,57.16958333333329,67.79583333333339,device_02
2025-11-13 19:20:44.961313,0.0,57.16916666666664,67.79583333333339,device_02
2025-11-13 19:21:45.293129,0.0,57.1445833333333,67.78750000000005,device_02
2025-11-13 19:22:44.901101,0.0,56.914166666666624,67.75791666666673,device_02
2025-11-13 19:23:45.347586,0.0,56.91916666666663,67.76250000000006,device_02
2025-11-13 19:24:45.416131,0.0,57.11791666666663,67.7983333333334,device_02
2025-11-13 19:30:45.417953,0.0,56.95416666666663,67.75708333333338,device_02
2025-11-13 19:31:44.856158,0.0,57.09958333333329,67.79791666666672,device_02
2025-11-13 19:32:45.213589,0.0,57.16083333333329,67.78750000000005,device_02
2025-11-13 19:33:44.952559,0.0,57.10166666666663,67.79875000000006,device_02
2025-11-13 19:34:44.777835,0.0,57.092083333333285,67.79250000000006,device_02
2025-11-13 19:35:44.867064,0.0,56.90583333333328,67.76291666666671,device_02
2025-11-13 19:36:44.959255,0.0,56.90791666666662,67.76291666666671,device_02
2025-11-13 19:37:44.833779,0.0,56.90583333333328,67.76208333333338,device_02
2025-11-13 19:38:44.857521,0.0,57.08666666666662,67.79791666666671,device_02
2025-11-13 19:39:44.740637,0.0,56.91916666666661,67.76291666666673,device_02
2025-11-13 19:40:44.745132,0.0,56.919583333333286,67.75666666666672,device_02
2025-11-13 19:41:45.089745,0.0,57.34583333333331,68.01091666666673,device_02
2025-11-13 19:42:45.436101,0.0,56.921666666666624,67.75791666666672,device_02
2025-11-13 19:43:44.922933,0.0,56.91916666666661,67.75666666666672,device_02
2025-11-13 19:44:45.37482,0.0,57.34583333333331,68.0075833333334,device_02
2025-11-13 19:45:45.277954,0.0,57.11791666666662,67.79250000000006,device_02
2025-11-13 19:46:45.363719,0.0,56.919583333333286,67.75666666666672,device_02
2025-11-13 19:47:44.980998,0.0,56.921666666666624,67.75791666666672,device_02
2025-11-13 19:48:44.813736,0.0,56.914166666666624,67.75791666666673,device_02
2025-11-13 19:49:45.480255,0.0,56.91416666666662,67.75791666666673,device_02
2025-11-13 19:50:44.822485,0.0,56.91416666666662,67.75791666666673,device_02
2025-11-13 19:51:45.077802,0.0,56.90874999999996,67.75666666666672,device_02
2025-11-13 19:52:45.382919,0.0,56.90874999999996,67.76250000000006,device_02
2025-11-13 19:53:45.331735,0.0,57.11791666666663,67.79833333333339,device_02
2025-11-13 19:54:45.385223,0.0,57.09208333333329,67.79875000000004,device_02
2025-11-13 19:55:44.805598,0.0,57.33541666666665,68.01091666666674,device_02
2025-11-13 19:56:45.137821,0.0,57.14458333333329,67.78750000000005,device_02
2025-11-13 19:57:44.991995,0.0,57.16083333333329,67.78750000000005,device_02
2025-11-13 19:58:44.861048,0.0,57.16083333333329,67.79000000000005,device_02
2025-11-13 19:59:45.015742,0.0,57.38749999999998,68.22958333333337,device_02
2025-11-13 20:00:44.979114,0.0,57.55000000000001,68.41191666666673,device_02
2025-11-13 20:01:44.760308,0.0,56.91916666666663,67.76250000000006,device_02
2025-11-13 20:02:44.945194,0.0,56.91916666666661,67.76250000000006,device_02
2025-11-13 20:03:44.898647,0.0,56.90874999999996,67.76291666666671,device_02
2025-11-13 20:04:45.30912,0.0,57.09208333333329,67.79250000000006,device_02
2025-11-13 20:05:45.36705,0.0,57.092083333333285,67.79250000000006,device_02
2025-11-13 20:06:44.718876,0.0,56.90791666666662,67.76291666666673,device_02
2025-11-13 20:07:45.324457,0.0,57.10166666666663,67.79875000000006,device_02
2025-11-13 20:08:44.697113,0.0,57.11791666666663,67.79875000000004,device_02
2025-11-13 20:09:45.423935,0.0,57.335416666666646,68.01341666666673,device_02
2025-11-13 20:10:45.291845,0.0,57.11791666666662,67.78958333333338,device_02
2025-11-13 20:11:44.9676,0.0,57.39749999999997,68.22750000000003,device_02
2025-11-13 20:12:45.518035,0.0,56.90874999999996,67.76541666666671,device_02
2025-11-13 20:13:44.690805,0.0,57.11791666666663,67.79875000000006,device_02
2025-11-13 20:14:45.601978,0.0,57.34583333333331,68.01341666666673,device_02
2025-11-13 20:15:44.889841,0.0,56.91416666666662,67.75791666666672,device_02
2025-11-13 20:16:44.735137,0.0,56.91916666666661,67.76250000000006,device_02
2025-11-13 20:17:44.791397,0.0,57.11791666666663,67.79250000000006,device_02
2025-11-13 20:18:44.935757,0.0,56.91916666666661,67.76541666666671,device_02
2025-11-13 20:19:45.085198,0.0,56.90791666666662,67.75375000000005,device_02
2025-11-13 20:20:44.9129,0.0,56.90874999999995,67.76250000000006,device_02
2025-11-13 20:21:45.043258,0.0,57.33458333333331,68.01091666666673,device_02
2025-11-13 20:22:44.807273,0.0,56.90666666666662,67.76291666666671,device_02
2025-11-13 20:23:44.767163,0.0,57.09958333333329,67.79875000000006,device_02
2025-11-13 20:24:44.826096,0.0,56.90874999999996,67.76291666666671,device_02
2025-11-13 20:30:44.934117,0.0,56.94083333333329,67.76166666666673,device_02
2025-11-13 20:31:44.764695,0.0,57.11791666666662,67.79250000000006,device_02
2025-11-13 20:32:45.326231,0.0,57.10166666666662,67.79875000000006,device_02
2025-11-13 20:33:44.732842,0.0,56.91916666666661,67.76291666666673,device_02
2025-11-13 20:34:45.110359,0.0,57.132916666666624,67.78750000000005,device_02
2025-11-13 20:35:44.716328,0.0,56.90583333333328,67.76291666666671,device_02
2025-11-13 20:36:44.751035,0.0,56.90583333333328,67.7620833333334,device_02
2025-11-13 20:37:44.789168,0.0,56.89999999999996,67.76208333333338,device_02
2025-11-13 20:38:44.807037,0.0,57.089999999999954,67.79791666666671,device_02
2025-11-13 20:39:45.3015,0.0,57.33249999999999,68.01091666666673,device_02
2025-11-13 20:40:44.867187,0.0,56.90874999999996,67.76291666666671,device_02
2025-11-13 20:41:45.485055,0.0,57.14249999999996,67.78750000000005,device_02
2025-11-13 20:42:44.981923,0.0,56.90791666666662,67.76291666666673,device_02
2025-11-13 20:43:45.133103,0.0,57.33249999999998,68.01091666666673,device_02
2025-11-13 20:44:44.919494,0.0,57.33541666666665,68.01091666666673,device_02
2025-11-13 20:45:44.801433,0.0,57.101666666666624,67.80125000000005,device_02
2025-11-13 20:46:44.840657,0.0,56.91916666666661,67.76291666666673,device_02
2025-11-13 20:47:45.140564,0.0,57.14458333333329,67.78125000000006,device_02
2025-11-13 20:48:44.867888,0.0,57.11791666666662,67.7983333333334,device_02
2025-11-13 20:49:44.801571,0.0,56.90583333333328,67.76208333333338,device_02
2025-11-13 20:50:44.775476,0.0,57.14458333333329,67.78750000000005,device_02
2025-11-13 20:51:45.059277,0.0,57.33541666666666,68.01091666666673,device_02
2025-11-13 20:52:44.757548,0.0,57.09958333333329,67.79875000000006,device_02
2025-11-13 20:53:45.070637,0.0,57.089999999999954,67.79791666666672,device_02
2025-11-13 20:54:45.097622,0.0,57.09208333333329,67.79875000000006,device_02
2025-11-13 20:55:45.11303,0.0,57.08416666666663,67.79791666666672,device_02
2025-11-13 20:56:44.779366,0.0,57.099583333333285,67.79875000000006,device_02
2025-11-13 20:57:45.429084,0.0,57.08416666666663,67.79791666666672,device_02
2025-11-13 20:58:44.880949,0.0,57.14249999999996,67.78666666666672,device_02
2025-11-13 20:59:45.533554,0.0,57.089999999999954,67.79875000000004,device_02
2025-11-13 21:00:44.90898,0.0,57.16708333333332,68.06875000000005,device_02
2025-11-13 21:01:45.01691,0.0,56.90583333333328,67.76208333333338,device_02
2025-11-13 21:02:44.842084,0.0,57.09208333333329,67.79875000000006,device_02
2025-11-13 21:03:45.428566,0.0,56.90583333333328,67.76208333333338,device_02
2025-11-13 21:04:44.752039,0.0,57.101666666666624,67.79875000000004,device_02
2025-11-13 21:05:44.896409,0.0,56.89999999999995,67.76208333333338,device_02
2025-11-13 21:06:44.755044,0.0,57.44166666666664,68.22333333333337,device_02
2025-11-13 21:07:44.922909,0.0,57.08416666666663,67.79791666666672,device_02
2025-11-13 21:08:45.407733,0.0,57.34874999999998,68.01091666666673,device_02
2025-11-13 21:09:44.994976,0.0,57.33249999999998,68.01091666666673,device_02
2025-11-13 21:10:44.847822,0.0,57.08416666666663,67.79791666666672,device_02
2025-11-13 21:11:45.402522,0.0,56.904583333333285,67.7620833333334,device_02
2025-11-13 21:12:44.826312,0.0,56.93833333333331,67.95125000000004,device_02
2025-11-13 21:13:45.188769,0.0,57.08416666666663,67.79791666666674,device_02
2025-11-13 21:14:44.934594,0.0,57.33249999999999,68.01091666666673,device_02
2025-11-13 21:15:45.428782,0.0,57.08999999999996,67.79791666666674,device_02
2025-11-13 21:16:44.939548,0.0,57.089999999999954,67.79791666666671,device_02
2025-11-13 21:17:45.464473,0.0,57.089999999999954,67.79791666666672,device_02
2025-11-13 21:18:44.785469,0.0,57.08999999999996,67.79791666666672,device_02
2025-11-13 21:19:45.335621,0.0,57.332499999999975,68.01091666666673,device_02
2025-11-13 21:20:44.819742,0.0,57.132916666666624,67.78666666666672,device_02
2025-11-13 21:21:44.824173,0.0,57.086666666666616,67.79791666666674,device_02
2025-11-13 21:22:44.815755,0.0,56.90583333333328,67.76291666666673,device_02
2025-11-13 21:23:44.821268,0.0,57.12958333333329,67.78666666666672,device_02
2025-11-13 21:24:44.959493,0.0,56.904583333333285,67.76208333333338,device_02
2025-11-13 21:30:44.920339,0.0,57.34874999999999,68.0088333333334,device_02
2025-11-13 21:31:44.693774,0.0,57.01458333333329,67.79791666666672,device_02
2025-11-13 21:32:45.134845,0.0,57.086666666666616,67.79791666666672,device_02
2025-11-13 21:33:45.496312,0.0,57.042499999999954,67.78666666666672,device_02
2025-11-13 21:34:44.695082,0.0,57.13791666666661,67.78666666666672,device_02
2025-11-13 21:35:45.755548,0.0,57.09499999999994,67.79791666666672,device_02
2025-11-13 21:36:45.307623,0.0,57.08666666666662,67.79791666666672,device_02
2025-11-13 21:37:44.727668,0.0,57.086666666666616,67.79791666666674,device_02
2025-11-13 21:38:44.90751,0.0,57.035833333333294,67.79791666666672,device_02
2025-11-13 21:39:44.738057,0.0,57.14416666666662,68.16000000000005,device_02
2025-11-13 21:40:44.72352,0.0,56.85791666666663,67.76208333333338,device_02
2025-11-13 21:41:45.319147,0.0,57.03583333333329,67.79791666666672,device_02
2025-11-13 21:42:44.722666,0.0,57.09499999999996,67.79791666666674,device_02
2025-11-13 21:43:45.307485,0.0,57.33499999999997,68.01091666666673,device_02
2025-11-13 21:44:44.82147,0.0,56.904583333333285,67.76208333333338,device_02
2025-11-13 21:45:44.860119,0.0,57.086666666666616,67.79791666666672,device_02
2025-11-13 21:46:44.757887,0.0,56.91624999999995,67.76208333333338,device_02
2025-11-13 21:47:44.73668,0.0,57.035833333333294,67.79791666666674,device_02
2025-11-13 21:48:44.862419,0.0,57.34624999999998,68.01091666666673,device_02
2025-11-13 21:49:44.877578,0.0,57.09499999999994,67.79791666666672,device_02
2025-11-13 21:50:44.691009,0.0,56.91624999999995,67.76208333333338,device_02
2025-11-13 21:51:44.972642,0.0,57.08999999999996,67.79791666666672,device_02
2025-11-13 21:52:44.779363,0.0,57.12708333333328,67.78666666666672,device_02
2025-11-13 21:53:45.094082,0.0,57.13166666666663,67.78666666666672,device_02
2025-11-13 21:54:44.856604,0.0,56.90583333333328,67.76208333333338,device_02
2025-11-13 21:55:45.540665,0.0,56.85791666666663,67.7620833333334,device_02
2025-11-13 21:56:44.813074,0.0,56.86624999999995,67.79333333333338,device_02
2025-11-13 21:57:44.946637,0.0,57.132916666666624,67.78666666666672,device_02
2025-11-13 21:58:44.702347,0.0,57.12708333333328,67.78666666666672,device_02
2025-11-13 21:59:45.430879,0.0,57.33499999999998,68.01091666666673,device_02
2025-11-13 22:00:44.750085,0.0,56.90583333333328,67.76208333333338,device_02
2025-11-13 22:01:45.43455,0.0,57.08874999999996,67.79791666666672,device_02
2025-11-13 22:02:45.045233,0.0,57.08666666666663,67.79791666666672,device_02
2025-11-13 22:03:44.742761,0.0,56.90249999999995,67.7620833333334,device_02
2025-11-13 22:04:45.150089,0.0,57.08416666666663,67.79791666666671,device_02
2025-11-13 22:05:44.742949,0.0,57.12958333333327,67.78666666666672,device_02
2025-11-13 22:06:45.519278,0.0,56.91624999999995,67.76208333333338,device_02
2025-11-13 22:07:44.970641,0.0,57.13791666666661,67.78666666666672,device_02
2025-11-13 22:08:44.73227,0.0,57.079166666666616,67.78666666666672,device_02
2025-11-13 22:09:45.40553,0.0,57.09499999999996,67.79791666666671,device_02
2025-11-13 22:10:44.893281,0.0,57.07916666666662,67.78666666666672,device_02
2025-11-13 22:11:45.334448,0.0,57.05791666666661,67.78666666666675,device_02
2025-11-13 22:12:44.894903,0.0,56.91624999999995,67.76208333333338,device_02
2025-11-13 22:13:44.933407,0.0,57.07916666666662,67.78666666666672,device_02
2025-11-13 22:14:45.377669,0.0,56.885416666666615,67.7620833333334,device_02
2025-11-13 22:15:44.843658,0.0,57.07916666666662,67.78666666666672,device_02
2025-11-13 22:16:44.789628,0.0,56.85999999999996,67.7620833333334,device_02
2025-11-13 22:17:44.737834,0.0,57.09499999999996,67.79791666666672,device_02
2025-11-13 22:18:44.874887,0.0,56.84916666666663,67.8029166666667,device_02
2025-11-13 22:19:44.884362,0.0,57.01374999999995,67.81791666666672,device_02
2025-11-13 22:20:45.35188,0.0,57.03583333333329,67.79791666666672,device_02
2025-11-13 22:21:44.774656,0.0,57.03583333333329,67.79791666666672,device_02
2025-11-13 22:22:45.415773,0.0,57.34874999999997,68.01091666666673,device_02
2025-11-13 22:23:44.807995,0.0,56.99916666666663,67.79791666666671,device_02
2025-11-13 22:24:45.401776,0.0,56.885416666666615,67.76208333333338,device_02
2025-11-13 22:30:45.332643,0.0,56.91916666666661,67.76541666666671,device_02
2025-11-13 22:31:44.710403,0.0,56.85999999999994,67.7620833333334,device_02
2025-11-13 22:32:45.135085,0.0,56.85999999999994,67.7620833333334,device_02
2025-11-13 22:33:44.720155,0.0,57.042499999999954,67.78666666666673,device_02
2025-11-13 22:34:45.511293,0.0,57.325416666666655,68.01091666666673,device_02
2025-11-13 22:35:44.909116,0.0,56.85999999999996,67.76208333333338,device_02
2025-11-13 22:36:44.790093,0.0,56.85999999999994,67.7620833333334,device_02
2025-11-13 22:37:45.312448,0.0,56.99499999999996,67.79875000000007,device_02
2025-11-13 22:38:44.70647,0.0,57.025833333333296,67.78750000000005,device_02
2025-11-13 22:39:45.325244,0.0,56.99499999999996,67.79875000000006,device_02
2025-11-13 22:40:44.798155,0.0,56.99499999999996,67.79875000000006,device_02
2025-11-13 22:41:44.805347,0.0,57.03833333333328,67.78750000000005,device_02
2025-11-13 22:42:45.330328,0.0,56.85791666666663,67.7620833333334,device_02
2025-11-13 22:43:44.683679,0.0,56.85999999999994,67.7620833333334,device_02
2025-11-13 22:44:45.324319,0.0,57.32541666666664,68.01091666666673,device_02
2025-11-13 22:45:44.722347,0.0,56.99499999999996,67.79791666666672,device_02
2025-11-13 22:46:45.039186,0.0,56.99916666666663,67.79791666666671,device_02
2025-11-13 22:47:44.737102,0.0,56.99916666666663,67.79791666666672,device_02
2025-11-13 22:48:45.314321,0.0,56.85999999999996,67.7620833333334,device_02
2025-11-13 22:49:44.85743,0.0,56.85999999999996,67.76208333333338,device_02
2025-11-13 22:50:44.729113,0.0,57.325416666666655,68.01091666666673,device_02
2025-11-13 22:51:44.880846,0.0,56.99916666666662,67.79791666666672,device_02
