reading_id,device_id,timestamp,pm25_raw,pm10_raw,co_raw,temperature,humidity,no2_mv,no2_raw,co,pm25,pm10
1238,device_01,2025-11-06 10:36:15.42311,39,49,90,29.6,73.2,961.5,1058,0.0,61.393083333333344,70.6083333333335
1239,device_01,2025-11-06 10:41:26.63323,39,49,69,29.5,74.0,926.9,1012,0.0,61.398916666666736,70.4858333333335
1240,device_01,2025-11-06 10:46:35.218098,38,46,65,29.4,75.7,910.2,992,0.0,60.5851666666666,70.16683333333339
1241,device_01,2025-11-06 10:51:44.543263,48,59,60,28.6,77.7,896.5,974,0.0,61.26249999999991,69.98891666666665
1242,device_01,2025-11-06 10:56:54.608179,47,59,57,28.3,78.8,879.4,952,0.0,62.879583333333315,70.09583333333332
1243,device_01,2025-11-06 11:02:03.751375,48,58,55,28.3,79.8,861.3,928,0.0,63.25666666666668,70.6220833333333
1244,device_01,2025-11-06 11:07:13.277443,43,50,54,28.4,80.8,856.4,925,0.0,61.72558333333343,70.31599999999989
1245,device_05,2025-11-06 11:10:50.897853,43,51,430,27.1,84.9,703.1,689,0.0,59.87291666666669,68.88041666666678
1246,device_01,2025-11-06 11:12:22.200343,43,52,53,28.4,81.8,839.2,900,0.0,60.640583333333446,68.78416666666666
1247,device_05,2025-11-06 11:15:58.227368,57,68,360,27.3,86.0,710.6,697,0.0,61.12750000000001,69.92583333333329
1248,device_01,2025-11-06 11:17:30.163515,39,48,52,28.5,82.7,822.1,880,0.0,60.38150000000003,69.10850000000009
1249,device_05,2025-11-06 11:21:05.400918,44,53,327,27.0,86.2,702.9,687,0.0,60.92166666666673,70.5479166666666
1250,device_01,2025-11-06 11:22:38.046488,37,43,50,28.6,83.0,828.9,887,0.0,58.80008333333331,69.19466666666668
1251,device_05,2025-11-06 11:26:12.635328,46,55,308,26.6,86.6,682.7,665,0.0,61.14166666666677,70.97208333333319
1252,device_01,2025-11-06 11:27:45.924503,35,39,48,28.6,82.3,821.3,876,0.0,59.93441666666674,70.22608333333348
1253,device_05,2025-11-06 11:31:19.885349,36,38,300,26.5,87.0,690.6,671,0.0,58.094583333333276,68.01850000000009
1254,device_05,2025-11-06 11:31:46.960772,21,24,1187,25.3,59.5,923.9,953,0.0,58.60991666666659,67.10708333333342
1255,device_01,2025-11-06 11:32:54.265327,35,39,50,28.4,82.0,819.0,874,0.0,57.801583333333326,67.80149999999999
1256,device_02,2025-11-06 11:35:54.548981,35,39,1174,25.3,58.7,824.7,831,0.0,57.54749999999994,67.3312499999999
1257,device_05,2025-11-06 11:36:27.077599,36,41,291,26.4,86.8,689.2,672,0.0,57.190416666666636,67.84641666666664
1258,device_01,2025-11-06 11:38:02.122923,35,43,51,28.5,82.0,813.3,866,0.0,56.67516666666661,68.1005833333332
1259,device_05,2025-11-06 11:41:35.556253,35,37,291,26.4,86.5,688.5,674,0.0,56.17249999999999,67.27183333333323
1260,device_01,2025-11-06 11:43:11.21969,34,38,51,28.5,82.0,827.8,886,0.0,57.6675,67.17608333333334
1261,device_05,2025-11-06 11:46:43.233228,30,30,277,26.4,86.4,672.2,653,0.0,56.130833333333314,66.9466666666666
1262,device_02,2025-11-06 11:47:01.403695,35,38,1187,29.4,73.7,906.4,926,0.0,58.76083333333331,68.99908333333339
1263,device_01,2025-11-06 11:48:19.541096,34,35,51,28.2,82.0,822.6,878,0.0,58.01,67.56108333333336
1264,device_05,2025-11-06 11:51:50.944351,29,29,273,26.4,86.3,666.8,645,0.0,56.06791666666661,66.88749999999999
1265,device_01,2025-11-06 11:53:27.539339,35,41,51,28.4,82.0,814.5,869,0.0,56.92808333333329,67.77516666666659
1266,device_05,2025-11-06 11:56:58.066825,30,31,269,26.3,86.2,680.2,660,0.0,55.463333333333246,66.70333333333342
1267,device_01,2025-11-06 11:58:36.042792,42,49,51,28.6,82.0,814.1,868,0.0,57.048916666666734,67.99791666666667
1268,device_05,2025-11-06 12:02:04.411346,31,32,265,26.3,86.4,679.3,665,0.0,56.46541666666668,67.71625000000002
1269,device_01,2025-11-06 12:03:44.669079,36,40,50,28.3,82.0,799.5,848,0.0,57.51791666666659,68.04791666666668
1270,device_05,2025-11-06 12:07:10.637486,34,35,263,26.2,86.8,677.4,657,0.0,57.852083333333276,68.60708333333325
1271,device_02,2025-11-06 12:08:29.414941,32,33,1155,28.4,79.0,880.5,899,0.0,57.70699999999999,68.73291666666675
1272,device_01,2025-11-06 12:08:52.605134,37,47,50,28.5,82.8,804.3,856,0.0,57.745416666666664,69.16041666666653
1273,device_05,2025-11-06 12:12:17.651216,34,35,261,26.1,87.5,642.2,619,0.0,58.536250000000045,69.68124999999999
1274,device_01,2025-11-06 12:14:00.709931,34,40,49,28.3,83.0,783.4,829,0.0,58.53708333333332,70.05591666666659
1275,device_05,2025-11-06 12:17:24.787034,36,40,261,26.0,87.8,666.8,639,0.0,57.618750000000006,68.08375000000005
1276,device_01,2025-11-06 12:19:09.227728,36,43,50,27.7,83.8,818.0,871,0.0,57.699083333333256,69.19666666666654
1277,device_05,2025-11-06 12:22:31.804537,39,44,264,26.0,88.0,672.3,648,0.0,57.17916666666663,68.17458333333343
1278,device_01,2025-11-06 12:24:17.744835,36,42,50,27.6,84.0,788.0,836,0.0,57.80224999999995,68.4199999999999
1279,device_02,2025-11-06 12:24:26.063446,34,35,1138,28.5,80.0,840.8,854,0.0,56.904999999999944,68.29500000000009
1280,device_05,2025-11-06 12:27:42.191496,35,36,256,26.0,88.0,654.1,630,0.0,58.82625000000001,68.57000000000009
1281,device_01,2025-11-06 12:29:26.468201,36,39,50,27.4,84.0,789.5,836,0.0,57.8705833333333,68.11641666666658
1282,device_02,2025-11-06 12:29:34.140534,37,41,1135,28.3,80.8,830.2,840,0.0,57.040416666666594,68.24208333333326
1283,device_05,2025-11-06 12:32:51.107063,37,39,253,26.0,88.1,659.7,632,0.0,56.36666666666668,67.2329166666667
1284,device_01,2025-11-06 12:34:40.722779,40,50,50,27.6,84.5,784.6,830,0.0,56.91125000000004,67.86666666666655
1285,device_05,2025-11-06 12:37:58.13187,38,44,247,25.9,88.1,641.7,615,0.0,57.06291666666665,68.18791666666661
1286,device_01,2025-11-06 12:39:48.923551,39,44,50,27.3,85.0,780.7,825,0.0,57.10599999999997,68.10916666666658
1287,device_02,2025-11-06 12:40:36.890287,33,34,1154,27.5,82.7,855.7,871,0.0,57.618083333333296,68.88200000000006
1288,device_05,2025-11-06 12:43:05.556103,35,38,239,25.8,88.2,648.5,620,0.0,58.22375000000002,68.24708333333334
1289,device_01,2025-11-06 12:44:59.770745,42,50,49,27.4,85.0,774.5,818,0.0,57.33150000000004,69.10891666666656
1290,device_05,2025-11-06 12:48:12.826985,34,34,238,25.9,88.3,642.3,612,0.0,58.202083333333356,68.91125
1291,device_01,2025-11-06 12:50:11.100759,43,52,49,27.5,85.0,767.8,808,0.0,58.40683333333338,69.28158333333324
1292,device_05,2025-11-06 12:53:20.015822,28,30,245,25.8,88.5,642.0,608,0.0,57.92250000000002,68.31458333333333
1293,device_01,2025-11-06 12:55:19.553487,39,48,49,27.5,85.0,767.8,807,0.0,57.31608333333336,69.33174999999991
1294,device_05,2025-11-06 12:58:26.872389,32,33,241,25.8,88.5,644.9,624,0.0,58.144166666666685,68.80666666666667
1295,device_01,2025-11-06 13:00:31.159543,38,45,49,27.4,85.0,764.6,803,0.0,57.65624999999998,69.5891666666666
1296,device_05,2025-11-06 13:03:33.502585,28,28,233,25.9,88.3,637.3,614,0.0,57.87666666666668,68.29374999999999
1297,device_01,2025-11-06 13:05:39.76169,38,45,49,27.4,85.0,757.3,792,0.0,57.65624999999997,69.58374999999994
1298,device_05,2025-11-06 13:08:40.514109,29,31,231,25.8,88.1,650.9,623,0.0,57.96375000000001,68.04708333333333
1299,device_01,2025-11-06 13:10:48.321544,37,41,48,27.6,85.0,748.9,784,0.0,58.31999999999999,69.64033333333329
1300,device_05,2025-11-06 13:13:48.359854,27,28,225,25.8,87.7,630.0,596,0.0,58.06750000000001,68.49208333333334
1301,device_01,2025-11-06 13:15:59.53357,34,39,49,27.5,85.0,754.4,793,0.0,58.29516666666667,69.60158333333328
1302,device_05,2025-11-06 13:18:55.993233,26,27,227,25.9,87.3,653.7,628,0.0,58.10083333333334,67.88583333333338
1303,device_01,2025-11-06 13:21:08.426292,33,34,48,27.6,84.2,754.0,791,0.0,58.71975000000002,69.62199999999996
1304,device_05,2025-11-06 13:24:03.119439,23,23,216,25.8,86.5,633.2,599,0.0,57.36791666666667,68.24250000000002
1305,device_01,2025-11-06 13:26:18.911949,29,30,46,27.6,84.0,755.6,795,0.0,58.49583333333334,69.16774999999997
1306,device_05,2025-11-06 13:29:09.985511,22,23,211,25.8,86.4,636.4,606,0.0,57.393333333333345,68.24250000000002
1307,device_01,2025-11-06 13:31:27.416254,32,36,47,27.4,84.0,762.8,802,0.0,58.74266666666668,69.57183333333327
1308,device_05,2025-11-06 13:34:17.173387,20,20,211,25.8,86.4,634.5,607,0.0,57.393333333333345,68.24250000000002
1309,device_05,2025-11-06 13:39:24.755836,15,15,205,25.8,86.2,624.2,591,0.0,57.34291666666668,68.18583333333338
1310,device_01,2025-11-06 13:41:52.23609,24,24,50,27.5,84.0,755.5,791,0.0,57.552249999999965,67.87424999999999
1311,device_05,2025-11-06 13:44:32.46576,12,12,206,25.8,85.9,636.7,603,0.0,57.34291666666668,68.18583333333338
1312,device_01,2025-11-06 13:47:01.76904,28,29,47,27.6,84.0,749.2,783,0.0,58.49833333333334,69.16774999999997
1313,device_05,2025-11-06 13:49:39.564183,13,13,205,25.8,85.7,618.9,584,0.0,57.34291666666668,68.18583333333338
1314,device_01,2025-11-06 13:52:12.392831,30,30,47,27.5,84.2,755.1,790,0.0,58.42583333333334,69.14108333333331
1315,device_05,2025-11-06 13:54:47.17663,9,11,205,25.8,85.7,624.0,593,0.0,57.34291666666668,68.18583333333338
1316,device_01,2025-11-06 13:57:20.67659,27,28,47,27.3,83.8,754.4,791,0.0,58.51166666666667,69.1350833333333
1317,device_05,2025-11-06 13:59:54.241963,19,19,202,25.8,85.8,610.2,576,0.0,57.34291666666668,68.18583333333338
1318,device_01,2025-11-06 14:02:32.075636,25,29,49,27.4,84.0,747.0,783,0.0,58.038916666666644,69.1053333333333
1319,device_05,2025-11-06 14:05:01.310334,19,19,202,25.8,86.0,615.2,579,0.0,57.34291666666668,68.18583333333338
1320,device_01,2025-11-06 14:07:40.684017,29,30,46,27.2,84.2,737.1,766,0.0,58.37916666666668,69.13299999999998
1321,device_05,2025-11-06 14:10:08.647267,18,18,198,25.8,86.2,614.0,587,0.0,57.34291666666668,68.18583333333338
1322,device_01,2025-11-06 14:12:49.778605,25,28,48,27.4,85.0,731.1,761,0.0,58.245250000000006,69.10425
1323,device_05,2025-11-06 14:15:15.669742,11,14,195,25.7,86.4,595.3,558,0.0,57.393333333333345,68.24250000000002
1324,device_01,2025-11-06 14:18:02.070936,24,28,45,27.4,85.0,735.5,765,0.0,58.286083333333345,69.10425
1325,device_05,2025-11-06 14:20:22.964626,15,16,190,25.6,86.7,590.1,551,0.0,57.87875,68.36916666666669
1326,device_01,2025-11-06 14:23:10.283477,26,27,48,27.5,85.0,737.0,767,0.0,58.32666666666668,69.13524999999997
1327,device_05,2025-11-06 14:25:30.22258,16,17,192,25.6,87.0,611.9,581,0.0,58.06166666666667,68.43875000000001
1328,device_01,2025-11-06 14:28:18.826026,23,26,48,27.2,85.0,736.0,768,0.0,58.35583333333335,69.103
1329,device_05,2025-11-06 14:30:37.92522,13,13,200,25.7,87.3,615.0,579,0.0,58.06041666666667,68.47583333333336
1330,device_01,2025-11-06 14:33:29.412394,24,24,47,27.2,85.0,735.9,766,0.0,58.29108333333335,69.103
1331,device_05,2025-11-06 14:35:45.059883,14,14,196,25.7,87.4,610.7,572,0.0,58.06041666666667,68.47583333333336
1332,device_01,2025-11-06 14:38:38.018624,25,27,46,27.6,85.3,726.9,757,0.0,58.17150000000001,69.12525
1333,device_05,2025-11-06 14:40:51.984628,19,19,190,25.6,87.9,608.9,571,0.0,58.118750000000006,68.43333333333337
1334,device_01,2025-11-06 14:43:46.636874,23,23,46,27.5,85.8,729.6,759,0.0,58.20691666666667,69.1215
1335,device_05,2025-11-06 14:45:59.235271,10,10,192,25.6,88.2,609.4,575,0.0,57.87666666666668,68.2775
1336,device_01,2025-11-06 14:48:55.234151,26,27,47,27.5,86.0,728.8,757,0.0,58.196083333333334,69.13233333333332
1337,device_05,2025-11-06 14:51:06.321921,9,9,197,25.7,88.4,623.0,585,0.0,57.87666666666668,68.2775
1338,device_01,2025-11-06 14:54:03.350298,24,24,45,27.5,86.0,731.6,763,0.0,58.23025000000001,69.12149999999998
1339,device_05,2025-11-06 14:56:13.501709,13,13,192,25.7,88.4,597.9,559,0.0,57.87666666666668,68.2775
1340,device_01,2025-11-06 14:59:11.344502,21,23,48,27.5,86.0,730.0,758,0.0,58.21233333333335,69.12566666666666
1341,device_05,2025-11-06 15:01:20.450521,19,20,186,25.6,88.6,596.3,552,0.0,57.87666666666668,68.2775
1342,device_01,2025-11-06 15:04:19.839796,21,25,46,27.5,86.0,730.2,759,0.0,58.21233333333335,69.12566666666666
1343,device_05,2025-11-06 15:06:29.040404,18,18,187,25.6,89.0,597.9,568,0.0,57.87666666666668,68.2775
1344,device_01,2025-11-06 15:09:28.878053,22,22,47,26.6,86.8,720.1,744,0.0,58.565666666666665,69.13049999999997
1345,device_05,2025-11-06 15:11:35.103814,12,14,188,25.7,89.3,615.9,580,0.0,57.87666666666668,68.2775
1346,device_01,2025-11-06 15:14:37.265255,25,25,48,26.7,87.0,721.9,748,0.0,58.57150000000001,69.18066666666664
1347,device_05,2025-11-06 15:16:42.209443,19,19,187,25.8,89.2,595.5,561,0.0,57.87666666666668,68.2775
1348,device_02,2025-11-06 15:20:45.045667,21,21,1082,27.2,85.0,772.4,771,0.0,57.11374999999996,67.79808333333338
1349,device_05,2025-11-06 15:21:47.723146,14,16,192,25.7,89.6,618.1,586,0.0,57.87666666666668,68.2775
1350,device_01,2025-11-06 15:24:59.315017,23,23,47,26.3,87.7,713.1,738,0.0,58.566916666666664,68.68883333333333
1351,device_05,2025-11-06 15:26:55.152881,14,17,189,25.8,89.6,601.2,564,0.0,57.87666666666668,68.2775
1352,device_01,2025-11-06 15:30:07.743313,23,24,45,26.4,87.8,703.2,726,0.0,58.559000000000005,68.70049999999999
1353,device_05,2025-11-06 15:32:02.676425,21,21,182,25.6,90.0,567.5,521,0.0,57.87666666666668,68.2775
1354,device_01,2025-11-06 15:35:16.631712,26,29,44,26.4,88.0,703.7,724,0.0,58.558166666666665,68.73049999999998
1355,device_05,2025-11-06 15:37:09.901919,22,23,179,25.5,90.7,560.2,511,0.0,57.87666666666668,68.2775
1356,device_01,2025-11-06 15:40:28.331414,23,25,46,26.5,88.0,710.7,736,0.0,58.589000000000006,68.83125
1357,device_05,2025-11-06 15:42:17.193884,27,27,181,25.5,91.1,575.2,529,0.0,57.87666666666668,68.28833333333333
1358,device_01,2025-11-06 15:45:37.19908,25,26,46,26.5,88.0,696.5,716,0.0,58.588166666666666,68.82249999999999
1359,device_05,2025-11-06 15:47:24.383323,31,33,180,25.4,91.3,573.1,529,0.0,58.03625000000002,68.69458333333334
1360,device_01,2025-11-06 15:50:45.458716,24,28,46,26.5,88.5,708.3,730,0.0,58.499833333333335,68.74583333333332
1361,device_05,2025-11-06 15:52:31.971751,28,28,175,25.4,91.4,566.6,524,0.0,57.87666666666668,68.29374999999999
1362,device_01,2025-11-06 15:55:55.76759,23,25,46,26.4,88.3,687.4,704,0.0,57.979583333333366,68.59925
1363,device_05,2025-11-06 15:57:39.755644,23,23,177,25.4,91.4,542.8,495,0.0,57.87666666666668,68.2775
1364,device_01,2025-11-06 16:01:04.374534,25,26,45,26.3,88.8,672.1,684,0.0,58.11333333333334,68.5788333333333
1365,device_05,2025-11-06 16:02:46.584703,22,23,181,25.4,91.4,577.5,538,0.0,57.87666666666668,68.2775
1366,device_01,2025-11-06 16:06:13.012835,21,21,45,26.5,88.7,695.5,715,0.0,58.499,68.73583333333333
1367,device_05,2025-11-06 16:07:53.417733,16,16,174,25.4,91.4,590.6,551,0.0,57.87666666666668,68.2775
1368,device_01,2025-11-06 16:11:21.45365,17,19,46,27.4,87.7,697.8,717,0.0,58.55900000000001,69.28949999999998
1369,device_05,2025-11-06 16:13:01.912553,10,10,177,25.4,91.2,577.5,535,0.0,57.87666666666668,68.2775
1370,device_01,2025-11-06 16:16:32.468956,20,23,47,27.5,87.8,679.8,693,0.0,58.07083333333337,69.31966666666665
1371,device_05,2025-11-06 16:18:09.336291,15,15,181,25.4,91.0,572.9,528,0.0,57.87666666666668,68.2775
1372,device_01,2025-11-06 16:21:40.696438,19,21,45,27.5,87.0,658.4,668,0.0,58.24833333333335,69.33033333333329
1373,device_05,2025-11-06 16:23:18.02496,17,18,175,25.3,90.9,578.6,541,0.0,57.87666666666668,68.2775
1374,device_01,2025-11-06 16:26:49.389564,23,23,46,27.2,86.5,656.8,663,0.0,58.210416666666696,69.30641666666664
1375,device_05,2025-11-06 16:28:25.143918,11,11,169,25.3,90.7,570.5,523,0.0,57.87666666666668,68.2775
1376,device_01,2025-11-06 16:32:00.761166,22,23,46,27.8,86.0,666.0,676,0.0,57.86208333333336,69.2320833333333
1377,device_05,2025-11-06 16:33:32.085769,14,15,170,25.4,90.4,582.0,545,0.0,57.87666666666668,68.2775
1378,device_01,2025-11-06 16:37:09.982847,19,21,45,27.4,86.0,683.4,699,0.0,57.64625000000003,69.11466666666666
1379,device_05,2025-11-06 16:38:38.874536,10,10,166,25.4,90.2,594.3,554,0.0,57.87666666666668,68.2775
1380,device_01,2025-11-06 16:42:20.937266,12,13,44,27.5,85.2,685.9,704,0.0,57.674166666666686,69.14066666666666
1381,device_05,2025-11-06 16:43:46.26709,10,10,160,25.4,89.5,565.2,517,0.0,57.87666666666668,68.27833333333335
1382,device_01,2025-11-06 16:47:29.51285,13,14,46,27.6,85.0,684.3,700,0.0,57.69291666666669,69.14066666666666
1383,device_05,2025-11-06 16:48:53.431739,12,13,160,25.4,89.2,541.7,490,0.0,57.87666666666668,68.27833333333334
1384,device_01,2025-11-06 16:52:37.645486,16,18,48,27.4,85.0,665.9,675,0.0,57.87541666666669,69.15716666666664
1385,device_05,2025-11-06 16:53:59.846637,11,11,164,25.4,89.2,539.0,487,0.0,57.87666666666668,68.2775
1386,device_01,2025-11-06 16:57:57.197061,16,19,46,27.4,85.0,657.9,667,0.0,57.93833333333335,69.15574999999997
1387,device_05,2025-11-06 16:59:07.150065,13,14,164,25.4,88.9,543.3,497,0.0,57.87666666666668,68.2775
1388,device_01,2025-11-06 17:03:05.821361,14,14,46,27.5,85.0,653.1,661,0.0,58.217083333333356,69.26716666666664
1389,device_05,2025-11-06 17:04:14.308124,8,9,160,25.4,88.7,547.7,499,0.0,57.87666666666668,68.27833333333334
1390,device_01,2025-11-06 17:08:17.408142,10,12,44,27.4,84.7,674.8,686,0.0,57.967083333333356,69.14591666666665
1391,device_05,2025-11-06 17:09:21.641867,6,6,156,25.3,88.5,545.5,492,0.0,57.87833333333334,68.27833333333334
1392,device_01,2025-11-06 17:13:26.25441,7,9,45,27.6,84.3,686.3,702,0.0,57.76541666666669,69.15025
1393,device_05,2025-11-06 17:14:28.667757,8,8,154,25.3,88.5,546.4,495,0.0,57.88000000000001,68.27833333333334
1394,device_01,2025-11-06 17:18:34.559183,10,10,46,27.7,84.0,671.8,684,0.0,58.01708333333336,69.24624999999996
1395,device_05,2025-11-06 17:19:35.269069,6,6,154,25.3,88.5,544.4,501,0.0,57.88000000000001,68.27833333333334
1396,device_01,2025-11-06 17:23:43.470962,10,10,43,27.6,84.0,686.4,702,0.0,57.84083333333336,69.1665
1397,device_05,2025-11-06 17:24:42.435012,7,7,153,25.3,88.3,535.4,484,0.0,57.88000000000001,68.26875000000001
1398,device_01,2025-11-06 17:28:51.842795,7,9,42,27.3,84.0,689.8,709,0.0,58.30108333333334,69.14425
1399,device_05,2025-11-06 17:29:49.768664,6,6,151,25.3,88.3,539.1,489,0.0,57.88000000000001,68.27291666666667
1400,device_01,2025-11-06 17:34:00.118924,7,7,43,27.7,84.0,690.9,708,0.0,58.28775,69.22583333333333
1401,device_05,2025-11-06 17:34:56.536966,5,5,152,25.3,88.3,541.8,493,0.0,57.88000000000001,68.26875
1402,device_01,2025-11-06 17:39:08.176319,6,7,43,27.2,84.0,696.4,715,0.0,58.30108333333334,69.14425
1403,device_05,2025-11-06 17:40:03.255893,5,6,149,25.2,88.4,523.2,467,0.0,57.88000000000001,68.27291666666667
1404,device_01,2025-11-06 17:44:18.477189,6,6,44,27.1,84.0,689.7,707,0.0,58.316916666666664,69.13550000000001
1405,device_05,2025-11-06 17:45:10.053919,6,6,152,25.3,88.4,544.1,493,0.0,57.88000000000001,68.26875
1406,device_01,2025-11-06 17:49:27.272538,7,7,43,27.4,84.2,672.6,685,0.0,57.963333333333345,69.15341666666666
1407,device_05,2025-11-06 17:50:16.703614,3,3,149,25.2,88.6,550.0,498,0.0,57.88000000000001,68.27291666666666
1408,device_01,2025-11-06 17:54:36.216901,7,8,43,26.6,85.7,681.1,695,0.0,57.652500000000025,68.94525000000002
1409,device_05,2025-11-06 17:55:23.358462,5,5,150,25.2,88.8,536.0,484,0.0,57.88000000000001,68.27291666666667
1410,device_01,2025-11-06 17:59:44.868734,5,5,45,26.3,85.8,688.3,705,0.0,57.654166666666676,68.44425000000003
1411,device_05,2025-11-06 18:00:30.1078,6,6,152,25.2,88.8,551.1,502,0.0,57.88000000000001,68.26875
1412,device_01,2025-11-06 18:04:53.972688,5,5,43,26.5,85.2,682.5,697,0.0,57.652500000000025,68.60875000000003
1413,device_05,2025-11-06 18:05:37.246538,3,3,154,25.3,88.7,557.8,507,0.0,57.88000000000001,68.27833333333334
1414,device_02,2025-11-06 18:06:25.53398,4,4,1051,26.2,85.2,748.6,738,0.0,57.06541666666662,67.26125000000003
1415,device_01,2025-11-06 18:10:02.455757,5,5,44,27.4,84.2,686.3,705,0.0,57.76500000000001,69.12591666666667
1416,device_05,2025-11-06 18:10:45.02748,2,2,148,25.3,88.4,545.8,495,0.0,57.88000000000001,68.27291666666667
1417,device_01,2025-11-06 18:15:11.510879,6,8,42,26.6,84.8,691.7,709,0.0,58.20191666666667,68.94900000000001
1418,device_05,2025-11-06 18:15:52.000146,3,3,151,25.3,88.3,551.4,506,0.0,57.88000000000001,68.27291666666667
1419,device_01,2025-11-06 18:20:23.045456,5,5,42,26.6,85.0,691.8,708,0.0,58.20108333333333,68.94900000000001
1420,device_05,2025-11-06 18:20:59.434979,2,2,149,25.3,88.2,553.3,505,0.0,57.88000000000001,68.27291666666667
1421,device_02,2025-11-06 18:22:46.716956,2,2,1044,26.2,85.2,741.3,735,0.0,56.975833333333284,67.26125000000003
1422,device_01,2025-11-06 18:25:34.02597,5,5,45,26.4,85.0,680.2,697,0.0,57.67500000000002,68.47258333333336
1423,device_05,2025-11-06 18:26:06.265446,4,4,147,25.3,88.1,531.2,477,0.0,57.88000000000001,68.27291666666667
1424,device_01,2025-11-06 18:30:42.355065,6,7,44,26.6,85.0,689.9,708,0.0,58.20108333333333,68.94900000000001
1425,device_05,2025-11-06 18:31:13.073406,4,4,151,25.3,87.9,538.1,487,0.0,58.122083333333336,68.42875000000002
1426,device_02,2025-11-06 18:33:59.99227,4,4,1064,26.5,85.0,775.4,780,0.0,57.119999999999955,67.43750000000004
1427,device_01,2025-11-06 18:35:50.42585,4,4,43,26.7,85.0,689.7,709,0.0,58.20108333333333,68.98666666666668
1428,device_05,2025-11-06 18:36:19.52206,3,3,148,25.2,88.1,539.4,492,0.0,57.88000000000001,68.27291666666667
1429,device_01,2025-11-06 18:41:01.416108,5,5,43,26.6,85.0,690.4,708,0.0,58.20108333333333,68.94900000000001
1430,device_05,2025-11-06 18:41:26.282074,1,1,146,25.2,88.4,522.4,467,0.0,57.88000000000001,68.27291666666667
1431,device_02,2025-11-06 18:44:36.026468,4,4,1054,26.6,85.0,774.8,771,0.0,57.12916666666663,67.67875000000005
1432,device_01,2025-11-06 18:46:09.744177,6,6,45,26.4,85.0,676.0,688,0.0,57.94500000000003,68.51050000000001
1433,device_05,2025-11-06 18:46:33.085553,2,2,148,25.2,88.4,537.9,485,0.0,57.88,68.27291666666667
1434,device_02,2025-11-06 18:49:45.982224,3,4,1052,26.6,85.2,759.8,754,0.0,57.08999999999996,67.69291666666672
1435,device_01,2025-11-06 18:51:17.854266,3,3,46,26.3,85.0,659.3,667,0.0,57.92000000000001,68.45325
1436,device_05,2025-11-06 18:51:40.92081,2,2,146,25.2,88.4,528.0,474,0.0,57.88000000000001,68.27291666666667
1437,device_01,2025-11-06 18:56:26.120286,5,6,45,26.2,85.0,656.9,664,0.0,57.99583333333335,68.46575
1438,device_05,2025-11-06 18:56:48.126783,4,4,146,25.2,88.3,513.9,452,0.0,57.88000000000001,68.27291666666667
1439,device_02,2025-11-06 19:00:26.236057,6,7,1048,26.3,85.3,764.2,760,0.0,57.029583333333285,67.26125000000003
1440,device_01,2025-11-06 19:01:37.355216,5,5,43,26.5,84.8,666.0,676,0.0,57.90708333333336,68.65041666666666
1441,device_05,2025-11-06 19:01:54.54933,4,4,146,25.1,88.2,529.5,476,0.0,57.88000000000001,68.27291666666667
1442,device_01,2025-11-06 19:06:46.855864,5,5,42,26.5,84.7,675.9,689,0.0,57.9866666666667,68.64458333333334
1443,device_05,2025-11-06 19:07:01.330359,4,4,146,25.1,88.0,519.5,463,0.0,58.122083333333336,68.42875000000002
1444,device_02,2025-11-06 19:11:04.529088,5,5,1049,26.4,85.2,757.1,752,0.0,57.04249999999996,67.2979166666667
1445,device_01,2025-11-06 19:11:54.763916,6,6,43,26.5,84.0,659.2,669,0.0,58.052500000000016,68.66358333333332
1446,device_05,2025-11-06 19:12:08.06123,5,5,149,25.1,88.0,531.3,481,0.0,58.122083333333336,68.42875000000002
1447,device_01,2025-11-06 19:17:03.051451,5,5,42,26.6,83.2,656.9,664,0.0,58.09458333333336,69.01841666666664
1448,device_05,2025-11-06 19:17:16.308872,2,2,151,25.1,88.0,544.9,498,0.0,58.122083333333336,68.42875000000002
1449,device_01,2025-11-06 19:22:11.404071,4,4,43,26.5,83.0,670.5,682,0.0,58.05541666666669,68.66499999999999
1450,device_05,2025-11-06 19:22:23.395006,2,3,148,25.1,87.8,544.0,492,0.0,58.122083333333336,68.42875000000002
1451,device_02,2025-11-06 19:27:10.924416,3,3,1031,26.6,85.0,741.2,729,0.0,56.94374999999995,67.70375000000006
1452,device_01,2025-11-06 19:27:22.400429,3,4,44,26.6,83.0,677.5,693,0.0,58.10000000000003,68.98608333333334
1453,device_05,2025-11-06 19:27:30.066514,3,3,142,25.0,87.7,538.5,486,0.0,58.06916666666667,68.47125000000001
1454,device_01,2025-11-06 19:32:33.635819,4,4,43,26.4,83.3,666.8,676,0.0,58.005000000000024,68.49841666666666
1455,device_05,2025-11-06 19:32:37.379413,0,0,143,25.1,87.8,532.5,480,0.0,58.122083333333336,68.42875000000002
1456,device_02,2025-11-06 19:37:43.25795,0,2,1041,26.4,84.7,772.5,768,0.0,57.104583333333295,67.3041666666667
1457,device_05,2025-11-06 19:37:44.221947,0,1,146,25.1,87.7,539.9,491,0.0,58.06916666666667,68.47125000000001
1458,device_01,2025-11-06 19:37:44.553411,4,5,41,27.2,83.0,680.1,695,0.0,57.857500000000016,69.14841666666666
1459,device_05,2025-11-06 19:42:51.599979,0,0,145,25.1,87.8,546.4,497,0.0,58.122083333333336,68.42875000000002
1460,device_01,2025-11-06 19:42:52.880503,3,3,43,26.9,83.5,677.5,692,0.0,58.09375000000003,69.14533333333334
1461,device_05,2025-11-06 19:47:59.159389,0,0,148,25.1,88.0,552.5,502,0.0,58.122083333333336,68.42875000000002
1462,device_01,2025-11-06 19:48:00.51876,6,6,41,27.2,83.0,668.0,679,0.0,58.04083333333336,69.17174999999997
1463,device_05,2025-11-06 19:53:06.596251,0,0,155,25.2,88.0,557.7,513,0.0,58.122083333333336,68.43416666666668
1464,device_01,2025-11-06 19:53:08.524982,14,15,40,26.6,83.8,677.9,691,0.0,58.067500000000024,68.98191666666666
1465,device_05,2025-11-06 19:58:14.132789,1,1,153,25.2,88.0,545.9,495,0.0,58.122083333333336,68.42458333333335
1466,device_05,2025-11-06 20:03:21.32391,2,2,144,25.1,88.2,517.4,461,0.0,57.88000000000001,68.27291666666667
1467,device_01,2025-11-06 20:03:29.772788,5,5,43,26.6,85.0,671.2,684,0.0,57.914583333333354,68.97233333333332
1468,device_05,2025-11-06 20:08:28.317391,0,0,152,25.0,88.5,543.0,491,0.0,57.88000000000001,68.26875
1469,device_01,2025-11-06 20:08:38.83166,3,3,43,26.4,85.8,668.2,680,0.0,57.83208333333335,68.47925000000001
1470,device_05,2025-11-06 20:13:36.190668,1,1,150,25.1,88.8,550.3,499,0.0,57.88000000000001,68.27291666666667
1471,device_01,2025-11-06 20:13:47.347704,3,3,43,26.3,86.0,668.1,678,0.0,57.84000000000001,68.45466666666667
1472,device_05,2025-11-06 20:18:43.975449,1,1,147,25.1,88.8,552.0,501,0.0,57.88000000000001,68.27291666666667
1473,device_01,2025-11-06 20:18:55.046007,3,3,43,26.4,86.0,668.4,679,0.0,57.83208333333335,68.47925000000001
1474,device_05,2025-11-06 20:23:51.860398,0,0,147,25.1,88.8,544.0,493,0.0,57.88000000000001,68.27291666666667
1475,device_01,2025-11-06 20:24:03.765701,3,3,45,26.4,86.0,656.8,663,0.0,58.18000000000003,68.59575000000001
1476,device_05,2025-11-06 20:28:59.606589,1,1,146,25.1,88.8,542.6,494,0.0,57.88000000000001,68.27291666666666
1477,device_01,2025-11-06 20:29:12.598755,2,2,44,26.3,86.0,646.2,650,0.0,58.15333333333336,68.78975
1478,device_05,2025-11-06 20:34:07.337611,1,1,144,25.1,89.2,527.0,472,0.0,57.88000000000001,68.27291666666667
1479,device_01,2025-11-06 20:34:21.25111,3,3,41,26.7,86.5,632.3,632,0.0,58.18083333333336,69.33199999999997
1480,device_05,2025-11-06 20:39:15.156014,1,1,145,25.0,89.5,524.4,472,0.0,57.88000000000001,68.27291666666667
1481,device_01,2025-11-06 20:39:29.766809,4,4,40,26.3,87.0,646.9,651,0.0,58.49583333333336,68.95849999999997
1482,device_05,2025-11-06 20:44:22.605494,0,0,142,25.1,89.5,524.9,468,0.0,57.88000000000001,68.27291666666667
1483,device_01,2025-11-06 20:44:38.407921,3,4,44,26.4,86.5,634.4,635,0.0,58.15083333333336,68.85891666666666
1484,device_05,2025-11-06 20:49:29.876539,0,0,144,25.1,89.6,530.9,477,0.0,57.88000000000001,68.27291666666667
1485,device_01,2025-11-06 20:49:49.549658,4,4,44,26.4,86.2,644.6,648,0.0,58.15000000000003,68.81433333333334
1486,device_05,2025-11-06 20:54:37.203084,0,0,143,25.1,89.7,522.8,471,0.0,57.88000000000001,68.27291666666667
1487,device_01,2025-11-06 20:54:59.98343,1,2,45,26.2,86.0,641.2,646,0.0,58.20125000000003,68.78975
1488,device_05,2025-11-06 20:59:45.798101,0,0,141,25.1,89.8,510.5,451,0.0,57.88000000000001,68.27291666666667
1489,device_01,2025-11-06 21:00:08.072736,3,3,44,26.4,86.0,647.0,652,0.0,58.15000000000003,68.81433333333334
1490,device_05,2025-11-06 21:04:53.389641,0,0,143,25.1,89.8,521.9,467,0.0,57.88000000000001,68.27291666666667
1491,device_01,2025-11-06 21:05:17.088722,2,2,43,26.4,86.0,648.6,654,0.0,58.17125000000003,68.74558333333334
1492,device_05,2025-11-06 21:10:01.180414,0,0,142,25.1,89.8,516.8,459,0.0,57.88000000000001,68.27291666666667
1493,device_01,2025-11-06 21:10:25.153895,2,2,44,26.4,86.0,657.1,664,0.0,57.87583333333335,68.47366666666667
1494,device_05,2025-11-06 21:15:08.228697,2,2,144,25.1,89.8,514.8,461,0.0,57.88000000000001,68.27291666666667
1495,device_01,2025-11-06 21:15:33.207212,3,3,43,26.2,86.0,649.6,654,0.0,58.235416666666694,68.721
1496,device_05,2025-11-06 21:20:15.580763,1,1,147,25.0,89.8,515.4,461,0.0,57.88000000000001,68.27291666666667
1497,device_01,2025-11-06 21:20:41.193438,4,4,44,26.4,86.0,631.0,631,0.0,58.30625000000003,68.89433333333335
1498,device_05,2025-11-06 21:25:23.682999,1,1,146,25.1,89.8,518.9,462,0.0,57.88000000000001,68.27291666666667
1499,device_01,2025-11-06 21:25:56.915931,6,6,43,26.5,86.7,654.9,661,0.0,58.446666666666694,68.89649999999999
1500,device_05,2025-11-06 21:30:31.366744,0,0,146,25.1,90.1,513.5,456,0.0,57.88000000000001,68.27291666666667
1501,device_01,2025-11-06 21:31:05.585937,2,3,44,26.2,86.3,660.9,672,0.0,57.96166666666669,68.49866666666665
1502,device_05,2025-11-06 21:35:39.965022,1,1,147,25.0,90.2,514.9,456,0.0,57.88000000000001,68.27291666666667
1503,device_01,2025-11-06 21:36:13.598551,5,5,43,26.2,86.0,654.9,662,0.0,58.22666666666669,68.56616666666669
1504,device_05,2025-11-06 21:40:50.142719,2,2,161,25.0,90.5,526.8,475,0.0,57.87666666666668,68.2775
1505,device_01,2025-11-06 21:41:24.508221,3,3,44,26.6,86.8,642.7,646,0.0,58.516666666666694,69.40516666666663
1506,device_05,2025-11-06 21:45:57.707551,2,2,168,25.0,90.4,541.8,492,0.0,57.87666666666668,68.2775
1507,device_01,2025-11-06 21:46:32.723889,4,4,44,26.5,87.0,637.5,641,0.0,58.50291666666671,69.12133333333331
1508,device_05,2025-11-06 21:51:04.651459,7,7,174,25.0,90.3,541.0,492,0.0,57.87666666666668,68.2775
1509,device_01,2025-11-06 21:51:40.52669,4,4,43,26.4,87.7,635.4,636,0.0,58.48833333333337,69.0205833333333
1510,device_05,2025-11-06 21:56:11.823582,8,9,180,25.0,90.3,551.7,507,0.0,57.87666666666668,68.2775
1511,device_01,2025-11-06 21:56:48.664589,5,5,45,26.4,88.0,626.3,625,0.0,58.724583333333385,69.14724999999999
1512,device_05,2025-11-06 22:01:18.949223,9,9,183,25.0,90.5,552.8,511,0.0,57.87666666666668,68.2775
1513,device_01,2025-11-06 22:01:59.713477,6,6,43,26.5,88.2,635.4,636,0.0,58.42541666666671,69.00966666666665
1514,device_05,2025-11-06 22:06:26.626912,12,12,173,25.1,90.8,547.3,499,0.0,57.87666666666668,68.2775
1515,device_05,2025-11-06 22:11:34.298412,7,7,180,25.1,90.8,545.1,491,0.0,57.87666666666668,68.2775
1516,device_05,2025-11-06 22:16:41.463248,8,8,180,25.1,91.2,532.3,482,0.0,57.87666666666668,68.2775
1517,device_05,2025-11-06 22:21:48.877817,8,8,177,25.1,91.4,530.6,480,0.0,57.87666666666668,68.2775
1518,device_05,2025-11-06 22:26:56.750932,7,7,185,25.2,91.7,550.0,502,0.0,57.87666666666668,68.2775
1519,device_05,2025-11-06 22:32:05.40612,8,8,183,25.3,91.6,539.5,493,0.0,57.87666666666668,68.2775
1520,device_05,2025-11-06 22:37:13.739429,2,4,174,25.3,91.4,552.4,507,0.0,57.87666666666668,68.2775
1521,device_05,2025-11-06 22:42:22.242762,4,5,170,25.3,91.2,554.9,508,0.0,57.87666666666668,68.2775
1522,device_05,2025-11-06 22:47:31.782359,5,5,170,25.4,91.2,540.8,491,0.0,57.87666666666668,68.2775
1523,device_03,2025-11-12 13:44:36.509179,0,0,0,23.4,40.7,142.0,0,0.0,58.408166666666695,68.85666666666668
1524,device_03,2025-11-12 13:45:36.031473,0,0,0,25.5,44.6,142.0,0,0.0,58.408166666666695,68.85666666666668
1525,device_03,2025-11-12 13:46:36.756763,0,0,0,25.4,44.2,142.0,0,0.0,58.408166666666695,68.85666666666668
1526,device_03,2025-11-12 13:47:36.184034,0,0,0,25.6,44.1,142.0,0,0.0,58.408166666666695,68.85666666666668
1527,device_03,2025-11-12 13:48:36.304409,0,0,0,25.4,44.0,142.0,0,0.0,58.408166666666695,68.8566666666667
1528,device_03,2025-11-12 13:49:36.165597,0,0,0,25.5,44.0,142.0,0,0.0,58.408166666666695,68.85666666666668
1529,device_03,2025-11-12 13:50:35.937645,0,0,393,25.4,44.0,833.6,907,0.0,58.14016666666661,67.45408333333339
1530,device_03,2025-11-12 13:51:36.960441,0,0,2038,25.5,43.9,1390.0,1548,0.0,58.72158333333327,67.77291666666676
1531,device_03,2025-11-12 13:52:35.953684,0,0,883,25.6,43.7,1260.8,1392,0.0,58.64116666666661,67.84125000000009
1532,device_01,2025-11-12 13:56:50.885197,30,35,161,24.5,38.3,871.0,946,0.0,58.68683333333332,68.26850000000005
1533,device_02,2025-11-12 14:00:52.099205,6,6,1067,23.4,40.8,916.6,951,0.0,58.521166666666595,67.7400000000001
1534,device_02,2025-11-12 14:01:51.880797,0,0,1069,25.4,44.0,875.7,894,0.0,58.04533333333328,67.48125000000009
1535,device_04,2025-11-12 14:08:26.917997,21,22,175,24.5,46.0,1075.1,1141,0.0,58.823916666666626,68.00016666666674
1536,device_05,2025-11-12 14:12:15.495027,29,31,759,24.0,50.0,806.3,794,0.0,57.18458333333329,67.26458333333335
1537,device_01,2025-11-12 14:18:43.941337,29,31,165,23.4,38.5,1149.5,1300,0.0,58.754333333333314,68.06058333333337
1538,device_02,2025-11-12 14:19:10.169458,2,2,1075,24.3,37.6,1004.4,1052,0.0,58.64116666666661,67.84125000000009
1539,device_03,2025-11-12 14:19:35.547235,20,20,610,23.4,39.3,1280.2,1413,0.0,58.77083333333328,67.91391666666675
1540,device_01,2025-11-12 14:19:43.588423,40,41,112,25.9,42.0,1007.1,1115,0.0,59.72225,68.84849999999999
1541,device_02,2025-11-12 14:20:10.283478,1,1,1078,26.5,41.0,877.8,898,0.0,58.00491666666662,67.7800000000001
1542,device_04,2025-11-12 14:20:32.239712,17,17,81,24.8,46.9,1227.2,1322,0.0,58.83141666666663,68.00475000000007
1543,device_03,2025-11-12 14:20:35.391221,27,27,480,25.5,42.1,1119.6,1216,0.0,58.7630833333333,67.93641666666673
1544,device_01,2025-11-12 14:20:43.610836,0,0,105,26.4,42.0,952.9,1046,0.0,58.71683333333329,68.1668333333334
1545,device_05,2025-11-12 14:20:53.272927,15,15,801,22.7,52.7,1022.8,1087,0.0,58.64116666666661,67.84125000000009
1546,device_02,2025-11-12 14:21:10.232973,0,0,1087,26.5,41.0,861.0,877,0.0,57.942166666666616,67.80516666666675
1547,device_04,2025-11-12 14:21:30.893587,20,20,30,24.8,47.0,1130.8,1203,0.0,59.549833333333346,68.6308333333334
1548,device_03,2025-11-12 14:21:35.316753,0,0,421,25.5,42.0,1048.4,1124,0.0,58.80183333333328,67.9168333333334
1549,device_01,2025-11-12 14:34:52.041613,20,20,108,24.2,40.8,887.8,964,0.0,58.67099999999995,67.90558333333341
1550,device_01,2025-11-12 14:35:52.21532,0,0,87,26.5,45.0,819.2,873,0.0,57.22183333333329,67.62683333333337
1551,device_03,2025-11-12 14:36:04.938181,6,6,379,24.3,39.4,923.4,969,0.0,58.71183333333327,67.81725000000007
1552,device_02,2025-11-12 14:36:45.690944,2,2,1080,25.2,39.7,941.3,975,0.0,58.588666666666604,67.80333333333343
1553,device_01,2025-11-12 14:36:52.062532,0,0,81,26.7,45.0,809.1,863,0.0,57.06124999999995,67.81916666666667
1554,device_03,2025-11-12 14:37:01.227183,0,0,329,26.3,43.0,829.6,854,0.0,57.065833333333266,67.27916666666673
1555,device_04,2025-11-12 14:37:24.801004,20,21,100,25.8,48.7,1132.2,1205,0.0,58.83141666666663,68.00475000000007
1556,device_02,2025-11-12 14:37:45.16935,0,0,1093,27.5,44.0,857.2,867,0.0,57.259999999999934,68.00083333333342
1557,device_01,2025-11-12 14:37:53.41384,0,0,82,27.5,44.0,802.8,852,0.0,57.04208333333329,67.76625000000004
1558,device_03,2025-11-12 14:38:03.305406,0,0,309,26.4,43.0,804.7,824,0.0,57.104583333333274,67.3379166666667
1559,device_04,2025-11-12 14:38:23.499681,0,0,116,25.8,49.0,1040.9,1095,0.0,58.83141666666663,68.00475000000007
1560,device_05,2025-11-12 14:38:25.062589,8,8,591,24.1,55.1,878.6,901,0.0,58.35933333333328,67.56225000000006
1561,device_02,2025-11-12 14:38:45.180343,0,0,1099,27.4,44.2,850.6,866,0.0,57.28333333333327,67.9687500000001
1562,device_01,2025-11-12 14:38:51.467328,0,0,81,27.5,44.0,791.7,838,0.0,57.06791666666663,67.75416666666672
1563,device_03,2025-11-12 14:39:00.747071,0,0,296,26.4,44.0,798.7,815,0.0,57.10666666666661,67.33375000000005
1564,device_04,2025-11-12 14:39:23.49463,0,0,104,25.8,49.0,1009.4,1056,0.0,58.83141666666663,68.00475000000007
1565,device_05,2025-11-12 14:39:25.090564,0,0,439,24.5,54.6,790.6,793,0.0,57.294583333333286,67.23916666666672
1566,device_02,2025-11-12 14:39:45.090263,0,0,1103,27.5,44.0,846.0,855,0.0,57.24416666666661,67.79416666666678
1567,device_01,2025-11-12 14:39:51.25203,0,0,76,27.4,44.0,789.7,835,0.0,57.148749999999964,67.74333333333338
1568,device_03,2025-11-12 14:40:00.709908,0,0,287,26.5,44.0,792.0,807,0.0,57.0033333333333,67.42083333333338
1569,device_04,2025-11-12 14:40:23.614808,0,0,89,26.1,49.0,983.7,1026,0.0,58.838083333333294,68.1343333333334
1570,device_05,2025-11-12 14:40:25.226576,0,0,374,24.7,53.7,756.5,755,0.0,57.33624999999996,67.22958333333338
1571,device_02,2025-11-12 14:40:45.67469,0,0,1101,27.3,44.0,832.3,842,0.0,57.0916666666666,67.69166666666676
1572,device_01,2025-11-12 14:40:51.320844,13,16,75,27.4,44.0,783.5,828,0.0,57.20791666666663,67.76208333333338
1573,device_03,2025-11-12 14:41:00.77532,0,0,278,26.5,44.0,783.1,797,0.0,57.09124999999995,67.41875000000005
1574,device_04,2025-11-12 14:41:23.501661,0,0,81,26.2,49.0,954.5,991,0.0,58.78141666666663,68.14433333333339
1575,device_05,2025-11-12 14:41:25.050585,0,0,332,24.8,53.3,726.7,720,0.0,57.03916666666662,67.23291666666672
1576,device_02,2025-11-12 14:41:45.146491,0,0,1101,27.5,44.0,829.5,838,0.0,57.10166666666662,67.70458333333342
1577,device_01,2025-11-12 14:41:51.29046,0,0,78,27.4,44.0,772.8,815,0.0,57.207916666666634,67.76416666666671
1578,device_03,2025-11-12 14:42:01.431996,11,13,270,26.3,44.2,780.6,794,0.0,56.98624999999995,67.23500000000006
1579,device_04,2025-11-12 14:42:23.45483,0,0,74,26.2,49.6,944.9,979,0.0,58.78141666666663,68.11308333333339
1580,device_05,2025-11-12 14:42:24.950202,0,0,306,25.0,53.3,723.4,716,0.0,57.03916666666662,67.22416666666672
1581,device_02,2025-11-12 14:42:45.200663,0,0,1108,27.6,44.0,834.4,847,0.0,57.08249999999994,67.73833333333343
1582,device_01,2025-11-12 14:42:51.513577,0,0,78,27.4,44.0,770.0,810,0.0,57.20791666666663,67.76416666666671
1583,device_03,2025-11-12 14:43:01.281634,0,0,265,26.5,45.0,777.1,788,0.0,57.104999999999954,67.44250000000005
1584,device_04,2025-11-12 14:43:23.594202,0,0,69,26.2,50.0,929.8,960,0.0,58.73224999999995,68.0530833333334
1585,device_05,2025-11-12 14:43:24.937754,0,0,285,25.0,53.2,714.9,704,0.0,56.87124999999996,67.19083333333339
1586,device_02,2025-11-12 14:43:45.577934,0,0,1107,27.5,44.0,833.4,844,0.0,57.06958333333328,67.71958333333343
1587,device_01,2025-11-12 14:43:51.422504,14,16,75,27.4,44.0,768.7,810,0.0,57.20791666666663,67.76416666666671
1588,device_03,2025-11-12 14:44:00.78485,0,0,260,26.5,45.0,773.3,786,0.0,57.21499999999996,67.59250000000003
1589,device_04,2025-11-12 14:44:23.515151,0,0,64,26.6,50.0,920.2,951,0.0,58.64183333333327,68.44100000000007
1590,device_05,2025-11-12 14:44:25.208114,7,7,270,25.1,53.2,706.7,692,0.0,56.82624999999995,67.18416666666673
1591,device_02,2025-11-12 14:44:44.923801,0,0,1110,27.5,44.0,831.8,839,0.0,57.08583333333328,67.70458333333342
1592,device_01,2025-11-12 14:44:51.493275,0,0,71,27.3,44.0,781.7,824,0.0,57.21166666666662,67.75291666666672
1593,device_03,2025-11-12 14:45:00.875243,0,0,254,26.5,45.0,771.9,783,0.0,57.22541666666663,67.48875000000005
1594,device_04,2025-11-12 14:45:23.474834,0,0,59,26.7,50.0,910.7,935,0.0,58.61099999999994,68.46891666666671
1595,device_05,2025-11-12 14:45:24.934652,0,0,257,25.2,53.2,699.1,684,0.0,57.04749999999996,67.34416666666674
1596,device_02,2025-11-12 14:45:45.11928,0,0,1108,27.5,44.0,828.2,838,0.0,57.1016666666666,67.68250000000008
1597,device_01,2025-11-12 14:45:51.637575,0,0,68,27.5,44.0,780.0,822,0.0,57.201249999999966,67.77291666666672
1598,device_03,2025-11-12 14:46:00.768163,0,0,247,27.3,45.0,785.4,800,0.0,57.185416666666626,67.78083333333339
1599,device_04,2025-11-12 14:46:23.500726,0,0,56,26.7,50.0,902.1,925,0.0,58.60449999999994,68.46891666666671
1600,device_05,2025-11-12 14:46:24.919988,0,0,245,25.2,53.2,683.9,665,0.0,56.48916666666661,67.27291666666675
1601,device_02,2025-11-12 14:46:44.964564,0,0,1110,27.4,44.0,841.7,849,0.0,57.1316666666666,67.72833333333344
1602,device_01,2025-11-12 14:46:51.934198,0,0,67,27.4,44.0,776.3,820,0.0,57.20791666666663,67.76208333333338
1603,device_03,2025-11-12 14:47:00.725517,0,0,242,27.5,45.0,784.6,797,0.0,57.17541666666664,67.80083333333339
1604,device_04,2025-11-12 14:47:23.467611,0,0,49,26.7,50.0,909.2,934,0.0,59.04541666666662,69.07775000000008
1605,device_05,2025-11-12 14:47:24.943547,0,0,237,25.3,53.1,681.3,660,0.0,56.40374999999995,67.2525000000001
1606,device_02,2025-11-12 14:47:45.048591,0,0,1114,27.4,44.0,844.2,852,0.0,57.20208333333326,67.7829166666668
1607,device_01,2025-11-12 14:47:51.329943,0,0,67,27.5,44.0,775.6,816,0.0,57.201249999999966,67.77500000000005
1608,device_03,2025-11-12 14:48:00.668915,0,0,238,27.3,45.0,782.5,794,0.0,57.203749999999964,67.79416666666673
1609,device_04,2025-11-12 14:48:23.509199,0,0,47,26.7,50.0,904.2,927,0.0,59.40016666666665,69.09641666666674
1610,device_05,2025-11-12 14:48:25.081772,0,0,229,25.3,53.1,706.8,692,0.0,57.04749999999996,67.27375000000008
1611,device_02,2025-11-12 14:48:45.18973,0,0,1112,27.4,44.0,837.7,848,0.0,57.1316666666666,67.72833333333344
1612,device_01,2025-11-12 14:48:51.249535,0,0,66,27.4,44.0,773.0,814,0.0,57.20791666666663,67.76416666666671
1613,device_03,2025-11-12 14:49:00.757927,0,0,233,27.4,45.0,778.6,790,0.0,57.199999999999974,67.8033333333334
1614,device_04,2025-11-12 14:49:23.476936,0,0,42,26.7,50.0,894.5,918,0.0,59.329749999999976,69.09850000000007
1615,device_05,2025-11-12 14:49:24.911819,0,0,219,25.3,53.2,706.4,690,0.0,57.04749999999996,67.27375000000008
1616,device_02,2025-11-12 14:49:45.064534,0,0,1115,27.6,44.0,840.5,850,0.0,57.1329166666666,67.7425000000001
1617,device_01,2025-11-12 14:49:51.268813,0,0,65,27.5,44.0,769.5,810,0.0,57.201249999999966,67.77500000000005
1618,device_03,2025-11-12 14:50:00.929558,0,0,228,27.4,45.0,777.5,788,0.0,57.199999999999974,67.8033333333334
1619,device_04,2025-11-12 14:50:23.603363,0,0,41,27.0,50.0,890.2,912,0.0,59.23541666666665,69.09875000000008
1620,device_05,2025-11-12 14:50:24.944238,0,0,211,25.4,53.2,698.8,685,0.0,57.04749999999996,67.27375000000008
1621,device_02,2025-11-12 14:50:45.1785,0,0,1113,27.5,44.0,837.2,851,0.0,57.12999999999994,67.7425000000001
1622,device_01,2025-11-12 14:50:51.270662,0,0,65,27.5,44.0,768.6,809,0.0,57.201249999999966,67.77500000000005
1623,device_03,2025-11-12 14:51:03.831882,0,0,224,27.3,45.8,775.2,785,0.0,57.203749999999964,67.79625000000006
1624,device_04,2025-11-12 14:51:23.515668,0,0,37,27.1,50.0,887.1,906,0.0,59.19166666666665,69.07700000000008
1625,device_05,2025-11-12 14:51:24.921699,0,0,208,25.4,53.1,693.2,676,0.0,57.04749999999996,67.27375000000006
1626,device_02,2025-11-12 14:51:45.547361,0,0,1111,27.6,44.0,838.8,847,0.0,57.1329166666666,67.74166666666677
1627,device_01,2025-11-12 14:51:51.282028,0,0,64,27.5,44.0,765.1,804,0.0,57.201249999999966,67.78041666666671
1628,device_03,2025-11-12 14:52:00.917731,0,0,219,27.5,46.0,770.8,780,0.0,57.19374999999997,67.81625000000004
1629,device_04,2025-11-12 14:52:23.499248,0,0,39,27.1,50.0,882.4,903,0.0,59.19166666666665,69.08033333333341
1630,device_05,2025-11-12 14:52:24.886462,0,0,204,25.5,53.0,689.2,669,0.0,56.60083333333331,67.27583333333341
1631,device_02,2025-11-12 14:52:44.986419,0,0,1115,28.5,44.0,838.8,847,0.0,56.77958333333328,67.7825000000001
1632,device_01,2025-11-12 14:52:51.358297,0,0,62,27.5,44.0,763.1,802,0.0,57.199166666666635,67.78041666666671
1633,device_03,2025-11-12 14:53:01.545882,0,0,216,27.5,46.0,770.5,778,0.0,57.19374999999997,67.81625000000004
1634,device_04,2025-11-12 14:53:23.438717,0,0,36,27.1,50.0,876.8,895,0.0,59.087333333333326,69.08466666666675
1635,device_05,2025-11-12 14:53:25.108427,0,0,200,25.5,52.9,683.4,667,0.0,56.51958333333329,67.27291666666675
1636,device_02,2025-11-12 14:53:44.984983,0,0,1112,28.3,44.0,834.2,844,0.0,57.006249999999945,67.77416666666676
1637,device_01,2025-11-12 14:53:51.45725,0,0,62,27.6,43.9,762.3,801,0.0,57.199166666666635,67.78041666666671
1638,device_03,2025-11-12 14:54:00.879702,0,0,212,27.5,46.0,767.7,779,0.0,57.19374999999997,67.81625000000004
1639,device_04,2025-11-12 14:54:23.627586,0,0,32,27.1,50.0,871.5,888,0.0,58.98733333333334,69.06966666666675
1640,device_05,2025-11-12 14:54:25.032961,0,0,197,25.5,52.8,682.5,659,0.0,56.41458333333328,67.24833333333342
1641,device_02,2025-11-12 14:54:44.918963,0,0,1115,28.5,44.0,837.9,846,0.0,56.77958333333328,67.7825000000001
1642,device_01,2025-11-12 14:54:51.750221,0,0,62,28.4,43.1,761.4,799,0.0,57.14416666666664,67.81541666666669
1643,device_03,2025-11-12 14:55:01.125287,0,0,208,27.6,46.0,763.9,771,0.0,57.191666666666634,67.81625000000004
1644,device_04,2025-11-12 14:55:23.646841,0,0,33,27.1,50.0,871.4,890,0.0,58.98733333333334,69.06841666666675
1645,device_05,2025-11-12 14:55:24.941904,0,0,194,25.6,52.7,677.3,655,0.0,56.729999999999954,67.30375000000008
1646,device_02,2025-11-12 14:55:45.575157,0,0,1114,28.5,44.0,831.8,842,0.0,56.771249999999945,67.73041666666673
1647,device_01,2025-11-12 14:55:51.323436,0,0,60,28.5,43.0,758.2,796,0.0,56.931666666666636,67.80250000000002
1648,device_03,2025-11-12 14:56:04.313124,0,0,205,27.5,46.0,767.6,775,0.0,57.193749999999966,67.81625000000004
1649,device_04,2025-11-12 14:56:23.507337,0,0,32,27.1,50.0,868.8,885,0.0,58.98733333333334,69.08300000000008
1650,device_05,2025-11-12 14:56:24.902352,0,0,192,25.7,52.6,673.3,654,0.0,56.71958333333331,67.29958333333339
1651,device_02,2025-11-12 14:56:45.667962,0,0,1115,28.5,44.0,833.9,840,0.0,56.76624999999994,67.75125000000008
1652,device_01,2025-11-12 14:56:51.395765,0,0,60,28.4,43.0,757.9,795,0.0,57.14333333333331,67.81250000000003
1653,device_03,2025-11-12 14:57:00.676625,0,0,202,27.5,46.0,760.5,767,0.0,57.191666666666634,67.81750000000005
1654,device_04,2025-11-12 14:57:23.476821,0,0,27,27.1,50.0,863.4,881,0.0,59.00266666666666,69.09216666666676
1655,device_05,2025-11-12 14:57:24.878168,0,0,189,25.8,52.5,673.2,646,0.0,56.71958333333331,67.29958333333339
1656,device_02,2025-11-12 14:57:44.95895,0,0,1114,28.5,43.9,834.5,842,0.0,56.75791666666662,67.77916666666675
1657,device_01,2025-11-12 14:57:51.516266,0,0,60,28.4,43.0,758.5,796,0.0,57.14333333333331,67.81250000000003
1658,device_03,2025-11-12 14:58:01.602283,0,0,199,27.6,46.0,760.5,767,0.0,57.191666666666634,67.81750000000005
1659,device_04,2025-11-12 14:58:23.525837,0,0,27,27.1,50.0,859.4,875,0.0,58.659833333333324,69.0340833333334
1660,device_05,2025-11-12 14:58:25.046145,0,0,188,25.8,52.4,669.8,648,0.0,56.67833333333332,67.28375000000005
1661,device_02,2025-11-12 14:58:45.022034,0,0,1110,28.3,43.4,830.7,839,0.0,57.022499999999944,67.75000000000007
1662,device_01,2025-11-12 14:58:51.263304,0,0,60,28.3,43.0,757.9,794,0.0,57.177499999999974,67.8066666666667
1663,device_03,2025-11-12 14:59:00.668477,0,0,196,27.4,46.0,761.1,768,0.0,57.197916666666636,67.80666666666673
1664,device_04,2025-11-12 14:59:23.465622,0,0,27,27.1,50.0,862.2,878,0.0,59.00116666666667,69.12691666666674
1665,device_05,2025-11-12 14:59:24.902964,0,0,186,25.8,52.4,666.1,643,0.0,56.68916666666665,67.2733333333334
1666,device_02,2025-11-12 14:59:45.0358,0,0,1114,28.4,43.0,829.4,840,0.0,56.982916666666625,67.76708333333342
1667,device_01,2025-11-12 14:59:51.827741,19,23,59,28.5,43.0,756.9,794,0.0,56.931666666666636,67.80583333333335
1668,device_03,2025-11-12 15:00:00.766166,0,0,194,27.5,46.0,761.3,771,0.0,57.191666666666634,67.81625000000004
1669,device_04,2025-11-12 15:00:24.388606,0,0,28,27.1,50.0,861.2,876,0.0,58.99575,69.14775000000007
1670,device_05,2025-11-12 15:00:24.92288,0,0,184,25.9,52.4,665.3,639,0.0,56.72291666666666,67.26333333333338
1671,device_02,2025-11-12 15:00:44.945695,0,0,1113,28.6,43.0,829.1,837,0.0,57.22791666666665,68.02666666666676
1672,device_01,2025-11-12 15:00:51.236635,0,0,58,28.5,43.0,755.4,792,0.0,56.92916666666663,67.80583333333335
1673,device_03,2025-11-12 15:01:00.743561,4,4,189,27.5,46.0,760.2,767,0.0,57.191666666666634,67.81750000000005
1674,device_04,2025-11-12 15:01:23.515278,0,0,26,27.4,50.0,853.7,867,0.0,58.40391666666665,68.98416666666674
1675,device_05,2025-11-12 15:01:24.939532,0,0,182,25.9,52.3,656.9,632,0.0,56.76499999999998,67.33125000000005
1676,device_02,2025-11-12 15:01:45.044043,0,0,1111,28.6,43.0,827.6,832,0.0,57.24749999999998,68.01375000000009
1677,device_01,2025-11-12 15:01:51.444235,0,0,58,28.5,43.0,756.1,791,0.0,56.929583333333305,67.80583333333335
1678,device_03,2025-11-12 15:02:01.143332,4,4,188,27.4,46.0,759.4,765,0.0,57.1970833333333,67.80375000000005
1679,device_04,2025-11-12 15:02:23.511428,3,4,26,27.6,50.0,853.8,866,0.0,58.395999999999994,68.99791666666674
1680,device_05,2025-11-12 15:02:24.91021,0,0,180,26.0,52.2,659.9,632,0.0,56.74916666666666,67.29500000000006
1681,device_02,2025-11-12 15:02:45.153203,0,0,1112,28.6,43.0,826.8,833,0.0,57.24999999999998,68.01375000000009
1682,device_01,2025-11-12 15:02:51.393768,0,0,57,28.4,43.0,755.4,792,0.0,57.14083333333331,67.81583333333336
1683,device_03,2025-11-12 15:03:00.691173,0,0,184,27.4,46.0,758.8,765,0.0,57.1970833333333,67.80375000000005
1684,device_04,2025-11-12 15:03:23.515755,0,0,25,27.6,50.0,855.3,867,0.0,58.395999999999994,68.99791666666674
1685,device_05,2025-11-12 15:03:25.081943,9,9,180,26.0,52.1,656.6,627,0.0,57.45291666666668,67.60875000000007
1686,device_02,2025-11-12 15:03:45.603167,0,0,1111,28.3,43.0,827.7,836,0.0,57.03958333333328,67.72791666666673
1687,device_01,2025-11-12 15:03:51.263482,0,0,57,28.4,43.0,752.1,788,0.0,57.14083333333331,67.81583333333336
1688,device_03,2025-11-12 15:04:02.41215,0,0,183,27.6,46.0,761.0,769,0.0,57.191666666666634,67.81750000000005
1689,device_04,2025-11-12 15:04:23.480778,0,0,25,27.6,50.0,852.0,864,0.0,58.396833333333326,68.99791666666674
1690,device_05,2025-11-12 15:04:25.049634,9,9,179,26.0,52.0,655.4,629,0.0,57.45291666666668,67.60875000000007
1691,device_02,2025-11-12 15:04:44.927938,0,0,1109,28.5,43.0,826.4,833,0.0,56.814166666666615,67.70500000000007
1692,device_01,2025-11-12 15:04:51.292268,0,0,54,28.4,43.0,752.6,789,0.0,57.14083333333331,67.81250000000003
1693,device_03,2025-11-12 15:05:00.654193,0,0,181,27.5,46.0,761.5,768,0.0,57.191666666666634,67.81750000000005
1694,device_04,2025-11-12 15:05:23.484368,0,0,22,27.6,50.0,846.4,858,0.0,58.40724999999998,68.89750000000006
1695,device_05,2025-11-12 15:05:24.894651,0,0,178,26.1,52.0,647.7,621,0.0,57.44875000000002,68.33875000000005
1696,device_02,2025-11-12 15:05:45.157774,0,0,1107,28.3,43.0,826.1,830,0.0,57.10499999999995,67.73208333333339
1697,device_01,2025-11-12 15:05:51.801154,0,0,48,28.4,43.0,741.8,773,0.0,58.29550000000001,68.93475000000004
1698,device_03,2025-11-12 15:06:00.753055,0,0,179,27.4,46.0,758.7,765,0.0,57.197083333333296,67.80375000000005
1699,device_04,2025-11-12 15:06:23.58093,0,0,21,27.6,50.0,848.4,862,0.0,58.40766666666666,68.90208333333341
1700,device_05,2025-11-12 15:06:24.88978,0,0,176,26.1,52.0,647.7,624,0.0,57.46875000000002,68.3341666666667
1701,device_02,2025-11-12 15:06:44.920768,0,0,1109,28.5,43.0,825.6,830,0.0,56.829166666666616,67.70916666666673
1702,device_01,2025-11-12 15:06:51.270616,0,0,48,28.4,43.0,741.4,773,0.0,58.295500000000004,68.93475000000004
1703,device_03,2025-11-12 15:07:02.418897,0,0,176,27.4,46.0,760.2,766,0.0,57.197916666666636,67.80666666666673
1704,device_04,2025-11-12 15:07:23.628803,0,0,21,27.6,50.0,844.9,856,0.0,58.38474999999998,68.89750000000006
1705,device_05,2025-11-12 15:07:24.92926,0,0,175,26.1,51.9,647.1,621,0.0,57.44875000000002,68.33875000000005
1706,device_02,2025-11-12 15:07:45.653876,0,0,1109,28.5,43.0,824.4,831,0.0,56.814166666666615,67.71500000000007
1707,device_01,2025-11-12 15:07:51.320715,0,0,48,28.6,43.0,737.6,767,0.0,58.65700000000003,69.16958333333338
1708,device_03,2025-11-12 15:08:01.404291,0,0,174,27.4,46.0,760.7,770,0.0,57.17833333333329,67.77541666666671
1709,device_04,2025-11-12 15:08:23.454954,0,0,21,27.6,50.0,843.5,859,0.0,58.37599999999998,68.89750000000006
1710,device_05,2025-11-12 15:08:24.909507,0,0,173,26.1,51.8,647.5,622,0.0,57.44875000000002,68.33875000000005
1711,device_02,2025-11-12 15:08:45.032504,0,0,1109,28.7,43.0,822.8,832,0.0,57.25749999999998,68.0375000000001
1712,device_01,2025-11-12 15:08:51.375682,0,0,49,28.6,43.0,742.7,774,0.0,58.130416666666676,69.14433333333336
1713,device_03,2025-11-12 15:09:00.888938,0,0,171,27.2,46.0,758.8,766,0.0,57.186666666666625,67.76458333333338
1714,device_04,2025-11-12 15:09:23.428567,0,0,19,27.6,50.0,839.3,849,0.0,58.27791666666665,68.86000000000006
1715,device_05,2025-11-12 15:09:24.885463,0,0,170,26.0,51.8,643.8,616,0.0,57.45416666666668,68.21458333333338
1716,device_02,2025-11-12 15:09:45.524489,0,0,1111,28.5,43.0,825.2,832,0.0,56.814166666666615,67.70916666666673
1717,device_01,2025-11-12 15:09:51.298216,0,0,48,28.5,43.0,739.9,772,0.0,58.22683333333333,68.9604166666667
1718,device_03,2025-11-12 15:10:00.687203,0,0,170,27.5,46.0,759.4,766,0.0,57.171249999999965,67.78750000000005
1719,device_04,2025-11-12 15:10:23.539723,0,0,20,27.6,50.0,842.0,852,0.0,58.274999999999984,68.86250000000007
1720,device_05,2025-11-12 15:10:24.951824,0,0,170,26.0,51.8,644.1,613,0.0,57.45416666666667,68.21458333333338
1721,device_02,2025-11-12 15:10:44.905307,0,0,1109,28.3,43.0,822.6,833,0.0,57.08499999999995,67.7533333333334
1722,device_01,2025-11-12 15:10:51.282301,0,0,48,28.6,43.0,735.3,766,0.0,58.61683333333337,69.17041666666671
1723,device_03,2025-11-12 15:11:01.752436,0,0,169,27.4,46.0,758.6,765,0.0,57.17749999999997,67.77666666666671
1724,device_04,2025-11-12 15:11:23.60347,0,0,21,27.6,50.0,844.2,853,0.0,58.34458333333333,68.8645833333334
1725,device_05,2025-11-12 15:11:24.886732,0,0,168,26.0,51.6,634.9,605,0.0,57.42833333333334,68.21458333333338
1726,device_02,2025-11-12 15:11:45.118058,0,0,1108,28.5,43.0,823.9,829,0.0,56.82041666666662,67.71500000000007
1727,device_01,2025-11-12 15:11:51.90662,0,0,48,28.3,43.0,738.2,770,0.0,58.310500000000005,68.9289166666667
1728,device_03,2025-11-12 15:12:00.687216,0,0,168,27.4,46.0,761.2,770,0.0,57.17833333333329,67.77833333333338
1729,device_04,2025-11-12 15:12:23.421594,0,0,18,27.6,50.0,841.1,849,0.0,58.27791666666666,68.86000000000004
1730,device_05,2025-11-12 15:12:24.924686,0,0,165,26.0,51.1,631.4,600,0.0,57.42833333333335,68.21458333333338
1731,device_02,2025-11-12 15:12:44.900267,0,0,1107,28.5,43.0,823.9,829,0.0,56.82041666666662,67.71500000000007
1732,device_01,2025-11-12 15:12:51.240084,0,0,47,28.6,43.0,733.1,764,0.0,58.586833333333374,69.17041666666671
1733,device_03,2025-11-12 15:13:00.80619,0,0,166,27.5,46.0,766.0,774,0.0,57.174166666666636,67.7891666666667
1734,device_04,2025-11-12 15:13:23.518735,0,0,18,27.6,50.0,832.6,842,0.0,58.254749999999994,68.85000000000005
1735,device_05,2025-11-12 15:13:24.928453,0,0,165,25.9,50.7,627.3,595,0.0,57.410833333333336,68.20625000000004
1736,device_02,2025-11-12 15:13:45.488181,0,0,1106,28.4,43.0,819.3,822,0.0,57.04708333333329,67.7708333333334
1737,device_01,2025-11-12 15:13:51.295711,0,0,48,28.4,43.0,733.7,764,0.0,58.22116666666667,68.93683333333337
1738,device_03,2025-11-12 15:14:01.035888,0,0,164,27.4,46.0,764.9,773,0.0,57.18041666666663,67.77833333333338
1739,device_04,2025-11-12 15:14:23.445293,0,0,18,27.6,50.0,834.9,843,0.0,58.27374999999999,68.86000000000006
1740,device_05,2025-11-12 15:14:25.134558,12,13,165,25.9,50.5,625.5,599,0.0,57.410833333333336,68.20625000000004
1741,device_02,2025-11-12 15:14:44.992776,0,0,1107,28.5,43.0,818.5,825,0.0,56.809583333333286,67.73500000000007
1742,device_01,2025-11-12 15:14:51.218714,0,0,48,28.5,43.0,736.3,767,0.0,58.233500000000014,68.96250000000003
1743,device_03,2025-11-12 15:15:00.762803,0,0,160,27.6,46.0,762.8,770,0.0,57.172083333333305,67.79083333333338
1744,device_04,2025-11-12 15:15:23.451928,0,0,19,27.6,50.0,842.5,855,0.0,58.34458333333332,68.8645833333334
1745,device_05,2025-11-12 15:15:25.104265,12,12,166,25.9,50.6,628.2,598,0.0,57.410833333333336,68.20625000000004
1746,device_02,2025-11-12 15:15:44.948075,0,0,1107,28.6,43.0,819.3,830,0.0,57.24874999999997,68.04375000000009
1747,device_01,2025-11-12 15:15:51.868154,0,0,50,28.5,43.0,745.9,777,0.0,57.17166666666663,67.70333333333336
1748,device_03,2025-11-12 15:16:00.889438,0,0,159,27.3,46.0,764.9,770,0.0,57.19666666666662,67.77083333333339
1749,device_04,2025-11-12 15:16:23.499817,0,0,19,27.6,50.0,842.4,851,0.0,58.33399999999999,68.86441666666673
1750,device_05,2025-11-12 15:16:24.924528,0,0,167,25.9,50.7,630.9,602,0.0,57.41083333333333,68.20625000000004
1751,device_02,2025-11-12 15:16:44.90092,0,0,1109,28.5,43.0,823.8,833,0.0,56.81416666666661,67.71500000000009
1752,device_01,2025-11-12 15:16:51.290224,0,0,49,28.4,43.0,744.6,777,0.0,57.87849999999997,68.91075000000002
1753,device_03,2025-11-12 15:17:00.680638,0,0,157,27.2,46.0,761.7,771,0.0,57.201666666666625,67.77208333333338
1754,device_04,2025-11-12 15:17:23.536835,0,0,17,27.6,49.3,843.2,853,0.0,58.34458333333332,68.8645833333334
1755,device_05,2025-11-12 15:17:24.910863,0,0,166,25.9,50.9,632.4,604,0.0,57.410833333333336,68.20625000000004
1756,device_02,2025-11-12 15:17:45.119937,0,0,1110,28.3,43.0,824.2,835,0.0,57.046249999999944,67.73875000000007
1757,device_01,2025-11-12 15:17:51.884796,0,0,50,28.4,43.0,747.9,783,0.0,57.369166666666636,67.7029166666667
1758,device_03,2025-11-12 15:18:00.804271,0,0,156,27.4,46.0,763.7,774,0.0,57.195833333333304,67.78125000000006
1759,device_04,2025-11-12 15:18:23.444678,0,0,18,27.6,49.0,842.7,852,0.0,58.33399999999999,68.85900000000007
1760,device_05,2025-11-12 15:18:24.923965,0,0,167,25.9,51.1,635.2,604,0.0,57.410833333333336,68.20625000000004
1761,device_02,2025-11-12 15:18:45.148696,0,0,1108,28.5,43.0,827.2,836,0.0,56.80208333333328,67.70500000000007
1762,device_01,2025-11-12 15:18:51.246617,0,0,51,28.4,43.0,748.1,784,0.0,57.1120833333333,67.66333333333336
1763,device_03,2025-11-12 15:19:00.691694,0,0,154,27.1,46.0,764.6,773,0.0,57.22333333333329,67.77000000000004
1764,device_04,2025-11-12 15:19:23.47842,0,0,16,27.6,49.0,842.7,851,0.0,58.33399999999999,68.86441666666673
1765,device_05,2025-11-12 15:19:24.906579,0,0,167,25.9,51.3,634.7,603,0.0,57.410833333333336,68.20625000000004
1766,device_02,2025-11-12 15:19:44.943795,0,0,1111,28.4,43.0,829.3,834,0.0,57.020833333333286,67.76375000000007
1767,device_01,2025-11-12 15:19:51.46887,0,0,49,28.6,43.0,746.7,780,0.0,58.11333333333334,69.14433333333336
1768,device_03,2025-11-12 15:20:00.832954,0,0,153,27.3,46.0,766.9,776,0.0,57.20416666666662,67.75625000000005
1769,device_04,2025-11-12 15:20:23.7155,0,0,17,27.6,49.0,840.7,851,0.0,58.274999999999984,68.86000000000006
1770,device_05,2025-11-12 15:20:24.937616,0,0,167,25.9,51.4,634.0,604,0.0,57.410833333333336,68.20625000000004
1771,device_02,2025-11-12 15:20:44.984471,0,0,1107,28.5,43.0,827.0,835,0.0,56.793749999999946,67.70500000000007
1772,device_01,2025-11-12 15:20:51.411947,0,0,49,28.4,43.0,748.2,782,0.0,57.870166666666634,68.91075000000002
1773,device_03,2025-11-12 15:21:03.833435,0,0,151,27.6,46.0,763.1,772,0.0,57.199166666666635,67.78041666666671
1774,device_04,2025-11-12 15:21:23.449933,0,0,16,27.6,49.0,839.5,849,0.0,58.27791666666665,68.86000000000006
1775,device_05,2025-11-12 15:21:24.90988,0,0,168,25.9,51.3,633.4,603,0.0,57.410833333333336,68.20625000000004
1776,device_02,2025-11-12 15:21:44.968514,0,0,1109,28.7,42.9,827.0,833,0.0,57.25249999999998,68.01375000000009
1777,device_01,2025-11-12 15:21:51.885463,0,0,50,28.4,43.0,749.1,783,0.0,57.374999999999964,67.7029166666667
1778,device_03,2025-11-12 15:22:00.677233,0,0,149,27.4,46.0,765.5,773,0.0,57.20791666666663,67.76958333333337
1779,device_04,2025-11-12 15:22:23.479318,0,0,16,27.6,49.0,839.6,850,0.0,58.27791666666665,68.86000000000006
1780,device_05,2025-11-12 15:22:24.912564,0,0,167,25.9,51.3,631.8,602,0.0,57.410833333333336,68.20625000000004
1781,device_02,2025-11-12 15:22:44.93868,0,0,1109,29.3,42.2,826.9,833,0.0,57.396666666666654,68.04091666666676
1782,device_01,2025-11-12 15:22:51.284053,0,0,50,28.5,43.0,747.4,782,0.0,57.17166666666663,67.70333333333336
1783,device_03,2025-11-12 15:23:00.907068,6,6,147,27.4,46.0,765.8,774,0.0,57.20791666666663,67.76958333333337
1784,device_04,2025-11-12 15:23:23.657019,0,0,16,27.6,49.0,839.2,852,0.0,58.274999999999984,68.8545833333334
1785,device_05,2025-11-12 15:23:24.906575,0,0,167,25.9,51.3,634.3,602,0.0,57.41083333333333,68.20625000000004
1786,device_02,2025-11-12 15:23:44.975931,0,1,1107,29.6,42.0,825.7,835,0.0,57.373749999999994,68.04925000000009
1787,device_03,2025-11-12 15:24:01.500675,0,0,148,27.5,46.0,766.8,775,0.0,57.201249999999966,67.78041666666671
1788,device_04,2025-11-12 15:24:23.492312,0,0,15,27.6,49.0,840.2,851,0.0,58.274999999999984,68.86000000000006
1789,device_05,2025-11-12 15:24:24.946865,0,0,168,25.9,51.3,633.0,602,0.0,57.410833333333336,68.20625000000004
1790,device_02,2025-11-12 15:24:44.897069,0,0,1108,29.5,42.0,827.5,834,0.0,57.39416666666665,68.04091666666676
1791,device_04,2025-11-12 15:25:23.461195,0,0,18,27.6,49.0,835.7,845,0.0,58.27791666666665,68.86000000000006
1792,device_05,2025-11-12 15:25:25.232212,0,0,168,25.9,51.4,632.1,602,0.0,57.410833333333336,68.20625000000004
1793,device_05,2025-11-12 15:26:25.131201,0,0,169,26.0,51.5,630.9,599,0.0,57.42833333333334,68.21458333333338
1794,device_01,2025-11-12 15:28:51.24173,0,0,44,28.5,43.0,753.6,788,0.0,58.258083333333346,68.96125000000002
1795,device_01,2025-11-12 15:29:51.270879,0,0,50,28.4,43.0,750.6,783,0.0,57.374999999999964,67.70458333333336
1796,device_03,2025-11-12 15:30:00.84344,0,0,134,27.4,46.0,744.7,748,0.0,57.161666666666626,67.77833333333338
1797,device_02,2025-11-12 15:30:44.916085,0,0,1110,28.5,42.0,824.5,833,0.0,56.814166666666615,67.71500000000007
1798,device_01,2025-11-12 15:30:51.79325,0,0,51,28.5,43.0,748.1,782,0.0,56.90041666666662,67.65333333333334
1799,device_03,2025-11-12 15:31:00.621329,0,0,136,27.5,46.0,740.8,743,0.0,57.025833333333296,67.78916666666672
1800,device_04,2025-11-12 15:31:23.473516,0,0,11,27.6,49.0,832.8,841,0.0,58.254749999999994,68.86000000000006
1801,device_02,2025-11-12 15:31:45.072584,0,0,1106,28.5,42.0,807.5,808,0.0,56.82624999999995,67.74500000000006
1802,device_01,2025-11-12 15:31:51.370586,0,0,51,28.3,43.0,747.0,784,0.0,57.1508333333333,67.65750000000001
1803,device_03,2025-11-12 15:32:00.76602,0,0,133,27.6,46.0,736.4,735,0.0,57.028749999999974,67.79083333333338
1804,device_04,2025-11-12 15:32:23.514669,0,0,14,27.6,49.0,828.4,835,0.0,58.278499999999994,68.82458333333338
1805,device_05,2025-11-12 15:32:25.167319,0,0,158,26.0,52.0,623.8,589,0.0,57.44000000000001,68.21833333333339
1806,device_02,2025-11-12 15:32:45.054546,0,0,1103,28.4,42.0,800.5,801,0.0,57.06541666666662,67.76666666666672
1807,device_01,2025-11-12 15:32:51.357287,0,0,50,28.6,43.0,746.5,781,0.0,57.58308333333333,67.97083333333336
1808,device_03,2025-11-12 15:33:00.62424,0,0,134,27.4,45.5,731.1,731,0.0,56.924166666666636,67.78000000000006
1809,device_04,2025-11-12 15:33:23.489827,0,0,15,27.6,49.0,826.6,832,0.0,58.305583333333324,68.82458333333338
1810,device_05,2025-11-12 15:33:24.964884,0,0,165,26.0,51.8,616.8,584,0.0,57.42833333333334,68.21458333333338
1811,device_02,2025-11-12 15:33:44.890856,0,0,1103,28.5,42.0,798.3,800,0.0,56.862499999999955,67.73083333333338
1812,device_01,2025-11-12 15:33:51.572681,0,0,49,28.5,43.0,745.0,777,0.0,57.73483333333332,68.93641666666669
1813,device_03,2025-11-12 15:34:00.683725,17,18,132,27.4,45.0,728.6,728,0.0,56.90291666666663,67.77583333333338
1814,device_04,2025-11-12 15:34:23.486184,0,0,14,27.6,49.0,821.5,829,0.0,58.33391666666667,68.85375000000005
1815,device_05,2025-11-12 15:34:24.950401,0,0,165,25.9,51.8,611.3,575,0.0,57.410833333333336,68.20625000000004
1816,device_02,2025-11-12 15:34:45.028322,0,0,1101,28.6,42.0,791.2,789,0.0,57.32499999999998,67.9913333333334
1817,device_01,2025-11-12 15:34:51.355521,0,0,49,28.6,43.0,742.3,774,0.0,58.130416666666676,69.14433333333336
1818,device_03,2025-11-12 15:35:00.704744,0,0,130,27.4,45.0,724.6,725,0.0,56.902083333333294,67.77583333333338
1819,device_04,2025-11-12 15:35:23.514124,0,0,14,27.6,49.0,819.6,825,0.0,58.31058333333333,68.85541666666671
1820,device_05,2025-11-12 15:35:25.097034,0,0,165,25.9,51.7,610.1,574,0.0,57.410833333333336,68.20625000000004
1821,device_02,2025-11-12 15:35:44.93441,0,0,1101,28.3,42.0,789.5,790,0.0,57.17541666666662,67.75791666666673
1822,device_01,2025-11-12 15:35:51.249522,0,0,51,28.5,43.0,742.3,774,0.0,56.893749999999976,67.65333333333334
1823,device_03,2025-11-12 15:36:00.862207,0,0,130,27.3,45.0,726.5,728,0.0,56.905833333333284,67.76666666666671
1824,device_04,2025-11-12 15:36:23.512708,0,0,14,27.5,49.0,817.6,823,0.0,58.31433333333332,68.85583333333338
1825,device_05,2025-11-12 15:36:24.886059,0,0,167,25.9,51.5,595.1,560,0.0,57.410833333333336,68.20625000000004
1826,device_02,2025-11-12 15:36:44.914841,0,0,1100,28.5,42.0,784.0,782,0.0,56.924999999999955,67.73333333333339
1827,device_01,2025-11-12 15:36:51.264861,0,0,50,28.5,43.0,737.6,769,0.0,57.12874999999996,67.7054166666667
1828,device_03,2025-11-12 15:37:00.798495,0,0,127,27.4,45.0,723.6,722,0.0,56.901249999999955,67.77375000000005
1829,device_04,2025-11-12 15:37:23.490759,0,0,13,27.1,49.0,792.6,793,0.0,58.35216666666666,68.85500000000003
1830,device_05,2025-11-12 15:37:25.191273,0,0,168,25.9,51.8,582.9,543,0.0,57.410833333333336,68.20625000000004
1831,device_02,2025-11-12 15:37:44.919225,0,0,1098,27.6,42.0,779.0,778,0.0,57.22499999999995,67.72666666666674
1832,device_01,2025-11-12 15:37:51.334871,0,0,51,28.4,43.0,729.2,757,0.0,56.9320833333333,67.66583333333334
1833,device_03,2025-11-12 15:38:00.628998,0,0,121,27.4,45.0,713.5,705,0.0,56.90291666666663,67.77958333333339
1834,device_04,2025-11-12 15:38:23.817279,0,0,12,27.1,49.0,785.0,781,0.0,58.39258333333332,68.85500000000003
1835,device_05,2025-11-12 15:38:25.16385,0,0,166,25.8,51.1,552.8,506,0.0,57.41083333333335,68.20500000000004
1836,device_02,2025-11-12 15:38:45.268253,0,0,1101,27.5,42.0,778.0,777,0.0,57.22499999999995,67.72666666666674
1837,device_01,2025-11-12 15:38:51.246227,0,0,52,28.5,42.1,726.3,755,0.0,56.84291666666663,67.69833333333334
1838,device_03,2025-11-12 15:39:00.828119,0,0,121,27.4,44.2,703.4,695,0.0,56.902083333333294,67.77541666666671
1839,device_04,2025-11-12 15:39:23.511099,0,0,8,27.1,48.6,765.8,762,0.0,58.408833333333334,68.87500000000004
1840,device_05,2025-11-12 15:39:24.953041,0,0,163,25.7,50.7,531.9,477,0.0,57.410833333333336,68.20500000000004
1841,device_02,2025-11-12 15:39:44.951417,0,0,1101,27.5,42.0,774.3,768,0.0,57.22499999999995,67.73250000000007
1842,device_01,2025-11-12 15:39:51.324671,0,0,53,28.4,42.0,719.9,746,0.0,56.912499999999966,67.71625000000002
1843,device_03,2025-11-12 15:40:01.325301,0,0,122,27.4,44.0,696.6,693,0.0,56.902083333333294,67.80166666666672
1844,device_04,2025-11-12 15:40:23.475367,0,0,4,27.1,48.0,762.0,758,0.0,58.406749999999995,68.87208333333338
1845,device_05,2025-11-12 15:40:24.95513,0,0,161,25.5,50.5,528.4,474,0.0,57.410833333333336,68.20500000000004
1846,device_02,2025-11-12 15:40:44.920904,0,0,1098,27.6,42.0,770.1,766,0.0,57.22499999999995,67.73250000000007
1847,device_01,2025-11-12 15:40:51.406766,0,0,52,28.5,42.0,715.2,740,0.0,56.80499999999997,67.70958333333334
1848,device_03,2025-11-12 15:41:00.808561,0,0,121,27.3,44.0,696.0,689,0.0,56.905833333333284,67.80333333333337
1849,device_04,2025-11-12 15:41:23.465561,0,0,4,27.1,48.0,762.6,754,0.0,58.406749999999995,68.87208333333338
1850,device_05,2025-11-12 15:41:24.920096,0,0,159,25.3,50.5,524.5,471,0.0,57.42333333333334,68.20666666666672
1851,device_02,2025-11-12 15:41:45.18494,0,0,1100,27.5,42.0,768.3,761,0.0,57.224999999999945,67.7420833333334
1852,device_01,2025-11-12 15:41:51.345496,0,0,52,27.7,42.0,712.1,737,0.0,56.897083333333306,67.70125000000003
1853,device_03,2025-11-12 15:42:00.657116,0,0,119,27.6,44.0,693.5,687,0.0,56.895416666666634,67.82333333333338
1854,device_04,2025-11-12 15:42:23.451846,0,0,3,27.0,48.0,764.2,757,0.0,58.406749999999995,68.88791666666671
1855,device_05,2025-11-12 15:42:24.948068,0,0,160,25.2,50.8,536.3,482,0.0,57.410833333333336,68.20666666666672
1856,device_02,2025-11-12 15:42:45.304973,0,0,1097,27.4,42.0,767.0,761,0.0,57.223749999999946,67.72791666666674
1857,device_01,2025-11-12 15:42:51.207736,0,0,51,27.5,42.0,712.1,735,0.0,56.87416666666663,67.63041666666669
1858,device_03,2025-11-12 15:43:00.624894,0,0,117,27.6,44.0,692.6,683,0.0,56.895416666666634,67.82333333333338
1859,device_04,2025-11-12 15:43:23.500404,0,0,3,26.7,48.0,766.4,759,0.0,58.40675,68.80608333333338
1860,device_05,2025-11-12 15:43:24.919414,0,0,159,25.1,50.9,541.3,490,0.0,57.42333333333334,68.20666666666672
1861,device_02,2025-11-12 15:43:45.506991,0,0,1096,27.6,42.0,764.5,756,0.0,57.222499999999954,67.74125000000008
1862,device_01,2025-11-12 15:43:51.24387,18,20,52,27.6,42.0,711.3,734,0.0,56.897083333333306,67.67750000000004
1863,device_03,2025-11-12 15:44:00.68436,0,0,117,27.5,44.0,688.7,676,0.0,56.445416666666645,67.82583333333338
1864,device_04,2025-11-12 15:44:23.502777,0,0,3,26.7,48.0,764.8,757,0.0,58.40675,68.80608333333338
1865,device_05,2025-11-12 15:44:24.895762,0,0,160,25.1,50.8,546.1,497,0.0,57.410833333333336,68.20666666666672
1866,device_02,2025-11-12 15:44:44.979404,0,0,1097,27.4,41.6,759.9,753,0.0,57.23708333333329,67.72625000000008
1867,device_01,2025-11-12 15:44:51.208229,18,20,52,27.4,42.0,707.5,731,0.0,56.902916666666634,67.6666666666667
1868,device_03,2025-11-12 15:45:00.751698,17,17,116,27.6,43.4,685.3,675,0.0,56.42624999999998,67.82583333333338
1869,device_04,2025-11-12 15:45:23.453325,0,0,4,26.7,47.0,754.0,746,0.0,58.36758333333332,68.80608333333336
1870,device_05,2025-11-12 15:45:24.915077,0,0,158,25.1,50.4,524.6,469,0.0,57.4225,68.20875000000005
1871,device_02,2025-11-12 15:45:44.945198,0,0,1093,27.5,41.2,755.7,748,0.0,57.18416666666661,67.74000000000007
1872,device_01,2025-11-12 15:45:51.258501,0,0,52,27.2,42.0,702.7,724,0.0,56.91124999999995,67.6816666666667
1873,device_03,2025-11-12 15:46:00.763949,0,0,115,27.3,43.0,682.5,672,0.0,56.43791666666663,67.79125000000005
1874,device_04,2025-11-12 15:46:23.660397,15,15,3,26.7,47.0,751.6,742,0.0,58.36758333333332,68.80608333333336
1875,device_05,2025-11-12 15:46:24.930288,0,0,156,25.0,50.2,524.5,468,0.0,57.42291666666667,68.20875000000005
1876,device_02,2025-11-12 15:46:44.971121,0,0,1093,27.5,41.0,755.0,745,0.0,57.16791666666661,67.74000000000007
1877,device_01,2025-11-12 15:46:51.220083,0,0,50,27.4,42.0,701.2,722,0.0,57.11666666666662,67.68458333333338
1878,device_03,2025-11-12 15:47:00.781153,0,0,114,27.5,43.0,681.7,670,0.0,56.44124999999998,67.81125000000003
1879,device_04,2025-11-12 15:47:23.721422,14,14,10,26.7,47.0,755.7,746,0.0,58.36758333333332,68.80608333333338
1880,device_05,2025-11-12 15:47:24.922753,0,0,158,25.0,50.3,531.4,477,0.0,57.4225,68.20875000000005
1881,device_02,2025-11-12 15:47:44.945747,0,0,1093,27.5,41.0,753.8,746,0.0,57.18416666666661,67.74875000000007
1882,device_01,2025-11-12 15:47:51.459124,0,0,47,27.4,42.0,701.9,720,0.0,58.17324999999999,68.87541666666671
1883,device_03,2025-11-12 15:48:00.772272,0,0,113,27.4,43.0,678.4,667,0.0,56.69416666666664,67.8216666666667
1884,device_04,2025-11-12 15:48:23.489248,0,0,10,26.7,47.0,755.8,747,0.0,58.367999999999995,68.80608333333338
1885,device_05,2025-11-12 15:48:25.013114,0,0,157,24.9,50.1,529.9,475,0.0,57.41958333333333,68.20875000000005
1886,device_02,2025-11-12 15:48:44.896531,0,0,1090,27.4,41.0,753.5,745,0.0,57.166666666666615,67.7320833333334
1887,device_01,2025-11-12 15:48:51.327051,0,0,46,27.4,42.0,702.4,721,0.0,58.17324999999999,68.87541666666671
1888,device_03,2025-11-12 15:49:00.609319,0,0,112,27.5,43.0,678.2,662,0.0,56.630833333333314,67.8354166666667
1889,device_04,2025-11-12 15:49:23.531245,0,0,10,26.7,47.0,754.8,745,0.0,58.36758333333332,68.80608333333338
1890,device_05,2025-11-12 15:49:25.027865,0,0,157,24.8,50.0,532.6,480,0.0,57.41958333333333,68.20875000000005
1891,device_02,2025-11-12 15:49:44.930809,0,0,1088,27.5,41.0,750.3,741,0.0,57.15624999999996,67.74541666666673
1892,device_01,2025-11-12 15:49:51.256493,0,0,47,27.3,41.9,699.7,720,0.0,58.17741666666665,68.87541666666671
1893,device_03,2025-11-12 15:50:00.641964,0,0,111,27.4,43.0,674.5,661,0.0,56.637499999999974,67.83000000000001
1894,device_04,2025-11-12 15:50:23.466875,0,0,10,26.7,47.0,748.7,739,0.0,58.36758333333332,68.80525000000003
1895,device_05,2025-11-12 15:50:24.938421,0,0,156,24.8,49.9,519.8,460,0.0,57.42291666666667,68.20875000000005
1896,device_02,2025-11-12 15:50:44.898734,2,2,1088,27.6,41.0,748.5,741,0.0,57.15624999999996,67.74541666666673
1897,device_01,2025-11-12 15:50:51.219955,0,0,47,27.4,41.0,698.3,720,0.0,58.17324999999999,68.87541666666671
1898,device_03,2025-11-12 15:51:00.695247,0,0,112,27.3,43.0,671.1,659,0.0,56.59541666666665,67.80583333333334
1899,device_04,2025-11-12 15:51:24.032288,0,0,9,26.7,46.0,748.4,738,0.0,58.36758333333332,68.80525000000003
1900,device_05,2025-11-12 15:51:24.939836,0,0,155,24.8,49.8,519.3,462,0.0,57.42458333333333,68.20875000000005
1901,device_02,2025-11-12 15:51:44.956187,0,0,1090,27.5,41.0,749.4,738,0.0,57.15624999999996,67.74541666666673
1902,device_01,2025-11-12 15:51:51.231472,0,0,46,27.6,41.0,695.3,714,0.0,58.164916666666656,68.8979166666667
1903,device_03,2025-11-12 15:52:00.673265,0,0,110,27.4,42.5,672.8,660,0.0,56.637499999999974,67.83000000000001
1904,device_04,2025-11-12 15:52:23.718763,0,0,9,26.7,46.0,741.9,729,0.0,58.296749999999996,68.80525000000003
1905,device_05,2025-11-12 15:52:25.110805,0,0,154,24.7,49.7,503.9,442,0.0,57.42458333333333,68.20875000000005
1906,device_02,2025-11-12 15:52:44.955902,0,0,1088,27.6,40.8,745.0,735,0.0,57.16041666666661,67.74541666666673
1907,device_01,2025-11-12 15:52:51.23766,0,0,46,27.3,41.0,693.0,712,0.0,58.17741666666666,68.88625000000003
1908,device_03,2025-11-12 15:53:00.790232,0,0,110,26.4,43.0,670.9,658,0.0,56.56166666666664,67.34250000000003
1909,device_04,2025-11-12 15:53:24.413791,0,0,9,26.7,46.0,739.9,729,0.0,58.296749999999996,68.80525000000003
1910,device_05,2025-11-12 15:53:24.952131,0,0,152,24.6,49.7,503.6,442,0.0,57.42458333333334,68.20250000000004
1911,device_02,2025-11-12 15:53:44.895099,0,0,1088,27.6,40.0,744.8,734,0.0,57.16041666666661,67.74541666666673
1912,device_01,2025-11-12 15:53:51.265662,0,0,46,27.5,41.0,691.3,708,0.0,58.164916666666656,68.8979166666667
1913,device_03,2025-11-12 15:54:00.622585,0,0,109,26.5,43.0,671.7,658,0.0,56.60083333333331,67.45333333333335
1914,device_04,2025-11-12 15:54:23.490754,0,0,9,26.2,46.0,732.8,719,0.0,58.26741666666666,68.44025000000005
1915,device_05,2025-11-12 15:54:24.979758,0,0,152,24.4,49.8,497.1,438,0.0,57.42458333333333,68.20250000000004
1916,device_02,2025-11-12 15:54:45.008012,0,0,1087,27.4,40.0,743.8,730,0.0,57.06208333333328,67.73125000000009
1917,device_01,2025-11-12 15:54:51.305507,0,0,46,27.4,41.0,689.3,704,0.0,57.75250000000001,68.88625000000003
1918,device_03,2025-11-12 15:55:00.648543,0,0,107,26.5,42.2,669.4,655,0.0,56.57583333333332,67.46416666666669
1919,device_04,2025-11-12 15:55:23.488566,0,0,9,26.2,46.0,738.5,724,0.0,58.334666666666664,68.4394166666667
1920,device_05,2025-11-12 15:55:25.344251,0,0,153,24.3,50.0,500.5,437,0.0,57.42458333333334,68.20250000000004
1921,device_02,2025-11-12 15:55:44.94834,0,0,1085,27.5,40.0,740.8,729,0.0,57.04166666666662,67.74541666666673
1922,device_01,2025-11-12 15:55:51.410124,16,18,46,27.5,41.0,686.8,702,0.0,57.75291666666667,68.8979166666667
1923,device_03,2025-11-12 15:56:00.866624,0,0,106,26.5,42.0,667.0,651,0.0,56.56124999999998,67.46416666666669
1924,device_04,2025-11-12 15:56:23.607688,0,0,9,26.2,45.6,733.0,721,0.0,58.26741666666666,68.44025000000003
1925,device_05,2025-11-12 15:56:24.983236,0,0,151,24.2,50.0,494.9,434,0.0,57.42458333333333,68.20666666666672
1926,device_02,2025-11-12 15:56:44.929663,0,0,1085,27.2,40.0,739.5,726,0.0,57.04999999999995,67.72375000000007
1927,device_01,2025-11-12 15:56:51.25132,0,0,46,27.3,41.0,684.7,700,0.0,57.7375,68.88625000000003
1928,device_03,2025-11-12 15:57:00.88066,0,0,105,26.4,42.0,666.3,649,0.0,56.547499999999985,67.35333333333337
1929,device_04,2025-11-12 15:57:23.515349,0,0,8,26.2,45.0,732.5,720,0.0,58.26741666666666,68.44025000000005
1930,device_05,2025-11-12 15:57:25.063581,0,0,150,24.1,50.0,490.7,428,0.0,57.42458333333333,68.20666666666672
1931,device_02,2025-11-12 15:57:45.133408,0,0,1082,27.4,40.0,734.8,723,0.0,57.02499999999995,67.7320833333334
1932,device_01,2025-11-12 15:57:51.404425,0,0,45,27.4,41.0,683.5,698,0.0,57.72708333333335,68.88625000000003
1933,device_03,2025-11-12 15:58:00.722201,0,0,104,26.4,42.0,661.9,647,0.0,56.548749999999984,67.35750000000003
1934,device_04,2025-11-12 15:58:23.529033,12,12,8,26.2,45.0,732.0,717,0.0,58.26741666666666,68.44025000000005
1935,device_05,2025-11-12 15:58:25.078203,0,0,150,24.0,50.1,489.5,424,0.0,57.42458333333333,68.20666666666672
1936,device_02,2025-11-12 15:58:44.965261,0,0,1083,27.4,40.0,732.2,718,0.0,56.96124999999994,67.7320833333334
1937,device_01,2025-11-12 15:58:51.324127,0,0,46,27.4,41.0,682.0,698,0.0,57.72708333333335,68.88625000000003
1938,device_03,2025-11-12 15:59:00.675095,0,0,104,26.5,42.0,661.0,646,0.0,56.58791666666664,67.4691666666667
1939,device_04,2025-11-12 15:59:23.524025,0,0,8,26.2,45.0,726.2,714,0.0,58.23533333333331,68.43608333333337
1940,device_05,2025-11-12 15:59:24.990418,0,0,150,24.0,50.1,484.7,423,0.0,57.42458333333333,68.20666666666672
1941,device_02,2025-11-12 15:59:45.485593,0,0,1080,27.4,40.0,734.1,720,0.0,56.96124999999994,67.7320833333334
1942,device_01,2025-11-12 15:59:51.32633,0,0,46,27.4,40.1,679.9,696,0.0,57.73083333333335,68.88625000000003
1943,device_03,2025-11-12 16:00:00.690448,0,0,104,26.5,42.0,661.6,645,0.0,56.58791666666665,67.4691666666667
1944,device_04,2025-11-12 16:00:23.521743,0,0,8,26.2,45.0,727.9,714,0.0,58.23533333333331,68.43608333333337
1945,device_05,2025-11-12 16:00:25.00245,0,0,149,23.9,50.1,488.8,425,0.0,57.42458333333333,68.20666666666672
1946,device_02,2025-11-12 16:00:45.090735,0,0,1080,27.5,40.0,733.9,721,0.0,56.96249999999995,67.74625000000006
1947,device_01,2025-11-12 16:00:51.288873,0,0,45,27.5,40.0,679.3,692,0.0,57.92333333333336,68.90500000000003
1948,device_03,2025-11-12 16:01:00.683759,0,0,102,26.4,42.0,661.5,644,0.0,56.54874999999997,67.35250000000003
1949,device_04,2025-11-12 16:01:23.516546,0,0,8,26.2,45.0,727.4,711,0.0,58.23533333333331,68.43608333333337
1950,device_05,2025-11-12 16:01:25.211184,0,0,151,23.9,50.1,496.4,434,0.0,57.42458333333333,68.20666666666672
1951,device_02,2025-11-12 16:01:45.577434,0,0,1083,27.5,40.0,735.4,721,0.0,57.026249999999955,67.74625000000006
1952,device_01,2025-11-12 16:01:51.41062,0,0,44,27.5,40.0,680.8,694,0.0,57.72750000000002,68.8979166666667
1953,device_03,2025-11-12 16:02:00.712726,0,0,102,26.4,42.0,658.5,642,0.0,56.546666666666646,67.3766666666667
1954,device_04,2025-11-12 16:02:23.616851,0,0,7,26.2,45.0,727.5,712,0.0,58.23533333333331,68.43608333333339
1955,device_05,2025-11-12 16:02:25.113815,0,0,151,23.9,50.0,491.2,429,0.0,57.42458333333333,68.20666666666672
1956,device_02,2025-11-12 16:02:45.0941,0,0,1081,27.5,40.0,733.6,723,0.0,56.962499999999956,67.74625000000006
1957,device_01,2025-11-12 16:02:51.467268,0,0,45,27.2,40.2,679.4,693,0.0,57.92708333333335,68.89333333333336
1958,device_03,2025-11-12 16:03:00.874466,0,0,102,26.4,42.0,658.1,639,0.0,56.61833333333332,67.3766666666667
1959,device_04,2025-11-12 16:03:23.512062,0,0,8,26.2,45.0,727.9,714,0.0,58.23533333333331,68.43608333333337
1960,device_05,2025-11-12 16:03:25.006502,0,0,151,23.9,50.0,492.1,429,0.0,57.42458333333333,68.20666666666672
1961,device_02,2025-11-12 16:03:45.128402,0,0,1081,27.4,40.0,733.2,719,0.0,56.96124999999994,67.7320833333334
1962,device_01,2025-11-12 16:03:51.450424,0,0,45,26.7,41.0,678.9,694,0.0,57.92708333333335,68.82525000000004
1963,device_03,2025-11-12 16:04:00.918061,0,0,102,26.4,42.0,655.9,641,0.0,57.00333333333333,67.60541666666671
1964,device_04,2025-11-12 16:04:23.553907,0,0,8,26.1,45.0,728.3,716,0.0,58.24158333333332,68.4269166666667
1965,device_05,2025-11-12 16:04:24.982367,17,17,150,23.9,50.0,492.7,430,0.0,57.42458333333333,68.20666666666672
1966,device_02,2025-11-12 16:04:45.005653,0,0,1082,27.4,40.0,731.2,716,0.0,56.95041666666661,67.7320833333334
1967,device_01,2025-11-12 16:04:51.519912,0,0,46,26.3,41.0,678.9,692,0.0,57.906666666666666,68.45108333333336
1968,device_03,2025-11-12 16:05:00.971264,0,0,101,26.6,42.0,657.0,642,0.0,56.59583333333331,67.76875000000001
1969,device_04,2025-11-12 16:05:23.535149,0,0,7,25.8,45.0,723.5,710,0.0,58.23658333333331,68.33408333333337
1970,device_05,2025-11-12 16:05:25.241504,0,0,150,23.8,49.9,484.4,422,0.0,57.42458333333333,68.20666666666672
1971,device_02,2025-11-12 16:05:45.537915,0,0,1079,27.5,40.0,730.1,717,0.0,56.951666666666625,67.74625000000006
1972,device_01,2025-11-12 16:05:51.250544,0,0,44,26.5,40.6,675.0,687,0.0,57.987083333333345,68.57750000000001
1973,device_03,2025-11-12 16:06:00.678104,0,0,98,26.5,41.2,655.3,637,0.0,57.0925,67.70958333333337
1974,device_04,2025-11-12 16:06:23.561551,0,0,8,25.8,45.0,722.0,706,0.0,58.23658333333331,68.33408333333337
1975,device_05,2025-11-12 16:06:24.957772,0,0,149,23.8,49.8,483.0,416,0.0,57.42458333333333,68.20666666666672
1976,device_02,2025-11-12 16:06:44.92102,0,0,1077,26.6,40.0,729.7,714,0.0,56.97124999999995,67.6408333333334
1977,device_01,2025-11-12 16:06:51.239039,0,0,44,26.4,40.0,675.2,688,0.0,57.95791666666668,68.48233333333336
1978,device_03,2025-11-12 16:07:00.693846,0,0,100,26.6,41.0,655.5,636,0.0,57.0925,67.93083333333334
1979,device_04,2025-11-12 16:07:24.474489,0,0,7,25.8,45.0,721.7,707,0.0,58.23658333333331,68.33408333333337
1980,device_05,2025-11-12 16:07:24.97741,0,0,149,23.8,49.8,483.5,419,0.0,57.42458333333333,68.20666666666672
1981,device_02,2025-11-12 16:07:45.003622,1,2,1078,26.4,40.0,728.6,717,0.0,56.90666666666661,67.31791666666672
1982,device_01,2025-11-12 16:07:51.281415,0,0,43,26.2,40.0,675.0,688,0.0,58.04,68.4606666666667
1983,device_03,2025-11-12 16:08:00.673099,0,0,98,26.4,41.0,652.6,635,0.0,57.06333333333333,67.61208333333337
1984,device_04,2025-11-12 16:08:23.62383,0,0,7,25.8,44.7,725.7,711,0.0,58.23658333333331,68.33408333333337
1985,device_05,2025-11-12 16:08:24.967444,0,0,150,23.7,49.9,487.9,424,0.0,57.42458333333333,68.20666666666672
1986,device_02,2025-11-12 16:08:44.989282,0,0,1077,26.4,40.0,730.3,717,0.0,56.93374999999995,67.31791666666672
1987,device_01,2025-11-12 16:08:51.229779,0,0,44,26.6,40.0,675.5,689,0.0,57.987083333333345,68.83175000000001
1988,device_03,2025-11-12 16:09:00.728929,0,0,99,26.4,41.0,654.1,637,0.0,57.06333333333333,67.61208333333337
1989,device_04,2025-11-12 16:09:23.782352,0,0,7,25.8,44.1,722.8,708,0.0,58.23658333333331,68.33408333333337
1990,device_05,2025-11-12 16:09:24.954441,0,0,150,23.7,49.8,486.0,422,0.0,57.42458333333333,68.20666666666672
1991,device_02,2025-11-12 16:09:45.490614,0,0,1077,26.4,40.0,728.0,713,0.0,56.90666666666661,67.31791666666672
1992,device_01,2025-11-12 16:09:51.594776,0,0,45,26.4,40.0,674.5,688,0.0,57.92541666666667,68.47233333333335
1993,device_03,2025-11-12 16:10:00.857204,0,0,98,26.4,41.0,651.7,637,0.0,57.06333333333333,67.61208333333337
1994,device_04,2025-11-12 16:10:23.532423,0,0,7,25.8,44.0,726.3,711,0.0,58.23658333333331,68.33408333333337
1995,device_05,2025-11-12 16:10:24.971293,17,17,147,23.6,49.8,489.5,426,0.0,57.42458333333333,68.20666666666672
1996,device_02,2025-11-12 16:10:45.018109,0,0,1076,26.6,40.0,725.5,713,0.0,56.96041666666662,67.6408333333334
1997,device_01,2025-11-12 16:10:51.302354,0,0,44,26.6,40.0,674.9,688,0.0,57.987083333333345,68.83175000000001
1998,device_03,2025-11-12 16:11:00.740316,0,0,97,26.4,41.0,653.2,634,0.0,57.06333333333333,67.61208333333337
1999,device_04,2025-11-12 16:11:23.516401,0,0,7,25.8,44.0,723.2,707,0.0,58.23658333333331,68.33408333333337
2000,device_05,2025-11-12 16:11:25.101802,0,0,149,23.6,49.7,485.6,419,0.0,57.42458333333333,68.2066666666667
2001,device_02,2025-11-12 16:11:45.244229,0,0,1076,26.4,39.2,726.3,711,0.0,56.90666666666661,67.31791666666672
2002,device_01,2025-11-12 16:11:51.378636,0,0,44,26.5,40.0,672.2,686,0.0,57.93291666666668,68.57333333333334
2003,device_03,2025-11-12 16:12:00.754263,0,0,97,26.4,41.0,652.3,632,0.0,57.06333333333333,67.61208333333337
2004,device_04,2025-11-12 16:12:23.537963,0,0,7,25.8,44.0,720.1,704,0.0,58.23658333333331,68.33408333333337
2005,device_05,2025-11-12 16:12:25.093883,0,0,148,23.6,49.6,481.8,417,0.0,57.42458333333333,68.20666666666672
2006,device_02,2025-11-12 16:12:44.995593,0,0,1075,26.4,39.1,725.5,713,0.0,56.90666666666661,67.31791666666672
2007,device_01,2025-11-12 16:12:51.281374,0,0,45,26.6,40.0,672.6,685,0.0,57.95458333333334,68.83175000000001
2008,device_03,2025-11-12 16:13:00.965795,0,0,95,26.4,41.0,651.9,631,0.0,57.30458333333333,67.71833333333336
2009,device_04,2025-11-12 16:13:23.535484,0,0,7,25.8,44.0,715.9,701,0.0,58.23824999999998,68.33700000000003
2010,device_05,2025-11-12 16:13:24.965308,0,0,149,23.6,49.6,480.2,415,0.0,57.42458333333333,68.20666666666672
2011,device_02,2025-11-12 16:13:45.215225,0,0,1075,26.3,39.0,725.2,709,0.0,56.91666666666661,67.27666666666673
2012,device_01,2025-11-12 16:13:51.329278,0,0,45,26.4,40.0,670.6,684,0.0,57.90375000000001,68.46816666666668
2013,device_03,2025-11-12 16:14:00.717562,0,0,96,26.3,41.0,648.0,627,0.0,57.33,68.11125000000004
2014,device_04,2025-11-12 16:14:23.55669,0,0,6,25.8,44.0,717.4,700,0.0,58.23824999999998,68.33700000000003
2015,device_05,2025-11-12 16:14:24.990285,0,0,149,23.5,49.6,482.8,416,0.0,57.42458333333334,68.20666666666672
2016,device_02,2025-11-12 16:14:44.974277,0,0,1074,26.4,39.0,724.2,708,0.0,56.90666666666661,67.31791666666672
2017,device_01,2025-11-12 16:14:51.376173,0,0,44,26.3,40.0,672.0,684,0.0,57.91541666666667,68.44650000000001
2018,device_03,2025-11-12 16:15:00.794805,0,0,95,26.4,41.0,647.3,629,0.0,57.31291666666666,68.1429166666667
2019,device_04,2025-11-12 16:15:23.589619,0,0,6,25.8,44.0,719.8,702,0.0,58.23658333333331,68.33408333333337
2020,device_05,2025-11-12 16:15:25.128108,16,16,148,23.5,49.6,480.4,417,0.0,57.42458333333333,68.20666666666672
2021,device_02,2025-11-12 16:15:45.669261,0,0,1074,26.6,39.0,722.0,704,0.0,56.96041666666662,67.6408333333334
2022,device_01,2025-11-12 16:15:51.47867,0,0,44,26.3,40.0,670.7,682,0.0,57.91541666666667,68.44650000000001
2023,device_03,2025-11-12 16:16:00.723336,0,0,93,26.5,41.0,647.1,631,0.0,57.34208333333333,68.20083333333336
2024,device_04,2025-11-12 16:16:23.592496,0,0,7,25.8,44.0,714.6,699,0.0,58.23824999999998,68.33700000000003
2025,device_05,2025-11-12 16:16:24.982036,16,16,148,23.5,49.5,477.9,410,0.0,57.42458333333334,68.20666666666672
2026,device_02,2025-11-12 16:16:44.969958,0,0,1075,26.4,39.0,723.0,709,0.0,56.90666666666661,67.31791666666672
2027,device_01,2025-11-12 16:16:51.262628,0,0,44,26.5,40.0,669.9,680,0.0,57.93291666666668,68.57333333333334
2028,device_03,2025-11-12 16:17:00.823607,0,0,94,26.5,41.0,648.5,627,0.0,57.3975,68.04208333333335
2029,device_04,2025-11-12 16:17:23.547964,0,0,7,25.8,44.0,716.8,698,0.0,58.23824999999998,68.33700000000003
2030,device_05,2025-11-12 16:17:24.996129,0,0,148,23.5,49.5,478.2,410,0.0,57.42458333333333,68.20666666666672
2031,device_02,2025-11-12 16:17:45.473457,0,0,1071,26.4,39.0,720.6,706,0.0,56.90666666666661,67.31791666666672
2032,device_01,2025-11-12 16:17:51.249685,0,0,44,26.5,40.0,669.2,680,0.0,57.93291666666668,68.57333333333334
2033,device_03,2025-11-12 16:18:00.80707,0,0,93,26.5,41.0,644.5,624,0.0,57.3775,68.4116666666667
2034,device_04,2025-11-12 16:18:23.527971,0,0,7,25.8,44.0,715.3,695,0.0,58.23824999999998,68.33700000000003
2035,device_05,2025-11-12 16:18:25.050725,0,0,148,23.4,49.5,476.4,412,0.0,57.42458333333334,68.20666666666672
2036,device_02,2025-11-12 16:18:45.105966,0,0,1073,26.4,39.0,722.3,706,0.0,56.90666666666661,67.31791666666672
2037,device_01,2025-11-12 16:18:51.285311,0,0,44,26.5,40.0,667.5,678,0.0,57.91833333333335,68.57333333333334
2038,device_03,2025-11-12 16:19:00.688887,0,0,90,26.4,41.0,646.0,627,0.0,57.31291666666666,68.1429166666667
2039,device_04,2025-11-12 16:19:23.533138,0,0,6,25.8,44.0,714.8,698,0.0,58.23824999999998,68.33700000000003
2040,device_05,2025-11-12 16:19:25.147019,0,0,148,23.4,49.5,479.8,413,0.0,57.42458333333333,68.20666666666672
2041,device_02,2025-11-12 16:19:44.939571,0,0,1072,26.5,39.0,720.5,705,0.0,56.951249999999945,67.46125000000006
2042,device_01,2025-11-12 16:19:51.234306,0,0,44,26.6,40.0,668.9,679,0.0,57.93291666666668,68.82758333333334
2043,device_03,2025-11-12 16:20:00.881773,0,0,93,26.4,40.7,641.8,624,0.0,57.32249999999999,68.36083333333336
2044,device_04,2025-11-12 16:20:23.640419,0,0,6,25.8,44.0,712.2,697,0.0,58.23824999999998,68.33283333333337
2045,device_05,2025-11-12 16:20:25.059696,0,0,149,23.4,49.4,477.0,411,0.0,57.42458333333334,68.20666666666672
2046,device_02,2025-11-12 16:20:45.102057,0,0,1071,26.4,39.0,719.8,704,0.0,56.90666666666661,67.31791666666672
2047,device_01,2025-11-12 16:20:51.239357,0,0,44,26.5,40.0,668.0,679,0.0,57.91833333333334,68.57333333333334
2048,device_03,2025-11-12 16:21:00.720537,0,0,91,26.5,40.0,642.8,623,0.0,57.3775,68.41625000000003
2049,device_04,2025-11-12 16:21:24.360398,0,0,6,25.8,44.0,716.9,702,0.0,58.23824999999998,68.33700000000003
2050,device_05,2025-11-12 16:21:25.152811,0,0,148,23.4,49.4,482.0,417,0.0,57.42458333333334,68.20666666666672
2051,device_02,2025-11-12 16:21:44.992083,0,0,1072,26.5,39.0,721.3,703,0.0,56.951249999999945,67.46125000000006
2052,device_01,2025-11-12 16:21:51.274552,0,0,44,26.5,40.0,669.0,680,0.0,57.93291666666668,68.57333333333334
2053,device_03,2025-11-12 16:22:01.220432,0,0,91,26.3,40.0,643.3,624,0.0,57.34541666666667,68.33500000000004
2054,device_04,2025-11-12 16:22:23.65077,0,0,7,25.8,44.0,713.8,695,0.0,58.23824999999998,68.33700000000003
2055,device_05,2025-11-12 16:22:25.008831,0,0,148,23.4,49.3,479.3,412,0.0,57.42458333333333,68.20666666666672
2056,device_02,2025-11-12 16:22:44.94558,0,0,1071,26.6,39.0,719.6,706,0.0,56.96041666666662,67.6408333333334
2057,device_01,2025-11-12 16:22:51.255357,0,0,44,26.4,40.0,665.5,677,0.0,57.87708333333334,68.46733333333336
2058,device_03,2025-11-12 16:23:00.691556,0,0,90,26.5,40.0,640.5,620,0.0,57.33166666666666,68.41625000000003
2059,device_04,2025-11-12 16:23:24.603308,0,0,6,25.8,44.0,715.7,696,0.0,58.23824999999998,68.33700000000003
2060,device_05,2025-11-12 16:23:25.000454,0,0,147,23.4,49.2,476.5,410,0.0,57.42458333333333,68.20666666666672
2061,device_02,2025-11-12 16:23:44.955335,0,0,1070,26.6,38.7,719.5,704,0.0,56.96041666666662,67.6408333333334
2062,device_03,2025-11-12 16:24:01.122204,0,0,90,26.5,40.0,641.2,620,0.0,57.33166666666666,68.41625000000003
2063,device_04,2025-11-12 16:24:23.653026,0,0,6,25.8,44.0,713.2,697,0.0,58.23824999999998,68.33700000000003
2064,device_05,2025-11-12 16:24:25.149947,0,0,147,23.4,49.2,477.7,412,0.0,57.42458333333333,68.20666666666672
2065,device_02,2025-11-12 16:24:45.026836,0,0,1070,26.4,38.0,720.5,702,0.0,56.90666666666661,67.31791666666672
2066,device_04,2025-11-12 16:25:24.458253,0,0,7,25.8,44.0,712.1,694,0.0,58.23824999999998,68.33283333333337
2067,device_05,2025-11-12 16:25:25.126084,0,0,146,23.3,49.2,473.1,408,0.0,57.42458333333333,68.20666666666672
2068,device_05,2025-11-12 16:26:25.205483,0,0,146,23.3,49.1,473.6,409,0.0,57.42458333333333,68.20666666666672
2069,device_01,2025-11-12 16:28:51.223845,0,0,38,26.4,39.0,674.6,686,0.0,57.92541666666667,68.47233333333335
2070,device_01,2025-11-12 16:29:51.817587,0,0,43,26.3,39.0,666.7,676,0.0,57.90083333333334,68.44650000000001
2071,device_03,2025-11-12 16:30:00.707258,0,0,81,26.3,40.0,643.4,622,0.0,57.32541666666667,68.33958333333337
2072,device_02,2025-11-12 16:30:44.967811,0,0,1071,26.5,38.0,729.3,714,0.0,56.951249999999945,67.46125000000006
2073,device_01,2025-11-12 16:30:51.735169,0,0,43,26.5,39.0,664.4,673,0.0,57.90625000000001,68.54816666666667
2074,device_03,2025-11-12 16:31:00.853853,0,0,83,26.5,40.0,642.8,620,0.0,57.3575,68.41625000000003
2075,device_04,2025-11-12 16:31:23.628687,0,0,3,25.4,43.0,714.0,695,0.0,58.23824999999998,68.33700000000003
2076,device_02,2025-11-12 16:31:45.207615,0,0,1068,26.4,38.0,716.3,699,0.0,56.90666666666661,67.31791666666672
2077,device_01,2025-11-12 16:31:51.261123,0,0,44,26.4,39.0,663.6,673,0.0,57.87708333333334,68.44300000000003
2078,device_03,2025-11-12 16:32:00.825957,0,0,85,26.3,40.0,639.9,617,0.0,57.27375,68.33958333333338
2079,device_04,2025-11-12 16:32:23.607979,0,0,5,25.3,43.0,712.3,696,0.0,58.23824999999998,68.33283333333337
2080,device_05,2025-11-12 16:32:25.06318,0,0,138,23.2,48.8,480.8,416,0.0,57.42458333333333,68.20666666666672
2081,device_02,2025-11-12 16:32:45.250584,0,0,1067,26.5,38.0,715.5,700,0.0,56.951249999999945,67.46125000000006
2082,device_01,2025-11-12 16:32:51.351192,0,0,44,26.5,39.0,663.6,675,0.0,57.90625000000001,68.57250000000002
2083,device_03,2025-11-12 16:33:00.735617,0,0,85,26.4,40.0,638.6,617,0.0,57.27666666666667,68.3654166666667
2084,device_04,2025-11-12 16:33:23.587788,0,0,5,25.3,43.0,712.2,695,0.0,58.23824999999998,68.33283333333337
2085,device_05,2025-11-12 16:33:25.024891,0,0,145,23.2,48.9,474.5,409,0.0,57.42458333333333,68.20666666666672
2086,device_02,2025-11-12 16:33:45.17773,0,0,1069,26.3,38.0,716.1,697,0.0,56.91666666666661,67.27666666666673
2087,device_01,2025-11-12 16:33:51.325796,0,0,44,26.5,39.0,664.2,674,0.0,57.90625000000001,68.5725
2088,device_03,2025-11-12 16:34:01.331396,0,0,87,26.4,40.0,638.4,615,0.0,57.27666666666667,68.3654166666667
2089,device_04,2025-11-12 16:34:23.780664,0,0,6,25.3,43.0,710.9,692,0.0,58.23824999999998,68.33283333333337
2090,device_05,2025-11-12 16:34:25.02428,0,0,146,23.2,48.9,472.5,407,0.0,57.42458333333333,68.20666666666672
2091,device_02,2025-11-12 16:34:44.968995,0,0,1068,26.5,38.0,714.2,697,0.0,56.951249999999945,67.46125000000006
2092,device_01,2025-11-12 16:34:51.432874,0,0,44,26.3,39.0,663.2,673,0.0,57.88708333333334,68.42133333333335
2093,device_03,2025-11-12 16:35:00.750118,0,0,85,26.5,40.0,636.3,614,0.0,57.30583333333334,68.41625000000005
2094,device_04,2025-11-12 16:35:23.845417,0,0,6,25.3,43.0,711.0,692,0.0,58.23824999999998,68.33283333333338
2095,device_05,2025-11-12 16:35:25.053772,0,0,145,23.2,48.8,479.0,411,0.0,57.42458333333333,68.20666666666672
2096,device_02,2025-11-12 16:35:45.602634,0,0,1066,26.4,38.0,714.8,696,0.0,56.90666666666661,67.31791666666672
2097,device_01,2025-11-12 16:35:51.223253,0,0,43,26.3,39.0,664.5,675,0.0,57.88708333333334,68.44566666666668
2098,device_03,2025-11-12 16:36:00.818205,0,0,84,26.4,40.0,635.2,613,0.0,57.27666666666667,68.3654166666667
2099,device_04,2025-11-12 16:36:23.776005,0,0,6,25.3,43.0,710.4,693,0.0,58.23824999999998,68.33283333333337
2100,device_05,2025-11-12 16:36:25.211358,0,0,147,23.2,48.7,476.5,411,0.0,57.42458333333333,68.20666666666672
2101,device_02,2025-11-12 16:36:45.125649,0,0,1068,26.5,38.0,716.4,698,0.0,56.951249999999945,67.46125000000006
2102,device_01,2025-11-12 16:36:52.000775,0,0,44,26.4,39.0,663.7,672,0.0,57.915000000000006,68.44216666666668
2103,device_03,2025-11-12 16:37:00.866832,0,0,85,26.4,40.0,636.8,612,0.0,57.27666666666667,68.3654166666667
2104,device_04,2025-11-12 16:37:23.896557,0,0,5,25.3,43.0,710.4,692,0.0,58.23824999999998,68.33283333333337
2105,device_05,2025-11-12 16:37:25.044226,0,0,146,23.2,48.7,472.9,407,0.0,57.42458333333333,68.20666666666672
2106,device_02,2025-11-12 16:37:45.313407,0,0,1066,26.5,38.0,714.1,698,0.0,56.951249999999945,67.46125000000006
2107,device_01,2025-11-12 16:37:51.541373,0,0,43,26.4,39.0,662.2,671,0.0,57.93666666666668,68.45883333333335
2108,device_03,2025-11-12 16:38:01.606831,0,0,84,26.5,40.0,632.8,612,0.0,57.30583333333334,68.41625000000003
2109,device_04,2025-11-12 16:38:23.662463,0,0,6,25.3,43.0,707.2,690,0.0,58.23824999999998,68.33283333333337
2110,device_05,2025-11-12 16:38:25.010855,0,0,146,23.2,48.7,472.2,404,0.0,57.42458333333333,68.20666666666672
2111,device_02,2025-11-12 16:38:44.980771,0,0,1065,26.3,37.8,715.2,697,0.0,56.91666666666661,67.27666666666673
2112,device_01,2025-11-12 16:38:51.20826,0,0,43,26.5,39.0,663.5,673,0.0,57.90625000000001,68.54816666666667
2113,device_03,2025-11-12 16:39:00.722027,0,0,84,26.5,40.0,633.2,609,0.0,57.30583333333334,68.41625000000003
2114,device_04,2025-11-12 16:39:23.560394,0,0,5,25.3,43.0,712.9,693,0.0,58.23824999999998,68.33700000000003
2115,device_05,2025-11-12 16:39:24.954571,0,0,146,23.2,48.7,475.5,408,0.0,57.42458333333333,68.20666666666672
2116,device_02,2025-11-12 16:39:45.951859,0,0,1063,26.3,37.4,714.3,696,0.0,56.91666666666661,67.27666666666673
2117,device_01,2025-11-12 16:39:51.4157,0,0,44,26.4,39.0,660.7,671,0.0,57.93666666666668,68.45883333333335
2118,device_03,2025-11-12 16:40:00.70925,0,0,84,26.6,40.0,634.0,609,0.0,57.30583333333334,68.56041666666668
2119,device_04,2025-11-12 16:40:23.588576,0,0,5,25.3,43.0,706.5,689,0.0,58.23824999999998,68.33283333333337
2120,device_05,2025-11-12 16:40:24.95491,0,0,146,23.1,48.7,469.9,402,0.0,57.42458333333333,68.20666666666672
2121,device_02,2025-11-12 16:40:44.935787,0,0,1063,26.6,37.5,714.1,696,0.0,56.96041666666662,67.6408333333334
2122,device_01,2025-11-12 16:40:51.36629,0,0,44,26.3,39.0,660.4,670,0.0,57.94666666666667,68.43716666666668
2123,device_03,2025-11-12 16:41:00.711731,0,0,83,26.4,40.0,632.5,607,0.0,57.27666666666665,68.3654166666667
2124,device_04,2025-11-12 16:41:23.821046,0,0,5,25.3,43.0,703.8,685,0.0,58.23824999999998,68.33283333333337
2125,device_05,2025-11-12 16:41:25.04353,0,0,145,23.1,48.6,469.2,401,0.0,57.42458333333333,68.20666666666672
2126,device_02,2025-11-12 16:41:45.205428,0,0,1065,26.4,37.0,712.6,696,0.0,56.90666666666661,67.31583333333339
2127,device_01,2025-11-12 16:41:51.488925,0,0,44,26.5,39.0,657.6,666,0.0,57.96666666666669,68.56816666666668
2128,device_03,2025-11-12 16:42:00.861297,0,0,82,26.4,39.8,629.9,606,0.0,57.27666666666667,68.3654166666667
2129,device_04,2025-11-12 16:42:23.557861,0,0,5,25.3,43.0,701.4,681,0.0,58.23824999999998,68.33283333333337
2130,device_05,2025-11-12 16:42:24.978318,0,0,146,23.1,48.6,466.1,397,0.0,57.42458333333333,68.20666666666672
2131,device_02,2025-11-12 16:42:45.049149,0,0,1063,26.4,37.0,711.1,695,0.0,56.90666666666661,67.31583333333339
2132,device_01,2025-11-12 16:42:51.20304,0,0,43,26.4,39.0,658.2,667,0.0,57.93750000000002,68.46300000000002
2133,device_03,2025-11-12 16:43:00.880905,0,0,83,26.1,39.4,629.3,603,0.0,57.410833333333336,68.34041666666671
2134,device_04,2025-11-12 16:43:23.954741,0,0,5,25.3,43.0,702.1,682,0.0,58.23824999999998,68.33283333333337
2135,device_05,2025-11-12 16:43:24.970846,8,8,146,23.0,48.7,466.0,396,0.0,57.42458333333333,68.20666666666672
2136,device_02,2025-11-12 16:43:45.335908,0,0,1065,26.2,37.0,712.5,694,0.0,57.025416666666615,67.27750000000006
2137,device_01,2025-11-12 16:43:51.437931,0,0,44,26.6,38.3,658.0,666,0.0,57.96666666666669,68.82616666666668
2138,device_03,2025-11-12 16:44:01.542757,0,0,82,25.6,40.0,628.8,605,0.0,57.42458333333333,68.20666666666672
2139,device_04,2025-11-12 16:44:23.592578,0,0,5,25.3,43.0,702.6,680,0.0,58.23824999999998,68.33283333333337
2140,device_05,2025-11-12 16:44:25.188038,0,0,145,23.0,48.7,464.5,397,0.0,57.42458333333334,68.20666666666672
2141,device_02,2025-11-12 16:44:44.96849,0,0,1062,26.5,37.0,710.9,693,0.0,56.951249999999945,67.45916666666672
2142,device_01,2025-11-12 16:44:51.216584,9,10,44,26.3,38.0,657.7,665,0.0,57.94750000000001,68.44133333333335
2143,device_03,2025-11-12 16:45:00.711239,0,0,82,25.5,40.0,627.7,602,0.0,57.42458333333334,68.20666666666672
2144,device_04,2025-11-12 16:45:23.562543,0,0,5,25.3,43.0,702.2,684,0.0,58.23824999999998,68.33283333333337
2145,device_05,2025-11-12 16:45:24.96976,0,0,146,23.0,48.7,466.0,398,0.0,57.42458333333333,68.20666666666672
2146,device_02,2025-11-12 16:45:45.318402,0,0,1062,26.6,37.0,711.5,693,0.0,56.96041666666662,67.63416666666673
2147,device_01,2025-11-12 16:45:51.768974,0,0,43,26.3,38.0,657.5,665,0.0,57.94750000000001,68.44133333333335
2148,device_03,2025-11-12 16:46:00.725192,0,0,82,25.5,40.0,628.9,606,0.0,57.42458333333333,68.20666666666672
2149,device_04,2025-11-12 16:46:23.77285,0,0,5,25.3,43.0,705.0,685,0.0,58.23824999999998,68.33283333333337
2150,device_05,2025-11-12 16:46:24.998241,0,0,146,23.0,48.7,469.9,401,0.0,57.42458333333334,68.20666666666672
2151,device_02,2025-11-12 16:46:44.984889,0,0,1060,26.5,37.0,711.7,694,0.0,56.951249999999945,67.45916666666672
2152,device_01,2025-11-12 16:46:51.250886,0,0,43,26.3,38.0,658.7,667,0.0,57.94750000000001,68.44133333333335
2153,device_03,2025-11-12 16:47:00.903215,0,0,82,25.8,40.0,630.1,605,0.0,57.42458333333333,68.20666666666672
2154,device_04,2025-11-12 16:47:23.667824,7,7,5,25.3,43.0,703.9,683,0.0,58.23824999999998,68.33283333333338
2155,device_05,2025-11-12 16:47:25.013428,0,0,146,23.0,48.7,471.7,406,0.0,57.42458333333333,68.20666666666672
2156,device_02,2025-11-12 16:47:45.204213,0,0,1061,26.5,37.0,710.2,694,0.0,56.951249999999945,67.45916666666672
2157,device_01,2025-11-12 16:47:51.412341,0,0,44,26.3,38.0,658.5,667,0.0,57.94750000000001,68.44133333333335
2158,device_03,2025-11-12 16:48:00.681527,0,0,82,25.5,40.0,629.6,602,0.0,57.42458333333333,68.20666666666672
2159,device_04,2025-11-12 16:48:23.563263,0,0,6,25.3,43.0,703.1,685,0.0,58.23824999999998,68.33283333333337
2160,device_05,2025-11-12 16:48:25.027587,0,0,146,23.0,48.7,473.0,405,0.0,57.42458333333333,68.20666666666672
2161,device_02,2025-11-12 16:48:44.976713,0,0,1062,26.6,37.0,712.1,693,0.0,56.96041666666662,67.63416666666673
2162,device_01,2025-11-12 16:48:51.182263,0,0,42,26.5,38.0,658.0,667,0.0,57.96666666666669,68.56816666666668
2163,device_03,2025-11-12 16:49:00.77921,0,0,81,25.4,40.0,628.1,602,0.0,57.42458333333333,68.20666666666672
2164,device_04,2025-11-12 16:49:23.593878,0,0,5,25.3,43.0,704.7,686,0.0,58.23824999999998,68.33283333333337
2165,device_05,2025-11-12 16:49:24.983744,0,0,147,23.0,48.7,469.6,404,0.0,57.42458333333334,68.20666666666672
2166,device_02,2025-11-12 16:49:45.571649,0,0,1061,26.3,37.0,711.9,694,0.0,56.91666666666661,67.2745833333334
2167,device_01,2025-11-12 16:49:51.265727,0,0,44,26.3,38.0,658.6,666,0.0,57.94750000000001,68.44133333333335
2168,device_03,2025-11-12 16:50:02.737726,0,0,80,25.4,40.0,626.5,600,0.0,57.42458333333333,68.20666666666672
2169,device_04,2025-11-12 16:50:23.579765,0,0,5,25.3,43.0,704.0,684,0.0,58.23824999999998,68.33283333333337
2170,device_05,2025-11-12 16:50:25.116415,0,0,147,23.0,48.7,472.7,407,0.0,57.42458333333334,68.20666666666672
2171,device_02,2025-11-12 16:50:45.087477,0,0,1061,26.4,37.0,711.8,693,0.0,56.90666666666661,67.31583333333339
2172,device_01,2025-11-12 16:50:51.293998,10,10,44,26.3,38.0,659.4,667,0.0,57.94750000000001,68.44133333333336
2173,device_03,2025-11-12 16:51:00.989406,6,6,81,25.5,40.0,624.0,599,0.0,57.42458333333333,68.20666666666672
2174,device_04,2025-11-12 16:51:23.596926,0,0,5,25.3,43.0,699.7,679,0.0,58.23824999999998,68.33283333333337
2175,device_05,2025-11-12 16:51:25.026909,0,0,147,23.0,48.6,465.9,397,0.0,57.42458333333333,68.20666666666672
2176,device_02,2025-11-12 16:51:45.214617,0,0,1060,26.5,37.0,708.9,689,0.0,56.951249999999945,67.45916666666672
2177,device_01,2025-11-12 16:51:51.396065,0,0,43,26.4,38.0,658.0,666,0.0,57.93750000000002,68.46300000000002
2178,device_03,2025-11-12 16:52:00.815824,0,0,80,25.4,39.6,625.9,601,0.0,57.42458333333333,68.20666666666672
2179,device_04,2025-11-12 16:52:23.763723,0,0,6,25.3,43.0,697.9,677,0.0,58.23824999999998,68.33283333333337
2180,device_05,2025-11-12 16:52:25.023811,0,0,146,23.0,48.5,459.4,389,0.0,57.42458333333333,68.20666666666672
2181,device_02,2025-11-12 16:52:45.027467,0,0,1057,26.5,37.0,706.3,687,0.0,56.951249999999945,67.45916666666672
2182,device_01,2025-11-12 16:52:51.261762,0,0,44,26.5,38.0,657.1,665,0.0,57.96666666666669,68.56816666666668
2183,device_03,2025-11-12 16:53:00.83724,0,0,80,25.6,39.0,624.1,601,0.0,57.42458333333334,68.20666666666672
2184,device_04,2025-11-12 16:53:23.590733,7,8,5,25.3,43.0,696.8,674,0.0,58.23824999999998,68.33283333333337
2185,device_05,2025-11-12 16:53:25.023659,0,0,146,22.9,48.5,457.1,387,0.0,57.42458333333333,68.20666666666672
2186,device_02,2025-11-12 16:53:46.600861,0,0,1060,26.4,37.0,710.0,690,0.0,56.90666666666661,67.31583333333339
2187,device_01,2025-11-12 16:53:51.262316,0,0,44,26.5,38.0,657.1,665,0.0,57.96666666666669,68.56816666666668
2188,device_03,2025-11-12 16:54:01.327111,0,0,81,25.4,39.0,624.1,600,0.0,57.42458333333333,68.20666666666672
2189,device_04,2025-11-12 16:54:23.744337,0,0,5,25.3,43.0,700.1,683,0.0,58.23824999999998,68.33283333333337
2190,device_05,2025-11-12 16:54:24.98279,0,0,146,22.9,48.6,467.6,398,0.0,57.42458333333333,68.20666666666672
2191,device_02,2025-11-12 16:54:45.052756,0,0,1058,26.4,37.0,709.2,691,0.0,56.90666666666661,67.31583333333339
2192,device_01,2025-11-12 16:54:51.220209,0,0,43,26.5,38.0,658.1,666,0.0,57.96666666666669,68.56816666666668
2193,device_03,2025-11-12 16:55:00.730888,0,0,81,25.4,39.0,625.4,602,0.0,57.42458333333333,68.20666666666672
2194,device_04,2025-11-12 16:55:23.553814,0,0,5,25.3,43.0,701.6,681,0.0,58.23824999999998,68.33283333333337
2195,device_05,2025-11-12 16:55:24.954687,0,0,146,22.9,48.6,464.5,395,0.0,57.42458333333333,68.20666666666672
2196,device_02,2025-11-12 16:55:45.2035,0,0,1059,26.5,37.0,708.1,689,0.0,56.951249999999945,67.45916666666672
2197,device_01,2025-11-12 16:55:51.395662,0,0,44,26.5,38.0,656.9,666,0.0,57.97666666666669,68.58066666666669
2198,device_03,2025-11-12 16:56:01.041001,0,0,79,25.5,39.0,627.3,604,0.0,57.42458333333333,68.20666666666672
2199,device_04,2025-11-12 16:56:23.585695,0,0,5,25.3,43.0,699.0,677,0.0,58.23824999999998,68.33283333333338
2200,device_05,2025-11-12 16:56:25.017716,0,0,146,22.9,48.5,462.1,391,0.0,57.42458333333333,68.20666666666672
2201,device_02,2025-11-12 16:56:44.936176,0,0,1054,26.4,37.0,702.2,683,0.0,56.90666666666661,67.31583333333339
2202,device_01,2025-11-12 16:56:51.339266,9,9,44,26.5,38.0,655.5,662,0.0,58.2129166666667,68.68275000000003
2203,device_03,2025-11-12 16:57:00.870225,6,7,80,25.5,39.0,627.1,601,0.0,57.42458333333333,68.20666666666672
2204,device_04,2025-11-12 16:57:23.796852,0,0,5,25.3,43.0,697.6,675,0.0,58.23824999999998,68.33283333333337
2205,device_05,2025-11-12 16:57:25.071759,0,0,145,22.9,48.5,462.6,394,0.0,57.42458333333333,68.20666666666672
2206,device_02,2025-11-12 16:57:45.577424,0,0,1057,26.4,37.0,707.6,690,0.0,56.90666666666661,67.31583333333339
2207,device_01,2025-11-12 16:57:51.256247,0,0,43,26.4,38.0,656.0,662,0.0,58.183750000000025,68.57550000000002
2208,device_03,2025-11-12 16:58:01.655132,0,0,80,25.5,39.0,625.5,600,0.0,57.42458333333334,68.20666666666672
2209,device_04,2025-11-12 16:58:23.567417,0,0,5,25.3,43.0,697.8,677,0.0,58.23824999999998,68.33283333333337
2210,device_05,2025-11-12 16:58:25.014072,0,0,145,22.9,48.5,462.6,394,0.0,57.42458333333333,68.20666666666672
2211,device_02,2025-11-12 16:58:45.017705,0,0,1059,26.4,37.0,709.6,689,0.0,56.90666666666661,67.31583333333339
2212,device_01,2025-11-12 16:58:51.266424,0,0,44,26.6,38.0,654.3,661,0.0,58.222083333333366,68.92116666666668
2213,device_03,2025-11-12 16:59:00.784434,0,0,79,25.6,39.0,626.1,602,0.0,57.42458333333333,68.20666666666672
2214,device_04,2025-11-12 16:59:23.616414,8,9,5,25.3,43.0,697.2,678,0.0,58.23824999999998,68.33283333333337
2215,device_05,2025-11-12 16:59:25.048145,0,0,146,22.9,48.4,463.5,393,0.0,57.42458333333333,68.20666666666672
2216,device_02,2025-11-12 16:59:45.706046,0,0,1056,26.4,37.0,708.5,690,0.0,56.90666666666661,67.31583333333339
2217,device_01,2025-11-12 16:59:51.534526,0,0,43,26.4,38.0,653.5,660,0.0,58.1929166666667,68.57550000000002
2218,device_03,2025-11-12 17:00:00.728501,0,0,78,25.3,39.0,627.4,600,0.0,57.42458333333333,68.20666666666672
2219,device_04,2025-11-12 17:00:24.227465,0,0,4,25.3,43.0,697.5,676,0.0,58.23824999999998,68.33283333333337
2220,device_05,2025-11-12 17:00:25.150094,0,0,146,22.9,48.4,462.2,395,0.0,57.42458333333334,68.20666666666672
2221,device_02,2025-11-12 17:00:44.927126,0,0,1054,26.4,37.0,706.5,685,0.0,56.90666666666661,67.31583333333339
2222,device_01,2025-11-12 17:00:51.365066,0,0,42,26.5,38.0,653.2,661,0.0,58.222083333333366,68.68275000000003
2223,device_03,2025-11-12 17:01:00.726258,0,0,78,25.5,39.0,626.3,602,0.0,57.42458333333333,68.20666666666672
2224,device_04,2025-11-12 17:01:23.573839,0,0,4,25.1,43.0,695.6,673,0.0,58.23824999999998,68.30850000000004
2225,device_05,2025-11-12 17:01:25.103532,0,0,145,22.8,48.4,462.6,392,0.0,57.42458333333333,68.20666666666672
2226,device_02,2025-11-12 17:01:46.134088,0,0,1057,26.5,37.0,705.9,687,0.0,56.951249999999945,67.45916666666672
2227,device_01,2025-11-12 17:01:51.228634,0,0,43,26.5,38.0,654.5,659,0.0,58.21500000000004,68.68275000000003
2228,device_03,2025-11-12 17:02:01.321787,4,4,78,25.3,39.0,625.4,601,0.0,57.42458333333333,68.20666666666672
2229,device_04,2025-11-12 17:02:23.557348,0,0,5,24.8,43.0,694.9,675,0.0,58.23824999999998,68.33283333333338
2230,device_05,2025-11-12 17:02:24.968769,0,0,147,22.8,48.5,458.9,391,0.0,57.42458333333333,68.20666666666672
2231,device_02,2025-11-12 17:02:44.901375,0,0,1055,26.6,37.0,702.8,684,0.0,56.96041666666662,67.65916666666674
2232,device_01,2025-11-12 17:02:51.169073,0,0,43,26.5,38.0,652.6,659,0.0,58.21500000000004,68.68275000000001
2233,device_03,2025-11-12 17:03:00.719735,4,4,79,25.3,39.0,626.4,600,0.0,57.42458333333333,68.20666666666672
2234,device_04,2025-11-12 17:03:23.733363,0,0,6,24.8,43.0,696.6,676,0.0,58.23824999999998,68.33283333333337
2235,device_05,2025-11-12 17:03:25.078778,0,0,146,22.8,48.4,461.3,394,0.0,57.42458333333333,68.20666666666672
2236,device_02,2025-11-12 17:03:45.550421,0,0,1054,26.4,36.9,707.0,686,0.0,56.90666666666661,67.31583333333339
2237,device_01,2025-11-12 17:03:51.247798,0,0,43,26.4,38.0,652.8,659,0.0,58.18583333333336,68.57550000000002
2238,device_03,2025-11-12 17:04:00.696636,0,0,78,25.4,39.0,624.0,597,0.0,57.42458333333333,68.2066666666667
2239,device_04,2025-11-12 17:04:24.183679,0,0,5,24.8,43.0,699.0,677,0.0,58.23824999999998,68.33283333333337
2240,device_05,2025-11-12 17:04:24.961502,0,0,146,22.8,48.4,463.9,394,0.0,57.42458333333333,68.20666666666672
2241,device_02,2025-11-12 17:04:44.905956,0,0,1053,26.5,36.2,705.1,688,0.0,56.951249999999945,67.45916666666672
2242,device_01,2025-11-12 17:04:51.232095,0,0,43,26.3,38.0,652.4,659,0.0,58.195833333333354,68.55383333333334
2243,device_03,2025-11-12 17:05:00.857877,0,0,79,25.5,39.0,624.8,596,0.0,57.42458333333333,68.20666666666672
2244,device_04,2025-11-12 17:05:23.558357,0,0,5,24.8,43.0,693.8,674,0.0,58.23824999999998,68.33283333333337
2245,device_05,2025-11-12 17:05:25.229154,0,0,145,22.8,48.4,459.9,389,0.0,57.42458333333334,68.20666666666672
2246,device_02,2025-11-12 17:05:45.318973,0,0,1051,26.6,36.2,704.5,682,0.0,56.96041666666662,67.6295833333334
2247,device_01,2025-11-12 17:05:51.476435,0,0,43,26.4,38.0,651.0,658,0.0,58.18583333333336,68.57550000000002
2248,device_03,2025-11-12 17:06:01.021031,0,0,78,25.5,39.0,622.9,599,0.0,57.42458333333334,68.20666666666672
2249,device_04,2025-11-12 17:06:23.531482,0,0,5,24.8,43.0,694.6,673,0.0,58.23824999999998,68.30850000000004
2250,device_05,2025-11-12 17:06:25.085598,0,0,146,22.8,48.4,458.2,389,0.0,57.42458333333333,68.20666666666672
2251,device_02,2025-11-12 17:06:45.03835,0,0,1056,26.4,36.0,706.5,686,0.0,56.90666666666661,67.31583333333339
2252,device_01,2025-11-12 17:06:51.34817,0,0,42,25.4,38.0,650.6,656,0.0,58.27458333333336,68.59416666666668
2253,device_03,2025-11-12 17:07:00.714694,0,0,78,25.4,39.0,620.9,597,0.0,57.42458333333333,68.20666666666672
2254,device_04,2025-11-12 17:07:24.274456,0,0,4,24.8,43.0,695.2,674,0.0,58.23824999999998,68.33283333333337
2255,device_05,2025-11-12 17:07:25.155549,0,0,147,22.7,48.5,463.7,392,0.0,57.42458333333334,68.20666666666672
2256,device_02,2025-11-12 17:07:44.955204,0,0,1051,26.2,36.0,701.7,683,0.0,57.025416666666615,67.27750000000006
2257,device_01,2025-11-12 17:07:51.222401,0,0,44,25.5,38.0,651.5,658,0.0,58.24791666666669,68.46183333333336
2258,device_03,2025-11-12 17:08:01.07555,0,0,77,25.5,39.0,623.7,596,0.0,57.42458333333333,68.20666666666672
2259,device_04,2025-11-12 17:08:23.601947,0,0,6,24.8,43.0,692.5,673,0.0,58.23824999999998,68.30850000000004
2260,device_05,2025-11-12 17:08:25.033067,0,0,146,22.7,48.5,457.6,385,0.0,57.42458333333333,68.20666666666672
2261,device_02,2025-11-12 17:08:44.933365,0,0,1052,26.3,36.0,704.3,682,0.0,56.91666666666661,67.27458333333338
2262,device_01,2025-11-12 17:08:51.787412,0,0,43,25.4,38.0,653.1,659,0.0,58.24791666666669,68.46183333333336
2263,device_03,2025-11-12 17:09:00.713334,0,0,77,25.5,39.0,623.0,597,0.0,57.42458333333333,68.20666666666672
2264,device_04,2025-11-12 17:09:24.167736,0,0,5,24.8,43.0,696.7,675,0.0,58.23824999999998,68.33283333333337
2265,device_05,2025-11-12 17:09:25.129085,0,0,145,22.7,48.5,459.4,388,0.0,57.42458333333333,68.20666666666672
2266,device_02,2025-11-12 17:09:44.945351,0,0,1051,26.4,36.0,700.3,683,0.0,56.90666666666661,67.31583333333339
2267,device_01,2025-11-12 17:09:51.155138,0,0,43,25.3,38.0,650.6,658,0.0,58.27458333333336,68.59125
2268,device_03,2025-11-12 17:10:00.780722,0,0,77,25.4,39.0,622.7,597,0.0,57.42458333333333,68.20666666666672
2269,device_04,2025-11-12 17:10:23.562787,0,0,5,24.8,43.0,695.3,672,0.0,58.27616666666665,68.31183333333338
2270,device_05,2025-11-12 17:10:24.975424,0,0,144,22.7,48.5,457.8,388,0.0,57.42458333333333,68.20666666666672
2271,device_02,2025-11-12 17:10:45.146004,0,0,1055,26.3,36.0,705.1,685,0.0,56.91666666666661,67.2745833333334
2272,device_01,2025-11-12 17:10:51.158951,0,0,44,25.5,38.0,653.3,658,0.0,58.24791666666669,68.46183333333336
2273,device_03,2025-11-12 17:11:00.690403,0,0,76,25.6,39.0,622.5,595,0.0,57.42458333333333,68.20666666666672
2274,device_04,2025-11-12 17:11:23.652555,0,0,5,24.8,43.0,695.9,675,0.0,58.23824999999998,68.33283333333337
2275,device_05,2025-11-12 17:11:25.260683,0,0,146,22.7,48.5,460.2,390,0.0,57.42458333333333,68.20666666666672
2276,device_02,2025-11-12 17:11:44.903761,0,0,1054,26.4,36.0,705.2,686,0.0,56.90666666666661,67.31583333333339
2277,device_01,2025-11-12 17:11:51.128108,0,0,42,25.4,38.0,649.4,656,0.0,58.27458333333336,68.59416666666668
2278,device_03,2025-11-12 17:12:00.655087,0,0,77,25.4,39.0,621.6,597,0.0,57.42458333333333,68.20666666666672
2279,device_04,2025-11-12 17:12:23.598514,0,0,5,24.8,43.0,694.3,670,0.0,58.27616666666665,68.31183333333337
2280,device_05,2025-11-12 17:12:24.976947,0,0,147,22.7,48.4,462.0,392,0.0,57.42458333333333,68.20666666666672
2281,device_02,2025-11-12 17:12:44.877447,0,0,1053,26.4,36.0,705.4,687,0.0,56.90666666666661,67.31583333333339
2282,device_01,2025-11-12 17:12:51.318607,0,0,43,25.5,38.0,650.5,655,0.0,58.242500000000035,68.59416666666668
2283,device_03,2025-11-12 17:13:00.704857,0,0,76,25.4,39.0,619.7,593,0.0,57.42458333333333,68.20666666666672
2284,device_04,2025-11-12 17:13:23.887587,0,0,5,24.8,43.0,693.4,673,0.0,58.23824999999998,68.30850000000004
2285,device_05,2025-11-12 17:13:25.147319,0,0,145,22.7,48.4,461.3,391,0.0,57.42458333333334,68.20666666666672
2286,device_02,2025-11-12 17:13:44.89197,0,0,1053,26.5,36.0,706.3,685,0.0,56.951249999999945,67.45916666666672
2287,device_01,2025-11-12 17:13:51.18268,0,0,43,25.5,38.0,649.2,655,0.0,58.242500000000035,68.59416666666668
2288,device_03,2025-11-12 17:14:01.211316,0,0,76,25.6,39.0,621.7,594,0.0,57.42458333333334,68.20666666666672
2289,device_04,2025-11-12 17:14:23.818768,0,0,5,24.8,43.0,689.3,666,0.0,57.839166666666664,68.31558333333338
2290,device_05,2025-11-12 17:14:25.050439,0,0,146,22.7,48.3,460.6,391,0.0,57.42458333333333,68.20666666666672
2291,device_02,2025-11-12 17:14:45.001082,0,0,1051,26.6,36.0,705.2,687,0.0,56.96041666666662,67.6295833333334
2292,device_01,2025-11-12 17:14:51.190235,0,0,43,25.5,38.0,649.4,655,0.0,58.242500000000035,68.59416666666668
2293,device_03,2025-11-12 17:15:00.795952,0,0,77,25.5,39.0,621.3,596,0.0,57.42458333333333,68.20666666666672
2294,device_04,2025-11-12 17:15:24.085625,0,0,5,24.8,43.0,690.0,668,0.0,58.27616666666665,68.31850000000004
2295,device_05,2025-11-12 17:15:25.206113,0,0,147,22.7,48.3,459.1,390,0.0,57.42458333333334,68.20666666666672
2296,device_02,2025-11-12 17:15:44.904045,0,0,1051,26.5,36.0,705.7,685,0.0,56.951249999999945,67.45916666666673
2297,device_01,2025-11-12 17:15:51.213902,0,0,43,25.5,38.0,649.5,654,0.0,58.242500000000035,68.59416666666668
2298,device_03,2025-11-12 17:16:00.721332,0,0,76,25.5,39.0,619.2,594,0.0,57.42458333333333,68.20666666666672
2299,device_04,2025-11-12 17:16:23.756435,0,0,4,24.8,42.4,689.9,669,0.0,58.27616666666665,68.31850000000004
2300,device_05,2025-11-12 17:16:25.066699,0,0,144,22.7,48.3,457.3,386,0.0,57.42458333333333,68.20666666666672
2301,device_02,2025-11-12 17:16:44.91175,0,0,1051,26.5,36.0,704.1,685,0.0,56.951249999999945,67.45916666666672
2302,device_01,2025-11-12 17:16:51.110841,0,0,43,25.5,38.0,647.6,653,0.0,58.221250000000026,68.65583333333335
2303,device_03,2025-11-12 17:17:00.770169,0,0,76,25.3,39.0,622.0,594,0.0,57.42458333333333,68.20666666666672
2304,device_04,2025-11-12 17:17:23.513648,0,0,5,24.8,42.0,692.5,671,0.0,58.27616666666665,68.31183333333337
2305,device_05,2025-11-12 17:17:24.929278,0,0,145,22.6,48.3,460.3,389,0.0,57.42458333333333,68.20666666666672
2306,device_02,2025-11-12 17:17:44.875261,0,0,1050,26.4,36.0,704.3,686,0.0,56.90666666666661,67.31583333333339
2307,device_01,2025-11-12 17:17:51.122753,0,0,42,25.5,38.0,648.2,654,0.0,58.242500000000035,68.59416666666668
2308,device_03,2025-11-12 17:18:00.683559,0,0,75,25.2,38.4,618.6,592,0.0,57.42458333333334,68.20666666666672
2309,device_04,2025-11-12 17:18:24.085784,0,0,4,24.8,42.0,690.1,669,0.0,58.27616666666665,68.31850000000004
2310,device_05,2025-11-12 17:18:25.064716,0,0,146,22.6,48.3,456.9,387,0.0,57.42458333333333,68.20666666666672
2311,device_02,2025-11-12 17:18:45.551284,0,0,1052,26.5,36.0,702.9,684,0.0,56.951249999999945,67.45916666666673
2312,device_01,2025-11-12 17:18:51.198081,11,11,43,25.4,38.0,648.0,653,0.0,58.22125000000003,68.65583333333333
2313,device_03,2025-11-12 17:19:00.692263,0,0,75,25.3,38.0,621.1,593,0.0,57.42458333333333,68.20666666666672
2314,device_04,2025-11-12 17:19:23.687221,0,0,4,24.8,42.0,690.8,670,0.0,58.27616666666665,68.31183333333337
2315,device_05,2025-11-12 17:19:24.958419,0,0,145,22.6,48.3,456.0,386,0.0,57.42458333333333,68.20666666666672
2316,device_02,2025-11-12 17:19:44.859212,0,0,1049,26.5,36.0,703.8,684,0.0,56.951249999999945,67.45916666666672
2317,device_01,2025-11-12 17:19:51.226843,0,0,43,25.3,38.0,646.4,652,0.0,58.221250000000026,68.65583333333335
2318,device_03,2025-11-12 17:20:00.660718,0,0,74,25.4,38.0,618.1,593,0.0,57.42458333333333,68.20666666666672
2319,device_04,2025-11-12 17:20:23.753331,0,0,4,24.8,42.0,691.9,669,0.0,58.27616666666665,68.31850000000004
2320,device_05,2025-11-12 17:20:24.929785,0,0,146,22.6,48.4,459.1,387,0.0,57.42458333333334,68.20666666666672
2321,device_02,2025-11-12 17:20:45.507432,0,0,1049,26.4,36.0,704.8,686,0.0,56.90666666666661,67.31583333333339
2322,device_01,2025-11-12 17:20:52.131407,0,0,42,25.4,38.0,648.0,651,0.0,58.221250000000026,68.65583333333333
2323,device_03,2025-11-12 17:21:01.279594,0,0,74,25.4,38.0,614.7,586,0.0,57.42458333333333,68.2066666666667
2324,device_04,2025-11-12 17:21:23.583916,3,3,4,24.8,42.2,690.1,667,0.0,58.27616666666665,68.31558333333338
2325,device_05,2025-11-12 17:21:25.288813,0,0,145,22.6,48.5,458.0,387,0.0,57.42458333333333,68.20666666666672
2326,device_02,2025-11-12 17:21:45.339667,0,0,1047,26.5,36.0,699.4,679,0.0,56.951249999999945,67.45916666666672
2327,device_01,2025-11-12 17:21:51.635507,0,0,43,25.3,38.0,647.7,653,0.0,58.221250000000026,68.65583333333333
2328,device_03,2025-11-12 17:22:00.966267,0,0,74,25.6,38.0,615.8,587,0.0,57.42458333333334,68.20666666666672
2329,device_04,2025-11-12 17:22:23.61171,0,0,5,24.8,43.0,691.2,667,0.0,58.27616666666665,68.31558333333338
2330,device_05,2025-11-12 17:22:24.930828,9,9,146,22.6,48.5,457.5,387,0.0,57.42458333333333,68.20666666666672
2331,device_02,2025-11-12 17:22:45.658846,0,0,1048,26.5,36.0,702.8,684,0.0,56.951249999999945,67.45916666666672
2332,device_01,2025-11-12 17:22:51.182261,0,0,43,25.5,38.0,646.8,652,0.0,58.221250000000026,68.65583333333333
2333,device_03,2025-11-12 17:23:01.380591,0,0,73,25.5,38.0,610.3,584,0.0,57.42458333333333,68.20666666666672
2334,device_04,2025-11-12 17:23:23.56292,0,0,5,24.8,43.0,688.8,665,0.0,57.839166666666664,68.3155833333334
2335,device_05,2025-11-12 17:23:25.11091,9,9,146,22.6,48.5,456.5,383,0.0,57.42458333333334,68.20666666666672
2336,device_02,2025-11-12 17:23:44.936868,0,0,1048,26.4,36.0,701.0,680,0.0,56.90666666666661,67.31583333333339
2337,device_03,2025-11-12 17:24:00.803662,0,0,72,25.6,38.0,613.1,584,0.0,57.42458333333333,68.20666666666672
2338,device_04,2025-11-12 17:24:23.600919,0,0,4,24.8,43.0,686.9,663,0.0,57.839166666666664,68.31558333333338
2339,device_05,2025-11-12 17:24:24.940357,0,0,145,22.5,48.6,453.6,383,0.0,57.42458333333333,68.20666666666672
2340,device_02,2025-11-12 17:24:49.792631,0,0,1048,26.4,36.0,702.8,682,0.0,56.90666666666661,67.31583333333339
2341,device_04,2025-11-12 17:25:23.576061,0,0,5,24.8,43.0,686.9,664,0.0,57.839166666666664,68.3155833333334
2342,device_05,2025-11-12 17:25:25.524245,0,0,144,22.5,48.6,453.2,381,0.0,57.42458333333333,68.20666666666672
2343,device_05,2025-11-12 17:26:24.914098,0,0,144,22.5,48.7,456.3,384,0.0,57.42458333333333,68.20666666666672
2344,device_01,2025-11-12 17:28:51.630163,0,0,37,25.6,38.0,651.5,658,0.0,58.24791666666669,68.46183333333336
2345,device_01,2025-11-12 17:29:51.228788,0,0,42,25.5,38.0,645.9,650,0.0,58.221250000000026,68.65583333333335
2346,device_03,2025-11-12 17:30:00.754335,0,0,65,25.6,38.0,620.1,592,0.0,57.42458333333333,68.20666666666672
2347,device_02,2025-11-12 17:30:45.512567,0,0,1050,26.5,36.0,716.0,698,0.0,56.951249999999945,67.46125000000006
2348,device_01,2025-11-12 17:30:51.385114,0,0,42,25.5,38.0,643.9,647,0.0,58.221250000000026,68.65583333333335
2349,device_03,2025-11-12 17:31:00.727479,0,0,70,25.5,38.0,618.7,591,0.0,57.42458333333333,68.20666666666672
2350,device_04,2025-11-12 17:31:23.519279,0,0,1,24.8,43.0,690.9,667,0.0,58.27616666666665,68.31558333333338
2351,device_02,2025-11-12 17:31:44.905685,0,0,1048,26.4,36.0,700.3,681,0.0,56.90666666666661,67.31583333333339
2352,device_01,2025-11-12 17:31:51.202032,0,0,43,25.5,38.0,643.7,647,0.0,58.221250000000026,68.65583333333333
2353,device_03,2025-11-12 17:32:00.747199,0,0,71,25.5,38.0,615.9,591,0.0,57.42458333333334,68.20666666666672
2354,device_04,2025-11-12 17:32:23.60641,0,0,4,24.8,43.0,688.9,665,0.0,57.839166666666664,68.31558333333338
2355,device_05,2025-11-12 17:32:25.279991,0,0,137,22.5,48.7,461.2,392,0.0,57.42458333333333,68.20666666666672
2356,device_02,2025-11-12 17:32:45.480114,0,0,1045,26.5,36.0,697.7,678,0.0,56.951249999999945,67.45916666666672
2357,device_01,2025-11-12 17:32:51.163917,0,0,42,25.6,38.0,641.0,645,0.0,58.20833333333336,68.65583333333333
2358,device_03,2025-11-12 17:33:00.814442,0,0,72,25.4,38.0,616.5,589,0.0,57.42458333333333,68.20666666666672
2359,device_04,2025-11-12 17:33:24.120154,0,0,4,24.8,43.0,688.3,666,0.0,57.839166666666664,68.31558333333338
2360,device_05,2025-11-12 17:33:25.17465,0,0,144,22.5,48.8,458.3,386,0.0,57.42458333333333,68.20666666666672
2361,device_02,2025-11-12 17:33:44.863271,0,0,1046,26.4,36.0,701.2,681,0.0,56.90666666666661,67.31583333333339
2362,device_01,2025-11-12 17:33:51.285517,0,0,42,25.5,38.0,640.2,644,0.0,58.20833333333336,68.65083333333334
2363,device_03,2025-11-12 17:34:00.76843,0,0,70,25.3,38.0,614.9,587,0.0,57.42458333333333,68.20666666666672
2364,device_04,2025-11-12 17:34:23.517546,0,0,4,24.8,43.0,689.2,666,0.0,57.839166666666664,68.31558333333338
2365,device_05,2025-11-12 17:34:24.981434,0,0,145,22.5,48.7,459.4,390,0.0,57.42458333333333,68.20666666666672
2366,device_02,2025-11-12 17:34:45.036094,0,0,1043,26.3,36.0,699.4,680,0.0,56.91666666666661,67.2745833333334
2367,device_01,2025-11-12 17:34:51.180052,0,0,41,25.4,38.0,642.2,646,0.0,58.221250000000026,68.65583333333333
2368,device_03,2025-11-12 17:35:01.366904,0,0,71,25.5,38.0,615.3,589,0.0,57.42458333333333,68.20666666666672
2369,device_04,2025-11-12 17:35:24.043524,0,0,5,24.8,43.0,690.2,669,0.0,58.27616666666665,68.31850000000004
2370,device_05,2025-11-12 17:35:25.358862,0,0,146,22.5,48.7,459.5,391,0.0,57.42458333333333,68.20666666666672
2371,device_02,2025-11-12 17:35:44.920363,0,64,1045,26.4,36.0,702.7,681,0.0,58.94166666666663,68.63500000000002
2372,device_01,2025-11-12 17:35:52.387714,0,0,42,25.4,38.0,640.3,644,0.0,58.20833333333336,68.65083333333334
2373,device_03,2025-11-12 17:36:02.493285,0,0,72,25.3,38.0,612.3,583,0.0,57.42458333333333,68.20666666666672
2374,device_04,2025-11-12 17:36:23.70062,0,0,4,24.8,43.0,686.1,662,0.0,57.78833333333334,68.29516666666673
2375,device_05,2025-11-12 17:36:25.196413,0,0,147,22.5,48.7,457.3,387,0.0,57.42458333333333,68.20666666666672
2376,device_02,2025-11-12 17:36:45.576111,0,0,1046,25.7,36.6,701.6,681,0.0,57.05499999999994,67.20250000000004
2377,device_01,2025-11-12 17:36:51.685666,0,0,42,25.5,38.0,644.6,649,0.0,58.221250000000026,68.65583333333333
2378,device_03,2025-11-12 17:37:02.557695,0,0,72,25.4,38.0,619.1,593,0.0,57.42458333333333,68.20666666666672
2379,device_04,2025-11-12 17:37:23.721634,0,0,4,24.8,43.0,686.8,663,0.0,57.839166666666664,68.31558333333338
2380,device_05,2025-11-12 17:37:24.942203,0,0,146,22.5,48.7,457.6,388,0.0,57.42458333333333,68.20666666666672
2381,device_02,2025-11-12 17:37:45.029012,0,0,1044,25.4,37.0,700.0,682,0.0,57.05499999999994,67.20375000000004
2382,device_01,2025-11-12 17:37:52.415408,0,0,42,25.3,38.0,643.4,647,0.0,58.221250000000026,68.65583333333333
2383,device_03,2025-11-12 17:38:01.641815,0,0,73,25.3,38.0,619.9,592,0.0,57.42458333333333,68.20666666666672
2384,device_04,2025-11-12 17:38:23.638021,0,0,5,24.8,43.0,687.4,666,0.0,57.839166666666664,68.31558333333338
2385,device_05,2025-11-12 17:38:25.014436,6,6,147,22.5,48.8,455.5,385,0.0,57.42458333333333,68.20666666666672
2386,device_02,2025-11-12 17:38:44.924584,0,0,1045,25.5,37.0,702.1,680,0.0,57.05499999999994,67.20375000000004
2387,device_01,2025-11-12 17:38:51.269191,0,0,41,25.4,38.0,641.2,643,0.0,58.20833333333336,68.65083333333334
2388,device_03,2025-11-12 17:39:01.34351,0,0,74,25.5,38.0,620.9,595,0.0,57.42458333333333,68.20666666666672
2389,device_04,2025-11-12 17:39:23.763058,0,0,4,24.8,43.0,682.6,659,0.0,57.75916666666667,68.29516666666672
2390,device_05,2025-11-12 17:39:25.264237,6,6,148,22.5,48.8,457.5,385,0.0,57.42458333333333,68.20666666666672
2391,device_02,2025-11-12 17:39:44.850584,0,0,1042,25.5,37.0,692.1,675,0.0,57.05499999999994,67.20375000000004
2392,device_01,2025-11-12 17:39:51.166697,0,0,41,25.4,38.0,638.7,640,0.0,58.20833333333336,68.65083333333334
2393,device_03,2025-11-12 17:40:00.787715,0,0,72,25.5,38.0,618.8,593,0.0,57.42458333333333,68.20666666666672
2394,device_04,2025-11-12 17:40:23.539344,0,0,5,24.8,43.0,688.8,663,0.0,57.839166666666664,68.31558333333338
2395,device_05,2025-11-12 17:40:24.928477,0,0,145,22.5,48.8,440.3,366,0.0,57.42458333333333,68.20666666666672
2396,device_02,2025-11-12 17:40:44.873465,0,0,1033,25.5,37.0,680.1,657,0.0,56.41333333333328,67.17375000000007
2397,device_01,2025-11-12 17:40:51.167159,0,0,43,25.4,38.0,641.5,644,0.0,58.20833333333336,68.65083333333334
2398,device_03,2025-11-12 17:41:00.689352,0,0,72,25.5,38.0,619.8,596,0.0,57.42458333333333,68.20666666666672
2399,device_04,2025-11-12 17:41:24.088518,0,0,4,24.8,43.0,686.4,663,0.0,57.839166666666664,68.31558333333338
2400,device_05,2025-11-12 17:41:25.490909,0,0,149,22.5,48.8,447.0,374,0.0,57.42458333333333,68.20666666666672
2401,device_02,2025-11-12 17:41:44.920308,0,0,1034,25.5,37.0,683.7,659,0.0,56.42583333333327,67.17375000000007
2402,device_01,2025-11-12 17:41:51.185339,0,0,42,25.4,38.0,643.3,648,0.0,58.221250000000026,68.65583333333333
2403,device_03,2025-11-12 17:42:00.79806,0,0,72,25.6,38.0,622.7,595,0.0,57.42458333333333,68.20666666666672
2404,device_04,2025-11-12 17:42:23.738978,0,0,4,24.8,43.0,687.7,665,0.0,57.839166666666664,68.31558333333338
2405,device_05,2025-11-12 17:42:24.964364,0,0,150,22.5,48.8,453.3,379,0.0,57.42458333333333,68.20666666666672
2406,device_02,2025-11-12 17:42:44.873941,0,0,1034,25.4,37.0,683.1,659,0.0,56.42583333333329,67.17375000000007
2407,device_01,2025-11-12 17:42:51.208071,0,0,43,25.4,38.0,642.6,646,0.0,58.221250000000026,68.65583333333333
2408,device_03,2025-11-12 17:43:00.823017,0,0,73,25.5,38.0,620.3,595,0.0,57.42458333333333,68.20666666666672
2409,device_04,2025-11-12 17:43:24.050867,0,0,4,24.8,43.0,687.0,664,0.0,57.839166666666664,68.31558333333338
2410,device_05,2025-11-12 17:43:25.643928,0,0,149,22.5,48.8,445.8,370,0.0,57.42458333333333,68.20666666666672
2411,device_02,2025-11-12 17:43:44.86024,0,0,1033,25.5,37.0,680.0,658,0.0,56.41333333333328,67.17375000000007
2412,device_01,2025-11-12 17:43:51.235551,0,0,42,25.5,38.0,643.3,647,0.0,58.221250000000026,68.65583333333333
2413,device_03,2025-11-12 17:44:00.777448,0,0,71,25.4,38.0,622.6,597,0.0,57.42458333333334,68.20666666666672
2414,device_04,2025-11-12 17:44:23.571983,0,0,5,24.7,43.0,684.4,660,0.0,57.76916666666667,68.29516666666672
2415,device_05,2025-11-12 17:44:25.321055,0,0,149,22.5,48.8,445.8,369,0.0,57.42458333333333,68.20666666666672
2416,device_02,2025-11-12 17:44:44.991237,0,0,1035,25.4,37.0,685.3,661,0.0,56.45791666666663,67.17791666666673
2417,device_01,2025-11-12 17:44:51.280201,0,0,43,25.5,38.0,641.7,646,0.0,58.20833333333336,68.65583333333333
2418,device_03,2025-11-12 17:45:00.819843,0,0,71,25.4,38.0,621.7,594,0.0,57.42458333333333,68.20666666666672
2419,device_04,2025-11-12 17:45:23.785207,0,0,4,24.5,43.0,684.7,662,0.0,57.76916666666667,68.29516666666672
2420,device_05,2025-11-12 17:45:25.133958,0,0,150,22.5,48.8,446.4,373,0.0,57.42458333333333,68.20666666666672
2421,device_02,2025-11-12 17:45:45.174054,0,0,1035,25.5,37.0,686.6,663,0.0,56.56291666666662,67.19416666666672
2422,device_01,2025-11-12 17:45:51.355574,0,0,43,25.4,38.0,642.3,645,0.0,58.221250000000026,68.65583333333333
2423,device_03,2025-11-12 17:46:00.930884,0,0,70,25.2,38.0,620.7,597,0.0,57.42458333333333,68.20666666666672
2424,device_04,2025-11-12 17:46:23.575344,0,0,4,24.5,43.0,687.5,664,0.0,57.839166666666664,68.31558333333338
2425,device_05,2025-11-12 17:46:25.552641,0,0,152,22.5,48.9,454.0,385,0.0,57.42458333333333,68.20250000000004
2426,device_02,2025-11-12 17:46:44.915188,0,0,1034,25.5,37.0,688.9,661,0.0,56.47708333333328,67.17791666666673
2427,device_01,2025-11-12 17:46:51.296051,0,0,43,25.4,38.0,643.1,648,0.0,58.221250000000026,68.65583333333333
2428,device_03,2025-11-12 17:47:01.017991,0,0,70,25.4,38.0,621.6,596,0.0,57.42458333333333,68.20666666666672
2429,device_04,2025-11-12 17:47:24.365709,0,0,5,24.6,43.0,694.8,673,0.0,58.23824999999998,68.30850000000004
2430,device_05,2025-11-12 17:47:24.958663,0,0,152,22.5,49.0,475.8,412,0.0,57.42458333333334,68.20250000000004
2431,device_02,2025-11-12 17:47:45.123743,0,0,1035,25.4,37.0,691.3,669,0.0,57.09291666666662,67.20541666666672
2432,device_01,2025-11-12 17:47:51.21347,0,0,43,25.4,38.0,647.8,653,0.0,58.221250000000026,68.65583333333333
2433,device_03,2025-11-12 17:48:00.941083,0,0,70,25.5,38.0,622.1,596,0.0,57.42458333333333,68.20666666666672
2434,device_04,2025-11-12 17:48:23.572704,0,0,5,24.8,43.0,700.4,682,0.0,58.23824999999998,68.33283333333337
2435,device_05,2025-11-12 17:48:25.182294,0,0,153,22.6,48.9,495.3,434,0.0,57.42458333333333,68.20250000000004
2436,device_02,2025-11-12 17:48:44.87348,0,0,1032,25.7,37.0,688.0,668,0.0,56.60291666666663,67.19708333333338
2437,device_01,2025-11-12 17:48:51.128973,0,0,44,25.5,38.0,651.4,657,0.0,58.24791666666669,68.46183333333336
2438,device_03,2025-11-12 17:49:00.694826,0,0,71,25.4,38.0,623.5,599,0.0,57.42458333333333,68.2066666666667
2439,device_04,2025-11-12 17:49:23.56245,0,0,4,24.8,43.0,705.3,687,0.0,58.23824999999998,68.33283333333337
2440,device_05,2025-11-12 17:49:25.483067,0,0,153,22.7,48.9,502.0,441,0.0,57.42458333333333,68.20250000000004
2441,device_02,2025-11-12 17:49:44.881597,0,0,1036,26.6,37.0,701.1,680,0.0,56.96041666666662,67.65916666666674
2442,device_01,2025-11-12 17:49:51.223922,0,0,43,25.4,38.0,653.7,661,0.0,58.25333333333336,68.46183333333336
2443,device_03,2025-11-12 17:50:00.705195,0,0,71,25.4,38.2,625.8,599,0.0,57.42458333333333,68.20666666666672
2444,device_04,2025-11-12 17:50:23.658975,0,0,4,24.8,43.0,707.7,689,0.0,58.23824999999998,68.33283333333337
2445,device_05,2025-11-12 17:50:25.17411,0,0,153,22.8,48.8,503.3,443,0.0,57.42458333333333,68.20250000000004
2446,device_02,2025-11-12 17:50:45.047144,0,0,1034,26.6,37.0,697.7,679,0.0,56.96041666666662,67.65916666666674
2447,device_01,2025-11-12 17:50:51.222871,0,0,43,25.3,38.0,657.8,667,0.0,58.01208333333335,68.35391666666669
2448,device_03,2025-11-12 17:51:00.701429,0,0,71,25.5,38.9,625.5,600,0.0,57.42458333333333,68.20666666666672
2449,device_04,2025-11-12 17:51:23.823576,0,0,5,24.8,43.0,714.6,695,0.0,58.23824999999998,68.33700000000003
2450,device_05,2025-11-12 17:51:25.534586,0,0,155,22.9,48.8,511.3,453,0.0,57.42458333333333,68.20875000000005
2451,device_02,2025-11-12 17:51:45.070319,0,0,1035,26.5,37.0,701.1,680,0.0,56.951249999999945,67.45916666666672
2452,device_01,2025-11-12 17:51:51.513861,0,0,43,25.7,38.0,659.3,668,0.0,58.01208333333335,68.35683333333336
2453,device_03,2025-11-12 17:52:00.822186,0,0,71,25.5,39.0,626.9,603,0.0,57.42458333333333,68.20666666666672
2454,device_04,2025-11-12 17:52:23.591141,0,0,4,24.8,43.0,715.4,701,0.0,58.23824999999998,68.33700000000003
2455,device_05,2025-11-12 17:52:25.128269,0,0,153,23.1,48.7,514.4,454,0.0,57.42458333333334,68.20250000000004
2456,device_02,2025-11-12 17:52:45.462862,0,0,1040,26.2,37.0,709.9,691,0.0,57.025416666666615,67.27750000000006
2457,device_01,2025-11-12 17:52:51.308525,0,0,42,26.5,38.0,662.6,670,0.0,57.96583333333335,68.56400000000002
2458,device_03,2025-11-12 17:53:00.919448,0,0,71,25.4,39.0,629.7,603,0.0,57.42458333333333,68.20666666666672
2459,device_04,2025-11-12 17:53:23.821342,0,0,4,24.8,43.0,717.5,699,0.0,58.23824999999998,68.33700000000003
2460,device_05,2025-11-12 17:53:24.970061,0,0,156,23.2,48.7,518.1,462,0.0,57.42291666666667,68.20875000000005
2461,device_02,2025-11-12 17:53:44.912038,0,0,1030,26.5,37.0,701.6,680,0.0,56.951249999999945,67.45916666666672
2462,device_01,2025-11-12 17:53:51.290226,0,0,43,26.5,38.0,664.1,674,0.0,57.90625000000001,68.57250000000002
2463,device_03,2025-11-12 17:54:00.845911,0,0,70,25.3,39.0,630.7,606,0.0,57.42458333333333,68.20666666666672
2464,device_04,2025-11-12 17:54:23.589217,0,0,5,25.1,43.0,722.9,707,0.0,58.23658333333331,68.33408333333337
2465,device_05,2025-11-12 17:54:24.950187,0,0,157,23.3,48.6,529.3,474,0.0,57.41958333333333,68.20875000000005
2466,device_02,2025-11-12 17:54:44.895303,0,0,1036,26.6,37.0,709.1,690,0.0,56.96041666666662,67.63416666666673
2467,device_01,2025-11-12 17:54:51.941579,0,0,44,26.4,38.0,665.6,677,0.0,57.87708333333334,68.46733333333336
2468,device_03,2025-11-12 17:55:00.738567,0,0,71,25.4,39.0,631.2,608,0.0,57.42458333333333,68.20666666666672
2469,device_04,2025-11-12 17:55:23.789552,0,0,5,25.3,43.0,722.5,707,0.0,58.23658333333331,68.33408333333337
2470,device_05,2025-11-12 17:55:24.931424,0,0,159,23.4,48.6,531.2,479,0.0,57.42333333333334,68.20666666666672
2471,device_02,2025-11-12 17:55:44.868143,0,0,1039,26.1,37.0,712.7,698,0.0,57.044999999999945,67.27041666666672
2472,device_01,2025-11-12 17:55:51.160849,0,0,44,26.4,38.0,668.3,681,0.0,57.88916666666668,68.46816666666669
2473,device_03,2025-11-12 17:56:00.759939,0,0,72,25.4,39.0,633.0,609,0.0,57.42458333333333,68.20666666666672
2474,device_04,2025-11-12 17:56:23.533475,0,0,5,25.3,43.0,724.7,708,0.0,58.23658333333331,68.33408333333337
2475,device_05,2025-11-12 17:56:25.13317,0,0,157,23.5,48.6,528.5,472,0.0,57.41958333333333,68.20875000000005
2476,device_02,2025-11-12 17:56:44.958316,0,0,1031,26.4,37.0,706.1,684,0.0,56.90666666666661,67.31583333333339
2477,device_01,2025-11-12 17:56:51.272838,0,0,44,26.5,38.0,670.6,684,0.0,57.93291666666668,68.57333333333334
2478,device_03,2025-11-12 17:57:00.941297,0,0,71,25.4,39.0,634.1,612,0.0,57.42458333333333,68.20666666666672
2479,device_04,2025-11-12 17:57:23.523244,0,0,4,25.3,43.0,727.5,714,0.0,58.23658333333331,68.33408333333337
2480,device_05,2025-11-12 17:57:24.953906,0,0,158,23.6,48.5,529.4,477,0.0,57.4225,68.20875000000005
2481,device_02,2025-11-12 17:57:44.889426,0,0,1033,26.3,37.0,710.9,692,0.0,56.91666666666661,67.2745833333334
2482,device_01,2025-11-12 17:57:51.282806,0,0,43,26.4,38.0,672.8,685,0.0,57.92541666666667,68.47233333333335
2483,device_03,2025-11-12 17:58:00.938374,0,0,71,25.3,39.0,633.8,609,0.0,57.42458333333333,68.20666666666672
2484,device_04,2025-11-12 17:58:23.624359,0,0,5,25.3,43.0,728.1,712,0.0,58.23658333333331,68.33408333333337
2485,device_05,2025-11-12 17:58:24.946529,0,0,158,23.7,48.5,527.1,476,0.0,57.4225,68.20875000000005
2486,device_02,2025-11-12 17:58:44.89623,0,0,1034,26.3,37.0,716.6,697,0.0,56.91666666666661,67.27666666666673
2487,device_01,2025-11-12 17:58:51.710788,0,0,45,26.4,38.0,675.3,688,0.0,57.95791666666668,68.48233333333336
2488,device_03,2025-11-12 17:59:00.708544,0,0,71,25.5,39.0,636.8,613,0.0,57.42458333333333,68.20666666666672
2489,device_04,2025-11-12 17:59:23.816699,0,0,5,25.3,43.0,728.7,718,0.0,58.23741666666665,68.33408333333337
2490,device_05,2025-11-12 17:59:24.984837,0,0,160,23.8,48.4,535.8,479,0.0,57.410833333333336,68.20666666666672
2491,device_02,2025-11-12 17:59:44.862425,0,0,1035,26.4,37.0,714.4,696,0.0,56.90666666666661,67.31791666666672
2492,device_01,2025-11-12 17:59:51.181932,0,0,45,26.4,38.0,677.1,690,0.0,57.94833333333335,68.47275000000005
2493,device_03,2025-11-12 18:00:01.108797,0,0,71,25.4,39.0,636.0,616,0.0,57.42458333333333,68.20666666666672
2494,device_04,2025-11-12 18:00:23.556552,0,0,5,25.4,43.0,733.9,720,0.0,58.26866666666665,68.33825000000003
2495,device_05,2025-11-12 18:00:25.143698,0,0,160,23.8,48.4,539.8,488,0.0,57.410833333333336,68.20666666666672
2496,device_02,2025-11-12 18:00:45.418431,0,0,1039,26.4,37.5,724.0,708,0.0,56.90666666666661,67.31791666666672
2497,device_01,2025-11-12 18:00:51.204861,0,0,44,26.4,38.0,678.1,694,0.0,57.94833333333335,68.47275000000003
2498,device_03,2025-11-12 18:01:01.030078,0,0,72,25.6,39.0,636.6,612,0.0,57.42458333333333,68.20666666666672
2499,device_04,2025-11-12 18:01:23.583086,0,0,5,25.8,43.0,735.6,722,0.0,58.29574999999999,68.33825000000003
2500,device_05,2025-11-12 18:01:25.117419,0,0,160,23.9,48.4,533.8,480,0.0,57.410833333333336,68.20666666666672
2501,device_02,2025-11-12 18:01:45.232633,0,0,1034,26.5,38.0,719.4,701,0.0,56.951249999999945,67.46125000000006
2502,device_01,2025-11-12 18:01:51.357298,0,0,45,26.4,38.0,680.3,693,0.0,57.70291666666667,68.45650000000005
2503,device_03,2025-11-12 18:02:00.719594,0,0,72,26.5,39.0,638.2,617,0.0,57.30583333333334,68.41625000000003
2504,device_04,2025-11-12 18:02:23.552711,0,0,5,25.8,43.0,737.7,726,0.0,58.336749999999995,68.34241666666671
2505,device_05,2025-11-12 18:02:25.077081,0,0,160,24.0,48.3,536.1,483,0.0,57.41083333333333,68.20666666666672
2506,device_02,2025-11-12 18:02:45.099905,0,0,1042,26.5,38.0,725.8,713,0.0,56.951249999999945,67.46125000000006
2507,device_01,2025-11-12 18:02:51.127032,4,4,44,26.6,38.0,681.7,695,0.0,57.73125000000001,68.80675000000002
2508,device_03,2025-11-12 18:03:00.675864,0,0,72,26.5,39.0,640.8,621,0.0,57.33166666666666,68.41625000000005
2509,device_04,2025-11-12 18:03:24.06117,0,0,5,25.8,43.0,739.1,727,0.0,58.336749999999995,68.34241666666671
2510,device_05,2025-11-12 18:03:24.966209,0,0,163,24.0,48.6,549.0,498,0.0,57.410833333333336,68.20500000000004
2511,device_02,2025-11-12 18:03:44.856556,0,0,1038,26.3,38.0,725.9,706,0.0,56.91666666666661,67.27666666666673
2512,device_01,2025-11-12 18:03:51.328898,4,4,45,26.4,38.0,682.5,698,0.0,57.69916666666667,68.45650000000005
2513,device_03,2025-11-12 18:04:00.691312,0,0,73,26.5,39.0,642.3,621,0.0,57.35750000000001,68.41625000000003
2514,device_04,2025-11-12 18:04:23.591771,0,0,5,25.8,43.7,745.2,731,0.0,58.38549999999999,68.34241666666671
2515,device_05,2025-11-12 18:04:24.990704,0,0,162,24.1,48.7,539.2,487,0.0,57.410833333333336,68.20500000000004
2516,device_02,2025-11-12 18:04:45.139892,0,0,1039,26.4,38.0,723.8,709,0.0,56.90666666666661,67.31791666666672
2517,device_01,2025-11-12 18:04:51.253359,0,0,45,27.0,38.0,681.7,699,0.0,57.73125000000001,68.90000000000003
2518,device_03,2025-11-12 18:05:00.943303,0,0,72,26.5,39.0,645.2,624,0.0,57.3775,68.4116666666667
2519,device_04,2025-11-12 18:05:23.82388,3,3,5,25.8,44.0,744.0,735,0.0,58.356333333333325,68.34241666666671
2520,device_05,2025-11-12 18:05:24.947372,0,0,163,24.1,48.7,550.1,502,0.0,57.410833333333336,68.20500000000004
2521,device_02,2025-11-12 18:05:44.895287,0,0,1039,26.5,38.0,735.4,716,0.0,57.04999999999993,67.46125000000006
2522,device_01,2025-11-12 18:05:51.259885,0,0,45,27.5,38.0,685.3,701,0.0,57.73375000000001,68.8979166666667
2523,device_03,2025-11-12 18:06:00.722774,0,0,72,26.5,39.0,645.3,625,0.0,57.39875,68.29958333333337
2524,device_04,2025-11-12 18:06:23.680136,3,3,5,25.8,44.0,743.6,734,0.0,58.356333333333325,68.34241666666671
2525,device_05,2025-11-12 18:06:24.936524,0,0,166,24.2,48.6,549.8,503,0.0,57.410833333333336,68.20500000000004
2526,device_02,2025-11-12 18:06:45.515427,0,0,1039,26.6,38.0,729.5,711,0.0,56.97124999999995,67.6408333333334
2527,device_01,2025-11-12 18:06:51.349772,0,0,45,27.5,38.0,687.1,702,0.0,57.75291666666667,68.8979166666667
2528,device_03,2025-11-12 18:07:00.86312,0,0,72,26.5,39.0,646.0,625,0.0,57.39875,68.29958333333337
2529,device_04,2025-11-12 18:07:23.546537,0,0,5,25.8,44.0,746.7,736,0.0,58.38549999999999,68.34241666666671
2530,device_05,2025-11-12 18:07:24.938169,0,0,166,24.2,48.6,553.1,503,0.0,57.410833333333336,68.20500000000004
2531,device_02,2025-11-12 18:07:45.292753,0,0,1037,26.4,38.0,725.8,713,0.0,56.90666666666661,67.31791666666672
2532,device_01,2025-11-12 18:07:51.346093,0,0,45,27.6,38.0,686.3,703,0.0,57.75291666666667,68.8979166666667
2533,device_03,2025-11-12 18:08:00.755409,0,0,71,26.3,39.0,645.6,624,0.0,57.34541666666667,68.33500000000004
2534,device_04,2025-11-12 18:08:23.600915,0,0,5,25.8,44.0,747.0,737,0.0,58.38549999999999,68.34241666666671
2535,device_05,2025-11-12 18:08:25.067592,0,0,165,24.3,48.5,547.0,499,0.0,57.410833333333336,68.20500000000004
2536,device_02,2025-11-12 18:08:45.164226,0,0,1041,26.5,38.0,733.9,722,0.0,56.989166666666605,67.46125000000006
2537,device_01,2025-11-12 18:08:51.512127,0,0,46,27.6,38.0,687.6,705,0.0,57.75291666666667,68.8979166666667
2538,device_03,2025-11-12 18:09:00.95443,2,3,72,26.6,39.0,648.8,628,0.0,57.3975,68.23541666666667
2539,device_04,2025-11-12 18:09:24.197711,0,0,5,25.8,44.0,748.7,737,0.0,58.39133333333332,68.34241666666671
2540,device_05,2025-11-12 18:09:24.960275,0,0,164,24.3,48.5,547.1,494,0.0,57.410833333333336,68.20500000000004
2541,device_02,2025-11-12 18:09:45.96144,0,0,1039,26.6,38.0,733.2,720,0.0,56.99833333333328,67.6408333333334
2542,device_01,2025-11-12 18:09:51.258953,0,0,45,27.6,38.0,688.3,705,0.0,57.75291666666667,68.8979166666667
2543,device_03,2025-11-12 18:10:00.910174,2,2,70,26.5,39.1,641.2,617,0.0,57.30583333333334,68.41625000000005
2544,device_04,2025-11-12 18:10:23.610954,0,0,6,25.8,44.0,747.5,735,0.0,58.38549999999999,68.34241666666671
2545,device_05,2025-11-12 18:10:24.922106,0,0,163,24.3,48.6,539.6,488,0.0,57.410833333333336,68.20500000000004
2546,device_02,2025-11-12 18:10:45.218062,0,0,1045,26.5,38.0,741.5,734,0.0,57.06541666666661,67.46041666666673
2547,device_01,2025-11-12 18:10:51.490565,0,0,45,27.5,38.0,690.3,707,0.0,58.164916666666656,68.8979166666667
2548,device_03,2025-11-12 18:11:01.310703,0,0,72,26.4,39.8,652.6,634,0.0,57.06333333333333,67.61208333333337
2549,device_04,2025-11-12 18:11:24.227157,0,0,5,26.2,44.0,748.1,740,0.0,58.384249999999994,68.44150000000005
2550,device_05,2025-11-12 18:11:25.612777,0,0,164,24.4,48.6,544.5,496,0.0,57.410833333333336,68.20500000000004
2551,device_02,2025-11-12 18:11:45.826011,0,0,1043,26.4,38.0,741.1,728,0.0,57.020833333333286,67.3170833333334
2552,device_01,2025-11-12 18:11:51.150233,0,0,45,27.3,38.0,688.9,706,0.0,57.75666666666667,68.88625000000003
2553,device_03,2025-11-12 18:12:00.793307,0,0,73,26.5,40.0,648.4,626,0.0,57.3975,68.04208333333335
2554,device_04,2025-11-12 18:12:23.589657,0,0,6,26.2,44.0,752.4,743,0.0,58.39008333333332,68.44233333333337
2555,device_05,2025-11-12 18:12:24.983065,0,0,166,24.4,48.6,553.9,506,0.0,57.410833333333336,68.20500000000004
2556,device_02,2025-11-12 18:12:45.00392,0,0,1034,26.6,38.9,730.6,714,0.0,56.98749999999995,67.6408333333334
2557,device_01,2025-11-12 18:12:51.112759,0,0,46,27.4,38.0,691.3,709,0.0,58.17324999999999,68.88625000000003
2558,device_03,2025-11-12 18:13:00.690529,0,0,73,26.4,40.0,651.0,631,0.0,57.30458333333333,67.71833333333338
2559,device_04,2025-11-12 18:13:24.177836,0,0,6,26.2,44.0,751.5,740,0.0,58.39008333333332,68.44233333333337
2560,device_05,2025-11-12 18:13:24.990356,0,0,167,24.5,48.7,550.4,504,0.0,57.410833333333336,68.20500000000004
2561,device_02,2025-11-12 18:13:45.211624,0,0,1040,26.3,39.0,741.3,728,0.0,57.03083333333328,67.2758333333334
2562,device_01,2025-11-12 18:13:51.424761,0,0,45,27.5,38.0,691.4,709,0.0,58.164916666666656,68.8979166666667
2563,device_03,2025-11-12 18:14:00.801433,0,0,73,26.3,40.0,652.2,635,0.0,57.06916666666666,67.58041666666672
2564,device_04,2025-11-12 18:14:23.755736,0,0,6,26.2,44.0,751.2,743,0.0,58.39008333333332,68.44233333333337
2565,device_05,2025-11-12 18:14:24.979057,0,0,167,24.5,48.7,555.1,504,0.0,57.410833333333336,68.20500000000004
2566,device_02,2025-11-12 18:14:45.721436,0,0,1041,26.5,39.0,735.4,724,0.0,57.04999999999993,67.46125000000006
2567,device_01,2025-11-12 18:14:51.29581,4,4,45,27.5,38.0,692.8,711,0.0,58.164916666666656,68.8979166666667
2568,device_03,2025-11-12 18:15:01.416525,0,0,74,26.4,40.0,651.6,634,0.0,57.06333333333333,67.61208333333337
2569,device_04,2025-11-12 18:15:23.769883,0,0,6,26.2,44.0,752.2,744,0.0,58.39008333333332,68.44233333333337
2570,device_05,2025-11-12 18:15:25.315495,0,0,166,24.5,48.7,550.8,503,0.0,57.410833333333336,68.20500000000004
2571,device_02,2025-11-12 18:15:44.898302,0,0,1049,26.4,39.0,760.0,746,0.0,57.158333333333275,67.31541666666672
2572,device_01,2025-11-12 18:15:51.402326,0,0,45,27.4,38.0,694.2,711,0.0,58.17324999999999,68.88625000000003
2573,device_03,2025-11-12 18:16:00.727591,0,0,73,26.5,40.0,652.0,634,0.0,57.0925,67.70958333333337
2574,device_04,2025-11-12 18:16:23.608672,0,0,6,26.2,44.0,754.2,747,0.0,58.39008333333332,68.44233333333337
2575,device_05,2025-11-12 18:16:24.945971,0,0,168,24.6,48.6,560.3,512,0.0,57.410833333333336,68.20500000000004
2576,device_02,2025-11-12 18:16:44.886605,0,0,1040,26.2,39.0,744.1,732,0.0,57.23791666666661,67.27875000000006
2577,device_01,2025-11-12 18:16:51.114664,0,0,45,27.5,38.0,693.7,712,0.0,58.164916666666656,68.8979166666667
2578,device_03,2025-11-12 18:17:00.786441,0,0,73,26.5,40.0,651.2,633,0.0,57.0925,67.70958333333337
2579,device_04,2025-11-12 18:17:23.602411,1,1,6,26.2,44.0,756.9,749,0.0,58.390499999999996,68.44233333333337
2580,device_05,2025-11-12 18:17:25.205908,0,0,168,24.6,48.6,554.9,506,0.0,57.41083333333333,68.20500000000004
2581,device_02,2025-11-12 18:17:45.335593,0,0,1041,26.4,39.0,749.4,735,0.0,57.135416666666615,67.3170833333334
2582,device_01,2025-11-12 18:17:51.294096,0,0,46,27.5,38.0,694.7,713,0.0,58.16491666666667,68.8979166666667
2583,device_03,2025-11-12 18:18:00.805046,0,0,72,26.3,40.0,649.1,627,0.0,57.36541666666666,67.95250000000004
2584,device_04,2025-11-12 18:18:23.59322,0,0,5,26.2,44.0,753.1,743,0.0,58.39008333333332,68.44233333333337
2585,device_05,2025-11-12 18:18:24.961556,0,0,168,24.6,48.6,557.2,511,0.0,57.410833333333336,68.20500000000004
2586,device_02,2025-11-12 18:18:44.892566,0,0,1038,26.5,39.0,740.3,728,0.0,57.06541666666661,67.46041666666673
2587,device_01,2025-11-12 18:18:51.203839,0,0,46,27.3,38.0,695.5,715,0.0,58.17741666666666,68.88625000000005
2588,device_03,2025-11-12 18:19:01.115824,0,0,73,26.2,40.0,656.2,640,0.0,57.10916666666667,67.57916666666671
2589,device_04,2025-11-12 18:19:23.584543,0,0,5,26.2,44.0,755.0,745,0.0,58.39008333333332,68.44233333333338
2590,device_05,2025-11-12 18:19:24.968353,0,0,169,24.6,48.7,555.1,510,0.0,57.410833333333336,68.20500000000004
2591,device_02,2025-11-12 18:19:45.42432,0,0,1038,26.3,39.0,742.9,733,0.0,57.06749999999994,67.2758333333334
2592,device_01,2025-11-12 18:19:51.307632,0,0,45,27.4,38.0,696.6,715,0.0,58.17324999999999,68.87541666666671
2593,device_03,2025-11-12 18:20:00.811532,2,2,73,26.4,40.0,655.5,637,0.0,57.06333333333333,67.61208333333337
2594,device_04,2025-11-12 18:20:23.563305,0,0,6,26.2,44.0,755.9,745,0.0,58.390499999999996,68.44233333333338
2595,device_05,2025-11-12 18:20:25.166303,0,0,167,24.6,48.7,543.6,489,0.0,57.410833333333336,68.20500000000004
2596,device_02,2025-11-12 18:20:44.910176,0,0,1043,26.5,39.0,745.8,739,0.0,57.176666666666605,67.46041666666673
2597,device_01,2025-11-12 18:20:51.073588,0,0,46,27.5,38.0,696.6,715,0.0,58.164916666666656,68.88708333333336
2598,device_03,2025-11-12 18:21:00.777758,2,2,72,26.5,40.0,649.5,629,0.0,57.3975,68.04208333333335
2599,device_04,2025-11-12 18:21:23.917672,0,0,6,26.2,44.0,753.7,745,0.0,58.39008333333332,68.44233333333337
2600,device_05,2025-11-12 18:21:25.175825,0,0,171,24.6,48.7,553.2,508,0.0,57.410833333333336,68.20500000000004
2601,device_02,2025-11-12 18:21:45.168952,0,0,1038,26.5,39.0,744.0,728,0.0,57.087083333333275,67.46041666666673
2602,device_01,2025-11-12 18:21:51.308196,0,0,45,27.5,38.0,696.7,716,0.0,58.164916666666656,68.88708333333336
2603,device_03,2025-11-12 18:22:00.861216,0,0,73,26.4,40.0,655.7,640,0.0,56.99791666666667,67.60541666666671
2604,device_04,2025-11-12 18:22:23.692947,0,0,6,26.2,44.0,755.5,751,0.0,58.39008333333332,68.44233333333338
2605,device_05,2025-11-12 18:22:24.992546,0,0,171,24.7,48.8,560.0,512,0.0,57.410833333333336,68.20500000000004
2606,device_02,2025-11-12 18:22:45.286979,0,0,1043,26.5,39.0,742.7,733,0.0,57.102083333333276,67.46041666666673
2607,device_01,2025-11-12 18:22:51.834869,0,0,45,27.4,38.0,698.3,717,0.0,58.17324999999999,68.87541666666671
2608,device_03,2025-11-12 18:23:00.922826,0,0,71,26.4,40.0,646.1,625,0.0,57.36958333333333,68.24875000000003
2609,device_04,2025-11-12 18:23:23.706475,0,0,6,26.2,44.0,756.4,747,0.0,58.390499999999996,68.44233333333338
2610,device_05,2025-11-12 18:23:24.984567,2,4,175,24.7,48.7,559.0,512,0.0,57.410833333333336,68.20500000000004
2611,device_02,2025-11-12 18:23:45.173212,0,0,1040,26.5,39.0,746.3,735,0.0,57.176666666666605,67.46041666666673
2612,device_03,2025-11-12 18:24:01.161166,0,0,74,26.6,40.0,647.7,630,0.0,57.34208333333333,68.38708333333334
2613,device_04,2025-11-12 18:24:24.441405,0,0,7,26.2,44.0,754.2,746,0.0,58.39008333333332,68.44233333333337
2614,device_05,2025-11-12 18:24:25.153497,0,0,176,24.7,48.7,560.3,513,0.0,57.410833333333336,68.20500000000004
2615,device_02,2025-11-12 18:24:45.4945,0,0,1042,26.4,39.0,748.1,735,0.0,57.12958333333327,67.3170833333334
2616,device_04,2025-11-12 18:25:24.499356,0,0,7,26.2,44.0,760.3,752,0.0,58.427166666666665,68.44233333333338
2617,device_05,2025-11-12 18:25:25.056893,0,0,174,24.7,48.7,556.3,508,0.0,57.410833333333336,68.20500000000004
2618,device_05,2025-11-12 18:26:26.158716,0,0,174,24.7,48.8,560.3,511,0.0,57.410833333333336,68.20500000000004
2619,device_01,2025-11-12 18:28:51.921447,0,0,40,27.5,38.0,706.8,729,0.0,58.165749999999996,68.8804166666667
2620,device_01,2025-11-12 18:29:51.207517,0,0,46,27.5,38.0,704.0,722,0.0,58.164916666666656,68.87833333333337
2621,device_03,2025-11-12 18:30:01.424168,0,0,65,26.5,40.0,657.7,641,0.0,56.60458333333331,67.48916666666669
2622,device_02,2025-11-12 18:30:45.459111,0,0,1048,26.5,40.0,770.2,762,0.0,57.249999999999936,67.46166666666673
2623,device_01,2025-11-12 18:30:51.329245,0,0,45,27.5,38.0,703.0,724,0.0,58.164916666666656,68.88708333333336
2624,device_03,2025-11-12 18:31:01.043143,0,0,71,26.4,40.0,660.8,645,0.0,56.548749999999984,67.35750000000003
2625,device_04,2025-11-12 18:31:23.789169,0,0,3,26.3,44.0,764.0,759,0.0,58.37841666666666,68.44233333333338
2626,device_02,2025-11-12 18:31:45.445947,0,0,1042,26.3,40.0,752.4,742,0.0,57.136666666666606,67.27666666666673
2627,device_01,2025-11-12 18:31:51.261049,0,0,46,27.4,38.8,702.4,723,0.0,58.17324999999999,68.87541666666671
2628,device_03,2025-11-12 18:32:00.857218,0,0,74,26.5,40.0,665.2,649,0.0,56.54708333333331,67.45250000000003
2629,device_04,2025-11-12 18:32:23.853105,0,0,6,26.6,44.0,764.2,757,0.0,58.404666666666664,68.79466666666671
2630,device_05,2025-11-12 18:32:24.981941,0,0,163,24.8,49.1,561.6,517,0.0,57.410833333333336,68.20500000000004
2631,device_02,2025-11-12 18:32:45.826249,0,0,1042,26.4,40.0,753.1,745,0.0,57.14708333333328,67.31791666666672
2632,device_01,2025-11-12 18:32:51.142178,0,0,47,27.5,38.9,703.5,726,0.0,58.165749999999996,68.8804166666667
2633,device_03,2025-11-12 18:33:00.831509,0,0,73,26.4,40.0,662.6,647,0.0,56.548749999999984,67.35750000000003
2634,device_04,2025-11-12 18:33:23.624413,0,0,7,26.7,44.0,762.6,758,0.0,58.404666666666664,68.80608333333338
2635,device_05,2025-11-12 18:33:24.9701,0,0,171,24.8,49.1,561.7,516,0.0,57.410833333333336,68.20500000000004
2636,device_02,2025-11-12 18:33:45.154328,0,0,1041,26.6,40.0,754.6,744,0.0,57.20083333333328,67.64041666666674
2637,device_01,2025-11-12 18:33:51.697367,0,0,46,27.5,39.0,704.8,726,0.0,58.165749999999996,68.8804166666667
2638,device_03,2025-11-12 18:34:00.817644,0,0,74,26.5,40.0,660.1,646,0.0,56.58791666666665,67.49416666666669
2639,device_04,2025-11-12 18:34:23.831245,0,0,7,26.7,44.0,762.2,754,0.0,58.404666666666664,68.80608333333338
2640,device_05,2025-11-12 18:34:25.075525,5,5,172,24.9,49.1,559.7,512,0.0,57.410833333333336,68.20500000000004
2641,device_02,2025-11-12 18:34:45.500912,0,0,1042,26.4,40.0,755.6,746,0.0,57.16333333333328,67.31166666666672
2642,device_01,2025-11-12 18:34:51.22463,0,0,46,28.4,38.2,704.2,726,0.0,58.16033333333333,68.92558333333336
2643,device_03,2025-11-12 18:35:01.36922,0,0,73,26.5,40.0,661.0,645,0.0,56.58791666666665,67.4691666666667
2644,device_04,2025-11-12 18:35:23.693722,0,0,6,26.7,44.0,764.3,757,0.0,58.404666666666664,68.80608333333338
2645,device_05,2025-11-12 18:35:25.498188,0,0,175,24.9,49.2,563.0,517,0.0,57.410833333333336,68.20500000000004
2646,device_02,2025-11-12 18:35:45.617054,0,0,1042,26.5,40.0,755.5,746,0.0,57.207916666666605,67.45500000000007
2647,device_01,2025-11-12 18:35:51.219815,0,0,46,28.6,38.0,704.6,725,0.0,58.574333333333364,69.16500000000005
2648,device_03,2025-11-12 18:36:00.960252,0,0,75,26.4,40.0,665.7,651,0.0,56.507916666666645,67.34083333333336
2649,device_04,2025-11-12 18:36:23.655851,0,0,7,26.7,44.7,764.2,757,0.0,58.404666666666664,68.80608333333338
2650,device_05,2025-11-12 18:36:25.174051,0,0,176,24.9,49.2,561.8,516,0.0,57.410833333333336,68.20500000000004
2651,device_02,2025-11-12 18:36:45.540934,0,0,1043,26.9,40.0,752.4,745,0.0,57.196249999999935,67.73750000000008
2652,device_01,2025-11-12 18:36:51.333522,0,0,46,28.5,38.0,704.5,727,0.0,58.14916666666667,68.95125000000003
2653,device_03,2025-11-12 18:37:00.86681,0,0,74,26.3,40.0,667.0,649,0.0,56.52041666666664,67.3216666666667
2654,device_04,2025-11-12 18:37:23.901148,0,0,7,26.7,45.0,763.7,753,0.0,58.404666666666664,68.80608333333338
2655,device_05,2025-11-12 18:37:24.999187,0,0,177,24.9,49.2,570.2,530,0.0,57.410833333333336,68.20500000000004
2656,device_02,2025-11-12 18:37:44.915736,0,0,1043,27.3,40.0,752.6,746,0.0,57.19124999999994,67.7245833333334
2657,device_01,2025-11-12 18:37:51.222288,0,0,46,28.4,38.0,705.0,727,0.0,58.16033333333333,68.92558333333336
2658,device_03,2025-11-12 18:38:01.098515,0,0,75,26.5,40.0,666.4,650,0.0,56.58666666666665,67.46416666666669
2659,device_04,2025-11-12 18:38:23.715087,0,0,6,26.7,45.0,760.5,755,0.0,58.404666666666664,68.80608333333338
2660,device_05,2025-11-12 18:38:25.207741,0,0,176,24.9,49.3,566.8,522,0.0,57.410833333333336,68.20500000000004
2661,device_02,2025-11-12 18:38:45.604544,0,0,1039,27.4,40.0,754.8,742,0.0,57.157083333333276,67.72583333333341
2662,device_01,2025-11-12 18:38:51.143797,0,0,46,28.5,38.0,705.4,726,0.0,58.14916666666667,68.95125000000004
2663,device_03,2025-11-12 18:39:00.892197,0,0,73,26.4,40.0,661.8,647,0.0,56.548749999999984,67.35750000000003
2664,device_04,2025-11-12 18:39:23.950958,0,0,7,26.7,45.0,764.4,757,0.0,58.404666666666664,68.80608333333338
2665,device_05,2025-11-12 18:39:25.265832,3,3,177,24.9,49.3,567.0,520,0.0,57.410833333333336,68.20500000000004
2666,device_02,2025-11-12 18:39:45.679128,0,0,1045,27.5,40.0,755.4,746,0.0,57.18416666666661,67.74000000000007
2667,device_01,2025-11-12 18:39:51.122762,0,0,46,28.4,38.0,704.4,727,0.0,58.16033333333333,68.92558333333336
2668,device_03,2025-11-12 18:40:00.976749,0,0,75,26.5,40.0,664.5,648,0.0,56.54708333333331,67.45250000000003
2669,device_04,2025-11-12 18:40:23.71558,0,0,8,26.7,45.0,762.8,755,0.0,58.404666666666664,68.80608333333338
2670,device_05,2025-11-12 18:40:25.120098,3,3,176,25.0,49.4,566.4,517,0.0,57.410833333333336,68.20500000000004
2671,device_02,2025-11-12 18:40:45.300654,0,0,1042,27.5,40.0,757.2,749,0.0,57.186666666666625,67.74125000000008
2672,device_01,2025-11-12 18:40:51.177727,0,0,48,28.4,38.0,706.2,728,0.0,58.16033333333333,68.92558333333336
2673,device_03,2025-11-12 18:41:01.086488,0,0,75,26.5,40.0,668.3,653,0.0,56.56124999999998,67.4641666666667
2674,device_04,2025-11-12 18:41:24.356855,0,0,7,26.7,45.0,761.7,757,0.0,58.404666666666664,68.80608333333338
2675,device_05,2025-11-12 18:41:25.215106,0,0,178,25.0,49.5,569.7,528,0.0,57.410833333333336,68.20500000000004
2676,device_02,2025-11-12 18:41:45.114705,0,0,1044,27.6,40.0,756.8,747,0.0,57.186666666666625,67.74125000000008
2677,device_01,2025-11-12 18:41:51.676115,0,0,47,28.4,38.0,705.4,728,0.0,58.16033333333333,68.92558333333336
2678,device_03,2025-11-12 18:42:01.54687,0,0,75,26.5,40.0,667.0,653,0.0,56.56124999999998,67.46416666666669
2679,device_04,2025-11-12 18:42:23.715075,0,0,7,26.7,45.0,762.9,755,0.0,58.404666666666664,68.80608333333338
2680,device_05,2025-11-12 18:42:26.116586,0,0,177,25.0,49.5,562.5,515,0.0,57.410833333333336,68.20500000000004
2681,device_02,2025-11-12 18:42:45.611334,0,0,1048,27.3,40.0,768.1,761,0.0,57.23208333333328,67.72041666666674
2682,device_01,2025-11-12 18:42:51.215306,0,0,47,28.5,38.0,706.2,728,0.0,58.14916666666667,68.95125000000003
2683,device_03,2025-11-12 18:43:01.147692,0,0,73,26.5,40.0,667.3,652,0.0,56.56124999999998,67.46416666666669
2684,device_04,2025-11-12 18:43:24.096344,0,0,7,26.7,45.0,762.3,753,0.0,58.404666666666664,68.80608333333338
2685,device_05,2025-11-12 18:43:25.847527,0,0,177,25.0,49.5,564.8,517,0.0,57.410833333333336,68.20500000000004
2686,device_02,2025-11-12 18:43:44.918049,0,0,1044,27.4,40.0,763.9,753,0.0,57.221249999999955,67.72916666666674
2687,device_01,2025-11-12 18:43:51.385822,0,0,47,28.5,38.0,706.5,728,0.0,58.14916666666667,68.95125000000003
2688,device_03,2025-11-12 18:44:02.471879,0,0,73,26.5,40.0,668.4,654,0.0,56.56124999999998,67.46416666666669
2689,device_04,2025-11-12 18:44:23.840949,0,0,7,26.7,45.0,762.1,758,0.0,58.404666666666664,68.80608333333338
2690,device_05,2025-11-12 18:44:25.400189,0,0,178,25.0,49.6,567.9,523,0.0,57.410833333333336,68.20500000000004
2691,device_02,2025-11-12 18:44:45.196988,0,0,1041,27.5,40.0,758.4,752,0.0,57.23791666666662,67.74041666666673
2692,device_01,2025-11-12 18:44:51.953792,0,0,47,28.3,38.2,705.4,727,0.0,58.17324999999999,68.91975000000004
2693,device_03,2025-11-12 18:45:04.952053,0,0,74,26.4,40.0,667.2,652,0.0,56.52208333333331,67.35333333333337
2694,device_04,2025-11-12 18:45:23.848085,0,0,7,26.7,45.0,765.7,760,0.0,58.40675000000001,68.80900000000003
2695,device_05,2025-11-12 18:45:26.162399,0,0,177,25.0,49.7,566.8,516,0.0,57.410833333333336,68.20500000000004
2696,device_02,2025-11-12 18:45:45.188228,0,0,1044,27.5,40.0,763.3,755,0.0,57.23916666666663,67.7433333333334
2697,device_01,2025-11-12 18:45:51.439769,0,0,47,28.6,38.8,707.7,731,0.0,58.57433333333337,69.16500000000005
2698,device_03,2025-11-12 18:46:01.775357,0,0,74,26.4,40.2,668.4,652,0.0,56.52208333333331,67.35333333333337
2699,device_04,2025-11-12 18:46:24.481208,0,0,7,26.7,45.0,765.2,759,0.0,58.40675,68.80608333333338
2700,device_05,2025-11-12 18:46:25.305006,0,0,179,25.0,49.7,564.7,523,0.0,57.410833333333336,68.20500000000004
2701,device_02,2025-11-12 18:46:45.605661,0,0,1046,27.5,40.0,761.3,755,0.0,57.23916666666663,67.7433333333334
2702,device_01,2025-11-12 18:46:51.463227,0,0,46,28.3,39.0,708.8,731,0.0,58.17324999999999,68.91975000000004
2703,device_03,2025-11-12 18:47:01.353053,0,0,75,26.4,41.0,667.3,654,0.0,56.52208333333331,67.35333333333337
2704,device_04,2025-11-12 18:47:24.329509,0,0,7,26.7,45.0,765.4,760,0.0,58.40675,68.80900000000003
2705,device_05,2025-11-12 18:47:26.332189,0,0,177,25.0,49.7,564.8,513,0.0,57.410833333333336,68.20500000000004
2706,device_02,2025-11-12 18:47:45.852422,0,0,1039,27.5,40.0,760.5,748,0.0,57.17999999999996,67.74416666666674
2707,device_01,2025-11-12 18:47:51.943566,0,0,47,28.4,39.0,710.1,734,0.0,58.16033333333333,68.92558333333336
2708,device_03,2025-11-12 18:48:03.809189,0,0,72,26.5,41.0,668.6,653,0.0,56.57583333333332,67.46416666666669
2709,device_04,2025-11-12 18:48:23.79424,0,0,7,26.7,45.0,766.8,760,0.0,58.40675,68.80900000000003
2710,device_05,2025-11-12 18:48:26.367862,0,0,179,25.0,49.8,565.7,517,0.0,57.410833333333336,68.20500000000004
2711,device_02,2025-11-12 18:48:45.857239,0,0,1046,27.5,40.0,764.2,758,0.0,57.222499999999954,67.74125000000008
2712,device_01,2025-11-12 18:48:51.335272,0,0,46,28.5,39.0,707.7,731,0.0,58.14916666666666,68.95125000000004
2713,device_03,2025-11-12 18:49:02.680907,0,0,73,26.4,41.0,667.6,650,0.0,56.52208333333331,67.35333333333337
2714,device_04,2025-11-12 18:49:24.48098,0,0,7,26.7,45.0,766.3,761,0.0,58.40675,68.80900000000003
2715,device_05,2025-11-12 18:49:25.824878,0,0,177,25.0,49.8,557.5,512,0.0,57.410833333333336,68.20500000000004
2716,device_02,2025-11-12 18:49:44.943776,0,0,1047,27.6,40.0,765.6,760,0.0,57.22499999999995,67.74416666666673
2717,device_01,2025-11-12 18:49:51.214127,0,0,47,28.3,39.0,709.5,732,0.0,58.17324999999999,68.91975000000004
2718,device_03,2025-11-12 18:50:02.273262,0,0,73,26.4,41.0,669.5,657,0.0,56.56166666666663,67.34250000000003
2719,device_04,2025-11-12 18:50:24.10746,0,0,7,26.7,45.0,767.4,764,0.0,58.406749999999995,68.80900000000003
2720,device_05,2025-11-12 18:50:25.594705,0,0,180,25.0,49.9,566.2,523,0.0,57.410833333333336,68.20500000000004
2721,device_02,2025-11-12 18:50:45.734638,0,0,1039,27.5,40.0,757.9,749,0.0,57.179166666666625,67.74125000000008
2722,device_01,2025-11-12 18:50:51.919126,0,0,47,28.4,39.0,708.8,732,0.0,58.16033333333333,68.92558333333336
2723,device_03,2025-11-12 18:51:02.365893,0,0,74,26.4,41.0,669.3,655,0.0,56.536666666666655,67.35333333333337
2724,device_04,2025-11-12 18:51:23.918827,0,0,7,26.7,45.0,768.8,761,0.0,58.40675,68.80900000000003
2725,device_05,2025-11-12 18:51:25.813632,0,0,180,25.0,49.9,565.4,522,0.0,57.410833333333336,68.20500000000004
2726,device_02,2025-11-12 18:51:45.98776,0,0,1044,27.5,40.0,767.8,759,0.0,57.22458333333329,67.73916666666675
2727,device_01,2025-11-12 18:51:51.370428,0,0,47,28.4,39.0,708.8,731,0.0,58.16033333333333,68.92558333333336
2728,device_03,2025-11-12 18:52:02.002523,0,0,75,26.4,41.0,671.5,656,0.0,56.58166666666664,67.35833333333336
2729,device_04,2025-11-12 18:52:23.993954,0,0,7,26.7,45.0,767.0,763,0.0,58.40675,68.80900000000003
2730,device_05,2025-11-12 18:52:25.593673,0,0,179,25.1,49.9,568.5,524,0.0,57.410833333333336,68.20500000000004
2731,device_02,2025-11-12 18:52:45.417629,0,0,1047,27.5,40.0,769.6,764,0.0,57.22499999999995,67.73250000000007
2732,device_01,2025-11-12 18:52:51.448393,0,0,47,28.5,39.0,709.5,732,0.0,58.14916666666666,68.95125000000003
2733,device_03,2025-11-12 18:53:01.066668,0,0,73,26.5,41.0,671.9,658,0.0,56.60083333333331,67.45333333333335
2734,device_04,2025-11-12 18:53:23.868923,0,0,7,26.7,45.0,769.3,764,0.0,58.40675,68.80900000000003
2735,device_05,2025-11-12 18:53:25.412083,0,0,179,25.1,49.9,564.5,513,0.0,57.410833333333336,68.20500000000004
2736,device_02,2025-11-12 18:53:45.223362,0,0,1046,27.5,40.0,763.2,761,0.0,57.239583333333286,67.74625000000006
2737,device_01,2025-11-12 18:53:54.736897,0,0,47,28.4,39.0,708.7,731,0.0,58.16033333333333,68.92558333333336
2738,device_03,2025-11-12 18:54:02.278737,0,0,74,26.4,41.0,668.4,655,0.0,56.52208333333331,67.35333333333337
2739,device_04,2025-11-12 18:54:23.971224,0,0,7,26.7,45.0,768.8,764,0.0,58.40675,68.80900000000004
2740,device_05,2025-11-12 18:54:25.300287,0,0,179,25.1,50.0,568.1,520,0.0,57.410833333333336,68.20500000000004
2741,device_02,2025-11-12 18:54:45.513741,0,0,1044,27.5,40.0,766.3,761,0.0,57.22499999999995,67.74416666666673
2742,device_01,2025-11-12 18:54:51.475412,0,0,47,28.4,39.0,707.0,730,0.0,58.16033333333333,68.92558333333336
2743,device_03,2025-11-12 18:55:01.808281,0,0,73,26.3,41.0,667.9,652,0.0,56.52041666666664,67.3216666666667
2744,device_04,2025-11-12 18:55:23.938613,0,0,8,26.7,45.7,769.9,766,0.0,58.40675,68.80900000000003
2745,device_05,2025-11-12 18:55:25.383633,0,0,180,25.1,50.0,568.9,520,0.0,57.410833333333336,68.20500000000004
2746,device_02,2025-11-12 18:55:45.988997,0,0,1040,27.5,40.0,761.9,754,0.0,57.239166666666634,67.7433333333334
2747,device_01,2025-11-12 18:55:51.523488,0,0,46,28.5,39.0,708.5,732,0.0,58.14916666666667,68.95125000000003
2748,device_03,2025-11-12 18:56:01.994412,0,0,73,26.5,41.0,667.1,655,0.0,56.56124999999998,67.46416666666669
2749,device_04,2025-11-12 18:56:24.14648,0,0,8,26.7,46.0,771.3,766,0.0,58.40675,68.80900000000003
2750,device_05,2025-11-12 18:56:25.311747,0,0,181,25.1,50.1,575.1,529,0.0,57.410833333333336,68.20500000000004
2751,device_02,2025-11-12 18:56:45.097663,0,0,1047,27.5,40.0,769.7,765,0.0,57.22499999999995,67.73250000000007
2752,device_01,2025-11-12 18:56:51.239209,0,0,46,28.5,39.0,710.4,734,0.0,58.14916666666667,68.95125000000003
2753,device_03,2025-11-12 18:57:00.946527,0,0,74,26.5,41.0,671.0,656,0.0,56.62083333333331,67.4691666666667
2754,device_04,2025-11-12 18:57:23.614637,0,0,7,26.7,46.0,770.9,767,0.0,58.40675,68.80900000000003
2755,device_05,2025-11-12 18:57:25.422516,0,0,180,25.1,50.1,566.2,520,0.0,57.410833333333336,68.20500000000004
2756,device_02,2025-11-12 18:57:45.068211,0,0,1046,27.5,40.0,766.6,763,0.0,57.22499999999995,67.74416666666673
2757,device_01,2025-11-12 18:57:52.013429,0,0,47,28.5,39.0,710.6,733,0.0,58.14916666666667,68.95125000000003
2758,device_03,2025-11-12 18:58:01.263286,0,0,74,26.5,41.0,668.5,651,0.0,56.56124999999998,67.46416666666669
2759,device_04,2025-11-12 18:58:23.994688,0,0,7,26.7,46.0,770.7,768,0.0,58.40675,68.80900000000003
2760,device_05,2025-11-12 18:58:25.165592,0,0,180,25.1,50.2,558.8,512,0.0,57.410833333333336,68.20500000000004
2761,device_02,2025-11-12 18:58:45.288808,0,0,1046,27.4,40.8,772.9,766,0.0,57.223749999999946,67.71833333333342
2762,device_01,2025-11-12 18:58:51.310229,0,0,47,28.4,39.0,709.9,733,0.0,58.16033333333333,68.92558333333336
2763,device_03,2025-11-12 18:59:00.787948,0,0,73,26.3,41.0,665.7,652,0.0,56.51374999999997,67.30916666666671
2764,device_04,2025-11-12 18:59:23.866793,0,0,7,26.7,46.0,768.4,763,0.0,58.40675,68.80900000000003
2765,device_05,2025-11-12 18:59:24.982651,0,0,182,25.1,50.3,567.3,524,0.0,57.410833333333336,68.20500000000004
2766,device_02,2025-11-12 18:59:45.126004,0,0,1048,27.6,41.0,775.6,767,0.0,57.22499999999995,67.73250000000007
2767,device_01,2025-11-12 18:59:51.80123,0,0,47,28.5,39.0,710.9,735,0.0,58.14916666666667,68.95125000000003
2768,device_03,2025-11-12 19:00:02.978643,0,0,75,26.4,41.0,670.4,654,0.0,56.536666666666655,67.35833333333336
2769,device_04,2025-11-12 19:00:24.283628,0,0,8,26.7,46.0,770.2,765,0.0,58.40675,68.80900000000003
2770,device_05,2025-11-12 19:00:25.223429,0,0,182,25.1,50.3,564.2,519,0.0,57.410833333333336,68.20500000000004
2771,device_02,2025-11-12 19:00:45.102926,0,0,1048,27.5,41.0,768.3,767,0.0,57.22499999999995,67.73250000000007
2772,device_01,2025-11-12 19:00:51.377157,0,0,47,28.4,39.0,711.4,735,0.0,58.16033333333333,68.92558333333336
2773,device_03,2025-11-12 19:01:01.218964,0,0,74,26.5,41.0,670.0,655,0.0,56.57583333333332,67.4691666666667
2774,device_04,2025-11-12 19:01:24.464545,0,0,8,26.7,46.0,770.0,768,0.0,58.40675,68.80900000000003
2775,device_05,2025-11-12 19:01:25.213106,0,0,181,25.1,50.3,562.8,522,0.0,57.410833333333336,68.20500000000004
2776,device_02,2025-11-12 19:01:45.968284,0,0,1046,27.4,41.0,769.3,762,0.0,57.223749999999946,67.72791666666674
2777,device_01,2025-11-12 19:01:51.437211,0,0,46,28.4,39.0,711.3,735,0.0,58.16033333333333,68.92558333333336
2778,device_03,2025-11-12 19:02:01.338487,0,0,73,26.5,41.0,670.2,655,0.0,56.57583333333332,67.4691666666667
2779,device_04,2025-11-12 19:02:23.650976,0,0,8,26.7,46.0,771.6,765,0.0,58.40675,68.80900000000003
2780,device_05,2025-11-12 19:02:25.178095,5,5,182,25.1,50.4,565.6,519,0.0,57.410833333333336,68.20500000000004
2781,device_02,2025-11-12 19:02:44.974599,0,0,1046,27.3,41.0,772.2,766,0.0,57.23208333333328,67.71083333333341
2782,device_01,2025-11-12 19:02:51.296033,0,0,47,28.4,39.0,711.1,735,0.0,58.16033333333333,68.92558333333336
2783,device_03,2025-11-12 19:03:01.157658,0,0,72,26.4,41.0,668.8,653,0.0,56.536666666666655,67.35333333333337
2784,device_04,2025-11-12 19:03:23.839733,0,0,7,26.7,46.0,771.0,766,0.0,58.40675,68.80900000000003
2785,device_05,2025-11-12 19:03:25.172941,0,0,181,25.1,50.4,565.1,517,0.0,57.410833333333336,68.20500000000004
2786,device_02,2025-11-12 19:03:45.867955,0,0,1041,27.4,41.0,764.4,759,0.0,57.221249999999955,67.72708333333341
2787,device_01,2025-11-12 19:03:51.846186,5,5,46,28.3,39.0,711.3,735,0.0,58.173249999999996,68.91975000000004
2788,device_03,2025-11-12 19:04:01.722964,0,0,74,26.4,41.0,668.7,655,0.0,56.536666666666655,67.35333333333337
2789,device_04,2025-11-12 19:04:23.678355,0,0,7,26.7,46.0,771.8,767,0.0,58.40675,68.80900000000004
2790,device_05,2025-11-12 19:04:25.514741,0,0,184,25.1,50.5,569.2,528,0.0,57.410833333333336,68.20500000000004
2791,device_02,2025-11-12 19:04:45.33254,0,0,1043,27.4,41.0,771.9,765,0.0,57.223749999999946,67.71833333333342
2792,device_01,2025-11-12 19:04:51.213115,0,0,46,28.5,39.0,710.2,733,0.0,58.14916666666667,68.95125000000003
2793,device_03,2025-11-12 19:05:01.454339,0,0,74,26.4,41.0,666.5,652,0.0,56.547499999999985,67.35333333333337
2794,device_04,2025-11-12 19:05:23.645496,0,0,8,26.7,46.0,772.2,765,0.0,58.40675,68.80900000000003
2795,device_05,2025-11-12 19:05:25.054602,0,0,184,25.1,50.5,573.5,530,0.0,57.410833333333336,68.20500000000004
2796,device_02,2025-11-12 19:05:45.283112,0,0,1046,27.7,41.0,768.5,766,0.0,57.22499999999995,67.75916666666673
2797,device_01,2025-11-12 19:05:51.185188,0,0,46,28.4,39.0,711.5,735,0.0,58.16033333333333,68.92558333333336
2798,device_03,2025-11-12 19:06:02.380475,0,0,72,26.4,41.0,671.2,656,0.0,56.58166666666664,67.35833333333336
2799,device_04,2025-11-12 19:06:23.682586,2,2,8,26.7,46.0,771.3,769,0.0,58.40675,68.80900000000003
2800,device_05,2025-11-12 19:06:25.008425,0,0,184,25.2,50.6,568.9,522,0.0,57.410833333333336,68.20500000000004
2801,device_02,2025-11-12 19:06:45.266663,0,0,1047,27.5,41.0,777.8,771,0.0,57.22499999999995,67.72666666666674
2802,device_01,2025-11-12 19:06:51.195041,0,0,47,28.5,39.0,711.5,735,0.0,58.14916666666667,68.95125000000003
2803,device_03,2025-11-12 19:07:00.98869,0,0,74,26.4,41.0,671.2,660,0.0,56.57208333333331,67.34666666666669
2804,device_04,2025-11-12 19:07:23.702967,0,0,8,26.7,46.0,773.2,769,0.0,58.40675,68.80900000000003
2805,device_05,2025-11-12 19:07:25.012234,0,0,183,25.2,50.6,569.2,526,0.0,57.410833333333336,68.20500000000004
2806,device_02,2025-11-12 19:07:45.57169,0,0,1046,27.5,41.0,776.7,773,0.0,57.22499999999995,67.72666666666674
2807,device_01,2025-11-12 19:07:51.255687,0,0,47,28.6,39.0,711.5,735,0.0,58.574333333333364,69.16500000000005
2808,device_03,2025-11-12 19:08:00.943652,0,0,75,26.5,41.0,673.3,657,0.0,56.63624999999996,67.46833333333336
2809,device_04,2025-11-12 19:08:23.628175,0,0,7,26.7,46.0,772.4,769,0.0,58.40675,68.80900000000003
2810,device_05,2025-11-12 19:08:25.016289,0,0,185,25.2,50.7,571.6,531,0.0,57.410833333333336,68.20500000000004
2811,device_02,2025-11-12 19:08:45.753128,0,0,1049,27.5,41.0,775.5,772,0.0,57.22499999999995,67.73250000000007
2812,device_01,2025-11-12 19:08:51.228141,0,0,47,28.5,39.0,710.9,735,0.0,58.14916666666667,68.95125000000003
2813,device_03,2025-11-12 19:09:00.946068,0,0,74,26.4,41.0,673.4,659,0.0,56.59916666666663,67.35750000000003
2814,device_04,2025-11-12 19:09:23.742346,0,0,7,26.7,46.0,773.2,767,0.0,58.40675,68.80900000000003
2815,device_05,2025-11-12 19:09:24.973427,0,0,183,25.2,50.7,572.2,525,0.0,57.410833333333336,68.20500000000004
2816,device_02,2025-11-12 19:09:45.626435,0,0,1044,27.5,41.0,774.4,767,0.0,57.22499999999995,67.73250000000007
2817,device_01,2025-11-12 19:09:51.495415,6,7,47,28.5,39.0,711.1,737,0.0,58.14916666666667,68.95125000000003
2818,device_03,2025-11-12 19:10:00.851762,0,0,73,26.7,41.0,673.1,660,0.0,56.64666666666663,67.74416666666667
2819,device_04,2025-11-12 19:10:23.927413,0,0,7,26.7,46.0,771.6,766,0.0,58.40675,68.80900000000003
2820,device_05,2025-11-12 19:10:25.206829,0,0,185,25.2,50.8,572.0,530,0.0,57.410833333333336,68.20500000000004
2821,device_02,2025-11-12 19:10:45.79582,0,0,1048,27.4,41.0,776.4,774,0.0,57.223749999999946,67.71250000000008
2822,device_01,2025-11-12 19:10:51.310961,0,0,48,28.5,39.0,713.1,736,0.0,58.14916666666667,68.95541666666671
2823,device_03,2025-11-12 19:11:00.808527,0,0,74,26.5,41.0,672.3,658,0.0,56.63624999999996,67.46833333333336
2824,device_04,2025-11-12 19:11:23.611728,0,0,8,26.7,46.0,773.9,770,0.0,58.40675,68.80775000000003
2825,device_05,2025-11-12 19:11:25.634288,0,0,185,25.2,50.8,578.7,534,0.0,57.410833333333336,68.20500000000004
2826,device_02,2025-11-12 19:11:45.769601,0,0,1043,27.6,41.0,765.6,762,0.0,57.22499999999995,67.74416666666673
2827,device_01,2025-11-12 19:11:51.37297,0,0,48,28.5,39.0,712.2,735,0.0,58.14916666666667,68.95125000000003
2828,device_03,2025-11-12 19:12:00.970605,0,0,74,26.6,41.0,672.5,660,0.0,56.64666666666663,67.71791666666667
2829,device_04,2025-11-12 19:12:23.633502,3,3,8,26.7,46.0,772.8,767,0.0,58.40675,68.80900000000004
2830,device_05,2025-11-12 19:12:25.051428,0,0,184,25.2,50.9,568.6,520,0.0,57.410833333333336,68.20500000000004
2831,device_02,2025-11-12 19:12:45.795975,0,0,1053,27.5,41.0,784.1,783,0.0,57.198749999999954,67.71375000000006
2832,device_01,2025-11-12 19:12:51.11356,0,0,47,28.5,39.0,711.0,736,0.0,58.14916666666667,68.95125000000004
2833,device_03,2025-11-12 19:13:00.716936,0,0,74,26.4,41.0,673.4,659,0.0,56.599166666666626,67.35750000000003
2834,device_04,2025-11-12 19:13:23.844144,0,0,8,26.7,46.0,770.2,763,0.0,58.406749999999995,68.80900000000003
2835,device_05,2025-11-12 19:13:25.44109,0,0,186,25.2,51.1,550.5,503,0.0,57.410833333333336,68.20500000000004
2836,device_02,2025-11-12 19:13:44.91906,0,0,1044,27.5,41.0,769.1,763,0.0,57.22499999999995,67.7420833333334
2837,device_01,2025-11-12 19:13:51.345328,0,0,47,28.3,39.9,710.1,736,0.0,58.17324999999999,68.91975000000004
2838,device_03,2025-11-12 19:14:00.724351,0,0,73,26.8,41.2,672.0,659,0.0,56.60083333333331,67.82333333333334
2839,device_04,2025-11-12 19:14:23.62941,0,0,8,26.7,47.0,761.8,755,0.0,58.404666666666664,68.80608333333338
2840,device_05,2025-11-12 19:14:24.992044,0,0,188,25.2,51.4,526.6,474,0.0,57.410833333333336,68.20500000000006
2841,device_02,2025-11-12 19:14:45.364254,0,0,1041,27.4,41.3,763.2,754,0.0,57.237916666666614,67.72916666666674
2842,device_01,2025-11-12 19:14:51.219716,0,0,48,28.4,40.0,709.2,732,0.0,58.16033333333333,68.92558333333336
2843,device_03,2025-11-12 19:15:00.72134,0,0,73,26.4,42.0,670.9,657,0.0,56.56166666666664,67.34250000000003
2844,device_04,2025-11-12 19:15:23.601286,0,0,8,26.7,47.0,748.5,741,0.0,58.36758333333332,68.80525000000003
2845,device_05,2025-11-12 19:15:25.547727,0,0,186,25.1,51.4,511.3,452,0.0,57.410833333333336,68.20500000000004
2846,device_02,2025-11-12 19:15:45.10722,0,0,1047,27.4,41.7,762.6,757,0.0,57.237916666666614,67.72916666666674
2847,device_01,2025-11-12 19:15:51.129981,6,6,46,28.4,40.0,705.6,726,0.0,58.16033333333333,68.92558333333336
2848,device_03,2025-11-12 19:16:01.198616,0,0,73,26.3,42.0,669.8,654,0.0,56.534999999999975,67.32666666666671
2849,device_04,2025-11-12 19:16:23.774963,0,0,9,26.7,47.0,746.7,736,0.0,58.361749999999994,68.80525000000003
2850,device_05,2025-11-12 19:16:25.295343,0,0,187,25.0,51.4,513.6,455,0.0,57.410833333333336,68.20500000000004
2851,device_02,2025-11-12 19:16:45.564244,0,0,1046,27.6,41.7,762.0,753,0.0,57.23916666666663,67.7433333333334
2852,device_01,2025-11-12 19:16:51.252479,0,0,47,28.5,40.0,702.6,722,0.0,58.14833333333333,68.9579166666667
2853,device_03,2025-11-12 19:17:00.778578,0,0,73,26.5,42.0,668.6,653,0.0,56.57583333333332,67.46416666666669
2854,device_04,2025-11-12 19:17:23.785717,0,0,8,26.7,47.0,738.7,728,0.0,58.29258333333333,68.80525000000003
2855,device_05,2025-11-12 19:17:25.352198,0,0,185,24.9,51.4,497.6,437,0.0,57.410833333333336,68.20500000000004
2856,device_02,2025-11-12 19:17:44.883274,0,0,1049,27.4,41.1,761.1,751,0.0,57.178749999999944,67.73000000000008
2857,device_01,2025-11-12 19:17:51.107466,0,0,48,28.4,40.0,698.7,719,0.0,58.15949999999999,68.93225000000002
2858,device_03,2025-11-12 19:18:00.927623,0,0,72,26.5,42.0,665.1,648,0.0,56.54708333333331,67.45250000000003
2859,device_04,2025-11-12 19:18:23.795884,6,6,8,26.7,47.0,735.8,724,0.0,58.25158333333333,68.80400000000003
2860,device_05,2025-11-12 19:18:25.289838,0,0,184,24.7,51.3,493.3,426,0.0,57.410833333333336,68.20500000000004
2861,device_02,2025-11-12 19:18:45.180903,0,0,1047,27.5,41.0,746.5,738,0.0,57.15291666666661,67.74541666666673
2862,device_01,2025-11-12 19:18:51.643796,0,0,47,28.4,40.0,694.5,714,0.0,58.1595,68.94975000000004
2863,device_03,2025-11-12 19:19:01.447319,0,0,73,26.4,42.0,662.0,646,0.0,56.548749999999984,67.35750000000003
2864,device_04,2025-11-12 19:19:23.639482,0,0,8,26.7,47.0,730.8,718,0.0,58.21366666666666,68.80400000000003
2865,device_05,2025-11-12 19:19:25.006319,0,0,184,24.6,51.3,488.0,423,0.0,57.410833333333336,68.20500000000004
2866,device_02,2025-11-12 19:19:44.91492,0,0,1043,27.5,41.0,741.5,731,0.0,57.04166666666662,67.74541666666673
2867,device_01,2025-11-12 19:19:51.189178,0,0,46,27.8,40.0,693.6,711,0.0,58.164916666666656,68.9339166666667
2868,device_03,2025-11-12 19:20:00.758563,0,0,72,26.2,42.0,661.8,645,0.0,56.66416666666665,67.3316666666667
2869,device_04,2025-11-12 19:20:23.808319,0,0,7,26.7,47.0,731.3,718,0.0,58.21366666666666,68.80400000000003
2870,device_05,2025-11-12 19:20:25.820114,0,0,184,24.5,51.2,494.9,432,0.0,57.410833333333336,68.20500000000004
2871,device_02,2025-11-12 19:20:45.622175,0,0,1044,27.4,41.0,744.4,732,0.0,57.15916666666661,67.73125000000007
2872,device_01,2025-11-12 19:20:51.137174,0,0,47,27.3,40.0,691.2,708,0.0,58.17741666666666,68.88625000000003
2873,device_03,2025-11-12 19:21:00.797257,0,0,72,26.3,41.7,657.8,640,0.0,56.560416666666654,67.34500000000004
2874,device_04,2025-11-12 19:21:23.681754,0,0,9,26.5,46.0,729.0,713,0.0,58.19324999999999,68.55083333333337
2875,device_05,2025-11-12 19:21:24.982803,0,0,183,24.4,51.1,484.1,419,0.0,57.410833333333336,68.20500000000004
2876,device_02,2025-11-12 19:21:45.571833,0,0,1043,26.4,41.0,739.1,727,0.0,57.01666666666661,67.31791666666672
2877,device_01,2025-11-12 19:21:51.243195,0,0,45,27.6,40.0,688.3,705,0.0,57.75291666666667,68.8979166666667
2878,device_03,2025-11-12 19:22:01.489298,0,0,72,26.5,41.0,658.6,642,0.0,56.58583333333331,67.48916666666669
2879,device_04,2025-11-12 19:22:23.656829,0,0,8,26.2,46.0,723.6,710,0.0,58.23533333333331,68.43608333333337
2880,device_05,2025-11-12 19:22:25.332201,0,0,182,24.3,51.2,479.0,415,0.0,57.410833333333336,68.20500000000004
2881,device_02,2025-11-12 19:22:45.266061,0,0,1045,26.5,41.0,742.0,729,0.0,57.102083333333276,67.46041666666673
2882,device_01,2025-11-12 19:22:51.155914,0,0,46,27.5,40.0,686.5,703,0.0,57.75291666666667,68.8979166666667
2883,device_03,2025-11-12 19:23:00.904095,0,0,72,26.5,41.0,656.9,640,0.0,56.603749999999984,67.52125000000002
2884,device_04,2025-11-12 19:23:24.433563,0,0,7,26.2,46.0,722.9,708,0.0,58.23533333333331,68.43608333333337
2885,device_05,2025-11-12 19:23:25.008037,0,0,181,24.2,51.2,476.7,414,0.0,57.410833333333336,68.20500000000004
2886,device_02,2025-11-12 19:23:44.880566,0,0,1042,26.4,41.0,733.9,721,0.0,56.94458333333328,67.31791666666672
2887,device_03,2025-11-12 19:24:00.80155,0,0,70,26.3,41.0,654.9,637,0.0,57.06916666666666,67.58041666666672
2888,device_04,2025-11-12 19:24:23.6502,0,0,8,26.2,46.0,719.7,703,0.0,58.23533333333331,68.43608333333337
2889,device_05,2025-11-12 19:24:24.984431,0,0,181,24.0,51.2,479.3,410,0.0,57.410833333333336,68.20500000000004
2890,device_02,2025-11-12 19:24:44.903332,0,0,1043,26.4,41.0,733.8,723,0.0,56.94458333333328,67.31791666666672
2891,device_04,2025-11-12 19:25:24.250413,0,0,7,26.2,46.0,719.0,702,0.0,58.23533333333331,68.43608333333337
2892,device_05,2025-11-12 19:25:25.624798,0,0,182,24.0,51.2,478.1,415,0.0,57.410833333333336,68.20500000000004
2893,device_05,2025-11-12 19:26:25.25037,0,0,180,23.9,51.1,472.3,402,0.0,57.410833333333336,68.20500000000004
2894,device_01,2025-11-12 19:28:51.315931,0,0,39,27.3,40.0,680.6,696,0.0,57.73125000000001,68.88625000000003
2895,device_01,2025-11-12 19:29:51.151515,0,0,44,26.6,40.0,675.3,688,0.0,57.987083333333345,68.83175000000001
2896,device_03,2025-11-12 19:30:00.876901,0,0,61,26.4,41.0,652.0,632,0.0,57.06333333333333,67.61208333333337
2897,device_02,2025-11-12 19:30:45.671066,0,0,1047,26.5,40.0,747.1,735,0.0,57.17874999999994,67.46041666666673
2898,device_01,2025-11-12 19:30:51.245657,0,0,45,26.5,40.0,674.8,687,0.0,57.98000000000001,68.57750000000001
2899,device_03,2025-11-12 19:31:00.79363,0,0,64,26.5,41.0,646.9,626,0.0,57.34208333333333,68.20083333333336
2900,device_04,2025-11-12 19:31:23.842271,0,0,3,25.8,45.0,712.5,697,0.0,58.23824999999998,68.33283333333337
2901,device_02,2025-11-12 19:31:45.013631,0,0,1033,26.4,40.0,719.8,702,0.0,56.90666666666661,67.31791666666672
2902,device_01,2025-11-12 19:31:51.147263,0,0,45,26.4,40.0,672.7,684,0.0,57.92541666666667,68.47233333333335
2903,device_03,2025-11-12 19:32:00.750166,4,4,64,26.6,41.0,644.8,625,0.0,57.39875,68.44833333333335
2904,device_04,2025-11-12 19:32:23.962731,0,0,6,25.8,45.0,709.2,690,0.0,58.23824999999998,68.33283333333337
2905,device_05,2025-11-12 19:32:25.233855,0,0,166,23.5,50.9,473.3,408,0.0,57.410833333333336,68.20500000000004
2906,device_02,2025-11-12 19:32:45.027435,0,0,1033,26.5,40.0,724.2,705,0.0,56.951249999999945,67.46125000000006
2907,device_01,2025-11-12 19:32:51.554948,0,0,45,26.5,40.0,670.8,683,0.0,57.93291666666668,68.57333333333335
2908,device_03,2025-11-12 19:33:00.794969,0,0,65,26.5,41.0,641.4,618,0.0,57.33166666666666,68.41625000000003
2909,device_04,2025-11-12 19:33:23.778338,0,0,6,25.8,45.0,705.5,687,0.0,58.23824999999998,68.33283333333337
2910,device_05,2025-11-12 19:33:25.191,0,0,173,23.4,50.9,461.8,393,0.0,57.410833333333336,68.20500000000004
2911,device_02,2025-11-12 19:33:45.046411,0,0,1040,26.4,40.0,727.1,714,0.0,56.90666666666661,67.31791666666672
2912,device_01,2025-11-12 19:33:51.352838,0,0,45,26.6,40.0,668.6,679,0.0,57.93291666666668,68.82758333333334
2913,device_03,2025-11-12 19:34:00.946232,0,0,66,26.5,41.0,643.3,622,0.0,57.3575,68.41625000000003
2914,device_04,2025-11-12 19:34:24.292967,0,0,6,25.8,45.0,702.0,682,0.0,58.23824999999998,68.33283333333337
2915,device_05,2025-11-12 19:34:25.193411,0,0,174,23.4,50.7,454.6,384,0.0,57.410833333333336,68.20500000000004
2916,device_02,2025-11-12 19:34:45.995168,0,0,1041,26.4,40.0,724.9,712,0.0,56.90666666666661,67.31791666666672
2917,device_01,2025-11-12 19:34:51.181653,0,0,45,26.5,39.9,666.5,676,0.0,57.93083333333335,68.57333333333334
2918,device_03,2025-11-12 19:35:00.940149,0,0,66,26.4,40.2,641.9,619,0.0,57.30249999999999,68.3654166666667
2919,device_04,2025-11-12 19:35:23.733024,0,0,7,25.8,45.0,699.6,680,0.0,58.23824999999998,68.33283333333337
2920,device_05,2025-11-12 19:35:25.011332,0,0,174,23.3,50.7,458.1,386,0.0,57.410833333333336,68.20500000000004
2921,device_02,2025-11-12 19:35:45.065161,0,0,1034,26.2,40.0,718.7,704,0.0,57.025416666666615,67.27958333333339
2922,device_01,2025-11-12 19:35:51.114833,0,0,44,26.4,39.0,664.6,674,0.0,57.877083333333346,68.46733333333336
2923,device_03,2025-11-12 19:36:00.84702,0,0,65,26.5,40.0,640.1,616,0.0,57.30583333333334,68.41625000000005
2924,device_04,2025-11-12 19:36:23.682446,0,0,6,25.3,45.0,698.4,677,0.0,58.23824999999998,68.33283333333337
2925,device_05,2025-11-12 19:36:25.407165,0,0,174,23.2,50.8,454.6,384,0.0,57.410833333333336,68.20500000000004
2926,device_02,2025-11-12 19:36:45.553894,0,0,1039,26.4,40.0,722.9,707,0.0,56.90666666666661,67.31791666666672
2927,device_01,2025-11-12 19:36:51.386989,0,0,45,26.4,39.0,663.9,675,0.0,57.87708333333334,68.46733333333334
2928,device_03,2025-11-12 19:37:00.780245,0,0,65,26.4,40.0,637.1,617,0.0,57.27666666666667,68.3654166666667
2929,device_04,2025-11-12 19:37:23.816135,0,0,6,25.3,45.0,695.7,678,0.0,58.23824999999998,68.33283333333338
2930,device_05,2025-11-12 19:37:25.008327,0,0,175,23.2,50.8,450.4,380,0.0,57.410833333333336,68.20500000000004
2931,device_02,2025-11-12 19:37:44.96033,0,0,1040,26.4,40.0,728.9,714,0.0,56.90666666666661,67.31791666666672
2932,device_01,2025-11-12 19:37:51.137542,0,0,45,26.5,39.0,663.3,675,0.0,57.90625000000001,68.57250000000002
2933,device_03,2025-11-12 19:38:00.75764,0,0,64,26.3,40.1,633.3,611,0.0,57.27375,68.33958333333337
2934,device_04,2025-11-12 19:38:23.679101,0,0,7,25.3,44.3,698.4,678,0.0,58.23824999999998,68.33283333333337
2935,device_05,2025-11-12 19:38:25.015677,0,0,174,23.2,50.7,455.6,388,0.0,57.410833333333336,68.20500000000004
2936,device_02,2025-11-12 19:38:45.203527,0,0,1036,26.3,40.0,718.8,704,0.0,56.91666666666661,67.27666666666673
2937,device_01,2025-11-12 19:38:51.133226,0,0,45,26.5,39.0,663.6,672,0.0,57.94416666666668,68.54733333333334
2938,device_03,2025-11-12 19:39:00.806659,0,0,65,25.4,41.0,635.6,614,0.0,57.42458333333333,68.20666666666672
2939,device_04,2025-11-12 19:39:24.275569,0,0,7,25.3,44.0,693.1,672,0.0,58.27616666666665,68.31183333333337
2940,device_05,2025-11-12 19:39:24.995984,0,0,175,23.1,50.7,457.9,387,0.0,57.410833333333336,68.20500000000004
2941,device_02,2025-11-12 19:39:44.929372,0,0,1035,26.5,40.0,717.9,701,0.0,56.951249999999945,67.46125000000006
2942,device_01,2025-11-12 19:39:51.277484,0,0,43,26.3,39.0,660.7,670,0.0,57.94666666666667,68.43716666666668
2943,device_03,2025-11-12 19:40:01.011614,0,0,65,25.4,40.3,637.0,614,0.0,57.42458333333334,68.20666666666672
2944,device_04,2025-11-12 19:40:23.768981,0,0,6,25.3,44.0,689.7,669,0.0,58.27616666666665,68.31850000000004
2945,device_05,2025-11-12 19:40:25.07347,0,0,173,23.1,50.7,451.9,379,0.0,57.410833333333336,68.20500000000004
2946,device_02,2025-11-12 19:40:45.461366,0,0,1035,26.2,40.0,714.0,699,0.0,57.025416666666615,67.27958333333339
2947,device_01,2025-11-12 19:40:51.123112,0,0,43,26.5,39.0,659.0,667,0.0,57.96666666666669,68.56816666666668
2948,device_03,2025-11-12 19:41:00.902598,0,0,66,25.3,40.0,635.2,611,0.0,57.42458333333333,68.20666666666672
2949,device_04,2025-11-12 19:41:24.299946,0,0,6,25.3,44.0,693.4,672,0.0,58.27616666666665,68.31183333333337
2950,device_05,2025-11-12 19:41:25.056597,0,0,174,23.0,51.0,453.3,382,0.0,57.410833333333336,68.20500000000004
2951,device_02,2025-11-12 19:41:45.140149,0,0,1036,26.4,40.0,717.9,700,0.0,56.90666666666661,67.31791666666673
2952,device_01,2025-11-12 19:41:51.137331,0,0,45,26.4,39.0,659.4,669,0.0,57.93750000000002,68.46591666666669
2953,device_03,2025-11-12 19:42:01.028327,0,0,65,25.3,40.0,635.8,613,0.0,57.42458333333334,68.20666666666672
2954,device_04,2025-11-12 19:42:23.850895,0,0,6,25.3,44.2,696.5,676,0.0,58.23824999999998,68.33283333333337
2955,device_05,2025-11-12 19:42:25.076246,0,0,175,23.0,51.3,471.6,405,0.0,57.410833333333336,68.20500000000004
2956,device_02,2025-11-12 19:42:45.487278,0,0,1034,26.5,40.0,717.8,703,0.0,56.951249999999945,67.46125000000006
2957,device_01,2025-11-12 19:42:51.432196,6,7,45,26.5,39.3,661.8,670,0.0,57.96583333333335,68.56400000000002
2958,device_03,2025-11-12 19:43:00.789763,0,0,64,25.5,40.0,634.9,611,0.0,57.42458333333333,68.20666666666672
2959,device_04,2025-11-12 19:43:24.387581,0,0,6,25.3,45.0,705.7,685,0.0,58.23824999999998,68.33283333333337
2960,device_05,2025-11-12 19:43:25.280561,0,0,175,23.1,51.3,485.4,423,0.0,57.410833333333336,68.20500000000004
2961,device_02,2025-11-12 19:43:45.395579,0,0,1030,26.3,40.0,716.3,699,0.0,56.91666666666661,67.27666666666673
2962,device_01,2025-11-12 19:43:51.161565,0,0,45,26.4,40.0,664.6,675,0.0,57.87708333333334,68.46733333333336
2963,device_03,2025-11-12 19:44:01.796605,0,0,66,25.5,40.8,632.5,609,0.0,57.42458333333333,68.20666666666672
2964,device_04,2025-11-12 19:44:23.715287,0,0,6,25.3,45.0,709.8,691,0.0,58.23824999999998,68.33283333333337
2965,device_05,2025-11-12 19:44:25.035292,0,0,176,23.2,51.3,490.3,430,0.0,57.410833333333336,68.20500000000004
2966,device_02,2025-11-12 19:44:44.93197,0,0,1031,26.5,40.0,723.4,702,0.0,56.951249999999945,67.46125000000006
2967,device_01,2025-11-12 19:44:51.407112,0,0,44,26.5,40.0,667.4,680,0.0,57.91833333333335,68.57333333333334
2968,device_03,2025-11-12 19:45:00.779013,0,0,65,25.4,41.0,636.5,614,0.0,57.42458333333333,68.20666666666672
2969,device_04,2025-11-12 19:45:23.868711,3,3,6,25.3,45.0,713.2,696,0.0,58.23824999999998,68.33700000000005
2970,device_05,2025-11-12 19:45:25.067716,0,0,177,23.2,51.4,507.6,448,0.0,57.410833333333336,68.20500000000004
2971,device_02,2025-11-12 19:45:44.923017,0,0,1036,26.3,40.0,727.5,715,0.0,56.91666666666661,67.27666666666673
2972,device_01,2025-11-12 19:45:51.219065,0,0,45,26.5,40.0,671.1,682,0.0,57.93291666666668,68.57333333333334
2973,device_03,2025-11-12 19:46:00.966221,0,0,65,25.3,41.0,636.3,614,0.0,57.42458333333333,68.20666666666672
2974,device_04,2025-11-12 19:46:23.709848,0,0,7,25.3,45.0,716.8,700,0.0,58.23824999999998,68.33700000000003
2975,device_05,2025-11-12 19:46:25.313606,3,3,178,23.3,51.3,514.5,457,0.0,57.410833333333336,68.20500000000004
2976,device_02,2025-11-12 19:46:45.903056,0,0,1033,26.5,40.0,726.3,713,0.0,56.951249999999945,67.46125000000006
2977,device_01,2025-11-12 19:46:51.242537,0,0,45,26.4,40.0,672.3,685,0.0,57.92541666666667,68.47233333333335
2978,device_03,2025-11-12 19:47:05.940159,0,0,65,25.4,41.0,634.3,611,0.0,57.42458333333333,68.20666666666672
2979,device_04,2025-11-12 19:47:23.69713,0,0,6,25.3,45.0,721.2,705,0.0,58.23658333333331,68.33408333333337
2980,device_05,2025-11-12 19:47:25.225682,3,3,178,23.5,51.3,516.6,458,0.0,57.410833333333336,68.20500000000004
2981,device_02,2025-11-12 19:47:44.937356,0,0,1028,26.4,40.0,729.0,712,0.0,56.90666666666661,67.31791666666672
2982,device_01,2025-11-12 19:47:51.172539,0,0,45,26.4,40.0,673.6,686,0.0,57.92541666666667,68.47233333333335
2983,device_03,2025-11-12 19:48:00.935589,0,0,66,25.5,41.0,636.1,614,0.0,57.42458333333333,68.20666666666672
2984,device_04,2025-11-12 19:48:23.880343,0,0,7,25.3,45.0,719.0,701,0.0,58.23658333333331,68.33408333333337
2985,device_05,2025-11-12 19:48:25.192929,0,0,178,23.5,51.3,516.9,457,0.0,57.410833333333336,68.20500000000004
2986,device_02,2025-11-12 19:48:44.958177,0,0,1039,26.5,40.0,738.1,727,0.0,57.061249999999944,67.46125000000006
2987,device_01,2025-11-12 19:48:51.842496,0,0,46,26.2,40.0,677.1,691,0.0,58.03041666666667,68.45108333333336
2988,device_03,2025-11-12 19:49:00.878,0,0,65,25.5,41.0,638.3,617,0.0,57.42458333333333,68.20666666666672
2989,device_04,2025-11-12 19:49:24.253833,0,0,7,25.3,45.0,722.9,705,0.0,58.23658333333331,68.33408333333337
2990,device_05,2025-11-12 19:49:25.215261,0,0,179,23.6,51.2,519.7,467,0.0,57.410833333333336,68.20500000000004
2991,device_02,2025-11-12 19:49:44.940997,0,0,1033,26.4,40.0,735.0,721,0.0,57.005416666666605,67.31791666666672
2992,device_01,2025-11-12 19:49:51.222167,0,0,45,26.4,40.0,678.9,693,0.0,57.89500000000001,68.47275000000003
2993,device_03,2025-11-12 19:50:01.050221,0,0,66,25.4,41.0,638.4,616,0.0,57.42458333333333,68.20666666666672
2994,device_04,2025-11-12 19:50:23.847518,0,0,6,25.7,45.0,724.5,709,0.0,58.23658333333331,68.33408333333337
2995,device_05,2025-11-12 19:50:25.094168,0,0,181,23.7,51.1,525.2,466,0.0,57.410833333333336,68.20500000000004
2996,device_02,2025-11-12 19:50:45.439498,0,0,1034,26.4,40.0,739.8,725,0.0,57.01666666666661,67.3170833333334
2997,device_01,2025-11-12 19:50:51.179838,0,0,46,26.4,40.0,681.0,695,0.0,57.69916666666667,68.45650000000005
2998,device_03,2025-11-12 19:51:00.967785,0,0,65,26.5,41.0,639.5,619,0.0,57.33166666666666,68.41625000000003
2999,device_04,2025-11-12 19:51:24.214865,0,0,6,25.8,45.0,726.5,715,0.0,58.23658333333331,68.33408333333337
3000,device_05,2025-11-12 19:51:25.147714,0,0,180,23.8,51.0,529.1,470,0.0,57.410833333333336,68.20500000000004
3001,device_02,2025-11-12 19:51:44.978069,0,0,1033,26.5,40.0,735.7,721,0.0,57.04791666666661,67.46125000000006
3002,device_01,2025-11-12 19:51:51.224559,0,0,45,26.4,40.0,680.5,696,0.0,57.69916666666667,68.45650000000005
3003,device_03,2025-11-12 19:52:00.823299,0,0,66,26.4,41.0,642.0,618,0.0,57.32833333333333,68.3654166666667
3004,device_04,2025-11-12 19:52:23.733084,0,0,7,25.8,45.0,729.6,715,0.0,58.24824999999998,68.33408333333337
3005,device_05,2025-11-12 19:52:25.052999,0,0,181,23.9,51.0,534.9,482,0.0,57.410833333333336,68.20500000000004
3006,device_02,2025-11-12 19:52:45.500026,0,0,1033,26.5,40.0,740.1,725,0.0,57.06541666666661,67.46041666666673
3007,device_01,2025-11-12 19:52:51.112264,0,0,45,26.5,40.0,682.8,698,0.0,57.73125000000001,68.54958333333337
3008,device_03,2025-11-12 19:53:01.069433,0,0,66,26.4,41.0,642.5,620,0.0,57.32833333333333,68.3654166666667
3009,device_04,2025-11-12 19:53:24.311975,0,0,7,25.8,45.0,732.2,722,0.0,58.26866666666665,68.33825000000003
3010,device_05,2025-11-12 19:53:25.266003,0,0,180,23.9,51.0,526.7,473,0.0,57.410833333333336,68.20500000000004
3011,device_02,2025-11-12 19:53:44.88973,0,0,1034,26.4,40.0,743.4,729,0.0,57.04249999999993,67.3170833333334
3012,device_01,2025-11-12 19:53:51.260433,0,0,45,26.9,40.0,684.0,699,0.0,57.72583333333334,68.90000000000003
3013,device_03,2025-11-12 19:54:00.883093,0,0,66,26.6,41.0,641.5,622,0.0,57.33166666666666,68.56041666666668
3014,device_04,2025-11-12 19:54:23.649557,0,0,6,25.8,45.0,733.6,720,0.0,58.26866666666666,68.33825000000003
3015,device_05,2025-11-12 19:54:25.037222,0,0,180,24.0,51.0,528.7,475,0.0,57.410833333333336,68.20500000000004
3016,device_02,2025-11-12 19:54:44.950981,0,0,1038,26.4,40.0,743.2,733,0.0,57.04249999999993,67.3170833333334
3017,device_01,2025-11-12 19:54:51.778554,0,0,46,27.3,40.0,684.5,700,0.0,57.7375,68.88625000000003
3018,device_03,2025-11-12 19:55:00.767584,0,0,65,26.5,41.0,637.8,617,0.0,57.30583333333334,68.41625000000003
3019,device_04,2025-11-12 19:55:24.289473,0,0,7,25.8,45.0,736.4,726,0.0,58.345499999999994,68.34033333333336
3020,device_05,2025-11-12 19:55:25.02157,0,0,181,24.1,50.9,527.2,475,0.0,57.410833333333336,68.20500000000004
3021,device_02,2025-11-12 19:55:44.896622,0,0,1033,26.4,40.0,743.8,730,0.0,57.04249999999993,67.3170833333334
3022,device_01,2025-11-12 19:55:51.272089,0,0,46,27.6,40.0,685.5,703,0.0,57.75291666666667,68.8979166666667
3023,device_03,2025-11-12 19:56:00.934197,0,0,64,26.4,41.0,641.4,617,0.0,57.27666666666667,68.3654166666667
3024,device_04,2025-11-12 19:56:23.715001,0,0,8,25.8,45.0,737.8,726,0.0,58.336749999999995,68.34241666666671
3025,device_05,2025-11-12 19:56:25.090792,0,0,181,24.2,50.8,531.9,478,0.0,57.410833333333336,68.20500000000004
3026,device_02,2025-11-12 19:56:45.457728,0,0,1039,26.3,40.0,749.2,740,0.0,57.134583333333275,67.2758333333334
3027,device_01,2025-11-12 19:56:51.216482,0,0,47,27.6,40.0,686.9,704,0.0,57.75291666666667,68.8979166666667
3028,device_03,2025-11-12 19:57:00.970937,0,0,68,26.4,41.0,646.0,626,0.0,57.31291666666666,68.1429166666667
3029,device_04,2025-11-12 19:57:23.733795,0,0,7,25.8,45.0,737.9,726,0.0,58.336749999999995,68.34241666666671
3030,device_05,2025-11-12 19:57:25.241173,4,4,182,24.2,50.8,536.6,489,0.0,57.410833333333336,68.20500000000004
3031,device_02,2025-11-12 19:57:44.922569,0,0,1031,26.4,40.8,742.3,731,0.0,57.05749999999993,67.3170833333334
3032,device_01,2025-11-12 19:57:51.089719,0,0,46,27.4,40.0,687.0,703,0.0,57.75250000000001,68.88625000000003
3033,device_03,2025-11-12 19:58:00.961428,0,0,66,26.5,41.0,646.4,622,0.0,57.3575,68.41625000000005
3034,device_04,2025-11-12 19:58:23.6204,0,0,7,26.0,45.0,740.8,727,0.0,58.353416666666654,68.36533333333337
3035,device_05,2025-11-12 19:58:25.230032,4,4,183,24.2,50.8,537.4,486,0.0,57.410833333333336,68.20500000000004
3036,device_02,2025-11-12 19:58:45.011951,0,0,1036,26.5,41.0,747.6,736,0.0,57.17416666666661,67.46041666666673
3037,device_01,2025-11-12 19:58:51.325651,0,0,46,27.4,40.0,688.6,705,0.0,57.75250000000001,68.88625000000003
3038,device_03,2025-11-12 19:59:01.13754,0,0,67,26.4,41.0,648.2,627,0.0,57.36833333333333,67.9841666666667
3039,device_04,2025-11-12 19:59:24.185128,0,0,7,26.2,45.0,738.6,727,0.0,58.335499999999996,68.44150000000005
3040,device_05,2025-11-12 19:59:25.256322,0,0,183,24.3,50.6,533.1,480,0.0,57.410833333333336,68.20500000000004
3041,device_02,2025-11-12 19:59:44.910619,0,0,1041,26.4,41.0,750.3,743,0.0,57.14499999999994,67.3170833333334
3042,device_01,2025-11-12 19:59:51.034471,0,0,46,27.4,40.0,689.8,707,0.0,58.17324999999999,68.88625000000003
3043,device_03,2025-11-12 20:00:01.004323,0,0,66,26.6,41.0,647.3,627,0.0,57.34208333333333,68.38708333333334
3044,device_04,2025-11-12 20:00:23.68451,0,0,7,26.2,45.0,737.2,726,0.0,58.344249999999995,68.44150000000003
3045,device_05,2025-11-12 20:00:25.065267,0,0,183,24.3,50.6,537.6,489,0.0,57.410833333333336,68.20500000000004
3046,device_02,2025-11-12 20:00:44.888893,0,0,1037,26.3,41.0,746.8,742,0.0,57.13124999999994,67.2758333333334
3047,device_01,2025-11-12 20:00:51.294048,0,0,46,27.5,40.0,689.4,707,0.0,57.75291666666667,68.8979166666667
3048,device_03,2025-11-12 20:01:00.781258,0,0,67,26.6,41.0,646.4,624,0.0,57.3775,68.56041666666668
3049,device_04,2025-11-12 20:01:23.698369,0,0,7,26.2,45.0,738.7,729,0.0,58.335499999999996,68.44150000000005
3050,device_05,2025-11-12 20:01:25.065003,0,0,183,24.4,50.6,536.6,486,0.0,57.410833333333336,68.20500000000004
3051,device_02,2025-11-12 20:01:44.891652,0,0,1036,26.6,41.0,747.4,735,0.0,57.18791666666661,67.64000000000007
3052,device_01,2025-11-12 20:01:51.25103,0,0,46,27.2,40.0,690.4,708,0.0,58.17741666666666,68.88625000000003
3053,device_03,2025-11-12 20:02:00.890717,0,0,67,26.5,41.0,649.3,630,0.0,57.3975,68.04208333333335
3054,device_04,2025-11-12 20:02:23.657944,0,0,7,26.2,45.5,743.1,731,0.0,58.355083333333326,68.44150000000003
3055,device_05,2025-11-12 20:02:25.013345,0,0,186,24.4,50.6,544.3,496,0.0,57.410833333333336,68.20500000000004
3056,device_02,2025-11-12 20:02:44.863854,0,0,1037,26.5,41.0,744.4,737,0.0,57.184166666666606,67.46041666666673
3057,device_01,2025-11-12 20:02:51.052815,0,0,46,27.5,40.0,691.3,709,0.0,58.164916666666656,68.8979166666667
3058,device_03,2025-11-12 20:03:00.745663,0,0,66,26.5,41.0,649.4,630,0.0,57.3975,68.04208333333335
3059,device_04,2025-11-12 20:03:23.88377,0,0,8,26.2,46.0,739.7,731,0.0,58.335499999999996,68.44150000000005
3060,device_05,2025-11-12 20:03:25.002974,0,0,184,24.5,50.6,538.5,487,0.0,57.410833333333336,68.20500000000004
3061,device_02,2025-11-12 20:03:45.434827,0,0,1040,26.3,41.0,755.8,744,0.0,57.146666666666604,67.27041666666672
3062,device_01,2025-11-12 20:03:51.097067,0,0,46,27.5,40.0,691.0,708,0.0,58.164916666666656,68.8979166666667
3063,device_03,2025-11-12 20:04:00.744318,0,0,67,26.5,41.0,648.5,630,0.0,57.39750000000001,68.04208333333335
3064,device_04,2025-11-12 20:04:23.616931,0,0,7,26.2,46.0,739.4,729,0.0,58.335499999999996,68.44150000000005
3065,device_05,2025-11-12 20:04:25.135409,0,0,184,24.5,50.6,538.4,487,0.0,57.410833333333336,68.20500000000004
3066,device_02,2025-11-12 20:04:44.91644,0,0,1040,26.4,41.0,752.9,745,0.0,57.14708333333328,67.31791666666672
3067,device_01,2025-11-12 20:04:51.161581,0,0,46,27.7,40.0,692.9,710,0.0,58.164916666666656,68.9339166666667
3068,device_03,2025-11-12 20:05:00.761011,0,0,65,26.4,41.0,644.3,624,0.0,57.34833333333333,68.36083333333336
3069,device_04,2025-11-12 20:05:23.676729,0,0,7,26.2,46.0,746.3,733,0.0,58.384249999999994,68.44150000000005
3070,device_05,2025-11-12 20:05:25.015472,0,0,185,24.5,50.6,546.7,497,0.0,57.410833333333336,68.20500000000004
3071,device_02,2025-11-12 20:05:45.45375,0,0,1037,26.4,41.0,750.2,745,0.0,57.14499999999994,67.3170833333334
3072,device_01,2025-11-12 20:05:51.029431,0,0,46,27.2,40.0,692.9,711,0.0,58.17741666666666,68.88625000000003
3073,device_03,2025-11-12 20:06:01.348706,0,0,68,26.5,41.0,649.2,631,0.0,57.3975,68.04208333333337
3074,device_04,2025-11-12 20:06:23.867186,0,0,7,26.2,46.0,740.3,727,0.0,58.33966666666666,68.44150000000005
3075,device_05,2025-11-12 20:06:25.217435,0,0,183,24.5,50.6,538.4,482,0.0,57.410833333333336,68.20500000000004
3076,device_02,2025-11-12 20:06:45.026326,0,0,1046,26.4,41.0,764.9,756,0.0,57.20499999999995,67.31791666666672
3077,device_01,2025-11-12 20:06:51.158709,0,0,46,27.5,40.0,692.8,710,0.0,58.164916666666656,68.8979166666667
3078,device_03,2025-11-12 20:07:00.95563,0,0,68,26.5,41.0,651.0,632,0.0,57.0925,67.70958333333337
3079,device_04,2025-11-12 20:07:23.766236,0,0,7,26.2,46.0,743.7,733,0.0,58.355083333333326,68.44150000000005
3080,device_05,2025-11-12 20:07:25.046141,0,0,184,24.6,50.5,546.9,494,0.0,57.410833333333336,68.20500000000004
3081,device_02,2025-11-12 20:07:44.874931,0,0,1038,26.4,41.0,751.0,743,0.0,57.14499999999994,67.31791666666672
3082,device_01,2025-11-12 20:07:51.099538,0,0,47,27.5,40.0,692.2,709,0.0,58.164916666666656,68.8979166666667
3083,device_03,2025-11-12 20:08:01.364439,0,0,66,26.3,41.0,649.0,630,0.0,57.36541666666666,67.95250000000004
3084,device_04,2025-11-12 20:08:23.804231,0,0,8,26.2,46.0,745.6,734,0.0,58.384249999999994,68.44150000000005
3085,device_05,2025-11-12 20:08:25.047428,0,0,182,24.6,50.5,542.0,487,0.0,57.410833333333336,68.20500000000004
3086,device_02,2025-11-12 20:08:44.881371,0,0,1037,26.5,41.0,756.9,746,0.0,57.21041666666662,67.45625000000007
3087,device_01,2025-11-12 20:08:51.132277,0,0,45,27.3,40.0,693.0,712,0.0,58.17741666666666,68.88625000000003
3088,device_03,2025-11-12 20:09:00.766959,0,0,66,26.4,41.0,648.8,628,0.0,57.36833333333333,67.9841666666667
3089,device_04,2025-11-12 20:09:23.638977,0,0,7,26.2,46.0,743.9,733,0.0,58.355083333333326,68.44150000000005
3090,device_05,2025-11-12 20:09:24.984083,0,0,184,24.6,50.5,543.5,492,0.0,57.410833333333336,68.20500000000004
3091,device_02,2025-11-12 20:09:45.457789,0,0,1033,26.5,41.0,748.6,735,0.0,57.179999999999936,67.46041666666673
3092,device_01,2025-11-12 20:09:51.025671,0,0,45,27.3,40.0,694.2,714,0.0,58.17741666666666,68.88625000000003
3093,device_03,2025-11-12 20:10:00.714516,0,0,67,26.5,41.0,652.6,633,0.0,57.0925,67.70958333333337
3094,device_04,2025-11-12 20:10:24.21383,0,0,8,26.2,46.0,746.7,737,0.0,58.384249999999994,68.44150000000005
3095,device_05,2025-11-12 20:10:24.978065,0,0,186,24.6,50.6,542.9,494,0.0,57.410833333333336,68.20500000000004
3096,device_02,2025-11-12 20:10:45.047244,0,0,1037,26.5,41.0,752.0,744,0.0,57.191666666666606,67.46125000000006
3097,device_01,2025-11-12 20:10:51.356667,0,0,46,27.7,40.0,695.6,714,0.0,58.164916666666656,68.9339166666667
3098,device_03,2025-11-12 20:11:00.722315,0,0,68,26.6,41.0,652.1,634,0.0,57.0925,67.93083333333334
3099,device_04,2025-11-12 20:11:23.682802,0,0,7,26.2,46.0,745.8,735,0.0,58.384249999999994,68.44150000000005
3100,device_05,2025-11-12 20:11:25.004215,0,0,183,24.6,50.6,536.9,488,0.0,57.410833333333336,68.20500000000004
3101,device_02,2025-11-12 20:11:44.959611,0,0,1043,26.4,41.0,760.7,753,0.0,57.219583333333276,67.32000000000005
3102,device_01,2025-11-12 20:11:51.359164,0,0,46,27.7,40.0,695.7,714,0.0,58.164916666666656,68.9339166666667
3103,device_03,2025-11-12 20:12:00.793468,0,0,67,26.5,41.0,649.3,631,0.0,57.3975,68.04208333333335
3104,device_04,2025-11-12 20:12:24.357703,0,0,8,26.2,46.0,745.0,737,0.0,58.391749999999995,68.44150000000005
3105,device_05,2025-11-12 20:12:25.199077,0,0,187,24.6,50.6,546.5,496,0.0,57.410833333333336,68.20500000000004
3106,device_02,2025-11-12 20:12:45.434743,0,0,1037,26.4,41.0,757.2,750,0.0,57.165833333333275,67.31541666666672
3107,device_01,2025-11-12 20:12:51.334833,0,0,45,27.5,40.0,696.0,714,0.0,58.164916666666656,68.8979166666667
3108,device_03,2025-11-12 20:13:00.853894,0,0,67,26.4,41.0,652.9,633,0.0,57.06333333333333,67.61208333333337
3109,device_04,2025-11-12 20:13:23.659829,0,0,8,26.2,46.0,749.3,740,0.0,58.39008333333332,68.44150000000005
3110,device_05,2025-11-12 20:13:24.962228,0,0,187,24.7,50.6,549.5,500,0.0,57.410833333333336,68.20500000000004
3111,device_02,2025-11-12 20:13:44.863721,0,0,1040,26.6,41.0,758.4,751,0.0,57.21208333333328,67.6358333333334
3112,device_01,2025-11-12 20:13:51.05644,0,0,46,27.6,40.0,696.8,715,0.0,58.164916666666656,68.88708333333336
3113,device_03,2025-11-12 20:14:00.794352,0,0,66,26.5,41.0,653.5,638,0.0,57.09250000000001,67.70958333333337
3114,device_04,2025-11-12 20:14:24.171758,0,0,8,26.2,46.0,748.8,739,0.0,58.39008333333332,68.44150000000005
3115,device_05,2025-11-12 20:14:25.271463,0,0,189,24.7,50.7,551.5,499,0.0,57.410833333333336,68.20500000000004
3116,device_02,2025-11-12 20:14:45.718084,0,0,1039,26.6,41.0,756.7,751,0.0,57.21958333333328,67.63583333333341
3117,device_01,2025-11-12 20:14:51.013988,0,0,47,27.2,40.0,695.8,715,0.0,58.17741666666666,68.88625000000003
3118,device_03,2025-11-12 20:15:00.80273,0,0,68,26.5,41.0,656.2,637,0.0,57.0925,67.70958333333337
3119,device_04,2025-11-12 20:15:23.591774,0,0,8,26.2,46.0,749.5,740,0.0,58.39008333333332,68.44150000000005
3120,device_05,2025-11-12 20:15:25.196158,0,0,197,24.7,50.7,547.7,498,0.0,57.410833333333336,68.20500000000004
3121,device_02,2025-11-12 20:15:45.202852,0,0,1038,26.5,41.0,755.9,750,0.0,57.20833333333328,67.45500000000007
3122,device_01,2025-11-12 20:15:51.044147,0,0,47,27.3,40.0,696.8,716,0.0,58.17741666666666,68.87541666666671
3123,device_03,2025-11-12 20:16:00.761092,3,3,70,26.4,41.0,655.5,639,0.0,57.06166666666667,67.60541666666671
3124,device_04,2025-11-12 20:16:23.838918,0,0,8,26.2,46.0,749.4,740,0.0,58.39008333333332,68.44150000000005
3125,device_05,2025-11-12 20:16:25.003941,0,0,195,24.7,50.8,550.4,502,0.0,57.410833333333336,68.20500000000004
3126,device_02,2025-11-12 20:16:44.910825,0,0,1039,26.5,41.0,765.8,757,0.0,57.24958333333328,67.45875000000007
3127,device_01,2025-11-12 20:16:51.658532,0,0,46,27.4,40.0,697.0,718,0.0,58.173249999999996,68.87541666666671
3128,device_03,2025-11-12 20:17:00.771688,0,0,70,26.5,41.0,656.5,638,0.0,57.0925,67.70958333333337
3129,device_04,2025-11-12 20:17:23.613629,0,0,9,26.2,46.0,750.3,741,0.0,58.39008333333332,68.44150000000003
3130,device_05,2025-11-12 20:17:24.983343,0,0,192,24.7,50.8,543.7,491,0.0,57.410833333333336,68.20500000000004
3131,device_02,2025-11-12 20:17:44.870186,0,0,1042,26.4,41.0,765.3,759,0.0,57.20499999999995,67.31791666666672
3132,device_01,2025-11-12 20:17:51.081855,0,0,47,27.4,40.0,697.7,718,0.0,58.17324999999999,68.87541666666671
3133,device_03,2025-11-12 20:18:00.718351,0,0,69,26.5,41.0,656.2,638,0.0,57.0925,67.70958333333337
3134,device_04,2025-11-12 20:18:23.964986,0,0,8,26.2,46.0,751.8,743,0.0,58.39008333333332,68.44233333333337
3135,device_05,2025-11-12 20:18:25.15607,0,0,190,24.7,50.9,542.8,492,0.0,57.410833333333336,68.20500000000004
3136,device_02,2025-11-12 20:18:45.403118,0,0,1036,26.5,41.0,759.5,748,0.0,57.20291666666662,67.45625000000007
3137,device_01,2025-11-12 20:18:51.075072,0,0,47,27.6,40.0,698.4,718,0.0,58.164916666666656,68.88708333333336
3138,device_03,2025-11-12 20:19:00.861398,0,0,69,26.4,41.0,657.2,637,0.0,56.61999999999998,67.38333333333337
3139,device_04,2025-11-12 20:19:23.766363,0,0,8,26.2,46.0,751.3,739,0.0,58.39008333333332,68.44233333333338
3140,device_05,2025-11-12 20:19:24.993122,0,0,193,24.8,50.8,557.9,511,0.0,57.41083333333333,68.20500000000004
3141,device_02,2025-11-12 20:19:44.830237,0,0,1042,26.5,41.0,761.1,756,0.0,57.26416666666662,67.4608333333334
3142,device_01,2025-11-12 20:19:51.029699,0,0,45,27.4,40.0,696.6,716,0.0,58.17324999999999,68.87541666666671
3143,device_03,2025-11-12 20:20:00.872966,0,0,69,26.6,41.0,656.7,640,0.0,57.03708333333334,67.93083333333334
3144,device_04,2025-11-12 20:20:24.515792,0,0,8,26.2,46.0,750.8,743,0.0,58.39008333333332,68.44233333333337
3145,device_05,2025-11-12 20:20:25.241171,0,0,192,24.8,50.8,547.2,496,0.0,57.410833333333336,68.20500000000004
3146,device_02,2025-11-12 20:20:45.950782,0,0,1041,26.5,41.0,763.1,755,0.0,57.26416666666662,67.4608333333334
3147,device_01,2025-11-12 20:20:50.994421,0,0,46,27.5,40.0,697.7,717,0.0,58.164916666666656,68.88708333333336
3148,device_03,2025-11-12 20:21:00.773147,0,0,70,26.4,41.0,655.5,639,0.0,57.06166666666667,67.60541666666671
3149,device_04,2025-11-12 20:21:23.64436,0,0,9,26.2,46.0,749.5,743,0.0,58.39008333333332,68.44150000000005
3150,device_05,2025-11-12 20:21:25.189629,0,0,195,24.8,50.8,553.5,507,0.0,57.41083333333333,68.20500000000004
3151,device_02,2025-11-12 20:21:44.923789,0,0,1037,26.4,41.0,762.0,753,0.0,57.219583333333276,67.32000000000005
3152,device_01,2025-11-12 20:21:51.041954,5,5,47,27.4,40.0,698.5,717,0.0,58.17324999999999,68.87541666666671
3153,device_03,2025-11-12 20:22:00.747531,4,4,69,26.4,41.0,656.6,640,0.0,56.99791666666666,67.60541666666671
3154,device_04,2025-11-12 20:22:23.855126,0,0,8,26.3,46.0,752.5,742,0.0,58.341333333333324,68.44233333333337
3155,device_05,2025-11-12 20:22:24.986059,0,0,195,24.8,50.9,550.1,501,0.0,57.410833333333336,68.20500000000004
3156,device_02,2025-11-12 20:22:44.862843,0,0,1038,26.6,41.0,764.6,757,0.0,57.25666666666662,67.6383333333334
3157,device_01,2025-11-12 20:22:51.644285,5,5,47,27.6,40.0,698.5,718,0.0,58.164916666666656,68.88708333333336
3158,device_03,2025-11-12 20:23:00.910832,0,0,70,26.4,41.0,655.8,639,0.0,57.06166666666667,67.60541666666671
3159,device_04,2025-11-12 20:23:23.837696,0,0,8,26.5,46.0,750.8,742,0.0,58.36758333333332,68.55708333333337
3160,device_05,2025-11-12 20:23:25.494996,0,0,194,24.8,51.0,545.1,492,0.0,57.410833333333336,68.20500000000004
3161,device_02,2025-11-12 20:23:44.82579,0,0,1039,26.6,41.0,762.1,753,0.0,57.273333333333284,67.64041666666674
3162,device_03,2025-11-12 20:24:00.841762,0,0,70,26.4,41.0,654.0,635,0.0,57.06333333333333,67.61208333333337
3163,device_04,2025-11-12 20:24:23.85566,2,2,8,26.7,46.0,750.4,743,0.0,58.36758333333332,68.80608333333336
3164,device_05,2025-11-12 20:24:25.022628,0,0,194,24.8,51.0,545.6,490,0.0,57.410833333333336,68.20500000000004
3165,device_02,2025-11-12 20:24:45.423694,0,0,1041,26.5,41.0,763.0,756,0.0,57.26416666666662,67.4608333333334
3166,device_04,2025-11-12 20:25:23.597731,2,2,9,26.7,46.0,750.3,741,0.0,58.36758333333332,68.80525000000003
3167,device_05,2025-11-12 20:25:25.260356,0,0,196,24.8,51.0,551.3,503,0.0,57.410833333333336,68.20500000000004
3168,device_05,2025-11-12 20:26:25.628276,0,0,196,24.8,51.0,552.7,504,0.0,57.410833333333336,68.20500000000004
3169,device_01,2025-11-12 20:28:51.525087,0,0,41,27.6,40.0,706.2,730,0.0,58.16574999999999,68.8804166666667
3170,device_01,2025-11-12 20:29:51.284532,0,0,46,27.5,40.0,701.8,722,0.0,58.164916666666656,68.88708333333336
3171,device_03,2025-11-12 20:30:00.910792,0,0,62,26.5,42.0,657.3,643,0.0,56.58958333333331,67.48916666666669
3172,device_02,2025-11-12 20:30:45.310317,0,0,1049,26.4,42.0,782.7,782,0.0,57.203333333333276,67.3208333333334
3173,device_01,2025-11-12 20:30:51.686291,0,0,46,27.3,40.0,701.3,723,0.0,58.17741666666666,68.87541666666671
3174,device_03,2025-11-12 20:31:01.095698,0,0,67,26.5,42.0,658.2,638,0.0,56.649166666666645,67.49583333333335
3175,device_04,2025-11-12 20:31:23.651046,0,0,5,26.7,47.0,754.4,747,0.0,58.36758333333332,68.80608333333336
3176,device_02,2025-11-12 20:31:45.364235,0,0,1040,26.5,42.0,764.0,757,0.0,57.247499999999945,67.4608333333334
3177,device_01,2025-11-12 20:31:51.349865,0,0,46,27.7,40.0,702.6,722,0.0,58.164916666666656,68.92308333333338
3178,device_03,2025-11-12 20:32:00.815742,0,0,67,26.4,42.0,654.1,638,0.0,57.06333333333333,67.61208333333337
3179,device_04,2025-11-12 20:32:23.621145,0,0,9,26.7,47.0,754.4,745,0.0,58.36758333333332,68.80608333333336
3180,device_05,2025-11-12 20:32:25.020182,0,0,186,24.8,51.3,551.9,504,0.0,57.410833333333336,68.20500000000004
3181,device_02,2025-11-12 20:32:45.084592,0,0,1039,26.5,42.0,766.0,758,0.0,57.24958333333328,67.45875000000007
3182,device_01,2025-11-12 20:32:51.036286,0,0,46,27.5,40.0,700.9,721,0.0,58.164916666666656,68.88708333333336
3183,device_03,2025-11-12 20:33:00.896433,0,0,69,26.5,42.0,657.7,643,0.0,56.58958333333331,67.48916666666669
3184,device_04,2025-11-12 20:33:23.654906,0,0,9,26.7,47.0,753.4,745,0.0,58.36758333333332,68.80608333333336
3185,device_05,2025-11-12 20:33:25.264006,0,0,194,24.9,51.3,553.3,506,0.0,57.410833333333336,68.20500000000004
3186,device_02,2025-11-12 20:33:44.846094,0,0,1042,26.5,42.0,766.3,762,0.0,57.249999999999936,67.46166666666673
3187,device_01,2025-11-12 20:33:51.204654,0,0,46,27.8,40.0,702.1,723,0.0,58.164916666666656,68.92308333333337
3188,device_03,2025-11-12 20:34:00.883308,0,0,69,26.5,42.0,660.4,642,0.0,56.584166666666654,67.48916666666669
3189,device_04,2025-11-12 20:34:23.722246,0,0,9,26.7,47.0,755.5,745,0.0,58.36758333333332,68.80608333333338
3190,device_05,2025-11-12 20:34:24.98051,0,0,195,24.9,51.3,555.2,504,0.0,57.410833333333336,68.20500000000004
3191,device_02,2025-11-12 20:34:45.094342,0,0,1040,26.4,42.0,763.4,756,0.0,57.219583333333276,67.32000000000005
3192,device_01,2025-11-12 20:34:51.118444,0,0,46,28.3,40.0,701.7,722,0.0,58.172416666666656,68.9264166666667
3193,device_03,2025-11-12 20:35:01.487865,0,0,69,26.6,42.0,660.0,642,0.0,56.584166666666654,67.73666666666666
3194,device_04,2025-11-12 20:35:23.628112,0,0,9,26.7,47.0,753.9,745,0.0,58.36758333333332,68.80608333333336
3195,device_05,2025-11-12 20:35:25.13925,0,0,196,24.9,51.4,555.2,509,0.0,57.410833333333336,68.20500000000004
3196,device_02,2025-11-12 20:35:44.848954,0,0,1036,26.4,42.0,765.3,755,0.0,57.20499999999995,67.31791666666672
3197,device_01,2025-11-12 20:35:51.004746,0,0,46,28.2,40.0,698.8,720,0.0,58.172416666666656,68.9264166666667
3198,device_03,2025-11-12 20:36:01.261349,0,0,71,26.4,42.0,659.0,642,0.0,56.546666666666646,67.3766666666667
3199,device_04,2025-11-12 20:36:24.031565,0,0,9,26.7,47.0,754.0,747,0.0,58.36758333333332,68.80608333333336
3200,device_05,2025-11-12 20:36:25.531998,0,0,196,24.9,51.4,554.2,500,0.0,57.410833333333336,68.20500000000004
3201,device_02,2025-11-12 20:36:45.482013,0,0,1048,26.4,42.0,777.2,772,0.0,57.203333333333276,67.3208333333334
3202,device_01,2025-11-12 20:36:51.088089,0,0,47,28.5,40.0,701.4,723,0.0,58.14833333333333,68.9579166666667
3203,device_03,2025-11-12 20:37:00.749695,0,0,71,26.5,42.0,660.6,643,0.0,56.58791666666665,67.4766666666667
3204,device_04,2025-11-12 20:37:23.706856,0,0,9,26.7,47.0,754.3,747,0.0,58.36758333333332,68.80608333333336
3205,device_05,2025-11-12 20:37:25.391368,0,0,196,24.9,51.4,555.4,503,0.0,57.410833333333336,68.20500000000004
3206,device_02,2025-11-12 20:37:44.949986,0,0,1037,26.6,42.0,766.7,760,0.0,57.25916666666661,67.64125000000007
3207,device_01,2025-11-12 20:37:51.021606,0,0,47,28.4,40.0,701.8,724,0.0,58.1595,68.93225000000004
3208,device_03,2025-11-12 20:38:02.006839,0,0,70,26.4,42.0,657.8,638,0.0,56.61999999999998,67.38333333333337
3209,device_04,2025-11-12 20:38:23.709316,0,0,10,26.7,47.0,754.5,745,0.0,58.36758333333332,68.80608333333336
3210,device_05,2025-11-12 20:38:25.326813,0,0,195,24.9,51.5,543.1,494,0.0,57.410833333333336,68.20500000000004
3211,device_02,2025-11-12 20:38:45.449636,0,0,1042,26.7,42.0,769.5,765,0.0,57.25916666666661,67.63375000000006
3212,device_01,2025-11-12 20:38:51.051952,5,5,46,28.4,40.0,702.6,725,0.0,58.16033333333333,68.93433333333337
3213,device_03,2025-11-12 20:39:01.151476,0,0,71,26.3,42.0,659.5,645,0.0,56.556249999999984,67.35083333333337
3214,device_04,2025-11-12 20:39:23.759052,0,0,9,26.7,47.0,752.8,746,0.0,58.36758333333333,68.80608333333336
3215,device_05,2025-11-12 20:39:24.986985,0,0,196,24.9,51.5,551.6,498,0.0,57.410833333333336,68.20500000000004
3216,device_02,2025-11-12 20:39:44.841506,0,0,1036,26.6,42.0,769.0,759,0.0,57.25874999999994,67.6383333333334
3217,device_01,2025-11-12 20:39:51.28971,0,0,47,28.4,40.0,703.3,724,0.0,58.15949999999999,68.92350000000003
3218,device_03,2025-11-12 20:40:00.911892,0,0,71,26.5,42.0,660.5,644,0.0,56.58791666666665,67.47666666666669
3219,device_04,2025-11-12 20:40:23.67694,0,0,8,26.7,47.0,754.3,747,0.0,58.36758333333332,68.80608333333336
3220,device_05,2025-11-12 20:40:25.104208,0,0,198,24.9,51.6,555.5,508,0.0,57.410833333333336,68.20500000000004
3221,device_02,2025-11-12 20:40:45.057345,0,0,1040,26.5,42.0,763.0,756,0.0,57.26416666666662,67.4608333333334
3222,device_01,2025-11-12 20:40:51.080225,0,0,47,28.3,40.0,704.1,725,0.0,58.17324999999999,68.91975000000004
3223,device_03,2025-11-12 20:41:00.715842,0,0,69,26.5,42.0,659.3,642,0.0,56.58583333333331,67.48916666666669
3224,device_04,2025-11-12 20:41:23.644449,3,3,9,26.7,47.0,755.6,747,0.0,58.36758333333332,68.80608333333338
3225,device_05,2025-11-12 20:41:25.137235,0,0,198,24.9,51.6,557.6,509,0.0,57.410833333333336,68.20500000000004
3226,device_02,2025-11-12 20:41:45.13395,0,0,1041,26.4,42.0,765.3,759,0.0,57.20499999999995,67.31791666666672
3227,device_01,2025-11-12 20:41:51.574774,0,0,47,28.4,40.0,703.7,725,0.0,58.16033333333333,68.92558333333336
3228,device_03,2025-11-12 20:42:01.022731,0,0,70,26.4,42.0,658.2,641,0.0,56.56541666666664,67.3766666666667
3229,device_04,2025-11-12 20:42:23.694163,0,0,9,26.7,47.0,756.0,750,0.0,58.367999999999995,68.80608333333338
3230,device_05,2025-11-12 20:42:25.002698,0,0,198,24.9,51.6,564.3,520,0.0,57.410833333333336,68.20500000000004
3231,device_02,2025-11-12 20:42:45.078872,0,0,1039,26.6,42.0,769.4,761,0.0,57.25916666666661,67.64125000000007
3232,device_01,2025-11-12 20:42:51.162844,0,0,47,28.5,40.0,704.3,725,0.0,58.14916666666667,68.95125000000003
3233,device_03,2025-11-12 20:43:01.370205,2,2,70,26.4,42.0,660.1,641,0.0,56.563749999999985,67.3766666666667
3234,device_04,2025-11-12 20:43:23.620563,0,0,9,26.7,47.0,756.3,749,0.0,58.367999999999995,68.80608333333338
3235,device_05,2025-11-12 20:43:25.212993,0,0,198,24.9,51.6,552.5,504,0.0,57.410833333333336,68.20500000000004
3236,device_02,2025-11-12 20:43:45.056339,0,0,1039,26.4,42.0,769.0,765,0.0,57.205416666666615,67.32083333333338
3237,device_01,2025-11-12 20:43:51.546874,0,0,47,28.5,40.0,704.8,725,0.0,58.14916666666668,68.95125000000004
3238,device_03,2025-11-12 20:44:00.745283,2,3,70,26.3,42.0,658.8,642,0.0,56.552499999999974,67.34500000000004
3239,device_04,2025-11-12 20:44:23.84289,0,0,9,26.7,47.0,758.3,750,0.0,58.367999999999995,68.80608333333336
3240,device_05,2025-11-12 20:44:25.15315,0,0,198,25.0,51.7,553.6,503,0.0,57.410833333333336,68.20500000000004
3241,device_02,2025-11-12 20:44:44.943641,0,0,1038,26.6,42.0,767.4,762,0.0,57.25916666666661,67.64125000000007
3242,device_01,2025-11-12 20:44:51.230409,0,0,47,28.4,40.0,704.0,725,0.0,58.16033333333334,68.92558333333336
3243,device_03,2025-11-12 20:45:00.930775,0,0,69,26.4,42.0,659.0,641,0.0,56.565416666666636,67.37666666666671
3244,device_04,2025-11-12 20:45:23.662873,0,0,9,26.7,47.0,757.5,751,0.0,58.368,68.80608333333338
3245,device_05,2025-11-12 20:45:25.055691,0,0,199,25.0,51.7,560.8,515,0.0,57.41083333333335,68.20500000000004
3246,device_02,2025-11-12 20:45:45.37854,0,0,1038,26.6,42.0,768.7,763,0.0,57.259166666666616,67.64125000000007
3247,device_01,2025-11-12 20:45:51.070397,0,0,47,28.5,40.0,704.6,725,0.0,58.14916666666668,68.95125000000004
3248,device_03,2025-11-12 20:46:00.994901,0,0,70,26.5,42.0,657.9,643,0.0,56.58958333333331,67.48916666666669
3249,device_04,2025-11-12 20:46:23.665826,0,0,9,26.7,47.0,757.3,750,0.0,58.368,68.80608333333336
3250,device_05,2025-11-12 20:46:25.004625,0,0,200,25.0,51.8,561.9,514,0.0,57.410833333333336,68.20500000000004
3251,device_02,2025-11-12 20:46:45.440658,0,0,1040,26.8,42.0,770.1,764,0.0,57.259166666666616,67.71375000000009
3252,device_01,2025-11-12 20:46:51.105312,0,0,47,28.5,40.0,704.4,726,0.0,58.14916666666667,68.95125000000003
3253,device_03,2025-11-12 20:47:00.831062,0,0,69,26.4,42.0,659.7,643,0.0,56.54958333333331,67.37750000000004
3254,device_04,2025-11-12 20:47:23.628988,0,0,10,26.7,47.0,759.2,752,0.0,58.40466666666667,68.80608333333338
3255,device_05,2025-11-12 20:47:25.066925,3,3,198,25.0,51.8,557.1,509,0.0,57.410833333333336,68.20500000000004
3256,device_02,2025-11-12 20:47:45.067795,0,0,1039,27.6,42.0,774.3,768,0.0,57.224999999999945,67.73250000000007
3257,device_01,2025-11-12 20:47:51.145658,0,0,47,28.6,40.0,704.1,727,0.0,58.574333333333364,69.16500000000005
3258,device_03,2025-11-12 20:48:00.75373,0,0,70,26.5,42.0,656.8,639,0.0,57.090833333333336,67.70291666666671
3259,device_04,2025-11-12 20:48:23.612152,0,0,9,26.7,47.0,758.3,751,0.0,58.367999999999995,68.80608333333338
3260,device_05,2025-11-12 20:48:25.211823,0,0,199,25.0,51.9,564.1,514,0.0,57.410833333333336,68.20500000000004
3261,device_02,2025-11-12 20:48:45.438332,0,0,1040,27.5,42.0,769.6,767,0.0,57.22499999999995,67.73250000000006
3262,device_01,2025-11-12 20:48:51.007655,0,0,46,28.4,40.0,705.0,726,0.0,58.16033333333334,68.92558333333336
3263,device_03,2025-11-12 20:49:00.784016,0,0,70,26.3,42.0,658.6,644,0.0,56.55624999999997,67.34583333333336
3264,device_04,2025-11-12 20:49:23.664415,0,0,10,26.7,47.0,759.6,750,0.0,58.367999999999995,68.80608333333338
3265,device_05,2025-11-12 20:49:25.008841,0,0,198,25.0,51.9,558.9,507,0.0,57.410833333333336,68.20500000000004
3266,device_02,2025-11-12 20:49:44.843769,0,0,1045,27.4,42.0,779.7,777,0.0,57.223749999999946,67.71250000000008
3267,device_01,2025-11-12 20:49:51.23083,0,0,48,28.5,40.0,705.1,727,0.0,58.14916666666668,68.95125000000003
3268,device_03,2025-11-12 20:50:00.883014,0,0,70,26.3,42.0,660.2,643,0.0,56.55458333333331,67.34583333333337
3269,device_04,2025-11-12 20:50:23.790656,0,0,8,26.7,47.0,758.9,752,0.0,58.404666666666664,68.80608333333336
3270,device_05,2025-11-12 20:50:25.406818,0,0,198,25.0,52.0,555.5,509,0.0,57.410833333333336,68.20500000000006
3271,device_02,2025-11-12 20:50:45.43399,0,0,1040,27.5,42.0,773.1,769,0.0,57.22499999999995,67.73250000000007
3272,device_01,2025-11-12 20:50:51.259367,0,0,46,28.5,40.0,706.1,728,0.0,58.14916666666666,68.95125000000004
3273,device_03,2025-11-12 20:51:01.366775,0,0,71,26.5,42.0,660.7,646,0.0,56.58791666666665,67.48166666666668
3274,device_04,2025-11-12 20:51:23.706277,0,0,9,26.7,47.0,756.8,751,0.0,58.368,68.80608333333338
3275,device_05,2025-11-12 20:51:25.017525,0,0,199,25.0,52.0,561.7,512,0.0,57.410833333333336,68.20500000000004
3276,device_02,2025-11-12 20:51:44.842964,0,0,1044,27.6,42.0,777.9,774,0.0,57.224999999999945,67.72666666666673
3277,device_01,2025-11-12 20:51:51.18208,0,0,47,28.4,40.0,705.8,728,0.0,58.16033333333333,68.92558333333336
3278,device_03,2025-11-12 20:52:01.074434,0,0,69,26.4,42.0,659.7,646,0.0,56.5495833333333,67.38250000000002
3279,device_04,2025-11-12 20:52:23.645608,0,0,9,26.7,47.0,759.2,751,0.0,58.368,68.80608333333338
3280,device_05,2025-11-12 20:52:25.048618,0,0,199,25.0,52.0,557.8,506,0.0,57.410833333333336,68.20500000000004
3281,device_02,2025-11-12 20:52:45.523771,0,0,1040,27.5,42.0,770.2,766,0.0,57.224999999999945,67.73250000000009
3282,device_01,2025-11-12 20:52:51.113442,0,0,47,28.5,40.0,705.6,728,0.0,58.14916666666668,68.95125000000003
3283,device_03,2025-11-12 20:53:01.14612,0,0,70,26.6,42.0,661.2,645,0.0,56.58791666666665,67.71666666666667
3284,device_04,2025-11-12 20:53:23.700263,0,0,8,26.7,47.0,758.3,750,0.0,58.367999999999995,68.80608333333338
3285,device_05,2025-11-12 20:53:25.185519,3,3,201,25.0,52.1,561.2,516,0.0,57.410833333333336,68.20500000000004
3286,device_02,2025-11-12 20:53:45.213025,0,0,1038,27.6,42.0,775.2,768,0.0,57.224999999999945,67.73250000000007
3287,device_01,2025-11-12 20:53:51.047866,0,0,47,28.4,40.0,705.9,728,0.0,58.16033333333333,68.92558333333336
3288,device_03,2025-11-12 20:54:00.817896,3,3,70,26.4,42.0,662.1,644,0.0,56.548749999999984,67.35250000000003
3289,device_04,2025-11-12 20:54:23.633056,0,0,9,26.7,47.0,759.8,753,0.0,58.404666666666664,68.80608333333338
3290,device_05,2025-11-12 20:54:25.459867,0,0,201,25.0,52.2,559.4,511,0.0,57.410833333333336,68.20500000000004
3291,device_02,2025-11-12 20:54:45.506943,0,0,1037,27.4,42.0,772.6,763,0.0,57.223749999999946,67.72791666666674
3292,device_01,2025-11-12 20:54:51.129641,0,0,48,28.4,40.0,706.8,729,0.0,58.16033333333333,68.92558333333336
3293,device_03,2025-11-12 20:55:00.729941,3,3,71,26.6,42.0,663.3,647,0.0,56.54708333333331,67.7
3294,device_04,2025-11-12 20:55:23.629135,0,0,9,26.7,47.9,758.9,751,0.0,58.367999999999995,68.80608333333338
3295,device_05,2025-11-12 20:55:25.681712,0,0,200,25.0,52.2,561.9,513,0.0,57.410833333333336,68.20500000000004
3296,device_02,2025-11-12 20:55:45.052679,0,0,1040,27.5,42.0,773.3,767,0.0,57.22499999999995,67.73250000000006
3297,device_01,2025-11-12 20:55:51.107001,0,0,47,28.4,40.0,706.0,729,0.0,58.16033333333333,68.92558333333336
3298,device_03,2025-11-12 20:56:01.542501,0,0,69,26.3,42.0,659.7,642,0.0,56.551666666666634,67.34500000000004
3299,device_04,2025-11-12 20:56:23.633206,0,0,9,26.7,48.0,760.2,754,0.0,58.404666666666664,68.80608333333338
3300,device_05,2025-11-12 20:56:25.046323,0,0,199,25.0,52.3,561.4,515,0.0,57.41083333333335,68.20500000000004
3301,device_02,2025-11-12 20:56:45.450395,0,0,1045,27.5,42.0,777.3,776,0.0,57.22499999999995,67.72666666666674
3302,device_01,2025-11-12 20:56:51.052392,0,0,47,28.4,40.0,707.1,729,0.0,58.16033333333333,68.92558333333338
3303,device_03,2025-11-12 20:57:00.772567,0,0,70,26.5,42.0,662.9,645,0.0,56.58791666666665,67.4691666666667
3304,device_04,2025-11-12 20:57:23.741896,0,0,9,26.7,48.0,759.2,754,0.0,58.404666666666664,68.80608333333338
3305,device_05,2025-11-12 20:57:25.186407,0,0,202,25.0,52.3,563.2,517,0.0,57.410833333333336,68.20500000000006
3306,device_02,2025-11-12 20:57:44.84809,0,0,1041,27.3,42.0,776.9,773,0.0,57.23208333333328,67.70500000000007
3307,device_01,2025-11-12 20:57:51.02797,0,0,48,28.5,40.0,706.4,729,0.0,58.14916666666666,68.95125000000003
3308,device_03,2025-11-12 20:58:00.930666,0,0,69,26.3,42.0,663.0,647,0.0,56.55458333333331,67.32583333333338
3309,device_04,2025-11-12 20:58:23.642286,0,0,9,26.7,48.0,760.2,752,0.0,58.40466666666667,68.80608333333338
3310,device_05,2025-11-12 20:58:25.11922,3,3,200,25.0,52.4,554.2,509,0.0,57.41083333333335,68.20500000000004
3311,device_02,2025-11-12 20:58:45.487403,0,0,1042,27.5,42.0,776.2,773,0.0,57.224999999999945,67.72666666666673
3312,device_01,2025-11-12 20:58:51.268973,0,0,47,28.4,40.0,706.9,729,0.0,58.16033333333333,68.92558333333336
3313,device_03,2025-11-12 20:59:00.815903,0,0,69,26.6,42.5,663.5,646,0.0,56.54708333333331,67.7
3314,device_04,2025-11-12 20:59:23.628397,0,0,9,26.7,48.0,759.0,753,0.0,58.40466666666666,68.80608333333336
3315,device_05,2025-11-12 20:59:25.054601,4,4,201,25.0,52.4,565.9,519,0.0,57.410833333333336,68.20500000000004
3316,device_02,2025-11-12 20:59:45.067123,0,0,1038,27.6,42.7,773.2,769,0.0,57.224999999999945,67.73250000000006
3317,device_01,2025-11-12 20:59:51.703082,0,0,47,28.4,40.0,707.4,729,0.0,58.16033333333334,68.92558333333338
3318,device_03,2025-11-12 21:00:01.059306,0,0,70,26.4,43.0,662.6,647,0.0,56.548749999999984,67.35750000000003
3319,device_04,2025-11-12 21:00:23.655634,0,0,9,26.7,48.0,760.2,753,0.0,58.404666666666664,68.80608333333338
3320,device_05,2025-11-12 21:00:25.313296,0,0,201,25.0,52.4,559.2,513,0.0,57.41083333333333,68.20500000000004
3321,device_02,2025-11-12 21:00:45.006425,0,0,1041,27.4,43.0,775.3,769,0.0,57.22374999999995,67.71833333333342
3322,device_01,2025-11-12 21:00:51.256428,0,0,47,28.5,40.0,706.5,729,0.0,58.14916666666667,68.95125000000003
3323,device_03,2025-11-12 21:01:00.781485,0,0,70,26.5,43.0,660.0,644,0.0,56.58791666666664,67.48916666666669
3324,device_04,2025-11-12 21:01:23.800662,0,0,9,26.7,48.0,758.4,750,0.0,58.367999999999995,68.80608333333338
3325,device_05,2025-11-12 21:01:25.352649,0,0,202,25.0,52.5,558.8,515,0.0,57.410833333333336,68.20500000000004
3326,device_02,2025-11-12 21:01:45.126671,0,0,1041,27.4,43.0,777.6,774,0.0,57.223749999999946,67.71250000000008
3327,device_01,2025-11-12 21:01:51.044484,0,0,47,28.4,40.0,705.8,727,0.0,58.16033333333333,68.92558333333336
3328,device_03,2025-11-12 21:02:00.91041,0,0,71,26.5,43.0,660.7,642,0.0,56.584166666666654,67.47666666666669
3329,device_04,2025-11-12 21:02:23.75575,0,0,9,26.7,48.0,759.4,751,0.0,58.368,68.80608333333338
3330,device_05,2025-11-12 21:02:24.995612,0,0,201,25.0,52.5,565.1,516,0.0,57.410833333333336,68.20500000000004
3331,device_02,2025-11-12 21:02:45.525525,0,0,1045,27.3,43.0,778.1,778,0.0,57.23208333333328,67.70500000000007
3332,device_01,2025-11-12 21:02:51.031722,0,0,47,28.5,40.0,706.5,726,0.0,58.14916666666667,68.95125000000003
3333,device_03,2025-11-12 21:03:00.751584,0,0,70,26.4,43.0,662.2,648,0.0,56.548749999999984,67.35750000000003
3334,device_04,2025-11-12 21:03:23.721075,0,0,9,26.7,48.0,761.0,749,0.0,58.368,68.80608333333338
3335,device_05,2025-11-12 21:03:24.983888,0,0,201,25.0,52.6,569.2,522,0.0,57.410833333333336,68.20500000000004
3336,device_02,2025-11-12 21:03:44.866324,0,0,1040,27.6,43.0,776.3,770,0.0,57.22499999999995,67.72666666666674
3337,device_01,2025-11-12 21:03:51.204111,0,0,48,28.5,40.8,706.5,729,0.0,58.14916666666667,68.95125000000004
3338,device_03,2025-11-12 21:04:00.894025,0,0,69,26.4,43.0,663.7,647,0.0,56.507916666666645,67.34083333333336
3339,device_04,2025-11-12 21:04:23.676838,0,0,8,26.7,48.0,759.2,752,0.0,58.40466666666666,68.80608333333336
3340,device_05,2025-11-12 21:04:25.256409,0,0,201,25.0,52.6,564.3,519,0.0,57.410833333333336,68.20500000000007
3341,device_02,2025-11-12 21:04:45.502668,0,0,1045,27.5,43.0,785.8,784,0.0,57.198749999999954,67.71375000000008
3342,device_01,2025-11-12 21:04:51.036246,0,0,47,28.4,41.0,705.4,729,0.0,58.16033333333333,68.92558333333336
3343,device_03,2025-11-12 21:05:00.798888,2,2,71,26.5,43.0,664.5,646,0.0,56.54708333333331,67.45250000000003
3344,device_04,2025-11-12 21:05:23.699278,0,0,9,26.7,48.0,757.9,751,0.0,58.367999999999995,68.80608333333338
3345,device_05,2025-11-12 21:05:25.012833,0,0,201,25.0,52.6,557.7,511,0.0,57.410833333333336,68.20500000000004
3346,device_02,2025-11-12 21:05:45.263285,0,0,1046,27.5,43.0,782.2,781,0.0,57.22499999999995,67.72666666666674
3347,device_01,2025-11-12 21:05:51.031282,0,0,48,28.4,41.0,708.2,731,0.0,58.16033333333333,68.92558333333336
3348,device_03,2025-11-12 21:06:00.981219,0,0,69,26.6,43.0,660.7,646,0.0,56.58791666666664,67.72916666666667
3349,device_04,2025-11-12 21:06:23.952741,0,0,9,26.7,48.0,759.0,751,0.0,58.367999999999995,68.80608333333336
3350,device_05,2025-11-12 21:06:25.061412,0,0,201,25.1,52.7,563.1,517,0.0,57.410833333333336,68.20500000000004
3351,device_02,2025-11-12 21:06:45.517598,0,0,1038,27.4,43.0,773.0,767,0.0,57.223749999999946,67.7183333333334
3352,device_01,2025-11-12 21:06:50.983618,0,0,48,28.4,41.0,709.0,731,0.0,58.16033333333334,68.92558333333336
3353,device_03,2025-11-12 21:07:00.79994,0,0,70,26.5,43.0,665.2,650,0.0,56.54708333333331,67.45250000000003
3354,device_04,2025-11-12 21:07:23.878024,0,0,10,26.7,48.0,758.6,750,0.0,58.367999999999995,68.80608333333338
3355,device_05,2025-11-12 21:07:25.145939,0,0,200,25.0,52.7,562.8,513,0.0,57.410833333333336,68.20500000000004
3356,device_02,2025-11-12 21:07:45.396278,0,0,1040,27.4,43.0,779.4,775,0.0,57.223749999999946,67.71250000000008
3357,device_01,2025-11-12 21:07:51.194538,0,0,47,28.4,41.0,708.3,731,0.0,58.16033333333333,68.92558333333336
3358,device_03,2025-11-12 21:08:01.014568,0,0,71,26.5,43.0,662.4,646,0.0,56.58791666666664,67.4691666666667
3359,device_04,2025-11-12 21:08:23.654935,0,0,9,26.7,48.0,759.3,753,0.0,58.404666666666664,68.80608333333338
3360,device_05,2025-11-12 21:08:24.999255,0,0,202,25.1,52.7,565.7,518,0.0,57.410833333333336,68.20500000000004
3361,device_02,2025-11-12 21:08:44.871699,0,0,1041,27.4,43.0,772.0,771,0.0,57.223749999999946,67.71833333333342
3362,device_01,2025-11-12 21:08:51.720661,0,0,47,28.4,41.0,708.6,729,0.0,58.16033333333333,68.92558333333336
3363,device_03,2025-11-12 21:09:00.909772,0,0,69,26.3,43.0,660.5,643,0.0,56.55458333333329,67.33333333333337
3364,device_04,2025-11-12 21:09:23.707699,0,0,9,26.7,48.0,760.9,752,0.0,58.404666666666664,68.80608333333338
3365,device_05,2025-11-12 21:09:25.018712,0,0,202,25.1,52.8,563.9,521,0.0,57.410833333333336,68.20500000000004
3366,device_02,2025-11-12 21:09:45.012189,0,0,1037,27.4,43.0,772.4,768,0.0,57.223749999999946,67.71833333333342
3367,device_01,2025-11-12 21:09:50.974032,0,0,47,28.5,41.0,707.5,731,0.0,58.14916666666667,68.95125000000006
3368,device_03,2025-11-12 21:10:00.903018,0,0,70,26.5,43.0,661.7,645,0.0,56.58791666666664,67.4691666666667
3369,device_04,2025-11-12 21:10:23.768468,0,0,8,26.7,48.0,760.7,756,0.0,58.404666666666664,68.80608333333338
3370,device_05,2025-11-12 21:10:25.187629,0,0,202,25.1,52.8,563.3,513,0.0,57.41083333333335,68.20500000000004
3371,device_02,2025-11-12 21:10:45.454231,0,0,1042,27.5,43.0,780.7,773,0.0,57.22499999999995,67.72666666666673
3372,device_01,2025-11-12 21:10:51.109104,0,0,47,28.6,41.0,708.7,731,0.0,58.57433333333335,69.16500000000005
3373,device_03,2025-11-12 21:11:00.834728,0,0,69,26.4,43.0,661.4,642,0.0,56.54499999999998,67.3516666666667
3374,device_04,2025-11-12 21:11:23.693498,0,0,9,26.7,48.0,759.0,750,0.0,58.368,68.80608333333338
3375,device_05,2025-11-12 21:11:24.980791,0,0,201,25.1,52.8,553.6,502,0.0,57.410833333333336,68.20500000000004
3376,device_02,2025-11-12 21:11:44.851987,0,0,1041,27.4,43.0,773.9,771,0.0,57.223749999999946,67.71833333333342
3377,device_01,2025-11-12 21:11:51.528109,0,0,48,28.6,41.0,707.9,731,0.0,58.574333333333364,69.16500000000006
3378,device_03,2025-11-12 21:12:00.893242,0,0,70,26.2,43.0,662.8,649,0.0,56.66416666666663,67.3316666666667
3379,device_04,2025-11-12 21:12:23.679068,0,0,9,26.7,48.0,759.1,750,0.0,58.367999999999995,68.80608333333336
3380,device_05,2025-11-12 21:12:24.971524,0,0,201,25.1,52.9,556.7,509,0.0,57.410833333333336,68.20500000000004
3381,device_02,2025-11-12 21:12:45.434848,0,0,1042,27.4,43.0,779.9,775,0.0,57.223749999999946,67.71250000000008
3382,device_01,2025-11-12 21:12:50.972766,0,0,46,28.4,41.0,707.9,732,0.0,58.16033333333335,68.92558333333336
3383,device_03,2025-11-12 21:13:00.742562,0,0,69,26.5,43.0,656.1,638,0.0,57.0925,67.70958333333337
3384,device_04,2025-11-12 21:13:23.719735,0,0,9,26.7,48.0,757.5,750,0.0,58.368,68.80608333333338
3385,device_05,2025-11-12 21:13:25.000664,0,0,202,25.1,52.9,560.3,513,0.0,57.41083333333333,68.20500000000004
3386,device_02,2025-11-12 21:13:45.555746,0,0,1043,27.4,43.0,784.5,780,0.0,57.197499999999955,67.69958333333341
3387,device_01,2025-11-12 21:13:51.195402,0,0,48,28.6,41.0,708.6,731,0.0,58.574333333333364,69.16500000000005
3388,device_03,2025-11-12 21:14:00.759939,0,0,69,26.3,43.0,665.0,648,0.0,56.51374999999998,67.30916666666671
3389,device_04,2025-11-12 21:14:23.730545,0,0,9,26.7,48.0,756.8,748,0.0,58.367999999999995,68.80608333333338
3390,device_05,2025-11-12 21:14:24.994729,0,0,203,25.1,52.9,550.7,505,0.0,57.410833333333336,68.20500000000004
3391,device_02,2025-11-12 21:14:44.951708,0,0,1038,27.5,43.0,776.3,770,0.0,57.224999999999945,67.72666666666674
3392,device_01,2025-11-12 21:14:51.78393,0,0,47,28.4,41.0,706.6,730,0.0,58.16033333333334,68.92558333333336
3393,device_03,2025-11-12 21:15:00.863649,0,0,69,26.3,43.0,657.4,639,0.0,56.62416666666665,67.34500000000004
3394,device_04,2025-11-12 21:15:23.807132,0,0,9,26.7,48.0,752.2,743,0.0,58.36758333333333,68.80608333333336
3395,device_05,2025-11-12 21:15:25.014711,0,0,202,25.1,53.0,548.2,499,0.0,57.410833333333336,68.20500000000006
3396,device_02,2025-11-12 21:15:45.690842,0,0,1039,27.5,43.0,774.3,766,0.0,57.22499999999995,67.73250000000007
3397,device_01,2025-11-12 21:15:51.016658,0,0,49,28.4,41.0,708.3,730,0.0,57.638083333333306,68.90158333333336
3398,device_03,2025-11-12 21:16:00.850001,0,0,69,26.4,43.0,657.1,638,0.0,56.619999999999976,67.38333333333337
3399,device_04,2025-11-12 21:16:23.693857,0,0,10,26.7,48.0,756.0,749,0.0,58.367999999999995,68.80608333333338
3400,device_05,2025-11-12 21:16:25.003475,0,0,202,25.1,53.0,557.9,508,0.0,57.41083333333333,68.20500000000004
3401,device_02,2025-11-12 21:16:45.024019,0,0,1043,27.5,43.0,779.0,776,0.0,57.224999999999945,67.72666666666673
3402,device_01,2025-11-12 21:16:51.030604,0,0,47,28.4,41.0,707.6,730,0.0,58.16033333333334,68.92558333333336
3403,device_03,2025-11-12 21:17:01.012946,0,0,70,26.6,43.0,661.3,643,0.0,56.58791666666665,67.71166666666667
3404,device_04,2025-11-12 21:17:23.812036,0,0,10,26.7,48.0,756.7,751,0.0,58.367999999999995,68.80608333333338
3405,device_05,2025-11-12 21:17:25.236104,0,0,203,25.1,53.1,556.6,509,0.0,57.410833333333336,68.20500000000004
3406,device_02,2025-11-12 21:17:44.858406,0,0,1041,27.5,43.0,778.6,773,0.0,57.22499999999995,67.72666666666674
3407,device_01,2025-11-12 21:17:51.007041,0,0,48,28.3,41.0,707.0,730,0.0,58.173249999999996,68.91975000000004
3408,device_03,2025-11-12 21:18:00.903147,0,0,71,26.4,43.0,659.5,643,0.0,56.55041666666664,67.37750000000004
3409,device_04,2025-11-12 21:18:23.69154,0,0,10,26.7,48.0,755.9,751,0.0,58.367999999999995,68.80608333333338
3410,device_05,2025-11-12 21:18:25.000957,0,0,205,25.1,53.1,563.5,515,0.0,57.410833333333336,68.20500000000004
3411,device_02,2025-11-12 21:18:45.534994,0,0,1040,27.6,44.0,772.7,768,0.0,57.224999999999945,67.73250000000007
3412,device_01,2025-11-12 21:18:51.055747,0,0,47,28.5,41.0,708.3,731,0.0,58.14916666666668,68.95125000000003
3413,device_03,2025-11-12 21:19:01.349998,0,0,68,26.2,43.0,654.7,637,0.0,57.17458333333334,67.58583333333338
3414,device_04,2025-11-12 21:19:23.720552,0,0,10,26.7,48.0,754.7,748,0.0,58.36758333333332,68.8031666666667
3415,device_05,2025-11-12 21:19:25.036521,0,0,202,25.1,53.2,551.4,501,0.0,57.410833333333336,68.20500000000004
3416,device_02,2025-11-12 21:19:44.887621,0,0,1046,27.4,44.0,776.6,776,0.0,57.223749999999946,67.71250000000006
3417,device_01,2025-11-12 21:19:51.014416,0,0,48,28.5,41.0,708.1,731,0.0,58.14916666666667,68.95125000000003
3418,device_03,2025-11-12 21:20:00.765285,0,0,71,26.5,43.0,660.8,644,0.0,56.58791666666665,67.4641666666667
3419,device_04,2025-11-12 21:20:23.778415,0,0,10,26.7,48.0,755.5,747,0.0,58.36758333333335,68.80608333333338
3420,device_05,2025-11-12 21:20:25.007172,0,0,201,25.1,53.2,544.2,491,0.0,57.410833333333336,68.20500000000004
3421,device_02,2025-11-12 21:20:45.498686,0,0,1045,27.3,44.0,782.5,778,0.0,57.23208333333328,67.70500000000007
3422,device_01,2025-11-12 21:20:51.083232,0,0,48,28.5,41.0,708.2,731,0.0,58.14916666666667,68.95125000000004
3423,device_03,2025-11-12 21:21:00.768583,0,0,69,26.4,43.0,655.6,634,0.0,57.06333333333333,67.61208333333339
3424,device_04,2025-11-12 21:21:23.860835,0,0,9,26.7,48.0,755.5,749,0.0,58.36758333333333,68.80608333333338
3425,device_05,2025-11-12 21:21:25.523605,4,4,204,25.1,53.3,551.3,499,0.0,57.410833333333336,68.20500000000004
3426,device_02,2025-11-12 21:21:44.877428,0,0,1041,27.5,44.0,775.2,766,0.0,57.22499999999995,67.73250000000007
3427,device_01,2025-11-12 21:21:51.043193,0,0,48,28.5,41.0,708.6,731,0.0,58.14916666666667,68.95125000000003
3428,device_03,2025-11-12 21:22:00.780658,0,0,71,26.4,43.0,654.2,635,0.0,57.06333333333333,67.61208333333337
3429,device_04,2025-11-12 21:22:23.670223,0,0,10,26.7,48.0,754.7,747,0.0,58.36758333333332,68.8031666666667
3430,device_05,2025-11-12 21:22:24.97963,0,0,204,25.1,53.3,552.6,503,0.0,57.410833333333336,68.20500000000006
3431,device_02,2025-11-12 21:22:44.988031,0,0,1043,27.4,44.0,777.2,771,0.0,57.223749999999946,67.71250000000008
3432,device_01,2025-11-12 21:22:51.593212,5,5,48,28.4,41.0,709.3,730,0.0,58.16033333333334,68.92558333333336
3433,device_03,2025-11-12 21:23:00.74662,0,0,69,26.5,43.0,654.6,635,0.0,57.0925,67.70958333333336
3434,device_04,2025-11-12 21:23:23.787519,0,0,10,26.7,48.0,755.8,747,0.0,58.367999999999995,68.80608333333338
3435,device_05,2025-11-12 21:23:25.060694,0,0,205,25.1,53.3,553.8,508,0.0,57.410833333333336,68.20500000000004
3436,device_02,2025-11-12 21:23:45.126078,0,0,1043,27.4,44.0,773.1,770,0.0,57.223749999999946,67.71833333333342
3437,device_03,2025-11-12 21:24:01.450057,0,0,71,26.5,43.0,656.9,640,0.0,56.603749999999984,67.52125000000002
3438,device_04,2025-11-12 21:24:23.802538,0,0,10,26.7,48.0,753.2,746,0.0,58.36758333333332,68.80608333333336
3439,device_05,2025-11-12 21:24:25.568668,0,0,204,25.1,53.4,551.4,502,0.0,57.41083333333335,68.20500000000004
3440,device_02,2025-11-12 21:24:45.509663,0,0,1041,27.5,44.0,781.1,772,0.0,57.22499999999995,67.72666666666674
3441,device_04,2025-11-12 21:25:23.717938,2,2,9,26.7,48.0,754.3,746,0.0,58.36758333333333,68.80608333333336
3442,device_05,2025-11-12 21:25:25.044912,0,0,208,25.1,53.2,557.6,505,0.0,57.410833333333336,68.20500000000004
3443,device_05,2025-11-12 21:26:25.387392,0,0,208,25.1,53.1,556.2,502,0.0,57.41083333333333,68.20500000000004
3444,device_01,2025-11-12 21:28:51.247263,0,0,42,28.5,41.0,715.1,740,0.0,58.14916666666668,68.9554166666667
3445,device_01,2025-11-12 21:29:51.175662,0,0,48,28.4,41.0,710.4,732,0.0,58.16033333333333,68.92558333333336
3446,device_03,2025-11-12 21:30:00.989272,0,0,63,26.5,43.0,659.8,643,0.0,56.58874999999998,67.48916666666669
3447,device_02,2025-11-12 21:30:44.956041,0,0,1049,27.6,44.0,796.3,795,0.0,57.161666666666626,67.71125000000006
3448,device_01,2025-11-12 21:30:51.157033,0,0,48,28.4,41.0,708.4,733,0.0,58.16033333333333,68.92558333333336
3449,device_03,2025-11-12 21:31:00.833226,0,0,67,26.3,43.0,660.8,645,0.0,56.55458333333331,67.32583333333338
3450,device_04,2025-11-12 21:31:23.956749,0,0,7,26.7,48.0,760.0,751,0.0,58.367999999999995,68.80608333333338
3451,device_02,2025-11-12 21:31:44.895902,0,0,1043,27.5,44.0,776.8,772,0.0,57.22499999999995,67.72666666666674
3452,device_01,2025-11-12 21:31:51.011741,0,0,48,28.3,41.0,710.4,732,0.0,58.173249999999996,68.91975000000005
3453,device_03,2025-11-12 21:32:01.589686,0,0,67,26.4,43.6,658.4,643,0.0,56.55041666666664,67.37750000000004
3454,device_04,2025-11-12 21:32:23.738874,0,0,9,26.7,48.7,757.7,751,0.0,58.367999999999995,68.80608333333338
3455,device_05,2025-11-12 21:32:24.996346,0,0,195,25.1,53.5,560.9,512,0.0,57.41083333333335,68.20500000000004
3456,device_02,2025-11-12 21:32:45.519233,0,0,1042,27.6,44.0,777.3,775,0.0,57.224999999999945,67.72666666666673
3457,device_01,2025-11-12 21:32:51.006114,0,0,48,28.5,41.0,709.9,735,0.0,58.14916666666668,68.95125000000003
3458,device_03,2025-11-12 21:33:01.054746,0,0,70,26.4,44.0,659.0,642,0.0,56.54666666666665,67.37666666666671
3459,device_04,2025-11-12 21:33:24.116154,0,0,10,26.7,49.0,758.3,751,0.0,58.367999999999995,68.80608333333338
3460,device_05,2025-11-12 21:33:25.228159,0,0,203,25.1,53.6,561.7,511,0.0,57.410833333333336,68.20500000000004
3461,device_02,2025-11-12 21:33:45.022246,0,0,1040,27.5,44.0,779.1,772,0.0,57.22499999999995,67.72666666666673
3462,device_01,2025-11-12 21:33:50.950618,4,4,48,28.5,41.0,710.3,733,0.0,58.14916666666667,68.95125000000003
3463,device_03,2025-11-12 21:34:00.918278,0,0,70,26.6,44.0,657.7,641,0.0,56.60458333333331,67.73666666666666
3464,device_04,2025-11-12 21:34:23.69475,0,0,10,26.7,49.0,758.2,750,0.0,58.367999999999995,68.80608333333336
3465,device_05,2025-11-12 21:34:25.063802,0,0,207,25.1,53.6,560.5,511,0.0,57.41083333333335,68.20500000000004
3466,device_02,2025-11-12 21:34:44.898576,0,0,1041,27.6,44.0,778.0,771,0.0,57.22499999999995,67.72666666666674
3467,device_01,2025-11-12 21:34:50.985481,0,0,48,28.3,41.0,709.9,732,0.0,58.173249999999996,68.91975000000005
3468,device_03,2025-11-12 21:35:00.762795,0,0,71,26.5,44.0,661.7,648,0.0,56.58791666666665,67.4691666666667
3469,device_04,2025-11-12 21:35:23.694901,0,0,11,26.7,49.0,756.3,750,0.0,58.367999999999995,68.80608333333338
3470,device_05,2025-11-12 21:35:25.34765,0,0,208,25.1,53.8,556.9,511,0.0,57.410833333333336,68.20500000000004
3471,device_02,2025-11-12 21:35:45.033274,0,0,1039,27.5,44.0,772.3,765,0.0,57.224999999999945,67.73250000000006
3472,device_01,2025-11-12 21:35:51.601953,0,0,48,28.5,41.0,710.2,733,0.0,58.14916666666668,68.95125000000004
3473,device_03,2025-11-12 21:36:00.798646,0,0,70,26.5,44.0,663.7,650,0.0,56.54708333333332,67.45250000000003
3474,device_04,2025-11-12 21:36:23.691451,5,5,10,26.7,49.0,757.7,750,0.0,58.367999999999995,68.80608333333336
3475,device_05,2025-11-12 21:36:25.031223,0,0,205,25.1,53.8,554.4,502,0.0,57.410833333333336,68.20500000000004
3476,device_02,2025-11-12 21:36:44.884726,0,0,1042,27.6,44.0,777.5,771,0.0,57.224999999999945,67.72666666666673
3477,device_01,2025-11-12 21:36:51.074424,0,0,48,28.4,41.0,710.0,732,0.0,58.16033333333334,68.92558333333339
3478,device_03,2025-11-12 21:37:00.897699,0,0,71,26.3,44.0,660.7,647,0.0,56.55458333333331,67.33833333333338
3479,device_04,2025-11-12 21:37:23.909571,0,0,10,26.7,49.0,758.1,749,0.0,58.368,68.80608333333338
3480,device_05,2025-11-12 21:37:25.036961,0,0,208,25.1,53.9,556.9,505,0.0,57.41083333333335,68.20500000000004
3481,device_02,2025-11-12 21:37:45.445162,0,0,1045,27.6,44.0,779.5,776,0.0,57.224999999999945,67.72666666666673
3482,device_01,2025-11-12 21:37:51.017545,0,0,48,28.4,41.0,710.1,734,0.0,58.16033333333333,68.92558333333336
3483,device_03,2025-11-12 21:38:00.789898,0,0,71,26.5,44.0,664.5,649,0.0,56.54708333333331,67.45250000000003
3484,device_04,2025-11-12 21:38:23.720551,0,0,11,26.7,49.0,755.5,748,0.0,58.36758333333332,68.80608333333338
3485,device_05,2025-11-12 21:38:25.02265,0,0,207,25.1,53.9,551.8,499,0.0,57.410833333333336,68.20500000000004
3486,device_02,2025-11-12 21:38:45.107983,0,0,1048,27.4,44.0,780.7,779,0.0,57.223749999999946,67.71250000000008
3487,device_01,2025-11-12 21:38:50.954038,0,0,48,28.5,41.0,710.2,732,0.0,58.14916666666667,68.95125000000004
3488,device_03,2025-11-12 21:39:00.926057,0,0,72,26.5,44.0,663.2,649,0.0,56.54708333333331,67.45250000000003
3489,device_04,2025-11-12 21:39:24.30716,0,0,10,26.7,49.0,755.4,748,0.0,58.367583333333314,68.80608333333338
3490,device_05,2025-11-12 21:39:25.110182,0,0,209,25.1,54.0,548.4,503,0.0,57.41083333333336,68.20500000000006
3491,device_02,2025-11-12 21:39:45.662081,0,0,1046,27.4,44.0,778.2,775,0.0,57.223749999999946,67.71250000000008
3492,device_01,2025-11-12 21:39:50.965403,5,5,49,28.4,41.3,710.4,734,0.0,57.63891666666664,68.90158333333335
3493,device_03,2025-11-12 21:40:01.194589,0,0,71,26.5,44.0,664.4,648,0.0,56.54708333333331,67.45250000000003
3494,device_04,2025-11-12 21:40:23.670513,0,0,10,26.7,49.0,758.6,749,0.0,58.367999999999995,68.80608333333338
3495,device_05,2025-11-12 21:40:25.116704,0,0,211,25.1,54.0,561.2,515,0.0,57.410833333333336,68.20500000000004
3496,device_02,2025-11-12 21:40:44.847314,0,0,1045,27.4,44.0,776.8,775,0.0,57.223749999999946,67.71250000000008
3497,device_01,2025-11-12 21:40:50.988045,0,0,47,28.3,42.0,711.2,734,0.0,58.17324999999999,68.91975000000004
3498,device_03,2025-11-12 21:41:00.824757,0,0,72,26.4,44.0,664.5,648,0.0,56.507916666666645,67.34083333333338
3499,device_04,2025-11-12 21:41:23.804423,0,0,11,26.7,49.0,757.9,750,0.0,58.368,68.80608333333336
3500,device_05,2025-11-12 21:41:25.29703,0,0,210,25.1,54.1,557.2,514,0.0,57.41083333333333,68.20500000000004
3501,device_02,2025-11-12 21:41:45.555314,0,0,1046,27.4,44.2,776.2,775,0.0,57.223749999999946,67.71250000000008
3502,device_01,2025-11-12 21:41:51.505881,0,0,48,28.4,42.0,711.3,733,0.0,58.16033333333333,68.92558333333336
3503,device_03,2025-11-12 21:42:00.767193,0,0,73,26.4,44.0,663.4,649,0.0,56.507916666666645,67.34083333333336
3504,device_04,2025-11-12 21:42:23.700773,4,4,10,26.7,49.0,757.9,749,0.0,58.368,68.80608333333338
3505,device_05,2025-11-12 21:42:25.195013,0,0,211,25.1,54.2,561.9,518,0.0,57.410833333333336,68.20500000000004
3506,device_02,2025-11-12 21:42:44.861275,0,0,1042,27.4,45.0,780.5,776,0.0,57.22374999999995,67.71250000000008
3507,device_01,2025-11-12 21:42:50.985048,0,0,49,28.5,42.0,711.1,734,0.0,57.603999999999985,68.92725000000002
3508,device_03,2025-11-12 21:43:00.823497,0,0,72,26.4,44.0,662.4,647,0.0,56.548749999999984,67.35750000000004
3509,device_04,2025-11-12 21:43:23.775838,0,0,10,26.7,49.0,758.0,751,0.0,58.367999999999995,68.80608333333338
3510,device_05,2025-11-12 21:43:25.987233,0,0,212,25.1,54.3,562.0,516,0.0,57.410833333333336,68.20500000000004
3511,device_02,2025-11-12 21:43:45.094207,0,0,1045,27.5,45.0,783.4,780,0.0,57.22499999999995,67.72666666666673
3512,device_01,2025-11-12 21:43:51.068175,0,0,48,28.5,42.0,710.9,732,0.0,58.14916666666667,68.95125000000006
3513,device_03,2025-11-12 21:44:00.776757,0,0,72,26.5,44.0,663.6,649,0.0,56.54708333333331,67.45250000000003
3514,device_04,2025-11-12 21:44:23.692553,0,0,10,26.7,49.0,757.2,751,0.0,58.36800000000001,68.80608333333338
3515,device_05,2025-11-12 21:44:25.058901,0,0,210,25.1,54.5,553.6,501,0.0,57.410833333333336,68.20500000000004
3516,device_02,2025-11-12 21:44:44.885091,0,0,1040,27.5,45.0,778.4,773,0.0,57.224999999999945,67.72666666666673
3517,device_01,2025-11-12 21:44:51.021505,0,0,48,28.4,42.0,710.9,733,0.0,58.16033333333333,68.92558333333336
3518,device_03,2025-11-12 21:45:00.827237,0,0,72,26.4,44.0,664.1,649,0.0,56.507916666666645,67.34083333333336
3519,device_04,2025-11-12 21:45:23.740117,0,0,11,26.7,49.0,759.2,748,0.0,58.367999999999995,68.80608333333336
3520,device_05,2025-11-12 21:45:25.446158,0,0,213,25.1,54.6,558.0,510,0.0,57.41083333333335,68.20500000000004
3521,device_02,2025-11-12 21:45:44.977691,0,0,1045,27.5,45.0,781.1,779,0.0,57.22499999999995,67.72666666666674
3522,device_01,2025-11-12 21:45:51.534302,0,0,49,28.5,42.0,713.0,736,0.0,57.603999999999985,68.9314166666667
3523,device_03,2025-11-12 21:46:03.486711,0,0,71,26.6,44.0,665.6,649,0.0,56.547083333333305,67.7
3524,device_04,2025-11-12 21:46:23.789697,0,0,10,26.7,49.0,760.0,753,0.0,58.404666666666664,68.80608333333338
3525,device_05,2025-11-12 21:46:25.228054,0,0,213,25.1,54.7,567.0,521,0.0,57.410833333333336,68.20500000000004
3526,device_02,2025-11-12 21:46:45.207781,0,0,1040,27.4,45.0,776.8,771,0.0,57.223749999999946,67.71250000000008
3527,device_01,2025-11-12 21:46:50.985178,0,0,48,28.5,42.0,712.1,737,0.0,58.14916666666666,68.95125000000003
3528,device_03,2025-11-12 21:47:00.862343,0,0,73,26.5,44.0,666.1,651,0.0,56.58666666666665,67.46416666666669
3529,device_04,2025-11-12 21:47:23.702659,0,0,11,26.7,49.0,760.3,750,0.0,58.367999999999995,68.80608333333338
3530,device_05,2025-11-12 21:47:25.185746,0,0,214,25.1,54.9,558.7,511,0.0,57.410833333333336,68.20500000000004
3531,device_02,2025-11-12 21:47:45.55281,0,0,1042,27.6,45.0,775.4,772,0.0,57.22499999999995,67.73250000000007
3532,device_01,2025-11-12 21:47:50.978601,0,0,48,28.6,42.0,711.8,736,0.0,58.574333333333364,69.16500000000005
3533,device_03,2025-11-12 21:48:01.464006,0,0,73,26.4,44.0,665.4,650,0.0,56.507916666666645,67.34083333333336
3534,device_04,2025-11-12 21:48:23.664242,0,0,12,26.7,49.0,757.6,750,0.0,58.367999999999995,68.80608333333338
3535,device_05,2025-11-12 21:48:25.124832,0,0,214,25.1,55.0,555.1,507,0.0,57.410833333333336,68.20500000000004
3536,device_02,2025-11-12 21:48:45.320019,0,0,1045,27.4,45.0,783.8,779,0.0,57.22374999999994,67.71250000000008
3537,device_01,2025-11-12 21:48:50.961886,0,0,48,28.5,42.0,709.3,732,0.0,58.14916666666667,68.95125000000003
3538,device_03,2025-11-12 21:49:01.359588,0,0,68,26.3,44.0,653.0,636,0.0,57.06916666666667,67.58041666666672
3539,device_04,2025-11-12 21:49:24.021469,0,0,11,26.7,49.0,757.6,751,0.0,58.367999999999995,68.80608333333338
3540,device_05,2025-11-12 21:49:25.260614,0,0,215,25.1,55.1,554.0,510,0.0,57.410833333333336,68.20500000000004
3541,device_02,2025-11-12 21:49:45.670512,0,0,1042,27.4,45.0,777.3,770,0.0,57.223749999999946,67.71250000000008
3542,device_01,2025-11-12 21:49:51.243606,0,0,48,28.4,42.0,712.4,737,0.0,58.16033333333333,68.92558333333336
3543,device_03,2025-11-12 21:50:03.666615,0,0,72,26.5,44.9,655.4,638,0.0,57.09250000000001,67.70958333333337
3544,device_04,2025-11-12 21:50:24.007957,0,0,12,26.7,49.0,759.6,753,0.0,58.404666666666664,68.80608333333338
3545,device_05,2025-11-12 21:50:25.833912,0,0,212,25.1,55.2,550.0,500,0.0,57.41083333333333,68.20500000000004
3546,device_02,2025-11-12 21:50:45.106985,0,0,1045,27.5,45.0,782.4,778,0.0,57.22499999999995,67.72666666666674
3547,device_01,2025-11-12 21:50:51.094892,0,0,48,28.5,42.0,713.7,739,0.0,58.14916666666667,68.95541666666671
3548,device_03,2025-11-12 21:51:00.796869,0,0,73,26.5,45.0,655.9,638,0.0,57.09250000000001,67.70958333333337
3549,device_04,2025-11-12 21:51:23.828084,0,0,11,26.7,49.0,757.8,752,0.0,58.404666666666664,68.80608333333338
3550,device_05,2025-11-12 21:51:25.0985,0,0,217,25.1,55.3,560.4,513,0.0,57.410833333333336,68.20500000000004
3551,device_02,2025-11-12 21:51:45.458123,0,0,1043,27.4,45.3,777.5,776,0.0,57.22374999999995,67.71250000000008
3552,device_01,2025-11-12 21:51:50.961566,0,0,48,28.6,42.0,713.4,739,0.0,58.574333333333364,69.16916666666671
3553,device_03,2025-11-12 21:52:00.997349,0,0,74,26.5,45.0,655.4,636,0.0,57.0925,67.70958333333336
3554,device_04,2025-11-12 21:52:23.823043,0,0,11,26.7,49.5,758.2,753,0.0,58.404666666666664,68.80608333333338
3555,device_05,2025-11-12 21:52:25.265113,0,0,212,25.1,55.5,543.7,492,0.0,57.410833333333336,68.20500000000004
3556,device_02,2025-11-12 21:52:44.857791,0,0,1045,27.4,46.0,778.9,777,0.0,57.223749999999946,67.71250000000008
3557,device_01,2025-11-12 21:52:51.179475,0,0,49,28.3,42.3,714.6,738,0.0,57.6518333333333,68.89991666666668
3558,device_03,2025-11-12 21:53:00.823377,6,6,77,26.5,45.0,657.6,639,0.0,56.647499999999994,67.48916666666669
3559,device_04,2025-11-12 21:53:23.930974,0,0,11,26.7,50.0,761.6,754,0.0,58.40466666666667,68.80608333333338
3560,device_05,2025-11-12 21:53:25.028371,0,0,215,25.1,55.6,552.7,505,0.0,57.410833333333336,68.20500000000004
3561,device_02,2025-11-12 21:53:45.458541,0,0,1045,27.3,46.0,783.8,781,0.0,57.23208333333328,67.70500000000007
3562,device_01,2025-11-12 21:53:51.406752,0,0,49,28.6,43.0,714.4,737,0.0,58.029166666666676,69.14516666666671
3563,device_03,2025-11-12 21:54:00.912223,6,7,76,26.5,45.0,656.9,640,0.0,56.60374999999997,67.52125000000002
3564,device_04,2025-11-12 21:54:23.665408,0,0,11,26.7,50.0,760.0,756,0.0,58.404666666666664,68.80608333333338
3565,device_05,2025-11-12 21:54:25.195316,0,0,216,25.0,55.8,553.5,506,0.0,57.410833333333336,68.20500000000004
3566,device_02,2025-11-12 21:54:45.127251,0,0,1049,27.4,46.0,785.3,783,0.0,57.197499999999955,67.69958333333341
3567,device_01,2025-11-12 21:54:51.001706,0,0,48,28.4,43.0,713.4,737,0.0,58.16033333333333,68.92975000000003
3568,device_03,2025-11-12 21:55:00.862712,0,0,75,26.5,45.0,657.5,640,0.0,56.59374999999998,67.48916666666669
3569,device_04,2025-11-12 21:55:23.710693,0,0,11,26.7,50.0,760.7,754,0.0,58.40466666666667,68.80608333333336
3570,device_05,2025-11-12 21:55:25.270261,0,0,215,25.0,56.0,547.2,500,0.0,57.41083333333333,68.20500000000004
3571,device_02,2025-11-12 21:55:45.491998,0,0,1044,27.3,46.0,781.4,777,0.0,57.23208333333328,67.70500000000007
3572,device_01,2025-11-12 21:55:51.515418,0,0,48,28.5,43.0,714.2,738,0.0,58.14916666666667,68.95541666666671
3573,device_03,2025-11-12 21:56:00.797003,0,0,78,26.5,45.0,658.2,642,0.0,56.58583333333331,67.48916666666669
3574,device_04,2025-11-12 21:56:23.664295,0,0,11,26.7,50.0,759.2,754,0.0,58.404666666666664,68.80608333333338
3575,device_05,2025-11-12 21:56:25.391802,0,0,215,25.0,56.1,553.6,500,0.0,57.41083333333335,68.20500000000004
3576,device_02,2025-11-12 21:56:45.160249,0,0,1048,27.5,46.0,787.4,783,0.0,57.198749999999954,67.71375000000006
3577,device_01,2025-11-12 21:56:50.946036,0,0,49,28.5,43.0,713.9,741,0.0,57.60399999999998,68.9314166666667
3578,device_03,2025-11-12 21:57:01.017022,0,0,77,26.3,45.0,658.8,642,0.0,56.55249999999997,67.34500000000006
3579,device_04,2025-11-12 21:57:23.80316,0,0,11,26.7,50.0,758.9,753,0.0,58.404666666666664,68.80608333333338
3580,device_05,2025-11-12 21:57:25.174327,0,0,218,25.0,56.3,563.0,516,0.0,57.41083333333333,68.20500000000004
3581,device_02,2025-11-12 21:57:45.09058,0,0,1047,27.4,46.0,780.4,780,0.0,57.223749999999946,67.71250000000008
3582,device_01,2025-11-12 21:57:51.560442,0,0,50,28.4,43.0,716.0,742,0.0,57.105416666666635,67.71208333333338
3583,device_03,2025-11-12 21:58:01.003083,0,0,77,26.5,45.0,658.1,642,0.0,56.58583333333331,67.48916666666669
3584,device_04,2025-11-12 21:58:23.741889,0,0,11,26.7,50.0,763.3,757,0.0,58.404666666666664,68.80608333333338
3585,device_05,2025-11-12 21:58:25.044999,0,0,217,25.0,56.3,559.0,516,0.0,57.410833333333336,68.20500000000004
3586,device_02,2025-11-12 21:58:44.946703,0,0,1044,27.4,46.0,783.8,780,0.0,57.22374999999995,67.71250000000008
3587,device_01,2025-11-12 21:58:50.949101,0,0,49,28.5,43.0,718.1,744,0.0,57.603999999999985,68.9314166666667
3588,device_03,2025-11-12 21:59:00.831946,9,10,78,26.4,45.5,661.2,644,0.0,56.54874999999997,67.35250000000003
3589,device_04,2025-11-12 21:59:23.683803,0,0,12,26.7,50.2,767.5,761,0.0,58.40675,68.80900000000003
3590,device_05,2025-11-12 21:59:25.196203,0,0,217,25.0,56.4,554.6,509,0.0,57.410833333333336,68.20500000000004
3591,device_02,2025-11-12 21:59:45.12798,0,0,1048,27.5,46.1,781.1,781,0.0,57.22499999999995,67.72666666666673
3592,device_01,2025-11-12 21:59:51.560498,0,0,49,28.4,43.0,718.6,743,0.0,57.63891666666664,68.90575000000003
3593,device_03,2025-11-12 22:00:03.156746,0,0,78,26.3,46.0,661.1,644,0.0,56.55458333333332,67.32083333333338
3594,device_04,2025-11-12 22:00:23.729854,0,0,11,26.7,51.0,765.1,760,0.0,58.406749999999995,68.80900000000004
3595,device_05,2025-11-12 22:00:25.043429,0,0,216,25.1,56.6,559.8,508,0.0,57.410833333333336,68.20500000000004
3596,device_02,2025-11-12 22:00:44.842148,0,0,1044,27.3,47.0,782.3,777,0.0,57.23208333333328,67.70500000000007
3597,device_01,2025-11-12 22:00:51.023716,0,0,48,28.5,43.0,719.1,746,0.0,58.147499999999994,68.95250000000004
3598,device_03,2025-11-12 22:01:00.948984,0,0,78,26.3,46.0,661.9,643,0.0,56.55458333333331,67.32083333333338
3599,device_04,2025-11-12 22:01:23.753452,0,0,11,26.7,51.0,767.0,759,0.0,58.40675,68.80608333333338
3600,device_05,2025-11-12 22:01:24.999208,0,0,218,25.1,56.7,565.4,516,0.0,57.41083333333333,68.20500000000004
3601,device_02,2025-11-12 22:01:45.098662,0,0,1050,27.5,47.0,793.9,793,0.0,57.161666666666626,67.71125000000006
3602,device_01,2025-11-12 22:01:50.963647,8,8,49,28.4,43.0,719.8,744,0.0,57.63724999999997,68.90283333333336
3603,device_03,2025-11-12 22:02:01.380932,0,0,78,26.4,46.0,661.5,646,0.0,56.548749999999984,67.35750000000003
3604,device_04,2025-11-12 22:02:23.814005,0,0,11,26.7,51.0,767.0,761,0.0,58.406749999999995,68.80900000000003
3605,device_05,2025-11-12 22:02:25.042648,0,0,220,25.1,56.8,558.5,514,0.0,57.410833333333336,68.20500000000004
3606,device_02,2025-11-12 22:02:45.010423,0,0,1055,27.5,47.0,798.2,802,0.0,57.16166666666663,67.71125000000006
3607,device_01,2025-11-12 22:02:50.971952,0,0,50,28.5,44.0,720.3,747,0.0,57.041249999999955,67.7066666666667
3608,device_03,2025-11-12 22:03:00.962198,0,0,78,26.3,46.0,663.2,647,0.0,56.51374999999998,67.30916666666671
3609,device_04,2025-11-12 22:03:23.753656,0,0,12,26.7,51.0,766.8,764,0.0,58.40675,68.80900000000003
3610,device_05,2025-11-12 22:03:25.22778,0,0,219,25.0,56.9,560.9,515,0.0,57.410833333333336,68.20500000000006
3611,device_02,2025-11-12 22:03:45.839242,0,0,1050,27.3,47.0,791.7,787,0.0,57.150416666666615,67.6920833333334
3612,device_01,2025-11-12 22:03:51.515891,0,0,49,28.6,44.0,719.2,745,0.0,58.02750000000001,69.14225000000003
3613,device_03,2025-11-12 22:04:00.930047,0,0,79,26.4,46.0,663.2,646,0.0,56.507916666666645,67.34083333333338
3614,device_04,2025-11-12 22:04:23.661863,13,13,12,26.7,51.0,767.8,762,0.0,58.40675,68.80900000000004
3615,device_05,2025-11-12 22:04:25.074691,0,0,222,25.0,57.0,567.2,524,0.0,57.410833333333336,68.20500000000004
3616,device_02,2025-11-12 22:04:44.848132,0,0,1045,27.5,47.0,780.3,779,0.0,57.22499999999995,67.72666666666673
3617,device_01,2025-11-12 22:04:50.975227,0,0,49,28.6,44.0,720.7,747,0.0,58.0275,69.14225000000003
3618,device_03,2025-11-12 22:05:00.813203,0,0,79,26.5,46.0,661.1,642,0.0,56.584166666666654,67.4641666666667
3619,device_04,2025-11-12 22:05:24.034944,0,0,12,26.7,51.0,766.9,761,0.0,58.406749999999995,68.80900000000004
3620,device_05,2025-11-12 22:05:25.039878,20,20,223,25.0,56.7,575.3,531,0.0,57.410833333333336,68.20500000000004
3621,device_02,2025-11-12 22:05:45.518121,0,0,1055,27.5,47.0,803.8,807,0.0,57.13874999999997,67.71875000000007
3622,device_01,2025-11-12 22:05:51.113154,0,0,48,28.6,44.0,720.6,747,0.0,58.57266666666669,69.16625000000005
3623,device_03,2025-11-12 22:06:00.791044,0,0,80,26.6,46.0,661.3,644,0.0,56.58791666666665,67.71166666666667
3624,device_04,2025-11-12 22:06:23.716837,0,0,12,26.7,51.0,768.3,763,0.0,58.40675,68.80900000000003
3625,device_05,2025-11-12 22:06:25.296551,20,20,222,25.0,56.8,567.0,522,0.0,57.41083333333333,68.20500000000004
3626,device_02,2025-11-12 22:06:44.912129,0,0,1049,27.6,47.0,793.2,790,0.0,57.16666666666662,67.71125000000008
3627,device_01,2025-11-12 22:06:50.957878,0,0,49,28.5,44.0,719.9,745,0.0,57.60233333333332,68.92850000000001
3628,device_03,2025-11-12 22:07:00.85972,0,0,79,26.3,46.0,660.2,644,0.0,56.55458333333331,67.34583333333339
3629,device_04,2025-11-12 22:07:23.725411,0,0,12,26.7,51.0,766.2,760,0.0,58.406749999999995,68.80900000000003
3630,device_05,2025-11-12 22:07:25.269459,0,0,222,25.0,56.2,562.3,515,0.0,57.410833333333336,68.20500000000004
3631,device_02,2025-11-12 22:07:45.554604,0,0,1045,27.5,47.0,787.6,783,0.0,57.198749999999954,67.71375000000006
3632,device_01,2025-11-12 22:07:50.966353,0,0,49,28.3,43.1,716.6,742,0.0,57.65183333333331,68.8999166666667
3633,device_03,2025-11-12 22:08:01.444225,0,0,80,26.4,46.0,659.6,643,0.0,56.54958333333331,67.37750000000003
3634,device_04,2025-11-12 22:08:23.688708,0,0,12,26.7,50.9,765.9,762,0.0,58.40675,68.80900000000003
3635,device_05,2025-11-12 22:08:25.037921,0,0,225,25.0,55.8,571.5,527,0.0,57.410833333333336,68.20500000000004
3636,device_02,2025-11-12 22:08:44.896604,0,0,1048,27.4,47.0,785.7,787,0.0,57.19749999999995,67.69958333333341
3637,device_01,2025-11-12 22:08:50.962967,0,0,49,28.5,43.0,715.7,741,0.0,57.603999999999985,68.93141666666669
3638,device_03,2025-11-12 22:09:03.631244,0,0,81,26.3,46.0,659.0,640,0.0,56.560416666666654,67.34500000000004
3639,device_04,2025-11-12 22:09:23.843784,0,0,12,26.7,50.0,767.2,762,0.0,58.406749999999995,68.80900000000005
3640,device_05,2025-11-12 22:09:25.014062,0,0,223,25.1,55.9,573.1,526,0.0,57.41083333333335,68.20500000000004
3641,device_02,2025-11-12 22:09:45.6957,0,0,1047,27.5,47.0,783.6,782,0.0,57.22499999999995,67.72666666666673
3642,device_01,2025-11-12 22:09:51.288419,0,0,49,28.4,43.0,716.1,742,0.0,57.63891666666664,68.90575000000001
3643,device_03,2025-11-12 22:10:00.960333,0,0,80,26.5,46.0,657.2,642,0.0,56.58583333333331,67.48916666666669
3644,device_04,2025-11-12 22:10:23.690811,0,0,12,26.7,50.8,765.8,760,0.0,58.40675,68.80900000000003
3645,device_05,2025-11-12 22:10:25.190409,0,0,222,25.1,56.4,565.4,523,0.0,57.410833333333336,68.20500000000004
3646,device_02,2025-11-12 22:10:45.242808,0,0,1049,27.5,47.0,787.4,789,0.0,57.198749999999954,67.71375000000006
3647,device_01,2025-11-12 22:10:51.012915,0,0,49,28.5,43.1,718.1,744,0.0,57.603999999999985,68.9314166666667
3648,device_03,2025-11-12 22:11:00.905453,0,0,79,26.4,46.0,660.8,644,0.0,56.548749999999984,67.35250000000003
3649,device_04,2025-11-12 22:11:23.710156,0,0,11,26.7,51.0,766.9,761,0.0,58.406749999999995,68.80900000000003
3650,device_05,2025-11-12 22:11:25.343392,0,0,222,25.1,56.5,571.0,529,0.0,57.410833333333336,68.20500000000004
3651,device_02,2025-11-12 22:11:45.294043,0,0,1052,27.5,47.0,797.6,796,0.0,57.161666666666626,67.71125000000008
3652,device_01,2025-11-12 22:11:51.510573,0,0,49,28.5,43.9,719.8,745,0.0,57.60233333333332,68.92850000000003
3653,device_03,2025-11-12 22:12:00.826412,0,0,77,26.4,46.0,660.3,643,0.0,56.548749999999984,67.37750000000004
3654,device_04,2025-11-12 22:12:23.681442,0,0,11,26.7,51.0,767.1,758,0.0,58.40675,68.80608333333335
3655,device_05,2025-11-12 22:12:25.213366,0,0,223,25.1,56.7,569.5,525,0.0,57.410833333333336,68.20500000000004
3656,device_02,2025-11-12 22:12:44.881949,0,0,1054,27.4,47.0,794.7,797,0.0,57.16041666666663,67.69708333333341
3657,device_01,2025-11-12 22:12:50.932758,0,0,48,28.5,44.0,719.0,745,0.0,58.14750000000001,68.95250000000003
3658,device_03,2025-11-12 22:13:00.826702,0,0,78,26.5,46.0,662.7,647,0.0,56.58791666666664,67.4691666666667
3659,device_04,2025-11-12 22:13:23.667312,0,0,12,26.7,51.0,767.0,763,0.0,58.40675,68.80900000000003
3660,device_05,2025-11-12 22:13:25.005683,0,0,223,25.1,56.8,570.0,525,0.0,57.41083333333333,68.20500000000004
3661,device_02,2025-11-12 22:13:45.288599,0,0,1044,27.4,47.0,786.8,783,0.0,57.19749999999995,67.69958333333341
3662,device_01,2025-11-12 22:13:51.031347,0,0,49,28.6,44.0,718.9,746,0.0,58.0275,69.14225000000002
3663,device_03,2025-11-12 22:14:00.972859,0,0,78,26.4,46.0,661.3,644,0.0,56.54874999999997,67.35250000000003
3664,device_04,2025-11-12 22:14:23.964542,0,0,11,26.7,51.0,767.3,762,0.0,58.40675,68.80900000000003
3665,device_05,2025-11-12 22:14:25.043707,0,0,220,25.1,56.9,563.7,514,0.0,57.410833333333336,68.20500000000006
3666,device_02,2025-11-12 22:14:44.896568,0,0,1046,27.2,47.0,792.5,789,0.0,57.177083333333286,67.69208333333341
3667,device_01,2025-11-12 22:14:51.009773,0,0,49,28.6,44.0,721.0,748,0.0,58.0275,69.14225000000003
3668,device_03,2025-11-12 22:15:00.794768,0,0,79,26.4,46.0,661.9,646,0.0,56.548749999999984,67.35750000000006
3669,device_04,2025-11-12 22:15:23.721102,0,0,12,26.7,51.0,767.6,762,0.0,58.406749999999995,68.80900000000004
3670,device_05,2025-11-12 22:15:25.238298,0,0,222,25.1,57.1,562.8,516,0.0,57.410833333333336,68.20500000000004
3671,device_02,2025-11-12 22:15:45.146665,0,0,1047,27.3,47.0,788.1,784,0.0,57.205833333333274,67.6920833333334
3672,device_01,2025-11-12 22:15:50.967495,0,0,49,28.5,44.0,721.2,747,0.0,57.60233333333333,68.92850000000003
3673,device_03,2025-11-12 22:16:00.810618,0,0,79,27.5,46.0,662.8,649,0.0,56.58541666666666,67.83958333333334
3674,device_04,2025-11-12 22:16:23.696878,0,0,12,26.7,51.0,767.2,762,0.0,58.40675,68.80900000000003
3675,device_05,2025-11-12 22:16:25.690856,19,19,224,25.1,57.2,570.9,527,0.0,57.410833333333336,68.20500000000004
3676,device_02,2025-11-12 22:16:44.98531,1,1,1056,27.4,47.7,798.1,802,0.0,57.16041666666663,67.69708333333341
3677,device_01,2025-11-12 22:16:50.977563,0,0,50,28.3,44.0,722.8,748,0.0,57.142499999999934,67.70125000000003
3678,device_03,2025-11-12 22:17:00.982286,0,0,79,27.4,46.0,664.5,647,0.0,56.53791666666664,67.80916666666668
3679,device_04,2025-11-12 22:17:23.734663,0,0,12,26.7,51.0,768.9,763,0.0,58.40675,68.80900000000003
3680,device_05,2025-11-12 22:17:25.255517,19,19,223,25.1,57.2,566.1,517,0.0,57.41083333333335,68.20500000000004
3681,device_02,2025-11-12 22:17:45.075776,0,0,1055,27.5,47.9,798.0,800,0.0,57.161666666666626,67.71125000000006
3682,device_01,2025-11-12 22:17:50.98441,0,0,49,28.5,44.0,720.3,748,0.0,57.60233333333332,68.92850000000003
3683,device_03,2025-11-12 22:18:00.820017,0,0,80,27.5,46.0,661.4,646,0.0,56.58541666666665,67.83958333333334
3684,device_04,2025-11-12 22:18:23.769044,0,0,12,26.7,51.0,766.2,762,0.0,58.40675,68.80900000000003
3685,device_05,2025-11-12 22:18:25.698826,0,0,222,25.1,57.4,551.4,503,0.0,57.410833333333336,68.20500000000004
3686,device_02,2025-11-12 22:18:45.208258,0,0,1053,27.4,48.0,799.5,796,0.0,57.142916666666615,67.69708333333341
3687,device_01,2025-11-12 22:18:51.012391,0,0,50,28.5,44.0,721.2,747,0.0,57.04124999999996,67.7066666666667
3688,device_03,2025-11-12 22:19:01.05285,0,0,79,27.5,46.0,663.5,649,0.0,56.54458333333332,67.82083333333334
3689,device_04,2025-11-12 22:19:23.706931,0,0,12,26.7,52.0,766.1,763,0.0,58.40675,68.80900000000003
3690,device_05,2025-11-12 22:19:25.048922,0,0,224,25.1,57.4,564.5,518,0.0,57.410833333333336,68.20500000000004
3691,device_02,2025-11-12 22:19:44.875764,0,0,1050,27.6,48.0,790.0,793,0.0,57.198749999999954,67.71375000000006
3692,device_01,2025-11-12 22:19:51.000957,0,0,49,28.4,44.0,721.2,748,0.0,57.63724999999997,68.90283333333336
3693,device_03,2025-11-12 22:20:02.384262,0,0,80,27.4,46.0,667.2,653,0.0,56.55208333333332,67.82000000000002
3694,device_04,2025-11-12 22:20:23.692347,0,0,12,26.7,52.0,765.0,760,0.0,58.406749999999995,68.80900000000003
3695,device_05,2025-11-12 22:20:25.033089,0,0,223,25.1,57.5,556.1,508,0.0,57.410833333333336,68.20500000000006
3696,device_02,2025-11-12 22:20:45.039787,0,0,1048,27.5,48.0,791.5,788,0.0,57.143333333333295,67.71375000000008
3697,device_01,2025-11-12 22:20:50.989008,0,0,50,28.5,44.0,722.2,748,0.0,57.041249999999955,67.70666666666669
3698,device_03,2025-11-12 22:21:00.816556,12,13,80,27.5,46.0,664.7,650,0.0,56.54458333333332,67.82083333333334
3699,device_04,2025-11-12 22:21:23.683465,0,0,11,26.7,52.0,766.6,760,0.0,58.406749999999995,68.80900000000004
3700,device_05,2025-11-12 22:21:25.35319,0,0,226,25.1,57.6,570.0,528,0.0,57.41083333333335,68.20500000000004
3701,device_02,2025-11-12 22:21:45.090248,2,2,1050,27.4,48.0,787.2,787,0.0,57.19749999999995,67.69958333333341
3702,device_01,2025-11-12 22:21:50.946979,0,0,49,28.6,44.0,721.3,748,0.0,58.02750000000001,69.14225000000003
3703,device_03,2025-11-12 22:22:00.774622,0,0,78,27.4,46.0,665.3,649,0.0,56.53791666666666,67.80916666666667
3704,device_04,2025-11-12 22:22:23.687617,0,0,12,26.7,52.0,766.6,761,0.0,58.406749999999995,68.80900000000003
3705,device_05,2025-11-12 22:22:25.010161,0,0,222,25.1,57.7,552.4,505,0.0,57.410833333333336,68.20500000000004
3706,device_02,2025-11-12 22:22:45.025878,2,2,1049,27.5,48.0,789.2,787,0.0,57.198749999999954,67.71375000000008
3707,device_01,2025-11-12 22:22:50.978927,0,0,49,28.4,44.0,722.1,748,0.0,57.63724999999997,68.90283333333336
3708,device_03,2025-11-12 22:23:00.767587,0,0,80,27.5,46.0,664.5,647,0.0,56.54458333333332,67.82083333333334
3709,device_04,2025-11-12 22:23:23.732102,0,0,12,26.7,52.0,767.5,760,0.0,58.40675,68.80900000000003
3710,device_05,2025-11-12 22:23:24.998925,0,0,225,25.1,57.8,568.3,518,0.0,57.410833333333336,68.20500000000004
3711,device_02,2025-11-12 22:23:45.073554,0,0,1049,27.4,48.0,790.6,788,0.0,57.19749999999995,67.69958333333341
3712,device_03,2025-11-12 22:24:01.371255,0,0,78,27.5,46.4,663.7,649,0.0,56.54458333333332,67.82083333333335
3713,device_04,2025-11-12 22:24:23.84735,0,0,12,26.7,52.0,766.3,761,0.0,58.406749999999995,68.80900000000003
3714,device_05,2025-11-12 22:24:25.291606,0,0,227,25.1,57.8,578.3,535,0.0,57.410833333333336,68.20500000000004
3715,device_02,2025-11-12 22:24:45.115885,0,0,1054,27.6,48.0,796.5,796,0.0,57.161666666666626,67.71125000000006
3716,device_04,2025-11-12 22:25:23.734437,0,0,12,26.7,52.0,768.0,761,0.0,58.406749999999995,68.80900000000003
3717,device_05,2025-11-12 22:25:26.066428,0,0,224,25.1,57.9,567.6,518,0.0,57.410833333333336,68.20500000000004
3718,device_05,2025-11-12 22:26:25.055957,0,0,226,25.1,57.9,565.5,523,0.0,57.41083333333333,68.20500000000004
3719,device_01,2025-11-12 22:28:51.205231,0,0,44,28.4,45.0,727.8,758,0.0,58.189083333333336,68.92683333333338
3720,device_01,2025-11-12 22:29:50.932504,0,0,50,28.4,45.0,724.1,751,0.0,57.12958333333329,67.70625000000004
3721,device_03,2025-11-12 22:30:01.331614,0,0,71,27.6,47.0,665.7,651,0.0,56.544583333333314,67.82083333333334
3722,device_02,2025-11-12 22:30:45.108573,0,0,1059,27.7,49.0,813.9,817,0.0,57.090833333333286,67.72291666666672
3723,device_01,2025-11-12 22:30:51.593092,0,0,49,28.4,45.0,723.8,750,0.0,57.637249999999966,68.90283333333336
3724,device_03,2025-11-12 22:31:00.866468,0,0,76,27.5,47.0,664.9,649,0.0,56.544583333333314,67.82083333333334
3725,device_04,2025-11-12 22:31:23.813355,0,0,9,26.7,52.0,769.5,764,0.0,58.40675,68.80900000000003
3726,device_02,2025-11-12 22:31:44.909025,0,0,1053,27.5,49.0,789.5,792,0.0,57.198749999999954,67.71375000000008
3727,device_01,2025-11-12 22:31:51.681049,0,0,50,28.3,45.0,723.6,751,0.0,57.142499999999956,67.70125000000003
3728,device_03,2025-11-12 22:32:00.944845,0,0,77,27.5,47.0,662.7,647,0.0,56.585416666666646,67.83958333333334
3729,device_04,2025-11-12 22:32:23.828778,0,0,12,26.7,52.0,764.7,758,0.0,58.40675,68.80608333333338
3730,device_05,2025-11-12 22:32:25.065652,0,0,212,25.2,58.2,566.4,524,0.0,57.410833333333336,68.20500000000004
3731,device_02,2025-11-12 22:32:44.998303,0,0,1051,27.5,49.0,794.7,794,0.0,57.161666666666626,67.71125000000006
3732,device_01,2025-11-12 22:32:51.796832,0,0,50,28.5,45.0,722.4,751,0.0,57.041249999999955,67.70666666666669
3733,device_03,2025-11-12 22:33:00.812174,0,0,78,27.5,47.0,663.9,649,0.0,56.54458333333332,67.82083333333334
3734,device_04,2025-11-12 22:33:23.714538,0,0,12,26.7,52.2,766.0,761,0.0,58.406749999999995,68.80900000000003
3735,device_05,2025-11-12 22:33:25.116296,0,0,221,25.2,58.2,565.3,517,0.0,57.41083333333335,68.20500000000004
3736,device_02,2025-11-12 22:33:44.863195,0,0,1052,27.5,49.0,794.4,793,0.0,57.161666666666626,67.71125000000006
3737,device_01,2025-11-12 22:33:50.947019,0,0,49,28.5,45.0,723.1,751,0.0,57.60233333333332,68.92850000000001
3738,device_03,2025-11-12 22:34:01.515192,0,0,78,27.4,47.0,664.2,646,0.0,56.53791666666666,67.80916666666667
3739,device_04,2025-11-12 22:34:23.988803,0,0,12,26.7,53.0,767.5,760,0.0,58.40675000000001,68.80900000000003
3740,device_05,2025-11-12 22:34:25.257146,0,0,225,25.3,58.1,572.0,529,0.0,57.410833333333336,68.20500000000004
3741,device_02,2025-11-12 22:34:44.91518,0,0,1058,27.5,49.0,804.3,805,0.0,57.13874999999995,67.72000000000007
3742,device_01,2025-11-12 22:34:50.991026,0,0,50,28.4,45.0,723.2,750,0.0,57.12958333333329,67.70625000000003
3743,device_03,2025-11-12 22:35:01.409779,0,0,79,27.4,47.0,664.1,647,0.0,56.53791666666665,67.80916666666667
3744,device_04,2025-11-12 22:35:23.740202,0,0,13,26.7,53.0,767.8,761,0.0,58.40675,68.80900000000003
3745,device_05,2025-11-12 22:35:25.475397,0,0,225,25.3,58.0,569.9,530,0.0,57.410833333333336,68.20500000000004
3746,device_02,2025-11-12 22:35:45.51224,0,0,1051,27.5,49.0,794.9,793,0.0,57.161666666666626,67.71125000000006
3747,device_01,2025-11-12 22:35:50.98206,0,0,50,28.5,45.0,723.9,752,0.0,57.069166666666625,67.70583333333336
3748,device_03,2025-11-12 22:36:01.503282,0,0,79,27.5,47.0,663.5,648,0.0,56.544583333333314,67.82083333333334
3749,device_04,2025-11-12 22:36:23.78671,0,0,12,26.8,53.0,767.1,763,0.0,58.406749999999995,68.88458333333338
3750,device_05,2025-11-12 22:36:25.01574,0,0,227,25.4,57.9,572.4,530,0.0,57.410833333333336,68.20500000000004
3751,device_02,2025-11-12 22:36:44.861965,0,0,1051,27.6,49.0,791.1,791,0.0,57.198749999999954,67.71375000000006
3752,device_01,2025-11-12 22:36:50.982651,0,0,50,28.3,45.0,723.0,750,0.0,57.14249999999995,67.70125000000003
3753,device_03,2025-11-12 22:37:01.407258,0,0,79,27.4,47.0,663.8,648,0.0,56.53791666666665,67.80916666666668
3754,device_04,2025-11-12 22:37:23.786268,0,0,14,27.0,53.0,768.0,761,0.0,58.408833333333334,68.89083333333336
3755,device_05,2025-11-12 22:37:25.026411,0,0,225,25.5,57.7,566.0,524,0.0,57.41083333333335,68.20500000000004
3756,device_02,2025-11-12 22:37:44.837278,0,0,1052,27.5,49.0,794.6,794,0.0,57.16166666666661,67.71125000000008
3757,device_01,2025-11-12 22:37:50.944666,0,0,50,28.5,45.0,724.1,751,0.0,57.041249999999955,67.70666666666669
3758,device_03,2025-11-12 22:38:00.807072,0,0,79,27.7,47.0,663.8,648,0.0,56.54458333333332,67.83458333333334
3759,device_04,2025-11-12 22:38:23.879905,0,0,12,27.1,53.0,767.6,764,0.0,58.408833333333334,68.87500000000003
3760,device_05,2025-11-12 22:38:25.020756,0,0,227,25.5,57.6,578.0,533,0.0,57.410833333333336,68.20500000000004
3761,device_02,2025-11-12 22:38:45.553059,0,0,1055,27.4,49.0,792.8,793,0.0,57.165416666666616,67.69708333333341
3762,device_01,2025-11-12 22:38:51.651215,0,0,50,28.4,45.0,724.0,752,0.0,57.17083333333329,67.70541666666671
3763,device_03,2025-11-12 22:39:00.809965,0,0,79,27.5,47.0,665.4,647,0.0,56.54458333333332,67.82083333333333
3764,device_04,2025-11-12 22:39:23.712242,0,0,12,27.1,53.0,768.3,762,0.0,58.408833333333334,68.87500000000004
3765,device_05,2025-11-12 22:39:25.421745,0,0,227,25.5,57.5,573.6,530,0.0,57.410833333333336,68.20500000000004
3766,device_02,2025-11-12 22:39:44.820984,0,0,1053,27.6,49.0,794.7,797,0.0,57.161666666666626,67.71125000000006
3767,device_01,2025-11-12 22:39:50.961015,0,0,50,28.5,45.0,724.2,750,0.0,57.041249999999955,67.7066666666667
3768,device_03,2025-11-12 22:40:00.999993,0,0,80,27.4,47.0,664.1,647,0.0,56.53791666666666,67.80916666666668
3769,device_04,2025-11-12 22:40:23.785901,0,0,13,27.1,53.0,768.5,763,0.0,58.40883333333332,68.87500000000006
3770,device_05,2025-11-12 22:40:25.013265,0,0,226,25.5,57.5,569.2,529,0.0,57.410833333333336,68.20500000000004
3771,device_02,2025-11-12 22:40:45.81577,0,0,1056,27.3,49.0,798.1,799,0.0,57.168749999999946,67.68958333333342
3772,device_01,2025-11-12 22:40:51.156622,0,0,49,28.6,45.0,721.8,748,0.0,58.0275,69.14225000000003
3773,device_03,2025-11-12 22:41:00.807101,0,0,78,27.5,47.0,662.7,648,0.0,56.58541666666666,67.83958333333335
3774,device_04,2025-11-12 22:41:23.83691,0,0,13,27.1,53.0,767.8,762,0.0,58.408833333333334,68.87500000000004
3775,device_05,2025-11-12 22:41:25.484785,0,0,227,25.5,57.5,580.1,537,0.0,57.410833333333336,68.20500000000004
3776,device_02,2025-11-12 22:41:44.89092,0,0,1058,27.3,49.0,807.4,807,0.0,57.13833333333328,67.70375000000007
3777,device_01,2025-11-12 22:41:51.086964,0,0,50,28.3,45.0,724.0,750,0.0,57.14249999999995,67.70125000000003
3778,device_03,2025-11-12 22:42:00.898593,0,0,79,27.3,47.0,662.8,645,0.0,56.58249999999998,67.81666666666668
3779,device_04,2025-11-12 22:42:23.764195,0,0,12,27.1,53.0,769.5,763,0.0,58.408833333333334,68.87500000000004
3780,device_05,2025-11-12 22:42:25.189071,0,0,224,25.5,57.6,562.2,513,0.0,57.410833333333336,68.20500000000004
3781,device_02,2025-11-12 22:42:45.559469,0,0,1051,27.3,49.0,787.9,786,0.0,57.205833333333274,67.6920833333334
3782,device_01,2025-11-12 22:42:51.531904,0,0,50,28.5,45.0,722.7,749,0.0,57.041249999999955,67.7066666666667
3783,device_03,2025-11-12 22:43:01.34314,0,0,79,27.6,47.0,661.9,646,0.0,56.58541666666665,67.83958333333335
3784,device_04,2025-11-12 22:43:23.881922,0,0,12,27.1,53.0,768.4,763,0.0,58.408833333333334,68.87500000000004
3785,device_05,2025-11-12 22:43:25.043669,0,0,227,25.5,57.7,572.6,528,0.0,57.410833333333336,68.20500000000004
3786,device_02,2025-11-12 22:43:44.906571,0,1,1054,27.3,49.0,797.9,799,0.0,57.16874999999995,67.6895833333334
3787,device_01,2025-11-12 22:43:51.070584,0,0,49,28.6,45.0,723.9,751,0.0,58.0275,69.14225000000003
3788,device_03,2025-11-12 22:44:01.360161,0,0,81,27.2,47.0,666.5,650,0.0,56.586666666666645,67.81083333333333
3789,device_04,2025-11-12 22:44:23.765331,0,0,14,27.1,53.0,767.6,761,0.0,58.408833333333334,68.87500000000004
3790,device_05,2025-11-12 22:44:25.722558,0,0,226,25.5,57.7,570.8,527,0.0,57.41083333333335,68.20500000000004
3791,device_02,2025-11-12 22:44:45.280473,0,0,1055,27.4,49.7,800.8,801,0.0,57.137499999999946,67.69708333333341
3792,device_01,2025-11-12 22:44:51.086777,0,0,50,28.5,45.0,723.4,750,0.0,57.041249999999955,67.70666666666669
3793,device_03,2025-11-12 22:45:01.02716,0,0,80,27.4,47.2,667.0,652,0.0,56.55208333333333,67.82000000000001
3794,device_04,2025-11-12 22:45:23.807462,0,0,12,27.1,53.0,763.9,759,0.0,58.40675000000001,68.87208333333338
3795,device_05,2025-11-12 22:45:25.09151,0,0,226,25.5,57.7,569.7,525,0.0,57.410833333333336,68.20500000000004
3796,device_02,2025-11-12 22:45:44.870536,0,0,1056,27.2,50.0,798.5,801,0.0,57.151249999999955,67.68958333333342
3797,device_01,2025-11-12 22:45:51.031262,10,12,52,28.5,45.0,723.0,750,0.0,56.81458333333328,67.69916666666668
3798,device_03,2025-11-12 22:46:01.666897,0,0,80,27.4,47.9,666.9,651,0.0,56.55208333333332,67.82000000000001
3799,device_04,2025-11-12 22:46:23.779305,0,0,14,27.1,53.0,766.7,760,0.0,58.408833333333334,68.87500000000003
3800,device_05,2025-11-12 22:46:25.237773,0,0,228,25.5,57.9,573.4,529,0.0,57.41083333333335,68.20500000000004
3801,device_02,2025-11-12 22:46:45.431863,0,0,1052,27.4,50.0,797.2,796,0.0,57.16041666666661,67.69708333333341
3802,device_01,2025-11-12 22:46:50.964029,10,12,53,28.5,45.0,718.9,744,0.0,56.804166666666625,67.70625000000003
3803,device_03,2025-11-12 22:47:00.884848,0,0,80,27.4,48.0,666.9,654,0.0,56.55208333333332,67.82
3804,device_04,2025-11-12 22:47:23.899944,0,0,13,27.1,53.0,766.3,762,0.0,58.40883333333332,68.87500000000004
3805,device_05,2025-11-12 22:47:25.089576,0,0,230,25.4,58.1,577.3,533,0.0,57.410833333333336,68.20500000000004
3806,device_02,2025-11-12 22:47:45.526971,0,0,1055,27.5,50.0,799.0,802,0.0,57.14416666666662,67.71125000000006
3807,device_01,2025-11-12 22:47:50.944824,0,0,55,28.5,45.7,722.7,751,0.0,56.81458333333328,67.80750000000002
3808,device_03,2025-11-12 22:48:01.227895,0,0,80,27.5,48.0,667.6,653,0.0,56.55874999999999,67.83166666666666
3809,device_05,2025-11-12 22:48:25.092682,0,0,232,25.4,58.2,586.4,551,0.0,57.41083333333335,68.20500000000006
3810,device_04,2025-11-12 22:48:25.469772,10,10,14,27.1,53.0,766.7,760,0.0,58.408833333333334,68.87500000000003
3811,device_02,2025-11-12 22:48:44.888973,0,0,1060,27.4,50.0,804.3,807,0.0,57.137499999999946,67.70458333333342
3812,device_01,2025-11-12 22:48:51.209779,0,0,54,28.5,46.0,721.7,748,0.0,56.8145833333333,67.80875000000003
3813,device_03,2025-11-12 22:49:02.08941,0,0,80,27.5,48.0,665.8,652,0.0,56.54458333333332,67.82083333333334
3814,device_04,2025-11-12 22:49:23.944244,10,10,15,27.1,53.0,771.5,768,0.0,58.408833333333334,68.87500000000004
3815,device_05,2025-11-12 22:49:25.157424,0,0,231,25.4,58.3,579.4,539,0.0,57.410833333333336,68.20500000000004
3816,device_02,2025-11-12 22:49:44.93224,0,0,1059,27.5,50.0,807.4,811,0.0,57.131249999999966,67.72541666666673
3817,device_01,2025-11-12 22:49:50.961727,0,0,54,28.5,46.0,724.5,754,0.0,56.84291666666663,67.80333333333336
3818,device_03,2025-11-12 22:50:00.939008,0,0,80,27.5,48.0,668.4,654,0.0,56.55874999999999,67.83166666666668
3819,device_04,2025-11-12 22:50:24.125669,0,0,14,27.1,53.0,771.1,769,0.0,58.408833333333334,68.87500000000003
3820,device_05,2025-11-12 22:50:25.235757,0,0,229,25.4,58.3,577.1,531,0.0,57.410833333333336,68.20500000000006
3821,device_02,2025-11-12 22:50:45.133331,0,0,1055,27.4,50.0,803.8,805,0.0,57.137499999999946,67.70583333333342
3822,device_01,2025-11-12 22:50:51.080098,0,0,54,28.6,46.0,723.8,748,0.0,57.242249999999984,68.07458333333336
3823,device_03,2025-11-12 22:51:01.508782,0,0,80,27.6,48.0,667.3,656,0.0,56.603749999999984,67.83166666666668
3824,device_04,2025-11-12 22:51:24.44036,0,0,15,27.1,53.0,773.0,768,0.0,58.408833333333334,68.87500000000004
3825,device_05,2025-11-12 22:51:25.38379,0,0,229,25.4,58.4,581.9,538,0.0,57.410833333333336,68.20500000000004
3826,device_02,2025-11-12 22:51:45.133265,0,0,1057,27.6,50.0,809.6,811,0.0,57.09624999999995,67.72541666666672
3827,device_01,2025-11-12 22:51:51.005409,0,0,54,28.5,46.0,723.2,749,0.0,56.814583333333296,67.80875000000003
3828,device_03,2025-11-12 22:52:01.533619,0,0,81,27.6,48.0,664.3,650,0.0,56.54458333333333,67.82083333333334
3829,device_04,2025-11-12 22:52:24.390207,0,0,13,27.1,53.0,773.9,770,0.0,58.408833333333334,68.87375000000004
3830,device_05,2025-11-12 22:52:25.075289,0,0,228,25.4,58.4,581.3,537,0.0,57.410833333333336,68.20500000000004
3831,device_02,2025-11-12 22:52:45.623071,0,0,1047,27.4,50.0,789.1,784,0.0,57.19749999999995,67.69958333333341
3832,device_01,2025-11-12 22:52:50.934287,0,0,53,28.5,46.0,718.2,743,0.0,56.8058333333333,67.71208333333335
3833,device_03,2025-11-12 22:53:00.875746,0,0,80,27.5,48.0,671.2,657,0.0,56.598333333333315,67.82666666666667
3834,device_04,2025-11-12 22:53:23.775125,0,0,14,27.1,53.0,772.4,765,0.0,58.408833333333334,68.87500000000004
3835,device_05,2025-11-12 22:53:25.301263,0,0,233,25.4,58.5,578.1,535,0.0,57.410833333333336,68.20500000000004
3836,device_02,2025-11-12 22:53:44.906959,0,0,1043,27.4,50.0,781.2,779,0.0,57.223749999999946,67.71250000000008
3837,device_01,2025-11-12 22:53:50.970901,0,0,55,28.5,46.0,725.3,753,0.0,56.84291666666663,67.80666666666667
3838,device_03,2025-11-12 22:54:00.895778,0,0,81,27.4,48.0,671.0,655,0.0,56.56666666666666,67.825
3839,device_04,2025-11-12 22:54:24.141797,0,0,15,27.1,53.0,777.6,773,0.0,58.408833333333334,68.87375000000003
3840,device_05,2025-11-12 22:54:25.075567,0,0,237,25.4,58.5,579.9,535,0.0,57.41083333333333,68.20500000000004
3841,device_02,2025-11-12 22:54:45.167439,0,0,1045,27.5,50.0,781.4,781,0.0,57.22499999999995,67.72666666666674
3842,device_01,2025-11-12 22:54:51.117584,0,0,55,28.5,46.0,728.2,757,0.0,56.84291666666663,67.80666666666669
3843,device_03,2025-11-12 22:55:03.187557,0,0,81,27.3,48.0,669.0,653,0.0,56.57041666666665,67.81083333333333
3844,device_04,2025-11-12 22:55:24.556297,0,0,15,27.1,53.0,778.3,776,0.0,58.408833333333334,68.87375000000004
3845,device_05,2025-11-12 22:55:25.467128,0,0,238,25.5,58.5,580.3,539,0.0,57.410833333333336,68.20500000000004
3846,device_02,2025-11-12 22:55:44.897273,0,0,1041,27.4,50.0,780.1,776,0.0,57.22374999999994,67.71250000000008
3847,device_01,2025-11-12 22:55:50.970165,0,0,55,28.4,46.0,727.6,757,0.0,56.95416666666663,67.81666666666669
3848,device_04,2025-11-12 22:56:23.77284,0,0,15,27.1,53.0,775.3,771,0.0,58.408833333333334,68.87375000000003
3849,device_05,2025-11-12 22:56:25.177962,0,0,241,25.5,58.6,583.7,541,0.0,57.410833333333336,68.20500000000004
3850,device_02,2025-11-12 22:56:44.890264,0,0,1047,27.6,50.0,788.4,789,0.0,57.198749999999954,67.71375000000006
3851,device_01,2025-11-12 22:56:51.274581,0,0,56,28.4,46.0,730.3,761,0.0,56.973749999999974,67.82666666666668
3852,device_03,2025-11-12 22:57:01.133817,0,0,81,27.2,48.0,664.1,651,0.0,56.54708333333331,67.80000000000001
3853,device_04,2025-11-12 22:57:23.961315,0,0,16,27.1,53.0,777.1,775,0.0,58.408833333333334,68.87375000000004
3854,device_05,2025-11-12 22:57:25.130299,0,0,239,25.5,58.6,580.7,536,0.0,57.410833333333336,68.20500000000004
3855,device_02,2025-11-12 22:57:45.020967,0,0,1044,27.5,50.0,781.8,781,0.0,57.22499999999995,67.72666666666673
3856,device_01,2025-11-12 22:57:51.129309,8,8,55,28.5,46.0,729.3,758,0.0,56.84374999999997,67.80666666666669
3857,device_03,2025-11-12 22:58:01.265851,0,0,82,27.3,48.0,668.4,656,0.0,56.60083333333332,67.81083333333335
3858,device_04,2025-11-12 22:58:23.858423,0,0,16,27.1,53.0,776.3,777,0.0,58.408833333333334,68.87375000000003
3859,device_05,2025-11-12 22:58:25.224778,0,0,242,25.5,58.7,588.0,548,0.0,57.41083333333335,68.20500000000004
3860,device_02,2025-11-12 22:58:44.972899,0,0,1044,27.4,50.0,783.5,782,0.0,57.223749999999946,67.71250000000008
3861,device_01,2025-11-12 22:58:51.226559,0,0,56,28.4,46.0,730.7,760,0.0,56.976249999999965,67.82666666666668
3862,device_03,2025-11-12 22:59:04.425477,0,0,81,27.5,48.0,668.5,652,0.0,56.55874999999999,67.83166666666666
3863,device_04,2025-11-12 22:59:23.792917,0,0,15,27.1,53.0,778.7,774,0.0,58.408833333333334,68.87375000000004
3864,device_05,2025-11-12 22:59:25.270254,0,0,243,25.5,58.7,587.1,547,0.0,57.410833333333336,68.20500000000003
3865,device_02,2025-11-12 22:59:45.485892,0,0,1047,27.4,50.3,787.2,791,0.0,57.19749999999995,67.69958333333341
3866,device_01,2025-11-12 22:59:51.188142,0,0,56,28.5,46.0,731.1,759,0.0,56.84416666666663,67.81083333333336
3867,device_03,2025-11-12 23:00:01.281502,9,11,81,27.3,48.0,671.5,658,0.0,56.595416666666644,67.80583333333334
3868,device_04,2025-11-12 23:00:23.960645,9,10,15,27.1,53.0,778.8,776,0.0,58.408833333333334,68.87375000000003
3869,device_05,2025-11-12 23:00:25.135087,0,0,243,25.5,58.8,586.4,546,0.0,57.410833333333336,68.20500000000006
3870,device_02,2025-11-12 23:00:44.905757,0,0,1041,27.4,51.0,787.2,781,0.0,57.19749999999995,67.69958333333341
3871,device_01,2025-11-12 23:00:51.513347,0,0,55,28.5,46.0,730.4,761,0.0,56.84333333333329,67.81666666666669
3872,device_03,2025-11-12 23:01:01.519164,0,0,83,27.4,48.0,671.9,659,0.0,56.591666666666654,67.815
3873,device_04,2025-11-12 23:01:23.999696,0,0,16,27.1,53.6,780.3,778,0.0,58.40883333333334,68.87375000000003
3874,device_05,2025-11-12 23:01:25.079144,0,0,244,25.5,59.0,591.0,552,0.0,57.41083333333333,68.20500000000004
3875,device_02,2025-11-12 23:01:45.010331,0,0,1043,27.5,51.0,784.9,787,0.0,57.198749999999954,67.71375000000006
3876,device_01,2025-11-12 23:01:51.340829,0,0,55,28.5,46.0,731.2,761,0.0,56.844166666666645,67.81666666666669
3877,device_03,2025-11-12 23:02:01.675573,0,0,82,27.5,48.0,670.5,656,0.0,56.61833333333332,67.83666666666667
3878,device_04,2025-11-12 23:02:23.797621,0,0,14,27.1,54.0,780.7,778,0.0,58.408833333333334,68.87375000000003
3879,device_05,2025-11-12 23:02:25.490502,0,0,243,25.5,59.0,589.6,550,0.0,57.410833333333336,68.20500000000004
3880,device_02,2025-11-12 23:02:45.124554,0,0,1043,27.3,51.0,789.1,787,0.0,57.205833333333274,67.69208333333341
3881,device_01,2025-11-12 23:02:51.099195,0,0,55,28.5,46.0,732.4,760,0.0,56.84416666666663,67.81666666666668
3882,device_03,2025-11-12 23:03:01.133944,0,0,82,27.4,48.0,673.1,655,0.0,56.60208333333331,67.84000000000002
3883,device_04,2025-11-12 23:03:23.932986,0,0,14,27.1,54.0,780.4,779,0.0,58.408833333333334,68.87375000000003
3884,device_05,2025-11-12 23:03:25.106833,0,0,243,25.5,59.2,588.8,548,0.0,57.410833333333336,68.20500000000004
3885,device_02,2025-11-12 23:03:45.028622,0,0,1040,27.4,51.0,786.5,783,0.0,57.197499999999955,67.69958333333341
3886,device_01,2025-11-12 23:03:51.114104,0,0,57,28.5,46.0,731.9,762,0.0,56.84416666666663,67.81666666666669
3887,device_03,2025-11-12 23:04:01.466715,0,0,82,27.5,48.0,673.2,657,0.0,56.633749999999964,67.84166666666668
3888,device_04,2025-11-12 23:04:24.062162,0,0,16,27.1,54.0,781.7,780,0.0,58.408833333333334,68.87375000000004
3889,device_05,2025-11-12 23:04:25.395441,0,0,244,25.5,59.4,591.4,550,0.0,57.41083333333335,68.20500000000004
3890,device_02,2025-11-12 23:04:45.125829,0,0,1045,27.5,51.0,790.3,791,0.0,57.198749999999954,67.71375000000006
3891,device_01,2025-11-12 23:04:51.558737,0,0,56,28.5,46.0,733.7,763,0.0,56.84416666666663,67.81666666666669
3892,device_03,2025-11-12 23:05:05.146274,9,9,82,27.5,48.7,674.0,661,0.0,56.64416666666664,67.84166666666668
3893,device_04,2025-11-12 23:05:23.916853,0,0,15,27.1,54.0,783.3,780,0.0,58.408833333333334,68.87375000000003
3894,device_05,2025-11-12 23:05:25.388794,0,0,244,25.5,59.4,590.8,551,0.0,57.410833333333336,68.20500000000006
3895,device_02,2025-11-12 23:05:44.910057,0,0,1047,27.5,51.0,792.4,789,0.0,57.16666666666662,67.71375000000006
3896,device_01,2025-11-12 23:05:51.07712,0,0,56,28.3,46.0,731.9,763,0.0,57.00666666666663,67.82083333333335
3897,device_03,2025-11-12 23:06:02.03909,9,9,82,27.3,49.0,672.5,654,0.0,56.6058333333333,67.83083333333335
3898,device_04,2025-11-12 23:06:24.042649,0,0,14,27.1,54.0,781.8,779,0.0,58.408833333333334,68.87375000000003
3899,device_05,2025-11-12 23:06:25.134103,10,10,243,25.6,59.4,588.5,547,0.0,57.410833333333336,68.20500000000004
3900,device_02,2025-11-12 23:06:45.425667,0,0,1043,27.4,51.0,790.6,793,0.0,57.19749999999995,67.69958333333341
3901,device_01,2025-11-12 23:06:51.786798,0,0,57,28.5,46.0,732.2,763,0.0,56.844166666666624,67.81666666666669
3902,device_03,2025-11-12 23:07:01.32982,0,0,82,27.5,49.0,675.1,663,0.0,56.72541666666664,67.85833333333335
3903,device_04,2025-11-12 23:07:23.797883,0,0,15,27.1,54.0,783.8,781,0.0,58.408833333333334,68.87375000000003
3904,device_05,2025-11-12 23:07:25.228408,0,0,245,25.6,59.5,591.6,550,0.0,57.410833333333336,68.20500000000004
3905,device_02,2025-11-12 23:07:44.976021,0,0,1044,27.5,51.0,796.0,794,0.0,57.161666666666626,67.71125000000008
3906,device_01,2025-11-12 23:07:51.150151,0,0,56,28.5,46.0,734.0,763,0.0,56.84416666666663,67.81666666666669
3907,device_03,2025-11-12 23:08:01.447542,0,0,81,27.7,49.0,675.1,662,0.0,56.662083333333314,67.85458333333335
3908,device_04,2025-11-12 23:08:23.768075,0,0,15,27.1,54.0,782.3,779,0.0,58.40883333333332,68.87375000000003
3909,device_05,2025-11-12 23:08:25.101731,0,0,244,25.6,59.5,591.5,553,0.0,57.410833333333336,68.20500000000004
3910,device_02,2025-11-12 23:08:45.108299,0,0,1047,27.5,51.0,799.8,799,0.0,57.14416666666662,67.71125000000008
3911,device_01,2025-11-12 23:08:51.501862,0,0,56,28.4,46.0,733.6,764,0.0,56.9870833333333,67.81708333333336
3912,device_03,2025-11-12 23:09:00.919597,0,0,83,27.4,49.0,675.5,661,0.0,56.671666666666646,67.83333333333334
3913,device_04,2025-11-12 23:09:23.77003,0,0,14,27.1,54.0,783.6,782,0.0,58.40883333333334,68.87375000000004
3914,device_05,2025-11-12 23:09:25.219264,0,0,244,25.6,59.5,591.6,553,0.0,57.410833333333336,68.20500000000004
3915,device_02,2025-11-12 23:09:44.89112,0,0,1046,27.5,51.0,794.5,794,0.0,57.161666666666626,67.71125000000006
3916,device_01,2025-11-12 23:09:50.998489,0,0,57,28.5,46.0,734.4,765,0.0,56.84416666666663,67.80708333333335
3917,device_03,2025-11-12 23:10:00.957822,0,0,82,27.2,49.0,676.4,663,0.0,56.702916666666624,67.8279166666667
3918,device_04,2025-11-12 23:10:23.945917,0,0,15,27.1,54.0,784.4,781,0.0,58.39258333333332,68.85500000000003
3919,device_05,2025-11-12 23:10:25.135103,0,0,245,25.7,59.5,591.5,552,0.0,57.410833333333336,68.20500000000004
3920,device_02,2025-11-12 23:10:45.115905,0,0,1048,27.3,51.0,797.3,796,0.0,57.168749999999946,67.68958333333342
3921,device_01,2025-11-12 23:10:51.137959,0,0,57,28.4,46.0,734.7,766,0.0,57.0445833333333,67.81708333333336
3922,device_03,2025-11-12 23:11:01.140277,0,0,82,27.5,49.0,676.2,662,0.0,56.664166666666645,67.8441666666667
3923,device_04,2025-11-12 23:11:23.932649,0,0,15,27.1,54.0,784.9,781,0.0,58.39258333333332,68.85500000000003
3924,device_05,2025-11-12 23:11:25.080229,0,0,244,25.7,59.5,592.0,553,0.0,57.410833333333336,68.20500000000004
3925,device_02,2025-11-12 23:11:45.037262,0,0,1046,27.4,51.0,796.2,799,0.0,57.16041666666661,67.69708333333341
3926,device_01,2025-11-12 23:11:51.017697,0,0,56,28.3,46.0,734.7,765,0.0,57.079166666666644,67.81125000000002
3927,device_03,2025-11-12 23:12:01.044092,0,0,81,27.5,49.0,671.7,659,0.0,56.59833333333332,67.82666666666667
3928,device_04,2025-11-12 23:12:23.877041,0,0,15,27.1,54.0,786.2,784,0.0,58.39258333333332,68.85500000000003
3929,device_05,2025-11-12 23:12:25.104717,13,13,245,25.7,59.5,592.9,554,0.0,57.410833333333336,68.20500000000004
3930,device_02,2025-11-12 23:12:45.131355,0,0,1051,27.4,51.0,802.4,804,0.0,57.13749999999995,67.70583333333342
3931,device_01,2025-11-12 23:12:51.764917,0,0,57,28.2,46.0,736.3,766,0.0,57.1070833333333,67.81125000000002
3932,device_03,2025-11-12 23:13:00.855257,0,0,82,27.2,49.0,674.8,661,0.0,56.67374999999996,67.82083333333335
3933,device_04,2025-11-12 23:13:23.800879,0,0,15,27.1,54.0,787.1,785,0.0,58.392583333333334,68.85500000000003
3934,device_05,2025-11-12 23:13:25.382376,0,0,245,25.7,59.5,594.5,555,0.0,57.41083333333333,68.20500000000004
3935,device_02,2025-11-12 23:13:45.052623,0,0,1046,27.4,51.0,799.7,801,0.0,57.142916666666615,67.69708333333341
3936,device_01,2025-11-12 23:13:51.022573,0,0,56,28.4,46.2,736.0,767,0.0,57.08833333333331,67.81708333333336
3937,device_03,2025-11-12 23:14:00.915295,0,0,82,27.4,49.0,676.9,663,0.0,56.693749999999966,67.83708333333337
3938,device_04,2025-11-12 23:14:23.810644,0,0,15,27.1,54.0,785.3,785,0.0,58.392583333333334,68.85500000000003
3939,device_05,2025-11-12 23:14:25.152227,0,0,243,25.7,59.5,594.2,556,0.0,57.410833333333336,68.20500000000004
3940,device_02,2025-11-12 23:14:45.532483,0,0,1047,27.5,51.0,801.9,802,0.0,57.13874999999995,67.72125000000007
3941,device_01,2025-11-12 23:14:51.18971,0,0,56,28.5,46.7,736.8,768,0.0,56.90458333333331,67.80708333333335
3942,device_03,2025-11-12 23:15:01.048675,0,0,82,27.5,49.0,676.3,665,0.0,56.700833333333314,67.84875000000002
3943,device_04,2025-11-12 23:15:23.806286,0,0,14,27.1,54.0,788.3,787,0.0,58.39258333333332,68.85500000000003
3944,device_05,2025-11-12 23:15:25.14604,0,0,244,25.8,59.4,596.2,555,0.0,57.41083333333333,68.20500000000004
3945,device_02,2025-11-12 23:15:45.032531,0,0,1050,27.4,51.0,803.2,805,0.0,57.137499999999946,67.70583333333339
3946,device_01,2025-11-12 23:15:51.025765,0,0,56,28.5,46.7,737.0,769,0.0,56.90458333333331,67.80625000000002
3947,device_03,2025-11-12 23:16:00.914987,0,0,81,27.5,49.0,677.4,666,0.0,56.72583333333331,67.84875000000004
3948,device_04,2025-11-12 23:16:23.816456,0,0,15,27.1,54.0,788.5,787,0.0,58.392583333333334,68.85500000000003
3949,device_05,2025-11-12 23:16:25.084691,0,0,244,25.8,59.4,596.1,556,0.0,57.410833333333336,68.20500000000004
3950,device_02,2025-11-12 23:16:45.616104,0,0,1046,27.5,51.1,798.2,802,0.0,57.161666666666626,67.71125000000006
3951,device_01,2025-11-12 23:16:51.494319,0,0,56,29.4,46.1,737.0,766,0.0,57.47974999999999,68.09275000000004
3952,device_03,2025-11-12 23:17:00.974322,0,0,80,27.5,49.0,678.6,664,0.0,56.67624999999998,67.83250000000002
3953,device_04,2025-11-12 23:17:23.909247,0,0,15,27.1,54.0,788.0,786,0.0,58.392583333333334,68.85500000000003
3954,device_05,2025-11-12 23:17:25.11691,11,13,243,25.8,59.3,594.9,556,0.0,57.410833333333336,68.20500000000004
3955,device_02,2025-11-12 23:17:44.908066,0,0,1046,27.5,51.2,800.9,800,0.0,57.13874999999995,67.71125000000006
3956,device_01,2025-11-12 23:17:51.338681,0,0,57,29.4,46.0,736.9,770,0.0,57.47974999999999,68.08575000000003
3957,device_03,2025-11-12 23:18:01.190433,0,0,80,27.5,49.0,678.4,666,0.0,56.70124999999998,67.83250000000004
3958,device_04,2025-11-12 23:18:23.811574,0,0,16,27.2,54.0,788.4,786,0.0,58.37675000000001,68.85708333333336
3959,device_05,2025-11-12 23:18:25.140678,11,13,243,25.8,59.2,598.1,558,0.0,57.41083333333335,68.20500000000004
3960,device_02,2025-11-12 23:18:45.447196,0,0,1050,27.3,51.1,802.6,807,0.0,57.14583333333328,67.69708333333341
3961,device_01,2025-11-12 23:18:51.10053,0,0,56,29.5,46.0,737.1,767,0.0,57.47766666666666,68.09275000000004
3962,device_03,2025-11-12 23:19:01.216494,0,0,80,27.5,49.0,677.2,666,0.0,56.72583333333331,67.84875000000002
3963,device_04,2025-11-12 23:19:24.047969,0,0,16,27.4,54.0,789.6,788,0.0,58.37258333333333,68.85708333333338
3964,device_05,2025-11-12 23:19:25.329135,0,0,240,25.8,59.2,594.8,556,0.0,57.41083333333335,68.20500000000004
3965,device_02,2025-11-12 23:19:44.986924,0,0,1049,27.4,51.0,803.5,807,0.0,57.137499999999946,67.7045833333334
3966,device_01,2025-11-12 23:19:51.015132,0,0,55,29.5,46.0,738.1,770,0.0,57.465166666666654,68.09150000000004
3967,device_03,2025-11-12 23:20:00.997238,0,0,81,27.7,49.0,676.4,663,0.0,56.70083333333329,67.85833333333336
3968,device_04,2025-11-12 23:20:24.093403,0,0,16,27.6,54.0,789.7,790,0.0,58.36425000000001,68.86875000000005
3969,device_05,2025-11-12 23:20:25.362799,0,0,244,25.8,59.3,596.0,556,0.0,57.41083333333335,68.20500000000004
3970,device_02,2025-11-12 23:20:45.181183,0,0,1050,27.6,51.1,808.0,810,0.0,57.13124999999995,67.72541666666672
3971,device_01,2025-11-12 23:20:51.025293,0,0,57,29.4,46.0,739.1,770,0.0,57.465166666666654,68.0849166666667
3972,device_03,2025-11-12 23:21:01.097188,0,0,80,27.4,49.0,677.9,666,0.0,56.71874999999997,67.83708333333337
3973,device_04,2025-11-12 23:21:23.845478,0,0,14,27.6,54.0,785.2,786,0.0,58.36425,68.86875000000003
3974,device_05,2025-11-12 23:21:25.312423,0,0,245,25.8,59.3,600.1,563,0.0,57.410833333333336,68.20500000000004
3975,device_02,2025-11-12 23:21:44.90513,0,0,1047,27.4,51.8,801.9,804,0.0,57.137499999999946,67.70708333333341
3976,device_01,2025-11-12 23:21:50.948081,0,0,57,29.3,46.0,738.2,770,0.0,57.465166666666654,68.0849166666667
3977,device_03,2025-11-12 23:22:01.439,9,9,80,27.4,49.0,679.4,668,0.0,56.6683333333333,67.8216666666667
3978,device_04,2025-11-12 23:22:23.836043,0,0,14,27.6,54.0,786.7,787,0.0,58.36425,68.86875000000003
3979,device_05,2025-11-12 23:22:25.147881,0,0,243,25.8,59.3,597.1,558,0.0,57.410833333333336,68.20500000000004
3980,device_02,2025-11-12 23:22:45.061085,0,0,1046,27.5,52.0,802.7,805,0.0,57.13874999999995,67.72000000000007
3981,device_01,2025-11-12 23:22:51.547848,0,0,56,29.2,46.0,736.9,769,0.0,57.479749999999996,68.09358333333337
3982,device_03,2025-11-12 23:23:00.912488,0,0,80,27.5,49.0,678.9,665,0.0,56.64124999999997,67.83250000000004
3983,device_04,2025-11-12 23:23:23.80932,0,0,16,27.6,54.0,788.9,789,0.0,58.36425,68.86875000000003
3984,device_05,2025-11-12 23:23:25.251363,0,0,246,25.9,59.3,598.9,559,0.0,57.41083333333333,68.20625000000004
3985,device_02,2025-11-12 23:23:45.064918,0,0,1050,27.5,52.0,803.0,808,0.0,57.13874999999995,67.71875000000006
3986,device_03,2025-11-12 23:24:00.874755,0,0,81,27.7,49.0,680.5,667,0.0,56.39708333333329,67.83500000000002
3987,device_04,2025-11-12 23:24:23.853064,0,0,15,27.6,54.0,792.0,789,0.0,58.30591666666668,68.86875000000003
3988,device_05,2025-11-12 23:24:25.208426,0,0,245,25.9,59.3,597.8,560,0.0,57.410833333333336,68.20625000000004
3989,device_02,2025-11-12 23:24:44.917254,0,0,1049,27.6,52.0,806.7,807,0.0,57.13124999999995,67.72541666666672
3990,device_04,2025-11-12 23:25:23.848141,0,0,16,27.6,54.0,792.0,789,0.0,58.30591666666667,68.86875000000003
3991,device_05,2025-11-12 23:25:25.129433,0,0,243,25.9,59.3,598.2,560,0.0,57.41083333333335,68.20625000000004
3992,device_05,2025-11-12 23:26:25.600855,0,0,244,25.9,59.4,597.0,557,0.0,57.41083333333336,68.20625000000004
3993,device_01,2025-11-12 23:28:51.017512,0,0,50,29.4,46.0,746.3,780,0.0,57.68641666666665,67.9981666666667
3994,device_01,2025-11-12 23:29:50.943638,0,0,55,29.5,46.0,741.3,775,0.0,57.465166666666654,68.0906666666667
3995,device_03,2025-11-12 23:30:00.902207,0,0,71,27.5,49.0,683.9,672,0.0,56.43583333333331,67.81125000000004
3996,device_02,2025-11-12 23:30:45.521334,0,0,1056,27.6,52.0,826.2,833,0.0,57.131249999999945,67.68666666666674
3997,device_01,2025-11-12 23:30:50.947536,0,0,56,29.3,46.0,741.0,773,0.0,57.46516666666666,68.0906666666667
3998,device_03,2025-11-12 23:31:01.059677,0,0,76,27.5,49.0,683.4,673,0.0,56.403333333333315,67.81208333333338
3999,device_04,2025-11-12 23:31:23.820519,0,0,13,27.6,54.0,793.0,794,0.0,58.32383333333333,68.86625000000004
4000,device_02,2025-11-12 23:31:44.896214,0,0,1049,27.5,52.0,807.9,814,0.0,57.13124999999995,67.72541666666673
4001,device_01,2025-11-12 23:31:51.043834,0,0,56,29.3,46.0,741.6,774,0.0,57.46516666666666,68.0906666666667
4002,device_03,2025-11-12 23:32:00.934214,9,9,79,27.3,49.0,683.2,673,0.0,56.39999999999996,67.79208333333338
4003,device_04,2025-11-12 23:32:23.760918,0,0,15,27.6,54.0,792.2,790,0.0,58.32383333333334,68.86875000000003
4004,device_05,2025-11-12 23:32:25.173284,0,0,232,26.0,59.2,599.9,561,0.0,57.42833333333334,68.21458333333338
4005,device_02,2025-11-12 23:32:44.930996,0,0,1049,27.5,52.0,806.8,808,0.0,57.13124999999995,67.72541666666672
4006,device_01,2025-11-12 23:32:51.196632,0,0,56,29.6,46.0,740.0,772,0.0,57.465166666666654,68.0919166666667
4007,device_03,2025-11-12 23:33:00.883552,0,0,78,27.3,49.0,683.2,673,0.0,56.39999999999996,67.79208333333338
4008,device_04,2025-11-12 23:33:24.123616,0,0,15,27.6,54.0,791.8,790,0.0,58.30591666666668,68.86875000000005
4009,device_05,2025-11-12 23:33:25.115808,0,0,240,26.0,59.2,601.7,565,0.0,57.42833333333335,68.21458333333338
4010,device_02,2025-11-12 23:33:45.047876,0,0,1046,27.6,52.0,805.6,807,0.0,57.13874999999995,67.71875000000006
4011,device_01,2025-11-12 23:33:51.473441,0,0,56,29.5,46.0,742.1,774,0.0,57.488916666666654,68.0906666666667
4012,device_03,2025-11-12 23:34:00.937406,0,0,80,27.4,49.0,683.5,670,0.0,56.43416666666664,67.80041666666672
4013,device_04,2025-11-12 23:34:23.862926,0,0,15,27.6,54.0,791.2,790,0.0,58.36425,68.86875000000003
4014,device_05,2025-11-12 23:34:25.170013,0,0,243,26.0,59.2,603.6,567,0.0,57.42833333333333,68.21458333333338
4015,device_02,2025-11-12 23:34:45.048804,0,0,1048,27.4,52.0,807.9,810,0.0,57.129999999999946,67.71125000000008
4016,device_01,2025-11-12 23:34:51.635582,0,0,55,29.2,46.0,740.2,773,0.0,57.465166666666654,68.0906666666667
4017,device_03,2025-11-12 23:35:01.04767,0,0,80,27.3,49.0,685.2,674,0.0,56.422916666666644,67.80583333333338
4018,device_04,2025-11-12 23:35:23.900186,0,0,15,27.6,54.0,794.1,792,0.0,58.31633333333334,68.86625000000004
4019,device_05,2025-11-12 23:35:25.810164,0,0,244,26.1,59.3,604.9,567,0.0,57.39708333333335,68.33875000000003
4020,device_02,2025-11-12 23:35:44.888916,0,0,1051,27.8,51.7,807.2,813,0.0,57.13124999999995,67.75208333333339
4021,device_01,2025-11-12 23:35:50.984298,0,0,56,29.4,46.0,742.7,773,0.0,57.488916666666654,68.0906666666667
4022,device_03,2025-11-12 23:36:00.885369,0,0,80,27.5,49.0,684.0,671,0.0,56.43583333333331,67.81125000000003
4023,device_04,2025-11-12 23:36:23.91027,0,0,15,27.6,54.0,793.7,793,0.0,58.32383333333333,68.86625000000004
4024,device_05,2025-11-12 23:36:25.186411,0,0,245,26.1,59.3,605.8,567,0.0,57.39708333333334,68.33875000000005
4025,device_02,2025-11-12 23:36:45.652527,0,0,1054,28.3,51.0,811.2,822,0.0,57.04666666666662,67.76958333333337
4026,device_01,2025-11-12 23:36:50.939533,0,0,56,29.4,46.0,743.4,775,0.0,57.46266666666666,68.0906666666667
4027,device_03,2025-11-12 23:37:03.999122,0,0,80,27.5,49.6,683.2,669,0.0,56.44124999999998,67.81833333333337
4028,device_04,2025-11-12 23:37:23.932259,0,0,16,27.6,54.0,793.2,793,0.0,58.32383333333333,68.86625000000005
4029,device_05,2025-11-12 23:37:25.111495,0,0,246,26.1,59.3,604.9,567,0.0,57.39708333333335,68.33875000000005
4030,device_02,2025-11-12 23:37:44.952406,0,0,1051,28.5,51.0,814.2,817,0.0,56.763749999999945,67.71583333333338
4031,device_01,2025-11-12 23:37:50.931794,0,0,56,29.4,46.0,743.2,776,0.0,57.46266666666666,68.0906666666667
4032,device_03,2025-11-12 23:38:01.408395,10,12,81,27.4,50.0,685.4,675,0.0,56.43833333333331,67.81500000000005
4033,device_04,2025-11-12 23:38:23.86492,0,0,15,27.6,54.0,793.9,793,0.0,58.31633333333333,68.86625000000005
4034,device_05,2025-11-12 23:38:25.12344,0,0,246,26.1,59.4,603.4,569,0.0,57.39708333333335,68.33875000000005
4035,device_02,2025-11-12 23:38:44.891632,0,0,1048,28.5,51.0,813.0,816,0.0,56.765833333333276,67.73333333333339
4036,device_01,2025-11-12 23:38:51.01623,0,0,57,29.4,46.0,742.9,777,0.0,57.488916666666654,68.08408333333337
4037,device_03,2025-11-12 23:39:01.119469,0,0,80,27.4,50.0,682.0,671,0.0,56.43416666666664,67.80041666666672
4038,device_04,2025-11-12 23:39:24.519416,0,0,15,27.6,54.9,794.9,796,0.0,58.32758333333333,68.86625000000004
4039,device_05,2025-11-12 23:39:25.097161,0,0,246,26.2,59.4,606.1,566,0.0,57.36541666666667,68.33833333333335
4040,device_02,2025-11-12 23:39:44.972605,0,0,1049,28.5,51.0,809.9,815,0.0,56.768749999999955,67.74500000000006
4041,device_01,2025-11-12 23:39:51.076072,0,0,57,29.5,46.0,744.3,777,0.0,57.486416666666656,68.08408333333337
4042,device_03,2025-11-12 23:40:01.028186,0,0,80,27.5,50.0,683.1,673,0.0,56.4033333333333,67.81208333333338
4043,device_04,2025-11-12 23:40:23.901021,0,0,15,27.6,55.0,795.6,796,0.0,58.327583333333344,68.86625000000004
4044,device_05,2025-11-12 23:40:25.131537,0,0,247,26.2,59.5,603.6,567,0.0,57.36541666666667,68.33833333333335
4045,device_02,2025-11-12 23:40:45.07881,0,0,1048,28.5,51.0,809.2,811,0.0,56.76833333333329,67.74500000000005
4046,device_01,2025-11-12 23:40:51.141512,0,0,56,29.3,46.0,744.2,775,0.0,57.48641666666665,68.09066666666669
4047,device_03,2025-11-12 23:41:01.22414,0,0,81,27.5,50.0,684.4,675,0.0,56.41249999999998,67.82583333333336
4048,device_04,2025-11-12 23:41:23.844667,0,0,14,27.6,55.0,797.4,795,0.0,58.32758333333333,68.86625000000004
4049,device_05,2025-11-12 23:41:25.408619,0,0,248,26.2,59.6,604.9,569,0.0,57.365416666666675,68.33833333333335
4050,device_02,2025-11-12 23:41:45.003412,0,0,1050,28.3,51.0,811.2,820,0.0,57.04666666666662,67.76958333333339
4051,device_01,2025-11-12 23:41:51.082534,0,0,56,29.4,46.0,743.0,776,0.0,57.488916666666654,68.0906666666667
4052,device_03,2025-11-12 23:42:01.207791,0,0,81,27.7,50.0,684.0,672,0.0,56.43583333333331,67.8279166666667
4053,device_04,2025-11-12 23:42:23.965743,0,0,15,27.6,55.0,796.0,798,0.0,58.32758333333333,68.86625000000002
4054,device_05,2025-11-12 23:42:25.149816,0,0,249,26.2,59.7,606.2,569,0.0,57.365416666666675,68.33833333333335
4055,device_02,2025-11-12 23:42:45.103286,0,0,1054,28.5,51.0,817.0,821,0.0,56.818749999999945,67.73500000000007
4056,device_01,2025-11-12 23:42:50.987297,0,0,55,29.3,46.0,741.9,774,0.0,57.46516666666665,68.0906666666667
4057,device_03,2025-11-12 23:43:01.661202,0,0,81,27.5,50.0,680.9,669,0.0,56.42874999999998,67.81833333333337
4058,device_04,2025-11-12 23:43:24.215931,0,0,15,27.6,55.0,795.5,796,0.0,58.32758333333333,68.86625000000002
4059,device_05,2025-11-12 23:43:25.131952,0,0,248,26.2,59.7,605.2,570,0.0,57.36541666666667,68.33833333333335
4060,device_02,2025-11-12 23:43:45.00658,0,0,1054,28.4,51.0,818.5,827,0.0,57.047083333333276,67.7708333333334
4061,device_01,2025-11-12 23:43:50.993592,0,0,55,29.5,46.0,743.6,775,0.0,57.46266666666665,68.0906666666667
4062,device_03,2025-11-12 23:44:00.95149,0,0,81,27.4,50.0,685.6,673,0.0,56.43833333333331,67.80125000000004
4063,device_04,2025-11-12 23:44:23.841748,0,0,15,27.6,55.0,797.1,799,0.0,58.32758333333333,68.86625000000004
4064,device_05,2025-11-12 23:44:25.259934,0,0,249,26.3,59.6,606.1,568,0.0,57.25999999999999,68.33833333333335
4065,device_02,2025-11-12 23:44:45.036878,1,1,1053,28.4,51.1,817.1,823,0.0,57.05624999999996,67.7708333333334
4066,device_01,2025-11-12 23:44:51.036049,0,0,56,29.4,46.0,743.9,777,0.0,57.46266666666666,68.0906666666667
4067,device_03,2025-11-12 23:45:01.793636,0,0,82,27.5,50.0,684.1,674,0.0,56.397916666666646,67.82583333333338
4068,device_04,2025-11-12 23:45:23.977579,0,0,17,27.6,55.0,795.3,795,0.0,58.32758333333333,68.86625000000004
4069,device_05,2025-11-12 23:45:25.213233,13,14,251,26.3,59.9,603.4,568,0.0,57.25749999999999,68.3341666666667
4070,device_02,2025-11-12 23:45:45.199218,0,0,1055,28.5,52.0,815.4,817,0.0,56.75999999999995,67.71875000000006
4071,device_01,2025-11-12 23:45:50.99851,0,0,56,29.4,46.3,744.2,777,0.0,57.486416666666656,68.0906666666667
4072,device_03,2025-11-12 23:46:00.926599,0,0,82,27.4,50.0,685.0,674,0.0,56.41916666666664,67.81500000000004
4073,device_04,2025-11-12 23:46:23.824414,0,0,16,27.6,55.2,790.2,792,0.0,58.36425,68.86875000000003
4074,device_05,2025-11-12 23:46:25.154122,0,0,251,26.3,60.7,583.6,543,0.0,57.2575,68.33416666666669
4075,device_02,2025-11-12 23:46:44.978884,0,0,1051,28.4,52.0,816.0,825,0.0,57.032499999999956,67.7545833333334
4076,device_01,2025-11-12 23:46:51.213968,8,8,57,29.3,47.0,743.1,775,0.0,57.46266666666666,68.0840833333334
4077,device_03,2025-11-12 23:47:01.146658,0,0,82,28.0,50.0,684.5,675,0.0,56.418333333333315,67.85750000000003
4078,device_04,2025-11-12 23:47:23.951285,0,0,16,27.6,56.0,789.4,790,0.0,58.36425,68.86875000000005
4079,device_05,2025-11-12 23:47:25.153243,0,0,252,26.3,60.9,562.2,513,0.0,57.27041666666666,68.33416666666669
4080,device_02,2025-11-12 23:47:45.004301,0,0,1053,28.6,52.0,812.3,812,0.0,57.19916666666665,67.98758333333339
4081,device_01,2025-11-12 23:47:51.176234,0,0,57,29.4,47.0,740.1,773,0.0,57.465166666666654,68.08408333333337
4082,device_03,2025-11-12 23:48:00.983432,0,0,83,28.5,50.0,685.6,674,0.0,56.410833333333315,67.85333333333335
4083,device_04,2025-11-12 23:48:24.004493,0,0,16,27.6,56.0,782.1,781,0.0,58.38050000000001,68.88750000000003
4084,device_05,2025-11-12 23:48:25.224321,0,0,252,26.2,61.0,550.2,501,0.0,57.37583333333334,68.33416666666668
4085,device_02,2025-11-12 23:48:45.856893,0,0,1050,28.5,52.0,801.9,802,0.0,56.83374999999995,67.74083333333338
4086,device_01,2025-11-12 23:48:51.010761,0,0,64,29.5,47.0,739.5,770,0.0,57.46708333333333,68.08075000000004
4087,device_03,2025-11-12 23:49:01.904901,0,0,82,28.4,50.0,683.8,675,0.0,56.413749999999965,67.86333333333337
4088,device_04,2025-11-12 23:49:23.862151,9,10,17,27.6,56.0,778.9,778,0.0,58.380500000000005,68.88750000000003
4089,device_05,2025-11-12 23:49:25.108267,0,0,253,26.2,61.0,551.5,503,0.0,57.37583333333334,68.33416666666669
4090,device_02,2025-11-12 23:49:45.148247,0,0,1052,28.4,52.0,796.9,799,0.0,57.08374999999997,67.76666666666674
4091,device_01,2025-11-12 23:49:51.265357,0,0,80,29.4,47.0,737.0,766,0.0,57.48124999999999,68.08408333333337
4092,device_03,2025-11-12 23:50:01.050204,0,0,82,28.6,50.0,684.2,673,0.0,56.80316666666667,68.08450000000003
4093,device_04,2025-11-12 23:50:23.834612,0,0,16,27.6,56.0,773.9,771,0.0,58.380500000000005,68.88750000000003
4094,device_05,2025-11-12 23:50:25.093871,0,0,253,26.2,60.8,541.5,491,0.0,57.37583333333334,68.33416666666669
4095,device_02,2025-11-12 23:50:45.517899,0,0,1057,28.5,52.0,799.6,799,0.0,56.84249999999995,67.7308333333334
4096,device_01,2025-11-12 23:50:51.103341,0,0,81,29.3,47.0,729.2,758,0.0,57.43083333333331,68.09033333333338
4097,device_03,2025-11-12 23:51:00.931181,0,0,81,28.5,50.0,683.2,669,0.0,56.406666666666645,67.84666666666669
4098,device_04,2025-11-12 23:51:23.822905,0,0,16,27.6,56.0,776.4,773,0.0,58.380500000000005,68.88750000000003
4099,device_05,2025-11-12 23:51:25.093632,0,0,252,26.1,60.6,547.4,499,0.0,57.407500000000006,68.33458333333337
4100,device_02,2025-11-12 23:51:45.418904,0,0,1055,28.5,52.0,797.7,807,0.0,56.871249999999954,67.7295833333334
4101,device_01,2025-11-12 23:51:51.0523,0,0,80,29.5,47.0,726.7,755,0.0,57.42999999999999,68.09033333333338
4102,device_03,2025-11-12 23:52:00.922892,0,0,82,28.3,50.0,681.6,668,0.0,56.43041666666663,67.85083333333337
4103,device_04,2025-11-12 23:52:24.171232,0,0,15,27.6,56.0,777.4,771,0.0,58.38050000000001,68.88750000000003
4104,device_05,2025-11-12 23:52:25.243599,0,0,252,26.1,60.3,546.2,493,0.0,57.407500000000006,68.33458333333337
4105,device_02,2025-11-12 23:52:45.318681,0,0,1057,28.5,52.0,800.4,800,0.0,56.842499999999966,67.7308333333334
4106,device_01,2025-11-12 23:52:50.991705,20,21,80,29.5,46.5,720.9,749,0.0,57.403333333333315,68.09575000000004
4107,device_03,2025-11-12 23:53:01.124591,0,0,80,28.5,50.0,677.3,665,0.0,56.676666666666634,67.86625000000002
4108,device_04,2025-11-12 23:53:23.981464,0,0,16,27.6,56.0,768.3,764,0.0,58.38049999999999,68.88875000000004
4109,device_05,2025-11-12 23:53:25.453667,0,0,250,26.0,59.8,527.8,471,0.0,57.42833333333334,68.21458333333338
4110,device_02,2025-11-12 23:53:45.093285,0,0,1052,28.4,52.0,792.9,792,0.0,57.08874999999996,67.76666666666674
4111,device_01,2025-11-12 23:53:51.1439,0,0,80,29.5,46.0,717.8,743,0.0,57.40499999999998,68.10158333333338
4112,device_03,2025-11-12 23:54:04.014413,0,0,81,28.4,50.0,675.7,664,0.0,56.73583333333331,67.88958333333333
4113,device_04,2025-11-12 23:54:24.591125,0,0,17,27.6,55.5,766.0,761,0.0,58.380500000000005,68.88875000000003
4114,device_05,2025-11-12 23:54:25.147126,0,0,248,26.0,59.6,527.8,474,0.0,57.42833333333334,68.21458333333338
4115,device_02,2025-11-12 23:54:44.950565,1,2,1050,28.4,52.0,789.6,786,0.0,57.129166666666634,67.76916666666672
4116,device_01,2025-11-12 23:54:51.079327,0,0,80,29.4,46.0,715.3,740,0.0,57.404166666666654,68.10158333333338
4117,device_03,2025-11-12 23:55:01.601521,0,0,80,28.3,49.8,678.3,668,0.0,56.73791666666665,67.87416666666668
4118,device_04,2025-11-12 23:55:24.123111,17,17,17,27.6,55.0,769.7,763,0.0,58.380500000000005,68.88875000000003
4119,device_05,2025-11-12 23:55:25.294055,0,0,247,26.0,59.3,529.2,474,0.0,57.42833333333334,68.21458333333338
4120,device_02,2025-11-12 23:55:44.978646,0,0,1053,28.5,51.7,790.6,787,0.0,56.91458333333328,67.73333333333339
4121,device_01,2025-11-12 23:55:50.908285,0,0,79,29.4,46.0,713.7,735,0.0,57.40458333333331,68.10033333333337
4122,device_03,2025-11-12 23:56:00.908354,0,0,79,28.3,49.0,679.5,670,0.0,56.69791666666666,67.85083333333337
4123,device_04,2025-11-12 23:56:23.784042,0,0,16,27.6,55.0,769.1,764,0.0,58.380500000000005,68.88875000000003
4124,device_05,2025-11-12 23:56:25.069074,0,0,249,25.9,59.1,534.1,481,0.0,57.410833333333336,68.20625000000004
4125,device_02,2025-11-12 23:56:45.2072,0,0,1051,28.5,51.0,786.4,789,0.0,56.91458333333328,67.73333333333339
4126,device_01,2025-11-12 23:56:51.297204,0,0,80,29.5,46.0,717.4,742,0.0,57.404166666666654,68.10158333333338
4127,device_03,2025-11-12 23:57:06.159983,0,0,80,28.4,49.0,677.8,667,0.0,56.73624999999996,67.88000000000002
4128,device_04,2025-11-12 23:57:23.938747,0,0,15,27.6,55.0,771.5,767,0.0,58.380500000000005,68.88875000000003
4129,device_05,2025-11-12 23:57:25.189233,0,0,255,25.9,58.9,548.6,499,0.0,57.46,68.25833333333338
4130,device_02,2025-11-12 23:57:45.539932,0,0,1058,28.4,51.0,796.1,797,0.0,57.08374999999997,67.76666666666674
4131,device_01,2025-11-12 23:57:50.94085,0,0,80,29.4,45.6,718.5,745,0.0,57.404999999999994,68.10158333333338
4132,device_03,2025-11-12 23:58:01.612765,0,0,80,28.4,49.0,678.6,667,0.0,56.711666666666645,67.86375000000002
4133,device_04,2025-11-12 23:58:24.612335,0,0,17,27.6,54.2,770.8,765,0.0,58.380500000000005,68.88875000000003
4134,device_05,2025-11-12 23:58:25.240984,0,0,256,25.9,58.7,550.7,499,0.0,57.46000000000001,68.25833333333338
4135,device_02,2025-11-12 23:58:45.159177,0,0,1053,28.5,51.0,795.7,800,0.0,56.87124999999996,67.7308333333334
4136,device_01,2025-11-12 23:58:50.933807,20,21,80,29.5,45.0,722.7,750,0.0,57.403333333333315,68.09116666666671
4137,device_03,2025-11-12 23:59:00.915853,0,0,80,28.3,49.0,680.2,669,0.0,56.43833333333331,67.85083333333336
4138,device_04,2025-11-12 23:59:24.066218,0,0,16,27.6,54.0,774.0,770,0.0,58.380500000000005,68.88750000000003
4139,device_05,2025-11-12 23:59:25.384772,0,0,256,25.8,58.4,555.0,508,0.0,57.46000000000001,68.25708333333337
4140,device_02,2025-11-12 23:59:44.912106,0,0,1049,28.4,51.0,794.4,797,0.0,57.08374999999997,67.76666666666672
4141,device_01,2025-11-12 23:59:51.547103,0,0,79,29.4,45.0,721.8,750,0.0,57.40374999999998,68.08991666666671
4142,device_03,2025-11-13 00:00:01.540436,0,0,80,28.4,49.0,680.9,669,0.0,56.35791666666662,67.47625000000005
4143,device_04,2025-11-13 00:00:24.047284,0,0,17,27.6,54.0,773.5,769,0.0,58.37624999999999,68.65158333333339
4144,device_05,2025-11-13 00:00:25.210165,0,0,254,25.8,58.2,558.8,510,0.0,57.34124999999999,67.59416666666674
4145,device_02,2025-11-13 00:00:44.925259,0,2,1053,28.5,50.8,796.4,793,0.0,56.847499999999954,67.41750000000003
4146,device_01,2025-11-13 00:00:50.932011,0,0,71,29.6,46.6,842.4,904,0.0,58.275499999999994,68.18316666666676
4147,device_03,2025-11-13 00:01:01.011524,0,0,79,27.9,49.0,682.3,673,0.0,56.34041666666661,67.45583333333337
4148,device_04,2025-11-13 00:01:23.781521,15,15,15,27.6,54.0,771.9,767,0.0,58.37624999999999,68.6515833333334
4149,device_05,2025-11-13 00:01:25.240204,0,0,252,25.8,58.2,567.9,522,0.0,57.34125,67.59416666666674
4150,device_02,2025-11-13 00:01:44.856202,0,0,1049,28.5,50.0,796.5,800,0.0,56.84749999999995,67.41750000000003
4151,device_01,2025-11-13 00:01:50.910795,0,0,62,29.4,46.4,817.7,874,0.0,57.58941666666663,67.98341666666674
4152,device_03,2025-11-13 00:02:01.323758,0,0,79,27.5,49.0,683.7,671,0.0,56.374166666666625,67.45000000000006
4153,device_04,2025-11-13 00:02:24.575231,0,0,15,27.6,54.0,763.6,758,0.0,58.37416666666666,68.65866666666675
4154,device_05,2025-11-13 00:02:25.135302,0,0,251,25.8,58.0,573.7,533,0.0,57.32833333333333,67.59416666666674
4155,device_02,2025-11-13 00:02:44.863194,0,0,1050,28.4,50.0,791.9,791,0.0,57.042083333333295,67.43250000000003
4156,device_01,2025-11-13 00:02:50.917862,0,0,61,29.3,45.2,776.4,818,0.0,57.4248333333333,67.77766666666673
4157,device_03,2025-11-13 00:03:00.951236,0,0,79,27.4,49.0,685.1,672,0.0,56.3920833333333,67.4358333333334
4158,device_04,2025-11-13 00:03:24.047605,0,0,16,27.6,53.4,763.2,760,0.0,58.37416666666665,68.6515833333334
4159,device_05,2025-11-13 00:03:25.335081,0,0,250,25.8,57.6,572.1,525,0.0,57.33083333333333,67.59416666666675
4160,device_02,2025-11-13 00:03:44.884925,0,0,1050,28.4,50.0,789.1,790,0.0,57.10958333333328,67.43250000000003
4161,device_01,2025-11-13 00:03:51.075693,0,0,60,29.6,45.0,755.6,793,0.0,57.42024999999996,67.78641666666672
4162,device_03,2025-11-13 00:04:00.934351,0,0,76,27.6,48.0,679.6,668,0.0,56.59874999999997,67.46833333333339
4163,device_04,2025-11-13 00:04:23.914657,0,0,17,27.6,53.0,767.6,763,0.0,58.37624999999999,68.6515833333334
4164,device_05,2025-11-13 00:04:25.767902,0,0,250,25.8,57.5,577.5,535,0.0,57.33083333333334,67.59416666666674
4165,device_02,2025-11-13 00:04:44.905078,0,0,1047,28.4,50.0,788.4,791,0.0,57.10958333333329,67.43250000000003
4166,device_01,2025-11-13 00:04:50.926995,0,0,60,28.6,45.0,746.5,780,0.0,57.27108333333329,67.74075000000006
4167,device_03,2025-11-13 00:05:00.894185,0,0,77,27.5,48.0,682.0,670,0.0,56.374166666666625,67.44708333333338
4168,device_04,2025-11-13 00:05:24.519196,0,0,14,27.6,53.0,766.5,761,0.0,58.37624999999999,68.65158333333339
4169,device_05,2025-11-13 00:05:25.112301,0,0,249,25.8,57.2,578.5,537,0.0,57.330833333333324,67.59416666666674
4170,device_02,2025-11-13 00:05:45.108404,0,0,1053,28.4,49.2,791.4,785,0.0,57.10958333333329,67.43250000000002
4171,device_01,2025-11-13 00:05:51.028091,0,0,60,28.4,45.0,742.6,776,0.0,57.043749999999946,67.4120833333334
4172,device_03,2025-11-13 00:06:01.238448,15,16,75,27.5,48.0,678.5,668,0.0,56.63083333333329,67.46833333333339
4173,device_04,2025-11-13 00:06:24.44493,0,0,15,27.6,53.0,767.3,761,0.0,58.37624999999999,68.65158333333339
4174,device_05,2025-11-13 00:06:25.160976,0,0,247,25.8,56.9,577.6,534,0.0,57.33083333333333,67.59416666666675
4175,device_02,2025-11-13 00:06:44.821436,2,3,1051,28.4,49.0,785.1,791,0.0,57.10958333333329,67.43250000000003
4176,device_01,2025-11-13 00:06:50.948084,0,0,61,28.6,45.0,738.2,770,0.0,57.26399999999998,67.73825000000006
4177,device_03,2025-11-13 00:07:00.952705,0,0,76,27.3,48.0,680.3,668,0.0,56.338333333333274,67.43000000000008
4178,device_04,2025-11-13 00:07:24.346877,0,0,16,27.4,53.0,765.8,758,0.0,58.38208333333331,68.6453333333334
4179,device_05,2025-11-13 00:07:25.089072,0,0,247,25.8,56.7,582.6,539,0.0,57.33083333333333,67.59416666666675
4180,device_02,2025-11-13 00:07:44.861771,0,0,1049,28.5,49.0,785.9,786,0.0,56.89458333333327,67.42000000000003
4181,device_01,2025-11-13 00:07:50.90855,0,0,60,28.5,45.0,731.4,760,0.0,56.77208333333326,67.42000000000003
4182,device_03,2025-11-13 00:08:05.676396,0,0,77,27.4,48.0,680.0,667,0.0,56.31958333333328,67.44000000000008
4183,device_04,2025-11-13 00:08:24.662269,0,0,16,27.1,53.0,763.1,754,0.0,58.399999999999984,68.64533333333341
4184,device_05,2025-11-13 00:08:25.09399,0,0,246,25.8,56.5,580.5,535,0.0,57.33083333333333,67.59416666666675
4185,device_02,2025-11-13 00:08:44.880231,0,0,1051,28.4,49.0,788.5,788,0.0,57.10958333333328,67.43250000000003
4186,device_01,2025-11-13 00:08:51.059329,0,0,60,28.5,45.0,726.1,755,0.0,56.77083333333326,67.42000000000004
4187,device_03,2025-11-13 00:09:00.88607,0,0,75,27.4,48.0,676.8,663,0.0,56.59708333333329,67.4570833333334
4188,device_04,2025-11-13 00:09:24.095661,0,0,14,27.1,52.1,760.1,752,0.0,58.399999999999984,68.64533333333341
4189,device_05,2025-11-13 00:09:25.80076,0,0,244,25.8,56.3,570.1,525,0.0,57.33083333333334,67.59416666666674
4190,device_02,2025-11-13 00:09:44.867745,0,0,1047,28.6,49.0,782.0,783,0.0,57.345666666666645,67.75950000000006
4191,device_01,2025-11-13 00:09:51.040765,0,0,60,28.4,45.0,723.3,749,0.0,56.840416666666606,67.42750000000005
4192,device_03,2025-11-13 00:10:00.987187,0,0,75,27.5,47.7,679.6,669,0.0,56.619999999999976,67.46833333333339
4193,device_04,2025-11-13 00:10:23.972406,0,0,15,27.1,52.0,757.7,753,0.0,58.399999999999984,68.6453333333334
4194,device_05,2025-11-13 00:10:25.128839,0,0,244,25.8,56.0,562.1,515,0.0,57.33083333333334,67.59416666666674
4195,device_02,2025-11-13 00:10:44.939611,0,0,1048,28.4,48.7,784.2,777,0.0,57.10958333333329,67.43250000000003
4196,device_01,2025-11-13 00:10:50.882369,0,0,60,28.4,45.0,720.3,747,0.0,56.8404166666666,67.42750000000005
4197,device_03,2025-11-13 00:11:01.079374,0,0,75,27.3,47.0,681.2,667,0.0,56.31958333333327,67.43000000000008
4198,device_04,2025-11-13 00:11:23.778475,0,0,15,27.1,52.0,760.5,751,0.0,58.36333333333332,68.6453333333334
4199,device_05,2025-11-13 00:11:25.346468,0,0,243,25.8,55.8,556.7,504,0.0,57.33083333333334,67.59416666666674
4200,device_02,2025-11-13 00:11:44.822346,0,0,1047,28.5,48.0,781.3,782,0.0,56.92083333333328,67.4329166666667
4201,device_01,2025-11-13 00:11:50.919961,0,0,60,28.5,45.0,719.3,744,0.0,56.73249999999993,67.42708333333339
4202,device_03,2025-11-13 00:12:00.930133,0,0,75,27.4,47.0,679.2,667,0.0,56.579999999999956,67.45416666666672
4203,device_04,2025-11-13 00:12:23.827507,0,0,15,27.1,52.0,760.8,751,0.0,58.36333333333332,68.64533333333341
4204,device_05,2025-11-13 00:12:25.070027,0,0,244,25.8,55.6,560.2,511,0.0,57.330833333333324,67.59416666666674
4205,device_02,2025-11-13 00:12:44.821449,0,0,1049,28.6,48.0,785.8,783,0.0,57.31941666666665,67.75950000000006
4206,device_01,2025-11-13 00:12:51.465453,0,0,60,28.4,45.0,718.8,744,0.0,56.8241666666666,67.42750000000005
4207,device_03,2025-11-13 00:13:01.273212,0,0,77,27.6,47.0,677.1,665,0.0,56.60666666666663,67.47208333333339
4208,device_04,2025-11-13 00:13:23.82535,0,0,16,27.1,52.0,764.1,758,0.0,58.399999999999984,68.64533333333341
4209,device_05,2025-11-13 00:13:25.060103,0,0,244,25.8,55.5,562.3,516,0.0,57.33083333333334,67.59416666666675
4210,device_02,2025-11-13 00:13:44.836256,0,0,1054,28.3,48.0,793.9,795,0.0,57.103749999999955,67.41833333333338
4211,device_01,2025-11-13 00:13:50.937478,0,0,60,28.5,45.0,717.0,742,0.0,56.7316666666666,67.42708333333339
4212,device_03,2025-11-13 00:14:01.188543,0,0,76,27.6,47.0,679.6,666,0.0,56.589583333333294,67.46833333333338
4213,device_04,2025-11-13 00:14:23.919857,0,0,16,27.1,52.0,763.1,756,0.0,58.399999999999984,68.6453333333334
4214,device_05,2025-11-13 00:14:25.070786,0,0,244,25.8,55.2,561.4,512,0.0,57.330833333333345,67.59416666666674
4215,device_02,2025-11-13 00:14:44.832565,0,0,1045,28.2,48.0,782.0,785,0.0,57.1791666666666,67.43375000000003
4216,device_01,2025-11-13 00:14:50.922858,0,0,61,28.4,45.0,715.5,739,0.0,56.81458333333327,67.42750000000005
4217,device_03,2025-11-13 00:15:01.211251,0,0,75,27.4,47.0,672.7,660,0.0,56.54291666666663,67.46250000000005
4218,device_04,2025-11-13 00:15:24.639911,0,0,16,27.1,51.3,760.9,753,0.0,58.39999999999997,68.6453333333334
4219,device_05,2025-11-13 00:15:25.263006,0,0,244,25.8,55.1,557.6,507,0.0,57.33083333333333,67.59416666666674
4220,device_02,2025-11-13 00:15:44.957222,0,0,1051,28.5,47.8,788.3,783,0.0,56.89458333333327,67.42000000000003
4221,device_01,2025-11-13 00:15:50.928237,0,0,60,28.4,45.0,713.2,738,0.0,56.814583333333275,67.42750000000005
4222,device_03,2025-11-13 00:16:02.740371,0,0,76,27.3,47.0,681.0,669,0.0,56.35583333333327,67.43000000000006
4223,device_04,2025-11-13 00:16:24.282909,0,0,17,27.1,51.0,759.7,754,0.0,58.399999999999984,68.6453333333334
4224,device_05,2025-11-13 00:16:25.290117,0,0,245,25.8,55.0,567.8,523,0.0,57.33083333333333,67.59416666666675
4225,device_02,2025-11-13 00:16:44.850355,0,0,1046,28.3,47.2,782.7,783,0.0,57.17916666666662,67.43375000000002
4226,device_01,2025-11-13 00:16:50.958529,0,0,60,28.6,44.3,712.4,734,0.0,57.16066666666663,67.75700000000008
4227,device_03,2025-11-13 00:17:01.323138,0,0,77,27.5,46.9,679.4,666,0.0,56.5895833333333,67.46833333333339
4228,device_04,2025-11-13 00:17:24.319441,0,0,16,27.1,51.0,763.9,756,0.0,58.399999999999984,68.6453333333334
4229,device_05,2025-11-13 00:17:25.514493,0,0,245,25.8,54.9,573.0,531,0.0,57.33083333333334,67.59416666666675
4230,device_02,2025-11-13 00:17:45.009136,0,0,1047,28.3,47.0,782.6,779,0.0,57.17916666666662,67.43375000000003
4231,device_01,2025-11-13 00:17:50.861181,0,0,60,28.5,44.2,707.9,731,0.0,56.7316666666666,67.42708333333339
4232,device_03,2025-11-13 00:18:01.140192,0,0,77,27.4,46.0,682.1,669,0.0,56.36458333333329,67.44000000000007
4233,device_04,2025-11-13 00:18:23.748826,0,0,18,27.1,51.0,761.9,756,0.0,58.399999999999984,68.64533333333343
4234,device_05,2025-11-13 00:18:25.110836,0,0,246,25.9,54.7,576.5,534,0.0,57.28541666666666,67.59916666666675
4235,device_02,2025-11-13 00:18:45.354285,0,0,1047,28.4,47.0,782.1,783,0.0,57.135833333333295,67.4454166666667
4236,device_01,2025-11-13 00:18:50.89028,0,0,61,28.6,44.0,708.5,733,0.0,57.16066666666663,67.75700000000006
4237,device_03,2025-11-13 00:19:01.433404,0,0,77,27.5,46.0,677.5,662,0.0,56.53249999999996,67.45875000000005
4238,device_04,2025-11-13 00:19:23.849153,0,0,19,27.1,51.0,760.6,755,0.0,58.39999999999999,68.6453333333334
4239,device_05,2025-11-13 00:19:25.622701,0,0,246,25.9,54.6,570.8,526,0.0,57.28541666666666,67.59916666666675
4240,device_02,2025-11-13 00:19:44.802136,0,0,1044,28.5,47.0,779.5,782,0.0,56.92083333333328,67.4329166666667
4241,device_01,2025-11-13 00:19:53.82224,0,0,67,28.4,45.5,718.2,745,0.0,56.8241666666666,67.43125000000005
4242,device_03,2025-11-13 00:20:00.837914,0,0,77,27.3,46.0,680.0,669,0.0,56.35958333333328,67.43000000000008
4243,device_04,2025-11-13 00:20:23.850739,0,0,18,27.1,51.0,756.2,748,0.0,58.363333333333316,68.64533333333341
4244,device_05,2025-11-13 00:20:25.225531,0,0,246,25.9,54.7,559.8,511,0.0,57.28541666666666,67.59916666666675
4245,device_02,2025-11-13 00:20:44.930435,0,0,1045,28.5,47.0,779.2,772,0.0,56.92083333333328,67.4304166666667
4246,device_03,2025-11-13 00:21:01.131044,0,0,78,27.5,46.0,678.9,666,0.0,56.589583333333294,67.47125000000004
4247,device_04,2025-11-13 00:21:23.883036,0,0,18,27.1,51.0,758.0,752,0.0,58.399999999999984,68.6453333333334
4248,device_05,2025-11-13 00:21:25.645415,0,0,247,25.9,54.8,573.0,530,0.0,57.28541666666666,67.59916666666675
4249,device_02,2025-11-13 00:21:45.131887,0,0,1047,28.5,47.0,778.9,780,0.0,56.920833333333285,67.4329166666667
4250,device_03,2025-11-13 00:22:00.960078,0,0,77,27.4,46.0,677.6,663,0.0,56.59708333333329,67.4570833333334
4251,device_04,2025-11-13 00:22:23.999502,0,0,19,27.1,51.0,768.7,763,0.0,58.40208333333332,68.63825000000006
4252,device_05,2025-11-13 00:22:25.15881,0,0,247,25.9,54.9,585.5,543,0.0,57.28541666666666,67.59916666666675
4253,device_02,2025-11-13 00:22:44.997159,0,0,1050,28.4,47.0,791.0,789,0.0,57.10958333333329,67.43250000000003
4254,device_03,2025-11-13 00:23:00.938438,0,0,78,27.5,46.0,680.7,670,0.0,56.361666666666636,67.45000000000006
4255,device_04,2025-11-13 00:23:24.214619,55,66,20,27.5,51.0,772.6,767,0.0,59.57216666666669,69.5818333333333
4256,device_05,2025-11-13 00:23:25.760289,0,0,249,26.0,55.0,592.7,552,0.0,57.30291666666666,67.60750000000009
4257,device_02,2025-11-13 00:23:44.969286,0,0,1048,28.5,47.0,794.3,793,0.0,56.847499999999954,67.41750000000003
4258,device_03,2025-11-13 00:24:01.268707,0,0,78,27.4,46.0,677.8,665,0.0,56.59708333333329,67.46000000000006
4259,device_04,2025-11-13 00:24:24.40655,0,0,19,27.6,51.0,774.4,771,0.0,58.37624999999999,68.6503333333334
4260,device_05,2025-11-13 00:24:25.347889,49,58,249,26.0,55.1,599.2,564,0.0,61.183750000000046,70.05999999999992
4261,device_02,2025-11-13 00:24:44.815682,0,0,1047,28.4,47.0,795.9,795,0.0,57.06083333333329,67.43000000000002
4262,device_04,2025-11-13 00:25:23.852017,0,0,19,27.6,51.0,778.6,776,0.0,58.37624999999999,68.65200000000006
4263,device_05,2025-11-13 00:25:25.267918,49,57,249,26.1,55.4,604.0,568,0.0,61.228333333333374,70.16708333333327
4264,device_05,2025-11-13 00:26:25.872122,0,0,251,26.2,55.6,610.0,572,0.0,57.24583333333333,67.71208333333341
4265,device_03,2025-11-13 00:30:01.130749,0,0,73,28.4,46.7,696.2,688,0.0,56.816666666666606,67.48750000000005
4266,device_02,2025-11-13 00:30:45.206399,0,0,1054,28.6,48.0,825.5,835,0.0,57.21441666666665,67.78441666666673
4267,device_03,2025-11-13 00:31:01.211704,0,0,79,28.5,47.0,695.7,688,0.0,56.73374999999994,67.49000000000005
4268,device_04,2025-11-13 00:31:24.557359,0,0,15,28.0,51.2,796.8,796,0.0,58.31958333333332,68.66550000000005
4269,device_02,2025-11-13 00:31:45.088845,0,0,1052,28.4,48.0,812.5,819,0.0,56.98416666666662,67.44125000000003
4270,device_03,2025-11-13 00:32:01.038942,0,0,81,28.5,47.0,696.9,690,0.0,56.73333333333326,67.47375000000004
4271,device_04,2025-11-13 00:32:24.466307,0,0,19,28.0,51.6,796.2,798,0.0,58.31958333333332,68.66550000000008
4272,device_05,2025-11-13 00:32:25.129164,0,0,242,26.6,56.7,625.4,591,0.0,57.24208333333332,67.98666666666672
4273,device_02,2025-11-13 00:32:44.891338,0,0,1053,28.5,48.0,817.1,823,0.0,56.799583333333274,67.4166666666667
4274,device_03,2025-11-13 00:33:01.140613,0,0,80,28.5,47.0,697.4,689,0.0,56.733333333333256,67.47375000000005
4275,device_04,2025-11-13 00:33:23.885424,0,0,19,28.0,52.0,795.7,796,0.0,58.31958333333333,68.66550000000005
4276,device_05,2025-11-13 00:33:25.281,0,0,252,26.7,57.0,625.2,594,0.0,57.25249999999999,68.00458333333337
4277,device_02,2025-11-13 00:33:45.121353,8,8,1052,28.4,48.0,814.5,825,0.0,56.97374999999995,67.4204166666667
4278,device_03,2025-11-13 00:34:00.983155,0,0,82,28.5,47.0,695.9,688,0.0,56.73333333333326,67.49125000000005
4279,device_04,2025-11-13 00:34:24.432174,0,0,20,28.0,52.0,796.5,799,0.0,58.31958333333332,68.66550000000007
4280,device_05,2025-11-13 00:34:25.199601,0,0,254,26.7,57.2,626.1,593,0.0,57.25249999999998,68.00458333333337
4281,device_02,2025-11-13 00:34:44.897479,0,0,1052,28.5,49.0,815.9,820,0.0,56.77208333333326,67.4079166666667
4282,device_03,2025-11-13 00:35:00.900789,0,0,82,28.5,47.8,699.7,692,0.0,56.733333333333256,67.47375000000005
4283,device_04,2025-11-13 00:35:23.865245,0,0,21,28.0,52.0,798.6,802,0.0,58.30958333333332,68.66550000000008
4284,device_05,2025-11-13 00:35:25.156727,0,0,256,26.8,57.4,631.0,597,0.0,57.27958333333333,68.08375000000005
4285,device_02,2025-11-13 00:35:44.871165,0,0,1054,28.5,49.0,815.9,822,0.0,56.77208333333328,67.4079166666667
4286,device_03,2025-11-13 00:36:00.917067,0,0,81,28.5,48.0,701.7,694,0.0,56.733333333333256,67.47375000000005
4287,device_04,2025-11-13 00:36:24.38435,0,0,19,28.0,52.0,797.4,801,0.0,58.31958333333332,68.66550000000007
4288,device_05,2025-11-13 00:36:25.428191,0,0,256,26.8,57.7,629.6,601,0.0,57.27958333333333,68.08375000000005
4289,device_02,2025-11-13 00:36:44.905623,0,0,1054,28.5,49.0,821.7,831,0.0,56.809999999999945,67.41416666666672
4290,device_03,2025-11-13 00:37:00.945757,0,0,83,28.4,48.0,703.1,696,0.0,56.81624999999994,67.43875000000006
4291,device_04,2025-11-13 00:37:24.052317,0,0,22,28.0,52.5,802.5,806,0.0,58.33799999999999,68.6788333333334
4292,device_05,2025-11-13 00:37:25.274395,0,0,256,26.9,57.9,632.6,602,0.0,57.27958333333333,68.07333333333338
4293,device_02,2025-11-13 00:37:44.920514,0,0,1055,28.5,49.0,825.2,832,0.0,56.79666666666662,67.3941666666667
4294,device_03,2025-11-13 00:38:01.054957,0,0,83,28.5,48.0,702.6,694,0.0,56.73333333333326,67.47375000000005
4295,device_04,2025-11-13 00:38:24.190542,0,0,21,28.2,53.0,801.3,804,0.0,58.28208333333333,68.66550000000008
4296,device_05,2025-11-13 00:38:25.198506,0,0,258,26.9,58.1,639.4,609,0.0,57.29333333333333,68.07333333333338
4297,device_02,2025-11-13 00:38:45.503439,0,0,1052,28.5,49.4,824.4,831,0.0,56.7966666666666,67.40000000000005
4298,device_03,2025-11-13 00:39:01.012063,0,0,83,28.5,48.7,702.8,695,0.0,56.73333333333326,67.47375000000005
4299,device_04,2025-11-13 00:39:23.859548,0,0,20,28.5,53.0,803.4,804,0.0,58.19766666666666,68.71366666666675
4300,device_05,2025-11-13 00:39:25.210752,0,0,259,27.0,58.7,631.4,600,0.0,57.25666666666667,68.11083333333339
4301,device_02,2025-11-13 00:39:45.149693,0,0,1058,28.5,50.0,824.2,831,0.0,56.79666666666662,67.40000000000005
4302,device_03,2025-11-13 00:40:00.988427,0,0,83,28.5,49.0,700.6,693,0.0,56.733333333333256,67.47375000000005
4303,device_04,2025-11-13 00:40:23.855278,0,0,20,28.5,53.4,801.9,804,0.0,58.160916666666665,68.70033333333339
4304,device_05,2025-11-13 00:40:26.359201,28,30,258,27.0,59.4,630.3,599,0.0,57.28708333333333,68.1229166666667
4305,device_02,2025-11-13 00:40:45.04722,0,0,1054,28.4,50.0,819.0,824,0.0,57.03083333333329,67.4291666666667
4306,device_03,2025-11-13 00:41:00.893644,0,0,83,28.4,49.0,704.9,699,0.0,56.81624999999994,67.43875000000006
4307,device_04,2025-11-13 00:41:23.860096,0,0,20,28.5,54.0,803.4,808,0.0,58.19766666666666,68.71241666666674
4308,device_05,2025-11-13 00:41:25.20686,28,30,258,27.1,59.9,633.5,604,0.0,57.287083333333314,68.10625000000003
4309,device_02,2025-11-13 00:41:44.97058,0,0,1055,28.4,51.0,821.6,826,0.0,57.04708333333329,67.42666666666672
4310,device_03,2025-11-13 00:42:00.960818,0,0,83,28.6,49.7,707.5,700,0.0,57.162333333333294,67.76825000000007
4311,device_04,2025-11-13 00:42:24.061879,0,0,21,28.5,54.2,805.9,806,0.0,58.19766666666666,68.71366666666675
4312,device_05,2025-11-13 00:42:25.136099,0,0,260,27.1,60.1,639.9,611,0.0,57.24125000000001,68.09541666666671
4313,device_02,2025-11-13 00:42:44.911349,0,0,1056,28.8,51.0,824.5,827,0.0,57.243583333333305,67.79025000000006
4314,device_03,2025-11-13 00:43:01.024609,0,0,84,28.5,50.0,705.1,702,0.0,56.73333333333326,67.43833333333338
4315,device_04,2025-11-13 00:43:23.8522,0,0,21,28.5,55.0,807.5,811,0.0,58.19391666666667,68.71908333333342
4316,device_05,2025-11-13 00:43:25.158038,0,0,258,27.2,60.4,639.1,607,0.0,57.29333333333332,68.05791666666671
4317,device_02,2025-11-13 00:43:45.091443,0,0,1059,29.5,51.0,829.1,838,0.0,57.36191666666666,67.81700000000006
4318,device_03,2025-11-13 00:44:00.928125,0,0,83,28.5,50.0,707.7,701,0.0,56.73333333333326,67.43833333333339
4319,device_04,2025-11-13 00:44:23.884737,0,0,22,28.5,55.0,809.3,810,0.0,58.183083333333336,68.71866666666673
4320,device_05,2025-11-13 00:44:25.37165,0,0,259,27.2,60.6,641.2,613,0.0,57.25666666666667,68.09541666666672
4321,device_02,2025-11-13 00:44:45.002925,0,0,1060,29.1,51.0,827.2,836,0.0,57.3223333333333,67.80408333333341
4322,device_03,2025-11-13 00:45:00.899414,0,0,84,28.3,50.0,710.4,704,0.0,56.82958333333327,67.43250000000005
4323,device_04,2025-11-13 00:45:23.903617,0,0,21,28.5,55.2,810.8,811,0.0,58.18308333333334,68.71866666666673
4324,device_05,2025-11-13 00:45:25.209298,0,0,263,27.3,60.8,642.7,612,0.0,57.23583333333334,68.07875000000006
4325,device_02,2025-11-13 00:45:44.948673,0,0,1064,29.3,51.0,836.6,846,0.0,57.35899999999999,67.85825000000008
4326,device_03,2025-11-13 00:46:01.148992,0,0,84,28.7,50.5,709.2,703,0.0,57.162333333333294,67.76825000000007
4327,device_04,2025-11-13 00:46:23.815467,0,0,20,28.5,56.0,809.8,814,0.0,58.183083333333336,68.71866666666673
4328,device_05,2025-11-13 00:46:26.142801,0,0,262,27.3,61.0,644.4,617,0.0,57.258750000000006,68.09541666666671
4329,device_02,2025-11-13 00:46:44.883881,0,0,1059,29.6,51.7,833.7,844,0.0,57.334416666666655,67.8353333333334
4330,device_03,2025-11-13 00:47:00.952018,0,0,84,29.6,50.0,710.2,704,0.0,57.33191666666662,67.80266666666672
4331,device_04,2025-11-13 00:47:23.898513,0,0,21,28.5,56.0,812.3,814,0.0,58.173500000000004,68.71866666666673
4332,device_05,2025-11-13 00:47:25.360376,0,0,263,27.4,61.3,641.6,612,0.0,57.205833333333345,68.07875000000004
4333,device_02,2025-11-13 00:47:45.073364,0,0,1063,29.3,52.0,833.1,840,0.0,57.344416666666646,67.82866666666673
4334,device_03,2025-11-13 00:48:02.619135,0,0,85,29.4,50.8,714.1,711,0.0,57.33191666666663,67.79600000000008
4335,device_04,2025-11-13 00:48:23.821849,0,0,22,28.7,56.0,811.3,815,0.0,58.58683333333336,69.01891666666674
4336,device_05,2025-11-13 00:48:25.298996,0,0,264,27.4,61.6,640.9,609,0.0,57.14291666666667,68.06041666666671
4337,device_02,2025-11-13 00:48:45.018155,0,0,1060,29.5,52.0,831.0,843,0.0,57.33941666666666,67.81700000000006
4338,device_03,2025-11-13 00:49:01.078552,0,0,85,29.4,51.0,712.6,707,0.0,57.33191666666662,67.79600000000006
4339,device_04,2025-11-13 00:49:23.845278,0,0,20,28.9,56.2,812.6,819,0.0,58.58308333333337,69.01891666666674
4340,device_05,2025-11-13 00:49:25.210783,0,0,266,27.4,61.7,644.0,619,0.0,57.160833333333336,68.0545833333334
4341,device_02,2025-11-13 00:49:45.042376,0,0,1060,29.5,52.0,835.0,843,0.0,57.35899999999998,67.85741666666677
4342,device_03,2025-11-13 00:50:01.083995,30,32,91,29.4,51.0,709.9,699,0.0,57.37691666666664,67.95683333333338
4343,device_04,2025-11-13 00:50:24.478319,0,0,11,28.9,57.1,802.6,804,0.0,58.60100000000003,69.01766666666677
4344,device_05,2025-11-13 00:50:25.139132,0,0,276,27.5,61.7,643.2,615,0.0,57.14666666666667,68.10750000000002
4345,device_02,2025-11-13 00:50:44.887759,6,6,1067,29.6,53.0,829.6,837,0.0,57.36191666666666,67.82366666666672
4346,device_03,2025-11-13 00:51:00.909731,29,31,97,29.5,51.0,724.5,724,0.0,57.30899999999997,67.85183333333337
4347,device_04,2025-11-13 00:51:23.846179,0,0,3,28.9,58.0,803.9,805,0.0,58.60100000000003,69.01766666666676
4348,device_05,2025-11-13 00:51:25.164587,0,0,275,27.5,62.0,644.2,616,0.0,57.146666666666675,68.10750000000002
4349,device_02,2025-11-13 00:51:44.908617,0,0,1065,29.5,53.0,831.3,847,0.0,57.33941666666666,67.81700000000006
4350,device_03,2025-11-13 00:52:00.982858,0,0,95,29.6,51.0,730.1,730,0.0,57.3323333333333,67.80266666666672
4351,device_04,2025-11-13 00:52:24.390187,0,0,4,28.9,58.0,801.8,805,0.0,58.56425000000003,69.00433333333342
4352,device_05,2025-11-13 00:52:25.30021,0,0,274,27.5,62.2,645.9,622,0.0,57.17250000000001,68.10750000000003
4353,device_02,2025-11-13 00:52:44.929901,0,0,1065,29.3,53.0,838.4,845,0.0,57.35899999999998,67.85825000000007
4354,device_03,2025-11-13 00:53:01.209853,0,0,93,29.5,51.0,731.9,731,0.0,57.33316666666662,67.79600000000006
4355,device_04,2025-11-13 00:53:23.898457,0,0,6,28.9,58.0,803.7,810,0.0,58.60100000000003,69.01641666666676
4356,device_05,2025-11-13 00:53:25.141556,0,0,275,27.6,62.8,635.0,604,0.0,57.12083333333333,68.10750000000002
4357,device_02,2025-11-13 00:53:44.874165,0,0,1067,29.4,53.0,831.3,838,0.0,57.36191666666666,67.81700000000006
4358,device_03,2025-11-13 00:54:01.388832,0,0,92,29.7,51.1,730.4,729,0.0,57.33233333333329,67.80266666666674
4359,device_04,2025-11-13 00:54:24.077558,0,0,8,28.9,58.0,807.5,814,0.0,58.60100000000002,69.01933333333342
4360,device_05,2025-11-13 00:54:25.161016,0,0,275,27.7,62.9,643.6,616,0.0,57.14666666666667,68.09750000000003
4361,device_02,2025-11-13 00:54:45.077166,0,0,1066,29.4,53.0,835.0,845,0.0,57.35899999999998,67.85741666666675
4362,device_03,2025-11-13 00:55:01.1974,0,0,90,29.5,52.0,737.0,740,0.0,57.40191666666664,67.79516666666672
4363,device_04,2025-11-13 00:55:23.828595,0,0,8,28.9,58.0,810.7,816,0.0,58.58975000000003,69.01891666666675
4364,device_05,2025-11-13 00:55:25.265614,0,0,275,27.7,62.8,645.6,618,0.0,57.17249999999999,68.09750000000003
4365,device_02,2025-11-13 00:55:45.065841,0,0,1068,30.4,52.0,841.3,852,0.0,57.35899999999998,67.86575000000008
4366,device_03,2025-11-13 00:56:01.130567,0,0,89,29.4,52.0,738.9,740,0.0,57.38733333333329,67.79516666666674
4367,device_04,2025-11-13 00:56:23.812897,0,0,10,28.9,58.0,812.5,816,0.0,58.58308333333336,69.01891666666675
4368,device_05,2025-11-13 00:56:25.452654,0,0,274,27.8,62.7,649.7,620,0.0,57.22791666666668,68.0329166666667
4369,device_02,2025-11-13 00:56:44.942109,0,0,1069,30.5,52.0,841.6,852,0.0,57.35899999999998,67.86575000000008
4370,device_03,2025-11-13 00:57:01.112633,0,0,89,29.4,52.0,738.5,742,0.0,57.3873333333333,67.79516666666674
4371,device_04,2025-11-13 00:57:23.856084,0,0,12,28.9,58.0,812.6,817,0.0,58.58308333333337,69.01891666666674
4372,device_05,2025-11-13 00:57:25.15965,0,0,271,27.8,62.9,643.5,617,0.0,57.11499999999999,68.06166666666671
4373,device_02,2025-11-13 00:57:44.904359,0,0,1071,30.3,52.0,841.3,854,0.0,57.35691666666665,67.86116666666675
4374,device_03,2025-11-13 00:58:00.955289,0,0,87,29.6,52.0,736.8,737,0.0,57.40191666666664,67.80266666666674
4375,device_04,2025-11-13 00:58:24.061497,0,0,13,28.9,58.0,814.6,820,0.0,58.57058333333336,69.00225000000009
4376,device_05,2025-11-13 00:58:25.151147,0,0,272,27.9,63.0,646.8,617,0.0,57.10666666666666,68.05750000000003
4377,device_02,2025-11-13 00:58:45.519747,0,0,1071,30.4,52.0,846.0,863,0.0,57.48124999999998,67.89158333333341
4378,device_03,2025-11-13 00:59:00.950094,0,0,88,29.4,52.0,741.3,744,0.0,57.38899999999997,67.79516666666674
4379,device_04,2025-11-13 00:59:23.819869,0,0,13,29.0,58.0,815.4,819,0.0,58.56683333333336,69.00225000000009
4380,device_05,2025-11-13 00:59:25.464517,0,0,272,27.9,62.9,645.7,619,0.0,57.1325,68.05750000000005
4381,device_02,2025-11-13 00:59:44.997896,0,0,1073,30.4,52.0,849.4,863,0.0,57.49666666666664,67.96533333333343
4382,device_03,2025-11-13 01:00:01.069553,0,0,87,29.5,52.1,738.3,738,0.0,57.3873333333333,67.79516666666673
4383,device_04,2025-11-13 01:00:24.167053,0,0,14,29.3,58.0,817.0,824,0.0,58.62108333333336,69.03458333333343
4384,device_05,2025-11-13 01:00:25.14639,0,0,272,27.9,62.9,649.6,625,0.0,57.22916666666667,67.93458333333336
4385,device_02,2025-11-13 01:00:45.506346,0,0,1075,30.4,52.0,852.2,862,0.0,57.46124999999997,67.9940833333334
4386,device_03,2025-11-13 01:01:01.090782,21,23,87,29.6,53.0,740.3,744,0.0,57.38899999999998,67.8018333333334
4387,device_04,2025-11-13 01:01:23.84712,0,0,15,29.3,58.0,817.0,821,0.0,58.621083333333374,69.03458333333344
4388,device_05,2025-11-13 01:01:25.157637,0,0,272,28.0,62.8,650.7,624,0.0,57.20291666666667,68.00083333333338
4389,device_02,2025-11-13 01:01:44.961141,0,0,1075,30.4,52.0,851.3,869,0.0,57.488749999999975,67.98741666666675
4390,device_03,2025-11-13 01:02:01.061593,21,23,87,29.5,53.0,738.2,743,0.0,57.38816666666664,67.79516666666673
4391,device_04,2025-11-13 01:02:23.818295,0,0,15,29.3,58.0,820.6,825,0.0,58.65150000000003,69.08516666666678
4392,device_05,2025-11-13 01:02:25.499197,0,0,271,28.0,63.0,648.3,623,0.0,57.21125000000001,68.00500000000005
4393,device_02,2025-11-13 01:02:45.444605,0,0,1078,30.4,52.0,855.2,865,0.0,57.474583333333314,68.00366666666675
4394,device_03,2025-11-13 01:03:01.061155,0,0,87,29.6,53.0,742.4,748,0.0,57.41274999999996,67.8018333333334
4395,device_04,2025-11-13 01:03:23.834453,0,0,13,29.3,58.0,819.4,826,0.0,58.62733333333336,69.08683333333344
4396,device_05,2025-11-13 01:03:25.252057,0,0,270,28.0,63.1,653.3,628,0.0,57.0875,67.72250000000004
4397,device_02,2025-11-13 01:03:44.878051,0,0,1076,30.3,52.0,853.9,872,0.0,57.51583333333329,68.05525000000007
4398,device_03,2025-11-13 01:04:01.192673,0,0,88,29.5,53.0,744.0,749,0.0,57.3873333333333,67.79516666666673
4399,device_04,2025-11-13 01:04:23.834437,0,0,15,29.3,58.0,822.5,829,0.0,58.65400000000003,69.0835000000001
4400,device_05,2025-11-13 01:04:25.373513,0,0,272,28.0,63.1,654.4,628,0.0,57.07749999999999,67.7191666666667
4401,device_02,2025-11-13 01:04:45.478743,0,0,1078,30.3,52.0,859.1,873,0.0,57.61116666666664,68.1048333333334
4402,device_03,2025-11-13 01:05:01.01851,0,0,88,29.4,53.0,747.6,751,0.0,57.39066666666663,67.79516666666673
4403,device_04,2025-11-13 01:05:23.814962,0,0,15,29.3,58.7,821.4,829,0.0,58.65150000000003,69.08516666666678
4404,device_05,2025-11-13 01:05:25.146025,0,0,273,28.1,63.3,653.6,628,0.0,57.07749999999999,67.7191666666667
4405,device_02,2025-11-13 01:05:44.949946,0,0,1081,30.4,52.0,860.7,871,0.0,57.527499999999975,68.11733333333342
4406,device_03,2025-11-13 01:06:00.931554,0,0,87,29.5,53.9,748.0,755,0.0,57.41691666666664,67.79266666666673
4407,device_04,2025-11-13 01:06:23.834289,0,0,15,29.3,59.0,824.4,831,0.0,58.648166666666704,69.06850000000011
4408,device_05,2025-11-13 01:06:25.14541,0,0,272,28.1,63.3,656.4,631,0.0,57.0775,67.7191666666667
4409,device_02,2025-11-13 01:06:45.064884,0,0,1080,30.4,52.0,854.5,877,0.0,58.06441666666666,68.23425000000009
4410,device_03,2025-11-13 01:07:01.062036,0,0,86,29.6,54.0,751.4,756,0.0,57.421499999999966,67.80183333333339
4411,device_04,2025-11-13 01:07:23.89279,8,8,16,29.3,59.0,820.9,825,0.0,58.65150000000003,69.08516666666678
4412,device_05,2025-11-13 01:07:25.389306,0,0,274,28.1,63.8,651.6,622,0.0,57.15958333333334,67.88708333333335
4413,device_02,2025-11-13 01:07:45.003415,0,0,1081,31.3,52.0,853.9,868,0.0,57.458749999999974,67.99325000000007
4414,device_03,2025-11-13 01:08:00.999308,0,0,87,29.1,54.0,753.3,756,0.0,57.375249999999966,67.79516666666673
4415,device_04,2025-11-13 01:08:24.412236,7,7,15,29.3,59.0,823.2,832,0.0,58.6531666666667,69.08350000000011
4416,device_05,2025-11-13 01:08:25.227021,0,0,274,28.2,64.1,649.9,625,0.0,57.25750000000001,67.97625000000002
4417,device_02,2025-11-13 01:08:45.054295,0,0,1079,31.4,51.7,859.1,875,0.0,57.75866666666665,68.12150000000008
4418,device_03,2025-11-13 01:09:00.974665,0,0,87,29.4,54.0,752.0,757,0.0,57.421499999999966,67.79516666666673
4419,device_04,2025-11-13 01:09:24.016543,0,0,15,29.3,59.0,821.2,829,0.0,58.65150000000003,69.08516666666678
4420,device_05,2025-11-13 01:09:25.218403,0,0,274,28.2,64.1,637.4,608,0.0,57.10916666666667,68.1054166666667
4421,device_02,2025-11-13 01:09:45.166924,0,0,1080,31.4,51.8,858.5,872,0.0,57.515833333333305,68.06816666666674
4422,device_03,2025-11-13 01:10:01.105336,0,0,86,29.4,54.0,748.4,752,0.0,57.421499999999966,67.79141666666673
4423,device_04,2025-11-13 01:10:23.870899,0,0,13,29.3,59.0,821.4,830,0.0,58.660250000000026,69.08516666666678
4424,device_05,2025-11-13 01:10:25.144659,0,0,274,28.3,64.1,646.8,617,0.0,57.135,68.1054166666667
4425,device_02,2025-11-13 01:10:45.193411,0,0,1083,31.5,51.9,856.8,870,0.0,57.497499999999974,68.06691666666674
4426,device_03,2025-11-13 01:11:01.321374,0,0,87,29.5,54.7,751.7,754,0.0,57.42149999999998,67.79516666666673
4427,device_04,2025-11-13 01:11:23.927082,0,0,15,29.3,60.0,821.9,829,0.0,58.65400000000003,69.0835000000001
4428,device_05,2025-11-13 01:11:25.143189,0,0,275,28.3,64.0,650.5,622,0.0,57.21625,68.04083333333335
4429,device_02,2025-11-13 01:11:44.899353,0,0,1083,31.5,52.0,856.2,875,0.0,57.75866666666665,68.1245833333334
4430,device_03,2025-11-13 01:12:01.180037,0,0,86,29.5,55.0,749.3,754,0.0,57.42149999999998,67.79266666666673
4431,device_04,2025-11-13 01:12:23.80693,0,0,16,29.3,60.0,824.4,831,0.0,58.648166666666704,69.0685000000001
4432,device_05,2025-11-13 01:12:25.289443,0,0,274,28.4,63.9,649.4,621,0.0,57.20375,68.02666666666669
4433,device_02,2025-11-13 01:12:45.101402,26,27,1082,31.4,51.7,859.2,872,0.0,57.508333333333304,68.0960833333334
4434,device_03,2025-11-13 01:13:01.239046,6656,6660,86,29.4,55.0,750.8,755,0.0,60.96083333333332,69.73924999999997
4435,device_04,2025-11-13 01:13:23.829893,0,0,16,29.3,60.0,825.2,830,0.0,58.6569166666667,69.05433333333345
4436,device_05,2025-11-13 01:13:25.697284,0,0,274,28.4,63.9,653.2,627,0.0,57.10500000000001,67.76541666666668
4437,device_02,2025-11-13 01:13:44.990713,27,28,1084,31.5,51.7,859.4,873,0.0,57.59366666666665,68.14566666666673
4438,device_03,2025-11-13 01:14:02.09237,0,0,86,29.5,55.0,747.6,752,0.0,57.41691666666664,67.79141666666673
4439,device_04,2025-11-13 01:14:23.830169,0,0,16,29.5,60.0,826.9,833,0.0,58.648166666666704,69.0472500000001
4440,device_05,2025-11-13 01:14:25.142956,0,0,274,28.4,63.9,655.2,627,0.0,57.10500000000001,67.76541666666668
4441,device_02,2025-11-13 01:14:45.502289,0,0,1081,31.5,51.2,858.3,876,0.0,58.036083333333316,68.23883333333342
4442,device_03,2025-11-13 01:15:00.981759,0,0,86,29.4,55.0,750.3,758,0.0,57.421499999999966,67.7918333333334
4443,device_04,2025-11-13 01:15:24.037823,0,0,17,29.8,60.0,828.2,834,0.0,58.6444166666667,69.0497500000001
4444,device_05,2025-11-13 01:15:25.128973,0,0,273,28.5,63.8,657.2,630,0.0,56.59416666666663,67.55000000000003
4445,device_02,2025-11-13 01:15:45.040319,0,0,1086,31.4,51.9,862.0,876,0.0,58.047749999999986,68.28616666666674
4446,device_03,2025-11-13 01:16:00.960625,0,0,87,29.4,55.0,754.3,759,0.0,57.42149999999995,67.8018333333334
4447,device_04,2025-11-13 01:16:23.969956,0,0,15,29.8,60.0,827.5,837,0.0,58.63066666666671,69.04975000000012
4448,device_05,2025-11-13 01:16:25.211854,0,0,273,28.5,63.8,655.7,631,0.0,57.04666666666666,67.7129166666667
4449,device_02,2025-11-13 01:16:45.076951,0,0,1085,31.4,51.9,863.2,884,0.0,58.093999999999994,68.23266666666676
4450,device_03,2025-11-13 01:17:00.935681,0,0,85,29.5,55.0,752.4,756,0.0,57.421499999999966,67.79516666666673
4451,device_04,2025-11-13 01:17:23.873589,0,0,14,29.8,60.0,830.6,839,0.0,58.61525000000003,69.06266666666679
4452,device_05,2025-11-13 01:17:25.436779,0,0,274,28.5,63.8,661.9,634,0.0,56.39291666666664,67.50625
4453,device_02,2025-11-13 01:17:44.93718,0,0,1085,31.3,51.8,864.0,877,0.0,58.07608333333333,68.28158333333342
4454,device_03,2025-11-13 01:18:01.036003,29,30,86,29.5,55.0,754.4,764,0.0,57.41566666666663,67.84225000000004
4455,device_04,2025-11-13 01:18:24.091898,0,0,15,29.8,60.0,832.1,839,0.0,58.61525000000004,69.06266666666677
4456,device_05,2025-11-13 01:18:25.269128,0,0,273,28.5,63.8,660.3,637,0.0,56.352916666666616,67.47666666666669
4457,device_02,2025-11-13 01:18:44.916965,0,0,1088,31.3,52.0,866.1,885,0.0,58.09383333333333,68.22791666666674
4458,device_03,2025-11-13 01:19:00.965735,0,0,85,29.4,55.0,755.5,762,0.0,57.421499999999966,67.80183333333339
4459,device_04,2025-11-13 01:19:24.080562,12,13,15,29.8,60.0,832.6,841,0.0,58.61525000000003,69.06266666666679
4460,device_05,2025-11-13 01:19:25.307507,0,0,273,28.5,63.8,661.8,637,0.0,56.35291666666662,67.46416666666669
4461,device_02,2025-11-13 01:19:44.882416,0,0,1084,31.5,52.0,866.3,886,0.0,58.09383333333333,68.22791666666676
4462,device_03,2025-11-13 01:20:01.009316,0,0,86,29.3,55.8,757.9,766,0.0,57.42358333333331,67.79225000000005
4463,device_04,2025-11-13 01:20:24.061903,0,0,15,29.8,60.0,834.1,842,0.0,58.61525000000003,69.07266666666679
4464,device_05,2025-11-13 01:20:25.34888,0,0,275,28.6,63.8,662.0,638,0.0,56.838,67.7851666666667
4465,device_02,2025-11-13 01:20:44.889244,0,0,1091,31.5,52.0,870.6,885,0.0,58.09383333333333,68.21875000000009
4466,device_03,2025-11-13 01:21:01.216337,0,0,85,29.5,56.0,758.8,767,0.0,57.4235833333333,67.79225000000005
4467,device_04,2025-11-13 01:21:23.845819,0,0,15,29.8,60.0,833.1,841,0.0,58.61525000000003,69.07266666666678
4468,device_05,2025-11-13 01:21:25.14155,0,0,274,28.6,63.9,662.2,640,0.0,56.77466666666666,67.78516666666668
4469,device_02,2025-11-13 01:21:45.086493,0,0,1088,31.4,52.0,865.0,887,0.0,58.09399999999999,68.23266666666674
4470,device_03,2025-11-13 01:22:01.087812,0,0,85,29.4,56.0,761.7,767,0.0,57.42399999999998,67.79225000000005
4471,device_04,2025-11-13 01:22:24.434138,0,0,14,29.8,60.0,834.1,843,0.0,58.61525000000003,69.07266666666678
4472,device_05,2025-11-13 01:22:25.133275,0,0,274,28.6,63.9,664.2,642,0.0,56.76674999999998,67.78516666666668
4473,device_02,2025-11-13 01:22:44.857243,0,0,1089,31.5,52.0,869.2,888,0.0,58.09383333333333,68.21875000000009
4474,device_03,2025-11-13 01:23:01.048701,0,0,86,29.4,56.0,761.4,769,0.0,57.42399999999997,67.79225000000007
4475,device_04,2025-11-13 01:23:24.000349,0,0,15,29.8,60.7,836.0,844,0.0,58.61341666666669,69.08183333333345
4476,device_05,2025-11-13 01:23:25.17556,0,0,275,28.6,64.0,664.8,644,0.0,56.76674999999998,67.7851666666667
4477,device_02,2025-11-13 01:23:44.937522,0,0,1091,31.5,52.0,871.4,884,0.0,58.09383333333333,68.20541666666675
4478,device_03,2025-11-13 01:24:00.983754,0,0,86,29.4,56.0,761.4,770,0.0,57.42399999999997,67.79100000000007
4479,device_04,2025-11-13 01:24:24.109644,0,0,16,29.8,61.0,837.7,846,0.0,58.61341666666669,69.08183333333345
4480,device_05,2025-11-13 01:24:25.76155,0,0,274,28.7,64.1,663.0,641,0.0,56.785499999999985,67.78516666666667
4481,device_02,2025-11-13 01:24:44.972244,28,29,1090,31.6,52.0,870.4,893,0.0,58.04966666666666,68.3058333333334
4482,device_04,2025-11-13 01:25:23.833419,0,0,14,29.8,61.0,836.2,847,0.0,58.61341666666669,69.08183333333345
4483,device_05,2025-11-13 01:25:25.410563,36,40,276,28.7,64.1,665.9,642,0.0,56.92966666666667,68.60775000000001
4484,device_05,2025-11-13 01:26:26.014257,0,0,273,28.7,64.2,664.9,640,0.0,56.734666666666655,67.74308333333337
4485,device_03,2025-11-13 01:30:01.129947,0,0,78,29.3,56.0,768.2,776,0.0,57.42691666666664,67.79100000000005
4486,device_02,2025-11-13 01:30:44.934808,0,0,1099,31.4,52.0,890.1,914,0.0,58.35341666666663,68.53683333333342
4487,device_03,2025-11-13 01:31:00.976048,0,0,81,29.5,56.8,761.3,772,0.0,57.42399999999997,67.79100000000005
4488,device_04,2025-11-13 01:31:23.819601,0,0,12,29.8,61.0,844.8,857,0.0,58.69483333333336,69.08750000000012
4489,device_02,2025-11-13 01:31:44.897715,0,0,1092,31.5,52.0,875.7,897,0.0,58.139666666666656,68.22925000000009
4490,device_03,2025-11-13 01:32:01.298218,0,0,84,29.5,57.0,767.0,775,0.0,57.42608333333331,67.79350000000005
4491,device_04,2025-11-13 01:32:24.093796,0,0,14,29.8,61.4,845.0,858,0.0,58.68608333333336,69.08750000000012
4492,device_05,2025-11-13 01:32:25.360261,0,0,263,28.8,64.7,668.8,646,0.0,56.89341666666665,67.78516666666673
4493,device_02,2025-11-13 01:32:44.969909,0,0,1091,31.4,52.0,874.8,895,0.0,58.139666666666656,68.22925000000009
4494,device_03,2025-11-13 01:33:00.976245,0,0,86,29.3,57.0,769.5,779,0.0,57.42608333333331,67.79350000000005
4495,device_04,2025-11-13 01:33:24.056972,0,0,16,29.8,62.0,844.2,857,0.0,58.69483333333336,69.08750000000013
4496,device_05,2025-11-13 01:33:25.17867,0,0,274,28.9,65.4,670.9,648,0.0,56.77591666666665,67.7851666666667
4497,device_02,2025-11-13 01:33:44.955649,0,0,1094,31.4,52.7,881.1,905,0.0,58.207999999999984,68.22050000000009
4498,device_03,2025-11-13 01:34:00.993768,27,27,85,29.5,57.0,769.5,780,0.0,57.42608333333331,67.81933333333338
4499,device_04,2025-11-13 01:34:24.441541,0,0,16,29.8,62.0,845.6,857,0.0,58.694833333333364,69.08750000000012
4500,device_05,2025-11-13 01:34:25.382826,0,0,276,28.9,65.9,672.4,650,0.0,56.785916666666665,67.79600000000002
4501,device_02,2025-11-13 01:34:44.919264,0,0,1096,31.5,53.0,887.2,910,0.0,58.217583333333316,68.22675000000008
4502,device_03,2025-11-13 01:35:01.08909,0,0,85,29.5,57.0,769.5,780,0.0,57.42608333333331,67.79350000000005
4503,device_04,2025-11-13 01:35:23.844034,0,0,17,29.8,62.0,843.3,854,0.0,58.64550000000002,69.08750000000013
4504,device_05,2025-11-13 01:35:25.451616,0,0,278,28.9,65.8,671.8,648,0.0,56.77591666666666,67.76850000000002
4505,device_02,2025-11-13 01:35:44.863834,0,0,1097,31.4,53.0,881.1,897,0.0,58.12299999999998,68.22925000000008
4506,device_03,2025-11-13 01:36:00.930216,0,0,85,29.5,57.0,771.3,781,0.0,57.42608333333331,67.79350000000005
4507,device_04,2025-11-13 01:36:24.441783,0,0,17,30.0,61.2,848.2,861,0.0,58.68591666666669,69.09291666666678
4508,device_05,2025-11-13 01:36:25.126363,38,45,283,28.9,65.9,678.5,658,0.0,57.172833333333294,68.73166666666667
4509,device_02,2025-11-13 01:36:44.935952,0,0,1096,31.4,53.0,878.6,903,0.0,58.24216666666664,68.22050000000009
4510,device_03,2025-11-13 01:37:01.336565,0,0,87,29.5,57.0,770.0,779,0.0,57.42608333333331,67.79350000000005
4511,device_04,2025-11-13 01:37:23.810615,0,0,18,30.2,62.0,847.4,859,0.0,58.68591666666669,69.08625000000012
4512,device_05,2025-11-13 01:37:25.213643,0,0,284,28.9,66.6,675.7,656,0.0,56.83091666666665,67.78600000000002
4513,device_02,2025-11-13 01:37:44.929596,0,0,1095,31.5,53.0,882.5,902,0.0,58.207999999999984,68.22050000000009
4514,device_03,2025-11-13 01:38:00.986736,0,0,87,29.5,57.8,774.4,784,0.0,57.42608333333331,67.79350000000007
4515,device_04,2025-11-13 01:38:23.987866,0,0,19,30.2,62.0,849.3,860,0.0,58.685750000000034,69.14066666666679
4516,device_05,2025-11-13 01:38:25.215356,0,0,285,29.0,67.1,682.4,660,0.0,56.48008333333331,67.74516666666669
4517,device_02,2025-11-13 01:38:44.872562,0,0,1095,31.5,53.0,883.4,905,0.0,58.207999999999984,68.22050000000009
4518,device_03,2025-11-13 01:39:01.577669,0,0,87,29.4,58.0,770.4,782,0.0,57.42608333333332,67.79350000000007
4519,device_04,2025-11-13 01:39:23.893721,0,0,20,30.2,62.0,848.0,861,0.0,58.6859166666667,69.0929166666668
4520,device_05,2025-11-13 01:39:25.143731,0,0,289,29.0,68.3,682.3,664,0.0,56.596749999999965,67.75433333333335
4521,device_02,2025-11-13 01:39:44.975018,0,0,1096,31.4,53.0,881.1,901,0.0,58.207999999999984,68.22050000000007
4522,device_03,2025-11-13 01:40:01.072424,25,25,89,29.4,58.0,773.8,784,0.0,57.42608333333331,67.79350000000005
4523,device_04,2025-11-13 01:40:24.488512,0,0,18,30.2,62.0,850.2,861,0.0,58.685750000000034,69.16316666666678
4524,device_05,2025-11-13 01:40:25.16006,0,0,288,29.0,68.9,679.9,662,0.0,56.467583333333316,67.74516666666669
4525,device_02,2025-11-13 01:40:45.47646,0,0,1098,31.4,53.0,886.0,907,0.0,58.207999999999984,68.21716666666676
4526,device_03,2025-11-13 01:41:00.977853,0,0,88,29.4,58.0,773.6,785,0.0,57.42608333333331,67.79350000000007
4527,device_04,2025-11-13 01:41:23.861532,0,0,20,30.2,62.0,849.5,858,0.0,58.685750000000034,69.14191666666679
4528,device_05,2025-11-13 01:41:25.118138,39,46,286,29.0,68.9,677.3,657,0.0,58.61166666666667,69.23616666666669
4529,device_02,2025-11-13 01:41:45.083252,0,0,1096,31.4,53.0,883.8,907,0.0,58.207999999999984,68.22050000000009
4530,device_03,2025-11-13 01:42:01.061568,0,0,88,29.7,58.0,774.4,787,0.0,57.4260833333333,67.80016666666671
4531,device_04,2025-11-13 01:42:24.027899,0,0,19,30.2,62.0,846.3,861,0.0,58.6859166666667,69.08625000000012
4532,device_05,2025-11-13 01:42:25.338439,39,46,285,29.0,68.7,677.7,658,0.0,58.611666666666686,69.23616666666668
4533,device_02,2025-11-13 01:42:44.84801,0,0,1100,32.0,53.0,883.4,904,0.0,58.207999999999984,68.22050000000009
4534,device_03,2025-11-13 01:43:00.990606,0,0,86,29.4,58.0,775.4,782,0.0,57.42608333333331,67.79350000000007
4535,device_04,2025-11-13 01:43:23.881066,0,0,19,30.2,62.0,849.0,861,0.0,58.68575000000003,69.14066666666679
4536,device_05,2025-11-13 01:43:25.155345,0,0,283,29.0,68.2,676.4,652,0.0,56.746333333333325,67.76725000000005
4537,device_02,2025-11-13 01:43:44.891956,0,0,1101,32.4,52.7,891.3,918,0.0,58.38674999999998,68.58558333333342
4538,device_03,2025-11-13 01:44:01.057948,0,0,86,29.4,58.0,773.4,786,0.0,57.42608333333331,67.79350000000007
4539,device_04,2025-11-13 01:44:24.408834,0,0,19,30.2,62.0,849.6,862,0.0,58.68658333333337,69.13525000000011
4540,device_05,2025-11-13 01:44:25.097124,0,0,282,29.0,67.7,674.1,652,0.0,56.78258333333332,67.78308333333334
4541,device_02,2025-11-13 01:44:44.959509,0,0,1098,32.4,52.8,887.5,910,0.0,58.217583333333316,68.22675000000008
4542,device_03,2025-11-13 01:45:00.928203,27,27,86,29.4,58.0,774.2,783,0.0,57.42608333333331,67.81933333333339
4543,device_04,2025-11-13 01:45:23.815446,0,0,18,30.2,62.0,851.1,861,0.0,58.682833333333356,69.17191666666679
4544,device_05,2025-11-13 01:45:25.152493,0,0,281,29.1,67.3,672.9,653,0.0,56.88924999999998,67.81125000000002
4545,device_02,2025-11-13 01:45:44.965587,0,0,1098,32.3,52.9,883.9,905,0.0,58.207999999999984,68.22050000000009
4546,device_03,2025-11-13 01:46:01.51149,28,28,86,29.3,58.3,776.4,788,0.0,57.42024999999998,67.83308333333338
4547,device_04,2025-11-13 01:46:24.564324,0,0,18,30.2,62.0,851.5,864,0.0,58.667416666666696,69.16650000000013
4548,device_05,2025-11-13 01:46:25.658729,0,0,281,29.1,67.0,677.2,654,0.0,56.859666666666655,67.79541666666668
4549,device_02,2025-11-13 01:46:45.011375,0,0,1097,32.5,53.0,887.4,912,0.0,58.217583333333316,68.22675000000008
4550,device_03,2025-11-13 01:47:00.897,0,0,87,29.5,58.8,776.6,789,0.0,57.4260833333333,67.79350000000007
4551,device_04,2025-11-13 01:47:23.850331,0,0,18,30.2,62.0,851.9,864,0.0,58.667416666666696,69.16650000000013
4552,device_05,2025-11-13 01:47:25.363527,0,0,280,29.1,66.8,673.8,655,0.0,56.88049999999999,67.80333333333336
4553,device_02,2025-11-13 01:47:45.124668,0,0,1102,32.4,53.0,890.6,914,0.0,58.35341666666665,68.53683333333342
4554,device_03,2025-11-13 01:48:01.041542,0,0,87,29.4,59.0,776.6,787,0.0,57.42608333333331,67.79350000000007
4555,device_04,2025-11-13 01:48:24.117098,0,0,18,30.2,62.0,852.1,864,0.0,58.667416666666696,69.16650000000011
4556,device_05,2025-11-13 01:48:25.096472,0,0,280,29.1,66.7,674.5,652,0.0,56.880499999999984,67.80333333333337
4557,device_02,2025-11-13 01:48:44.832938,0,0,1098,32.4,53.0,888.9,909,0.0,58.217583333333316,68.23091666666674
4558,device_03,2025-11-13 01:49:00.911112,0,0,85,29.4,59.0,775.3,785,0.0,57.42608333333331,67.79350000000005
4559,device_04,2025-11-13 01:49:23.906892,0,0,19,30.2,62.0,850.0,863,0.0,58.69408333333335,69.1352500000001
4560,device_05,2025-11-13 01:49:25.188895,0,0,280,29.1,66.7,674.9,651,0.0,56.90549999999999,67.80625000000003
4561,device_02,2025-11-13 01:49:44.818726,0,0,1100,32.4,53.0,885.1,911,0.0,58.217583333333316,68.23008333333341
4562,device_03,2025-11-13 01:50:00.998509,0,0,84,29.4,59.0,777.3,788,0.0,57.4260833333333,67.79350000000008
4563,device_04,2025-11-13 01:50:24.390946,0,0,19,30.2,62.0,850.0,864,0.0,58.690333333333356,69.1352500000001
4564,device_05,2025-11-13 01:50:25.175429,0,0,278,29.1,66.7,673.5,655,0.0,56.89049999999998,67.80750000000003
4565,device_02,2025-11-13 01:50:44.886358,0,0,1102,32.4,53.0,891.8,912,0.0,58.21633333333332,68.23091666666674
4566,device_03,2025-11-13 01:51:01.032494,0,0,86,29.5,59.0,776.8,791,0.0,57.42608333333331,67.79350000000007
4567,device_04,2025-11-13 01:51:23.857834,0,0,18,30.2,62.0,851.9,864,0.0,58.66741666666669,69.16650000000011
4568,device_05,2025-11-13 01:51:25.167918,0,0,280,29.1,66.6,676.6,655,0.0,56.850916666666656,67.78750000000004
4569,device_02,2025-11-13 01:51:44.864335,0,0,1105,32.3,53.0,891.5,919,0.0,58.386749999999964,68.58558333333343
4570,device_03,2025-11-13 01:52:00.938797,0,0,85,29.3,59.0,777.5,792,0.0,57.42608333333331,67.79350000000007
4571,device_04,2025-11-13 01:52:24.419269,0,0,18,30.2,62.0,852.6,865,0.0,58.66741666666669,69.16650000000011
4572,device_05,2025-11-13 01:52:25.508638,0,0,280,29.1,66.6,674.9,655,0.0,56.90549999999998,67.80625000000005
4573,device_02,2025-11-13 01:52:45.002691,0,0,1103,32.2,53.0,894.7,919,0.0,58.38549999999997,68.59975000000009
4574,device_03,2025-11-13 01:53:01.260511,0,0,86,29.3,59.0,778.3,790,0.0,57.42608333333331,67.79350000000005
4575,device_04,2025-11-13 01:53:23.8953,0,0,17,30.2,62.0,851.6,867,0.0,58.66741666666669,69.16650000000011
4576,device_05,2025-11-13 01:53:25.292924,0,0,279,29.2,66.6,674.8,655,0.0,56.946749999999994,67.80333333333336
4577,device_02,2025-11-13 01:53:44.894403,0,0,1102,32.4,53.0,895.3,916,0.0,58.410083333333304,68.59975000000009
4578,device_03,2025-11-13 01:54:01.037811,0,0,86,29.7,59.0,779.3,791,0.0,57.4260833333333,67.80016666666673
4579,device_04,2025-11-13 01:54:24.058846,0,0,17,30.2,62.0,851.8,865,0.0,58.667416666666696,69.1665000000001
4580,device_05,2025-11-13 01:54:25.074312,0,0,280,29.2,66.6,676.4,653,0.0,56.900499999999994,67.78750000000004
4581,device_02,2025-11-13 01:54:44.842523,0,0,1103,32.3,53.0,895.0,916,0.0,58.385499999999986,68.59975000000009
4582,device_03,2025-11-13 01:55:01.084254,0,0,84,29.4,59.0,778.6,789,0.0,57.42608333333331,67.79350000000007
4583,device_04,2025-11-13 01:55:24.036235,0,0,19,30.2,62.0,853.3,869,0.0,58.671583333333366,69.15941666666677
4584,device_05,2025-11-13 01:55:25.094977,0,0,280,29.2,66.6,676.7,657,0.0,56.89466666666667,67.77625000000005
4585,device_02,2025-11-13 01:55:44.884987,0,0,1104,32.5,53.0,894.9,917,0.0,58.38549999999997,68.59975000000007
4586,device_03,2025-11-13 01:56:01.058823,0,0,85,29.6,59.0,780.3,791,0.0,57.42608333333331,67.80016666666673
4587,device_04,2025-11-13 01:56:24.433203,0,0,18,30.2,62.0,853.0,866,0.0,58.66741666666669,69.16650000000011
4588,device_05,2025-11-13 01:56:25.822911,0,0,280,29.2,66.6,680.6,662,0.0,56.6463333333333,67.76541666666671
4589,device_02,2025-11-13 01:56:44.843153,0,0,1103,32.4,53.0,893.4,917,0.0,58.38549999999997,68.58558333333343
4590,device_03,2025-11-13 01:57:01.065279,0,0,85,29.4,59.0,779.9,792,0.0,57.42608333333331,67.79350000000005
4591,device_04,2025-11-13 01:57:23.852682,0,0,19,30.2,62.0,854.2,866,0.0,58.66741666666669,69.16650000000011
4592,device_05,2025-11-13 01:57:25.105485,0,0,279,29.2,66.6,678.3,658,0.0,56.89466666666667,67.77625000000003
4593,device_02,2025-11-13 01:57:44.860656,0,0,1108,32.4,53.0,899.4,922,0.0,58.43841666666663,68.59975000000009
4594,device_03,2025-11-13 01:58:01.022095,0,0,85,29.5,59.0,781.3,796,0.0,57.42608333333331,67.79350000000007
4595,device_04,2025-11-13 01:58:24.064012,0,0,18,30.2,62.7,854.8,867,0.0,58.66741666666669,69.16650000000013
4596,device_05,2025-11-13 01:58:25.320207,0,0,278,29.2,66.6,678.7,657,0.0,56.89758333333332,67.78083333333338
4597,device_02,2025-11-13 01:58:44.841125,0,0,1105,32.6,53.0,895.3,920,0.0,58.41591666666663,68.59975000000009
4598,device_03,2025-11-13 01:59:01.142704,0,0,85,29.5,59.0,779.0,790,0.0,57.42608333333331,67.79350000000007
4599,device_04,2025-11-13 01:59:23.875032,0,0,16,30.2,63.0,852.7,869,0.0,58.671583333333366,69.15941666666679
4600,device_05,2025-11-13 01:59:25.177422,0,0,279,29.2,66.6,679.2,656,0.0,56.88174999999999,67.78375000000004
4601,device_02,2025-11-13 01:59:44.798861,0,0,1106,32.4,53.0,895.5,917,0.0,58.43258333333331,68.59975000000007
4602,device_03,2025-11-13 02:00:01.208619,0,0,85,29.4,59.0,779.7,792,0.0,57.42608333333331,67.79350000000005
4603,device_04,2025-11-13 02:00:24.107186,0,0,17,30.2,63.0,853.9,868,0.0,58.66325000000004,69.15941666666677
4604,device_05,2025-11-13 02:00:25.183067,0,0,277,29.2,66.6,677.6,658,0.0,56.90466666666667,67.78458333333337
4605,device_02,2025-11-13 02:00:44.879788,0,0,1107,32.6,53.0,896.7,917,0.0,58.43258333333331,68.59975000000009
4606,device_03,2025-11-13 02:01:01.009578,0,0,84,29.8,59.0,783.0,796,0.0,57.4260833333333,67.80016666666671
4607,device_04,2025-11-13 02:01:23.852631,0,0,18,30.2,63.0,853.1,870,0.0,58.678666666666714,69.23800000000011
4608,device_05,2025-11-13 02:01:25.115296,0,0,278,29.2,66.6,678.3,661,0.0,56.91341666666667,67.78458333333337
4609,device_02,2025-11-13 02:01:44.851299,0,0,1104,32.5,53.0,892.5,920,0.0,58.39133333333331,68.58558333333343
4610,device_03,2025-11-13 02:02:00.974225,0,0,85,29.4,59.0,782.9,793,0.0,57.42608333333331,67.79350000000005
4611,device_04,2025-11-13 02:02:24.632177,0,0,16,30.2,63.0,854.4,871,0.0,58.69408333333335,69.25091666666677
4612,device_05,2025-11-13 02:02:25.707249,0,0,278,29.3,66.6,678.7,657,0.0,56.89758333333333,67.78083333333338
4613,device_02,2025-11-13 02:02:44.935648,0,0,1104,32.5,53.0,896.3,915,0.0,58.432583333333305,68.59975000000009
4614,device_03,2025-11-13 02:03:00.954554,0,0,84,29.4,59.0,781.4,793,0.0,57.42608333333331,67.79350000000007
4615,device_04,2025-11-13 02:03:23.89517,0,0,18,30.2,63.0,854.7,869,0.0,58.671583333333366,69.15941666666677
4616,device_05,2025-11-13 02:03:25.121724,0,0,276,29.3,66.5,677.1,659,0.0,56.90466666666667,67.80125000000004
4617,device_02,2025-11-13 02:03:44.86833,0,0,1106,32.5,53.0,894.0,914,0.0,58.35216666666665,68.5535000000001
4618,device_03,2025-11-13 02:04:01.083164,0,0,84,29.4,59.0,781.4,794,0.0,57.42608333333331,67.79350000000005
4619,device_04,2025-11-13 02:04:24.645702,0,0,17,30.2,63.0,855.5,869,0.0,58.671583333333366,69.15941666666679
4620,device_05,2025-11-13 02:04:25.11065,41,48,276,29.3,66.5,678.9,658,0.0,59.11325000000001,69.31633333333336
4621,device_02,2025-11-13 02:04:44.860814,0,0,1106,32.3,53.0,890.5,917,0.0,58.38674999999998,68.58558333333343
4622,device_03,2025-11-13 02:05:01.25375,0,0,83,29.4,59.0,780.7,791,0.0,57.42608333333331,67.79350000000007
4623,device_04,2025-11-13 02:05:24.082233,0,0,16,30.2,63.0,854.5,867,0.0,58.667416666666696,69.16650000000011
4624,device_05,2025-11-13 02:05:25.142392,0,0,277,29.3,66.5,682.5,659,0.0,56.66674999999997,67.77375000000005
4625,device_02,2025-11-13 02:05:44.808795,0,0,1110,32.5,53.0,893.8,919,0.0,58.385499999999965,68.60225000000008
4626,device_03,2025-11-13 02:06:01.004671,0,0,84,29.5,59.0,780.5,795,0.0,57.42608333333331,67.79350000000007
4627,device_04,2025-11-13 02:06:24.007426,0,0,18,30.3,63.0,855.5,870,0.0,58.678666666666686,69.25091666666678
4628,device_05,2025-11-13 02:06:25.397857,0,0,276,29.3,66.5,679.0,660,0.0,56.87133333333333,67.79750000000004
4629,device_02,2025-11-13 02:06:44.844541,0,0,1109,32.4,53.0,892.8,923,0.0,58.39133333333331,68.58558333333343
4630,device_03,2025-11-13 02:07:01.001742,0,0,84,29.5,59.0,781.4,795,0.0,57.42608333333331,67.79350000000007
4631,device_04,2025-11-13 02:07:23.796929,0,0,19,30.7,63.0,855.1,871,0.0,58.69408333333335,69.25091666666678
4632,device_05,2025-11-13 02:07:25.398702,0,0,276,29.3,66.5,678.7,655,0.0,56.90341666666665,67.80875000000003
4633,device_02,2025-11-13 02:07:44.860426,0,0,1111,32.4,53.0,897.4,922,0.0,58.43841666666663,68.59975000000009
4634,device_03,2025-11-13 02:08:01.174857,23,24,84,29.3,59.0,782.0,794,0.0,57.42608333333332,67.79350000000007
4635,device_04,2025-11-13 02:08:24.058501,18,19,18,30.8,63.0,855.6,870,0.0,58.678666666666686,69.25091666666677
4636,device_05,2025-11-13 02:08:25.637258,0,0,276,29.3,66.4,679.1,659,0.0,56.862583333333326,67.79750000000004
4637,device_02,2025-11-13 02:08:45.008706,0,0,1108,32.5,53.0,897.3,921,0.0,58.43841666666663,68.59975000000009
4638,device_03,2025-11-13 02:09:01.016106,0,0,83,29.6,59.0,781.5,795,0.0,57.42608333333331,67.80016666666673
4639,device_04,2025-11-13 02:09:23.853717,0,0,16,30.8,63.0,853.6,867,0.0,58.667416666666696,69.16650000000011
4640,device_05,2025-11-13 02:09:25.075007,0,0,276,29.3,66.4,676.4,658,0.0,56.904666666666664,67.80125000000004
4641,device_02,2025-11-13 02:09:44.870667,0,0,1104,32.5,53.0,896.4,917,0.0,58.43258333333331,68.59975000000007
4642,device_03,2025-11-13 02:10:00.883996,0,0,82,29.3,59.5,780.1,789,0.0,57.42608333333331,67.79350000000005
4643,device_04,2025-11-13 02:10:24.098056,0,0,17,30.8,63.0,852.7,866,0.0,58.66741666666669,69.16650000000013
4644,device_05,2025-11-13 02:10:25.112311,0,0,276,29.3,66.4,678.7,657,0.0,56.897583333333344,67.79750000000004
4645,device_02,2025-11-13 02:10:44.803569,0,0,1107,32.5,53.0,895.4,915,0.0,58.432583333333305,68.59975000000009
4646,device_03,2025-11-13 02:11:01.853222,0,0,84,29.3,59.7,779.4,790,0.0,57.42608333333331,67.79350000000007
4647,device_04,2025-11-13 02:11:23.889165,0,0,17,30.8,63.0,855.5,868,0.0,58.66325000000003,69.15941666666679
4648,device_05,2025-11-13 02:11:25.061791,0,0,276,29.3,66.4,678.8,659,0.0,56.88008333333333,67.79750000000004
4649,device_02,2025-11-13 02:11:44.84433,0,0,1107,32.5,53.0,892.8,917,0.0,58.385499999999986,68.58558333333343
4650,device_03,2025-11-13 02:12:01.230789,0,0,83,29.3,59.6,776.2,786,0.0,57.4260833333333,67.79350000000005
4651,device_04,2025-11-13 02:12:24.224801,0,0,17,30.8,63.0,854.2,869,0.0,58.67158333333336,69.1594166666668
4652,device_05,2025-11-13 02:12:25.715405,0,0,275,29.3,66.4,679.4,661,0.0,56.87133333333334,67.79750000000004
4653,device_02,2025-11-13 02:12:45.136844,0,0,1111,32.5,53.1,895.5,923,0.0,58.43841666666663,68.59975000000009
4654,device_03,2025-11-13 02:13:01.136516,26,26,82,29.4,59.6,780.8,791,0.0,57.42608333333331,67.81933333333339
4655,device_04,2025-11-13 02:13:23.880272,0,0,18,30.8,63.0,854.5,869,0.0,58.67158333333336,69.15941666666677
4656,device_05,2025-11-13 02:13:25.187937,0,0,275,29.3,66.3,680.6,661,0.0,56.65633333333331,67.7904166666667
4657,device_02,2025-11-13 02:13:44.811437,33,38,1108,32.6,53.0,894.4,921,0.0,58.511749999999985,69.04191666666675
4658,device_03,2025-11-13 02:14:00.920487,26,26,84,29.5,59.7,779.6,791,0.0,57.42608333333331,67.81933333333338
4659,device_04,2025-11-13 02:14:24.472446,22,23,18,30.8,63.0,857.7,871,0.0,58.69408333333335,69.25091666666678
4660,device_05,2025-11-13 02:14:25.128857,0,0,274,29.3,66.3,679.8,660,0.0,56.656333333333315,67.7904166666667
4661,device_02,2025-11-13 02:14:44.800239,0,0,1109,32.4,53.0,895.9,921,0.0,58.43841666666665,68.59975000000009
4662,device_03,2025-11-13 02:15:01.030234,0,0,84,29.4,59.8,780.9,796,0.0,57.4260833333333,67.79350000000007
4663,device_04,2025-11-13 02:15:23.888962,0,0,16,30.8,63.0,856.4,870,0.0,58.67866666666669,69.25091666666677
4664,device_05,2025-11-13 02:15:25.113108,0,0,274,29.4,66.3,680.4,658,0.0,56.654249999999976,67.79041666666672
4665,device_02,2025-11-13 02:15:44.86404,0,0,1110,32.6,53.2,897.8,918,0.0,58.43258333333331,68.59975000000007
4666,device_03,2025-11-13 02:16:00.956867,0,0,82,29.5,59.7,783.0,796,0.0,57.42608333333331,67.79350000000005
4667,device_04,2025-11-13 02:16:24.07007,0,0,17,30.8,63.0,856.3,870,0.0,58.67866666666669,69.25091666666677
4668,device_05,2025-11-13 02:16:25.128332,0,0,274,29.4,66.2,679.7,660,0.0,56.87133333333333,67.79750000000004
4669,device_02,2025-11-13 02:16:45.03827,0,0,1109,32.6,53.2,896.1,924,0.0,58.43841666666663,68.59975000000009
4670,device_03,2025-11-13 02:17:01.057557,0,0,83,29.4,60.0,784.8,801,0.0,57.40983333333331,67.79350000000007
4671,device_04,2025-11-13 02:17:23.798896,0,0,16,30.8,63.0,855.9,874,0.0,58.937833333333366,69.29975000000012
4672,device_05,2025-11-13 02:17:25.095051,0,0,275,29.4,66.2,680.5,661,0.0,56.65633333333331,67.7904166666667
4673,device_02,2025-11-13 02:17:44.80053,0,0,1112,32.4,53.2,896.3,920,0.0,58.43841666666663,68.59975000000009
4674,device_03,2025-11-13 02:18:01.162527,0,0,82,29.5,60.0,782.1,793,0.0,57.42608333333331,67.79350000000007
4675,device_04,2025-11-13 02:18:24.128654,0,0,15,30.8,63.0,858.1,874,0.0,58.937833333333366,69.29975000000012
4676,device_05,2025-11-13 02:18:25.113563,0,0,274,29.4,66.2,682.2,660,0.0,56.6688333333333,67.7904166666667
4677,device_02,2025-11-13 02:18:45.058096,0,0,1109,32.4,53.0,896.2,921,0.0,58.43841666666663,68.59975000000007
4678,device_03,2025-11-13 02:19:00.908014,0,0,84,29.5,60.0,787.2,799,0.0,57.409833333333296,67.79350000000005
4679,device_04,2025-11-13 02:19:24.018183,0,0,17,30.8,63.0,858.6,872,0.0,58.69408333333337,69.25216666666678
4680,device_05,2025-11-13 02:19:25.158729,0,0,273,29.4,66.2,682.4,664,0.0,56.66466666666663,67.76166666666673
4681,device_02,2025-11-13 02:19:45.012975,36,40,1109,32.4,53.1,897.9,925,0.0,59.010166666666635,69.4865833333334
4682,device_03,2025-11-13 02:20:01.1745,0,0,83,29.4,60.0,783.2,795,0.0,57.42608333333331,67.79350000000005
4683,device_04,2025-11-13 02:20:24.059161,19,19,18,30.8,63.0,860.3,874,0.0,58.937833333333366,69.2966666666668
4684,device_05,2025-11-13 02:20:25.081703,0,0,275,29.4,66.2,687.5,667,0.0,56.80424999999998,67.80375000000004
4685,device_02,2025-11-13 02:20:44.875137,0,0,1112,32.3,53.0,901.0,922,0.0,58.43841666666663,68.59975000000009
4686,device_03,2025-11-13 02:21:00.892477,0,0,81,29.4,60.0,780.9,791,0.0,57.4260833333333,67.79350000000005
4687,device_04,2025-11-13 02:21:23.981356,0,0,18,30.8,63.0,859.5,875,0.0,58.97408333333337,69.29666666666678
4688,device_05,2025-11-13 02:21:25.214619,0,0,274,29.5,66.1,682.1,659,0.0,56.66674999999997,67.7904166666667
4689,device_02,2025-11-13 02:21:44.825476,0,0,1113,32.5,53.0,897.6,929,0.0,58.451749999999976,68.5997500000001
4690,device_03,2025-11-13 02:22:01.173567,0,0,83,30.1,59.2,784.4,798,0.0,57.40983333333331,67.80016666666673
4691,device_04,2025-11-13 02:22:24.498951,0,0,17,30.8,63.0,857.0,874,0.0,58.937833333333366,69.29975000000012
4692,device_05,2025-11-13 02:22:25.120576,0,0,273,29.5,66.1,681.1,665,0.0,56.652166666666645,67.76166666666673
4693,device_02,2025-11-13 02:22:44.792518,0,0,1111,32.4,53.2,899.3,925,0.0,58.43841666666663,68.5997500000001
4694,device_03,2025-11-13 02:23:00.944533,0,0,81,30.5,59.0,782.6,799,0.0,57.42608333333331,67.80016666666673
4695,device_04,2025-11-13 02:23:23.833808,0,0,17,30.8,63.0,860.1,872,0.0,58.69408333333335,69.25216666666677
4696,device_05,2025-11-13 02:23:25.128179,0,0,275,29.5,66.0,681.2,660,0.0,56.656333333333315,67.79041666666672
4697,device_02,2025-11-13 02:23:44.848766,0,0,1112,32.4,53.0,903.0,927,0.0,58.4550833333333,68.59975000000009
4698,device_03,2025-11-13 02:24:00.915027,25,25,83,30.4,59.0,785.7,803,0.0,57.40983333333331,67.80016666666673
4699,device_04,2025-11-13 02:24:24.07393,0,0,18,30.8,63.0,859.5,874,0.0,58.937833333333366,69.29666666666678
4700,device_05,2025-11-13 02:24:25.71135,0,0,273,29.5,66.0,682.3,665,0.0,56.664666666666626,67.76166666666673
4701,device_02,2025-11-13 02:24:44.816439,0,0,1112,32.3,53.0,902.1,927,0.0,58.451749999999976,68.59975000000007
4702,device_04,2025-11-13 02:25:23.855736,0,0,17,30.8,63.0,861.1,875,0.0,58.979916666666696,69.31875000000012
4703,device_05,2025-11-13 02:25:25.132176,0,0,273,29.6,66.0,683.9,665,0.0,56.66091666666664,67.76833333333339
4704,device_05,2025-11-13 02:26:25.341293,0,0,274,29.6,66.0,685.3,664,0.0,56.74258333333332,67.81041666666671
4705,device_03,2025-11-13 02:30:01.137194,0,0,73,30.5,59.0,797.2,810,0.0,57.33649999999998,67.7868333333334
4706,device_02,2025-11-13 02:30:45.498668,0,0,1116,32.5,53.0,912.8,941,0.0,58.455083333333306,68.59500000000008
4707,device_03,2025-11-13 02:31:01.030855,0,0,79,30.3,59.0,792.9,809,0.0,57.34399999999998,67.78975000000005
4708,device_04,2025-11-13 02:31:23.82942,0,0,14,30.8,63.0,868.0,883,0.0,59.203666666666706,69.36158333333347
4709,device_02,2025-11-13 02:31:44.895433,0,0,1110,32.4,53.0,895.6,922,0.0,58.438416666666654,68.59975000000009
4710,device_03,2025-11-13 02:32:00.961216,0,0,79,30.4,59.0,791.1,808,0.0,57.410666666666636,67.79225000000005
4711,device_04,2025-11-13 02:32:24.374926,0,0,16,30.8,63.0,863.4,880,0.0,59.20633333333337,69.39675000000015
4712,device_05,2025-11-13 02:32:25.131864,0,0,259,29.8,65.8,687.4,669,0.0,56.963833333333326,67.82125000000008
4713,device_02,2025-11-13 02:32:45.046374,0,0,1113,32.4,53.0,897.8,925,0.0,58.43841666666663,68.59975000000009
4714,device_03,2025-11-13 02:33:00.944713,0,0,81,30.4,59.0,796.4,810,0.0,57.33566666666664,67.79225000000007
4715,device_04,2025-11-13 02:33:23.864845,0,0,16,31.0,63.0,862.1,877,0.0,59.20858333333337,69.40608333333347
4716,device_05,2025-11-13 02:33:25.139058,0,0,268,29.8,65.7,682.7,664,0.0,56.6663333333333,67.78666666666673
4717,device_02,2025-11-13 02:33:44.84257,0,0,1112,32.5,53.0,901.9,931,0.0,58.451749999999976,68.59975000000007
4718,device_03,2025-11-13 02:34:00.93956,0,0,81,30.5,59.0,792.2,808,0.0,57.34316666666664,67.79475000000006
4719,device_04,2025-11-13 02:34:23.953929,0,0,16,31.3,63.0,865.8,883,0.0,59.203666666666706,69.36158333333347
4720,device_05,2025-11-13 02:34:25.732831,0,0,270,29.8,65.7,682.4,663,0.0,56.666333333333306,67.78666666666675
4721,device_02,2025-11-13 02:34:45.057032,0,0,1113,32.5,53.0,903.2,931,0.0,58.455083333333306,68.59975000000009
4722,device_03,2025-11-13 02:35:01.167358,0,0,82,30.4,59.0,793.3,811,0.0,57.34316666666665,67.79225000000008
4723,device_04,2025-11-13 02:35:24.005938,0,0,16,31.3,63.0,865.4,882,0.0,59.20383333333337,69.36633333333347
4724,device_05,2025-11-13 02:35:25.849621,0,0,271,29.8,65.6,688.1,668,0.0,56.78049999999998,67.77666666666673
4725,device_02,2025-11-13 02:35:45.120698,0,0,1117,32.5,53.0,906.7,930,0.0,58.45508333333331,68.59975000000009
4726,device_03,2025-11-13 02:36:01.070147,0,0,82,30.5,59.0,797.9,812,0.0,57.33566666666664,67.79225000000008
4727,device_04,2025-11-13 02:36:23.806872,0,0,16,31.3,63.0,868.3,884,0.0,59.20366666666671,69.36158333333347
4728,device_05,2025-11-13 02:36:25.183747,0,0,271,29.9,65.6,685.6,665,0.0,56.723416666666644,67.77666666666673
4729,device_02,2025-11-13 02:36:44.810243,0,0,1117,32.5,53.0,904.8,935,0.0,58.4550833333333,68.59500000000008
4730,device_03,2025-11-13 02:37:01.02108,0,0,81,30.4,59.0,796.3,813,0.0,57.33566666666665,67.79225000000008
4731,device_04,2025-11-13 02:37:23.83611,0,0,15,31.3,63.0,867.6,883,0.0,59.203666666666706,69.36158333333347
4732,device_05,2025-11-13 02:37:25.235021,0,0,272,29.9,65.6,686.6,665,0.0,56.721749999999986,67.7683333333334
4733,device_02,2025-11-13 02:37:44.844084,0,0,1113,32.5,53.0,906.1,935,0.0,58.455083333333306,68.59500000000008
4734,device_03,2025-11-13 02:38:00.921685,0,0,81,30.6,59.0,795.4,811,0.0,57.33566666666664,67.79225000000007
4735,device_04,2025-11-13 02:38:24.051791,0,0,16,31.3,63.0,865.8,883,0.0,59.203666666666706,69.36158333333347
4736,device_05,2025-11-13 02:38:25.200951,0,0,272,29.9,65.7,683.8,665,0.0,56.664666666666626,67.76833333333339
4737,device_02,2025-11-13 02:38:44.818723,0,0,1115,32.4,53.0,906.4,933,0.0,58.455083333333306,68.59975000000009
4738,device_03,2025-11-13 02:39:01.510161,0,0,82,30.6,59.0,796.6,811,0.0,57.33566666666664,67.79225000000007
4739,device_04,2025-11-13 02:39:23.877785,0,0,16,31.3,63.0,868.3,884,0.0,59.203666666666706,69.36158333333347
4740,device_05,2025-11-13 02:39:25.193526,0,0,272,29.9,65.7,684.8,667,0.0,56.72674999999998,67.76833333333339
4741,device_02,2025-11-13 02:39:45.024102,0,0,1116,32.4,53.0,906.4,932,0.0,58.455083333333306,68.59975000000009
4742,device_03,2025-11-13 02:40:01.185503,0,0,81,30.7,59.0,796.2,814,0.0,57.33566666666663,67.79225000000008
4743,device_04,2025-11-13 02:40:24.071753,0,0,17,31.3,63.0,865.7,882,0.0,59.20383333333337,69.36633333333346
4744,device_05,2025-11-13 02:40:25.123419,0,0,272,29.9,65.7,686.7,671,0.0,56.80008333333331,67.76416666666672
4745,device_02,2025-11-13 02:40:44.917168,0,0,1116,32.6,53.0,909.1,934,0.0,58.455083333333306,68.59975000000009
4746,device_03,2025-11-13 02:41:00.966684,23,6147,80,30.5,59.0,797.3,813,0.0,59.315666666666665,69.14974999999998
4747,device_04,2025-11-13 02:41:24.060702,0,0,17,31.3,63.0,868.1,886,0.0,59.203666666666706,69.36158333333347
4748,device_05,2025-11-13 02:41:25.153742,0,0,272,29.9,65.8,688.8,670,0.0,56.800083333333305,67.76416666666672
4749,device_02,2025-11-13 02:41:44.850967,0,0,1116,32.5,53.0,907.8,935,0.0,58.455083333333306,68.59500000000008
4750,device_03,2025-11-13 02:42:01.043955,0,0,81,30.5,59.0,798.4,816,0.0,57.32399999999998,67.79225000000007
4751,device_04,2025-11-13 02:42:24.428853,0,0,16,31.3,63.0,870.5,884,0.0,59.203666666666706,69.3524166666668
4752,device_05,2025-11-13 02:42:25.21382,0,0,272,29.9,65.8,689.3,668,0.0,56.77883333333332,67.76833333333339
4753,device_02,2025-11-13 02:42:45.041591,0,0,1120,32.4,53.0,909.8,937,0.0,58.4550833333333,68.59500000000008
4754,device_03,2025-11-13 02:43:00.959052,0,0,80,30.5,59.0,798.1,817,0.0,57.33566666666665,67.79225000000008
4755,device_04,2025-11-13 02:43:24.003525,0,0,17,31.3,63.0,870.0,886,0.0,59.203666666666706,69.3524166666668
4756,device_05,2025-11-13 02:43:25.66294,0,0,271,29.9,65.7,686.2,669,0.0,56.801749999999984,67.77666666666673
4757,device_02,2025-11-13 02:43:44.946437,0,0,1118,32.5,53.0,907.3,936,0.0,58.455083333333306,68.59500000000008
4758,device_03,2025-11-13 02:44:01.01089,0,0,81,30.6,59.0,799.9,815,0.0,57.32733333333331,67.79225000000008
4759,device_04,2025-11-13 02:44:24.232592,0,0,17,31.3,63.0,869.7,888,0.0,59.203666666666706,69.3524166666668
4760,device_05,2025-11-13 02:44:25.190805,0,0,270,29.9,65.7,687.0,667,0.0,56.76591666666664,67.78666666666675
4761,device_02,2025-11-13 02:44:44.81584,0,0,1117,32.5,53.0,905.6,931,0.0,58.455083333333306,68.59975000000009
4762,device_03,2025-11-13 02:45:01.080125,0,0,80,30.4,59.0,796.7,812,0.0,57.33566666666664,67.79225000000007
4763,device_04,2025-11-13 02:45:23.940663,0,0,17,31.3,63.0,869.5,887,0.0,59.20366666666671,69.3524166666668
4764,device_05,2025-11-13 02:45:25.328269,0,0,271,29.9,65.7,685.8,665,0.0,56.723416666666644,67.77666666666673
4765,device_02,2025-11-13 02:45:45.009402,0,0,1119,32.3,53.0,909.4,935,0.0,58.455083333333306,68.59500000000008
4766,device_03,2025-11-13 02:46:01.251957,29,29,81,30.7,59.0,799.4,817,0.0,57.32149999999996,67.84308333333338
4767,device_04,2025-11-13 02:46:24.430241,0,0,17,31.3,63.0,870.9,888,0.0,59.20366666666671,69.33908333333346
4768,device_05,2025-11-13 02:46:25.164795,0,0,272,29.9,65.6,683.1,666,0.0,56.70716666666662,67.76833333333339
4769,device_02,2025-11-13 02:46:44.837714,0,0,1121,32.2,53.0,916.9,948,0.0,58.473416666666644,68.59133333333342
4770,device_03,2025-11-13 02:47:00.973591,0,0,81,30.5,59.0,797.2,813,0.0,57.33566666666665,67.79225000000007
4771,device_04,2025-11-13 02:47:24.401346,20,20,17,31.3,63.0,871.0,886,0.0,59.203666666666706,69.33908333333346
4772,device_05,2025-11-13 02:47:25.175293,0,0,272,29.9,65.6,684.7,670,0.0,56.76258333333331,67.76416666666672
4773,device_02,2025-11-13 02:47:44.907863,0,0,1120,32.5,53.0,909.5,936,0.0,58.455083333333306,68.59500000000007
4774,device_03,2025-11-13 02:48:00.954659,0,0,80,30.6,59.0,797.5,813,0.0,57.33566666666664,67.79225000000007
4775,device_04,2025-11-13 02:48:23.965072,0,0,17,31.3,63.0,872.6,887,0.0,59.20366666666671,69.33908333333348
4776,device_05,2025-11-13 02:48:25.143912,36,39,272,30.0,65.5,687.6,672,0.0,57.070916666666655,68.47483333333335
4777,device_02,2025-11-13 02:48:44.925293,0,0,1118,32.3,53.0,907.8,937,0.0,58.455083333333306,68.59500000000008
4778,device_03,2025-11-13 02:49:00.941464,0,0,80,30.5,59.0,799.9,819,0.0,57.32733333333331,67.79225000000008
4779,device_04,2025-11-13 02:49:23.912669,0,0,17,31.3,63.0,871.5,889,0.0,59.203666666666706,69.33908333333346
4780,device_05,2025-11-13 02:49:25.824089,35,38,272,30.0,65.5,689.3,671,0.0,57.06216666666667,68.29150000000006
4781,device_02,2025-11-13 02:49:44.942804,0,0,1119,32.4,53.0,910.6,937,0.0,58.455083333333306,68.59500000000008
4782,device_03,2025-11-13 02:50:00.98549,0,0,81,30.5,59.0,801.1,816,0.0,57.31858333333331,67.79225000000007
4783,device_04,2025-11-13 02:50:24.098961,0,0,16,31.3,63.0,870.9,888,0.0,59.20366666666671,69.33908333333346
4784,device_05,2025-11-13 02:50:25.183983,0,0,272,30.0,65.5,689.6,671,0.0,57.19649999999996,67.7770833333334
4785,device_02,2025-11-13 02:50:44.864306,0,0,1127,32.3,53.0,916.4,947,0.0,58.47341666666664,68.59133333333341
4786,device_03,2025-11-13 02:51:00.96788,0,0,80,30.4,59.0,797.7,812,0.0,57.33566666666664,67.79225000000007
4787,device_04,2025-11-13 02:51:23.980202,0,0,17,31.3,63.0,872.3,889,0.0,59.203666666666706,69.33908333333346
4788,device_05,2025-11-13 02:51:25.27926,0,0,271,30.0,65.5,688.3,670,0.0,56.801749999999984,67.77250000000006
4789,device_02,2025-11-13 02:51:44.90416,0,0,1120,32.5,53.0,909.8,937,0.0,58.455083333333306,68.59500000000008
4790,device_03,2025-11-13 02:52:01.173936,0,0,79,30.6,59.0,799.7,816,0.0,57.32816666666665,67.78975000000005
4791,device_04,2025-11-13 02:52:23.880353,0,0,16,31.3,63.0,871.4,890,0.0,59.203666666666706,69.33783333333348
4792,device_05,2025-11-13 02:52:25.462031,0,0,272,30.0,65.5,689.9,669,0.0,57.19649999999996,67.78125000000006
4793,device_02,2025-11-13 02:52:44.885551,37,41,1123,32.4,53.0,915.3,944,0.0,58.94724999999997,69.49875000000006
4794,device_03,2025-11-13 02:53:01.160541,0,0,80,30.6,59.0,799.6,815,0.0,57.32733333333331,67.79225000000007
4795,device_04,2025-11-13 02:53:24.540322,0,0,15,31.3,63.0,871.7,886,0.0,59.203666666666706,69.33908333333346
4796,device_05,2025-11-13 02:53:25.139773,0,0,271,30.0,65.5,688.4,671,0.0,56.80174999999998,67.77250000000006
4797,device_02,2025-11-13 02:53:44.845324,0,0,1119,32.4,53.0,908.8,938,0.0,58.455083333333306,68.59500000000008
4798,device_03,2025-11-13 02:54:00.963086,0,0,79,30.5,59.0,799.6,818,0.0,57.32816666666664,67.78975000000007
4799,device_04,2025-11-13 02:54:24.127897,0,0,16,31.3,63.0,871.1,889,0.0,59.203666666666706,69.33908333333348
4800,device_05,2025-11-13 02:54:25.564796,0,0,270,30.0,65.5,691.2,671,0.0,57.19816666666664,67.79541666666672
4801,device_02,2025-11-13 02:54:44.863101,0,0,1122,32.5,53.0,910.8,936,0.0,58.455083333333306,68.59500000000007
4802,device_03,2025-11-13 02:55:00.950031,0,0,79,30.6,59.0,801.2,817,0.0,57.31941666666665,67.78975000000007
4803,device_04,2025-11-13 02:55:24.017286,0,0,16,31.3,63.0,870.9,887,0.0,59.20366666666669,69.33908333333346
4804,device_05,2025-11-13 02:55:25.772023,0,0,272,30.0,65.5,691.4,671,0.0,57.19649999999996,67.77708333333341
4805,device_02,2025-11-13 02:55:44.865636,0,0,1120,32.5,53.0,910.5,938,0.0,58.455083333333306,68.59500000000008
4806,device_03,2025-11-13 02:56:00.983352,0,0,79,30.5,59.0,800.2,816,0.0,57.32816666666665,67.78975000000007
4807,device_04,2025-11-13 02:56:24.414009,0,0,17,31.3,63.0,871.1,886,0.0,59.203666666666706,69.33908333333346
4808,device_05,2025-11-13 02:56:25.20172,0,0,270,30.0,65.5,690.6,672,0.0,57.19816666666663,67.79541666666674
4809,device_02,2025-11-13 02:56:45.05244,0,0,1120,33.3,52.8,911.2,940,0.0,58.455083333333306,68.59500000000008
4810,device_03,2025-11-13 02:57:00.976874,0,0,79,30.4,59.0,801.3,821,0.0,57.31941666666665,67.78975000000007
4811,device_04,2025-11-13 02:57:23.946043,0,0,15,31.3,63.0,873.2,891,0.0,59.206166666666704,69.33783333333346
4812,device_05,2025-11-13 02:57:25.218525,0,0,271,30.0,65.5,692.0,673,0.0,57.16441666666664,67.78541666666675
4813,device_02,2025-11-13 02:57:45.041236,0,0,1123,33.5,52.7,911.5,938,0.0,58.455083333333306,68.59500000000008
4814,device_03,2025-11-13 02:58:01.001955,0,0,80,30.6,59.0,801.7,820,0.0,57.31858333333331,67.79225000000007
4815,device_04,2025-11-13 02:58:23.877981,0,0,15,31.3,63.0,873.2,891,0.0,59.206166666666704,69.33783333333346
4816,device_05,2025-11-13 02:58:25.597059,0,0,271,30.1,65.5,691.2,674,0.0,57.16441666666664,67.79916666666674
4817,device_02,2025-11-13 02:58:44.886194,0,0,1122,33.5,53.0,914.2,944,0.0,58.455083333333306,68.59500000000008
4818,device_03,2025-11-13 02:59:01.021056,0,0,79,30.3,59.0,802.4,822,0.0,57.31941666666665,67.80100000000007
4819,device_04,2025-11-13 02:59:24.040286,0,0,16,31.3,63.0,874.7,891,0.0,59.22366666666669,69.33208333333347
4820,device_05,2025-11-13 02:59:25.246595,35,39,271,30.1,65.5,690.9,677,0.0,57.466083333333316,68.46400000000001
4821,device_02,2025-11-13 02:59:45.07619,0,0,1123,33.4,52.9,909.9,940,0.0,58.455083333333306,68.59500000000008
4822,device_03,2025-11-13 03:00:00.957195,0,0,79,30.4,59.0,803.3,820,0.0,57.31941666666664,67.80100000000007
4823,device_04,2025-11-13 03:00:24.509827,0,0,15,31.3,63.0,871.5,893,0.0,59.20616666666671,69.3636666666668
4824,device_05,2025-11-13 03:00:25.345188,35,39,271,30.1,65.5,693.0,677,0.0,57.466083333333316,68.44650000000001
4825,device_02,2025-11-13 03:00:44.859788,0,0,1124,33.4,52.8,912.5,940,0.0,58.455083333333306,68.59500000000007
4826,device_03,2025-11-13 03:01:00.990936,0,0,80,30.6,59.0,805.4,820,0.0,57.31858333333331,67.80350000000006
4827,device_04,2025-11-13 03:01:23.935055,0,0,16,31.6,63.0,874.7,891,0.0,59.223666666666695,69.33208333333347
4828,device_05,2025-11-13 03:01:25.273895,0,0,271,30.1,65.5,694.6,678,0.0,57.16441666666663,67.79791666666674
4829,device_02,2025-11-13 03:01:44.902195,0,0,1122,33.3,53.0,912.7,941,0.0,58.455083333333306,68.59500000000008
4830,device_03,2025-11-13 03:02:01.018414,0,0,79,30.3,59.0,802.5,820,0.0,57.31941666666664,67.80100000000007
4831,device_04,2025-11-13 03:02:24.281226,0,0,16,31.8,63.0,875.0,893,0.0,59.22616666666671,69.35791666666681
4832,device_05,2025-11-13 03:02:25.655021,0,0,271,30.2,65.5,694.1,676,0.0,57.16441666666664,67.79916666666674
4833,device_02,2025-11-13 03:02:44.865401,0,0,1126,33.5,52.9,914.1,941,0.0,58.45508333333331,68.59500000000007
4834,device_03,2025-11-13 03:03:00.979287,0,0,79,30.2,59.0,803.4,822,0.0,57.31941666666665,67.80100000000006
4835,device_04,2025-11-13 03:03:23.904228,0,0,18,31.8,63.0,874.9,894,0.0,59.26950000000002,69.35791666666681
4836,device_05,2025-11-13 03:03:25.207748,0,0,271,30.2,65.5,692.5,676,0.0,57.16441666666664,67.79916666666674
4837,device_02,2025-11-13 03:03:44.893318,0,0,1125,33.5,52.6,912.4,942,0.0,58.4550833333333,68.59500000000008
4838,device_03,2025-11-13 03:04:01.171075,0,0,80,30.3,59.0,805.9,821,0.0,57.31858333333331,67.80350000000007
4839,device_04,2025-11-13 03:04:24.134575,0,0,16,31.8,63.0,874.4,892,0.0,59.206166666666704,69.3341666666668
4840,device_05,2025-11-13 03:04:25.370535,0,0,269,30.2,65.5,691.2,678,0.0,57.16441666666664,67.80791666666673
4841,device_02,2025-11-13 03:04:45.028102,0,0,1123,33.4,53.0,912.5,941,0.0,58.4550833333333,68.59500000000008
4842,device_03,2025-11-13 03:05:01.010723,0,0,79,30.5,59.0,805.1,824,0.0,57.31941666666665,67.80100000000007
4843,device_04,2025-11-13 03:05:23.958081,0,0,17,31.8,63.0,876.2,891,0.0,59.24116666666669,69.33208333333347
4844,device_05,2025-11-13 03:05:25.393067,0,0,270,30.2,65.5,691.8,672,0.0,57.19816666666664,67.79541666666674
4845,device_02,2025-11-13 03:05:44.885831,0,0,1127,33.4,53.0,914.2,940,0.0,58.455083333333306,68.59500000000007
4846,device_03,2025-11-13 03:06:00.979836,0,0,79,30.6,59.0,805.6,824,0.0,57.31941666666665,67.80100000000007
4847,device_04,2025-11-13 03:06:24.71256,0,0,16,31.8,63.0,874.6,890,0.0,59.223666666666695,69.33208333333347
4848,device_05,2025-11-13 03:06:25.887771,0,0,270,30.2,65.4,691.4,678,0.0,57.16441666666663,67.80791666666673
4849,device_02,2025-11-13 03:06:44.874466,0,0,1127,33.5,52.8,913.2,946,0.0,58.47341666666664,68.59133333333342
4850,device_03,2025-11-13 03:07:01.016208,0,0,79,30.6,59.0,806.3,823,0.0,57.31941666666665,67.80100000000007
4851,device_04,2025-11-13 03:07:24.105159,0,0,16,31.8,63.0,873.7,893,0.0,59.2086666666667,69.3636666666668
4852,device_05,2025-11-13 03:07:25.289955,0,0,269,30.3,65.3,692.3,677,0.0,57.16441666666663,67.80791666666674
4853,device_02,2025-11-13 03:07:44.872353,0,0,1127,33.5,52.5,917.7,949,0.0,58.473416666666644,68.59133333333342
4854,device_03,2025-11-13 03:08:01.345912,0,0,78,30.6,59.0,806.2,825,0.0,57.31941666666665,67.80100000000007
4855,device_04,2025-11-13 03:08:24.504732,0,0,16,31.8,63.0,874.5,893,0.0,59.2086666666667,69.36000000000014
4856,device_05,2025-11-13 03:08:25.914555,0,0,269,30.3,65.3,695.5,677,0.0,57.16441666666663,67.80791666666674
4857,device_02,2025-11-13 03:08:45.055632,0,0,1125,33.6,52.4,916.1,946,0.0,58.47341666666664,68.59133333333341
4858,device_03,2025-11-13 03:09:00.989923,0,0,77,30.4,59.0,807.4,825,0.0,57.31566666666665,67.80100000000007
4859,device_04,2025-11-13 03:09:23.961212,0,0,16,31.8,63.0,875.9,895,0.0,59.28700000000003,69.35791666666681
4860,device_05,2025-11-13 03:09:25.529027,0,0,269,30.3,65.3,693.8,679,0.0,57.16441666666662,67.80791666666673
4861,device_02,2025-11-13 03:09:44.882038,0,0,1124,33.6,52.0,914.3,940,0.0,58.455083333333306,68.59500000000008
4862,device_03,2025-11-13 03:10:00.961699,0,0,77,30.5,59.0,807.1,823,0.0,57.31566666666665,67.80100000000007
4863,device_04,2025-11-13 03:10:24.168145,0,0,15,31.8,63.0,877.9,897,0.0,59.28700000000003,69.35791666666681
4864,device_05,2025-11-13 03:10:25.762959,0,0,269,30.3,65.2,695.1,679,0.0,57.16441666666664,67.80791666666673
4865,device_02,2025-11-13 03:10:44.876468,0,0,1126,33.5,52.2,909.6,941,0.0,58.455083333333306,68.59500000000008
4866,device_03,2025-11-13 03:11:00.981894,0,0,78,30.5,59.0,806.2,826,0.0,57.31941666666665,67.80100000000007
4867,device_04,2025-11-13 03:11:23.961208,0,0,16,31.8,63.0,877.7,895,0.0,59.28700000000003,69.35791666666681
4868,device_05,2025-11-13 03:11:25.165843,0,0,270,30.3,65.2,695.5,678,0.0,57.16441666666662,67.80791666666673
4869,device_02,2025-11-13 03:11:44.895742,0,0,1125,33.6,52.0,914.0,941,0.0,58.455083333333306,68.59500000000008
4870,device_03,2025-11-13 03:12:00.981839,0,0,78,30.2,59.0,805.2,824,0.0,57.31941666666665,67.80100000000007
4871,device_04,2025-11-13 03:12:24.533409,0,0,16,31.8,62.7,877.5,896,0.0,59.28700000000003,69.35791666666681
4872,device_05,2025-11-13 03:12:25.212563,0,0,270,30.4,65.1,698.9,686,0.0,57.16441666666663,67.79041666666673
4873,device_02,2025-11-13 03:12:44.888507,0,0,1128,33.5,52.0,917.1,942,0.0,58.455083333333306,68.59500000000007
4874,device_03,2025-11-13 03:13:01.07753,0,0,77,30.2,59.0,807.8,825,0.0,57.31566666666664,67.80100000000007
4875,device_04,2025-11-13 03:13:23.954923,0,0,15,31.8,62.0,878.3,895,0.0,59.28700000000001,69.35791666666681
4876,device_05,2025-11-13 03:13:25.221803,0,0,270,30.4,65.1,696.9,678,0.0,57.16441666666663,67.79041666666674
4877,device_02,2025-11-13 03:13:44.975892,0,0,1125,33.4,52.0,916.1,945,0.0,58.4550833333333,68.59133333333341
4878,device_03,2025-11-13 03:14:01.026481,0,0,78,30.6,59.0,806.1,827,0.0,57.31941666666665,67.80100000000007
4879,device_04,2025-11-13 03:14:24.663166,0,0,15,31.8,62.0,877.5,896,0.0,59.287000000000035,69.35791666666681
4880,device_05,2025-11-13 03:14:25.757632,0,0,270,30.4,65.1,694.7,678,0.0,57.16441666666663,67.80791666666673
4881,device_02,2025-11-13 03:14:45.076271,0,0,1127,33.5,52.0,916.7,943,0.0,58.455083333333306,68.59500000000008
4882,device_03,2025-11-13 03:15:01.118516,0,0,78,30.5,59.0,808.0,824,0.0,57.31566666666664,67.80391666666672
4883,device_04,2025-11-13 03:15:23.946146,0,0,16,31.8,62.0,876.7,896,0.0,59.28700000000003,69.35791666666681
4884,device_05,2025-11-13 03:15:25.187567,0,0,269,30.4,65.1,696.2,681,0.0,57.16441666666663,67.80791666666674
4885,device_02,2025-11-13 03:15:44.883297,0,0,1128,33.5,52.0,917.4,944,0.0,58.455083333333306,68.59500000000008
4886,device_03,2025-11-13 03:16:01.554459,0,0,78,30.4,59.0,808.1,824,0.0,57.31566666666665,67.80391666666672
4887,device_04,2025-11-13 03:16:24.271336,0,0,17,31.8,62.0,878.1,895,0.0,59.28700000000003,69.35791666666681
4888,device_05,2025-11-13 03:16:25.217962,0,0,269,30.4,65.1,696.9,679,0.0,57.16441666666663,67.79041666666673
4889,device_02,2025-11-13 03:16:44.901003,0,0,1127,33.3,52.0,915.7,948,0.0,58.473416666666644,68.59133333333341
4890,device_03,2025-11-13 03:17:01.623851,0,0,78,30.5,59.0,809.0,831,0.0,57.24733333333331,67.80391666666674
4891,device_04,2025-11-13 03:17:23.914355,0,0,16,31.8,62.0,878.4,899,0.0,59.28700000000003,69.35791666666682
4892,device_05,2025-11-13 03:17:25.280674,0,0,270,30.4,65.1,698.4,682,0.0,57.16441666666663,67.79041666666673
4893,device_02,2025-11-13 03:17:45.085288,0,0,1130,33.5,52.0,913.4,943,0.0,58.455083333333306,68.59500000000008
4894,device_03,2025-11-13 03:18:00.955928,0,0,78,30.6,59.0,809.9,827,0.0,57.25774999999998,67.80391666666672
4895,device_04,2025-11-13 03:18:23.891527,0,0,16,31.8,62.0,879.4,897,0.0,59.28183333333335,69.35791666666681
4896,device_05,2025-11-13 03:18:25.928095,0,0,269,30.5,65.0,698.6,681,0.0,57.16441666666663,67.79041666666673
4897,device_02,2025-11-13 03:18:45.040323,0,0,1128,33.5,52.0,915.7,945,0.0,58.455083333333306,68.59133333333341
4898,device_03,2025-11-13 03:19:00.968724,0,0,77,30.5,59.0,808.7,828,0.0,57.31566666666665,67.80100000000007
4899,device_04,2025-11-13 03:19:24.044945,0,0,14,31.8,62.0,881.0,897,0.0,59.28183333333335,69.35791666666681
4900,device_05,2025-11-13 03:19:25.184894,0,0,269,30.5,65.0,694.6,681,0.0,57.16441666666663,67.80791666666673
4901,device_02,2025-11-13 03:19:44.883522,0,0,1127,33.5,52.0,916.5,947,0.0,58.47341666666664,68.59133333333341
4902,device_03,2025-11-13 03:20:00.988061,0,0,77,30.5,59.0,809.0,829,0.0,57.25649999999998,67.80100000000007
4903,device_04,2025-11-13 03:20:24.49266,0,0,15,31.8,62.0,878.1,898,0.0,59.28700000000003,69.35791666666681
4904,device_05,2025-11-13 03:20:25.168948,0,0,269,30.5,65.0,696.7,681,0.0,57.16441666666663,67.79041666666673
4905,device_02,2025-11-13 03:20:45.057757,0,0,1131,33.5,52.0,918.0,943,0.0,58.455083333333306,68.59500000000008
4906,device_03,2025-11-13 03:21:00.969406,0,0,79,30.6,59.0,811.7,829,0.0,57.25024999999998,67.80391666666674
4907,device_04,2025-11-13 03:21:23.890955,0,0,15,31.8,62.0,880.4,897,0.0,59.28183333333335,69.35791666666681
4908,device_05,2025-11-13 03:21:25.131038,0,0,269,30.5,65.0,697.0,678,0.0,57.16441666666662,67.79041666666674
4909,device_02,2025-11-13 03:21:45.0569,0,0,1130,33.3,52.0,915.5,948,0.0,58.473416666666644,68.59133333333341
4910,device_03,2025-11-13 03:22:01.009079,0,0,78,30.6,59.0,809.6,830,0.0,57.26649999999998,67.80391666666672
4911,device_04,2025-11-13 03:22:23.973018,0,0,17,31.8,62.0,879.2,898,0.0,59.28183333333335,69.35791666666681
4912,device_05,2025-11-13 03:22:25.125182,0,0,269,30.5,64.9,697.5,683,0.0,57.16441666666663,67.79041666666673
4913,device_02,2025-11-13 03:22:44.899421,0,0,1131,33.5,52.0,918.0,948,0.0,58.47341666666664,68.59133333333342
4914,device_03,2025-11-13 03:23:01.107683,0,0,77,30.5,59.0,807.7,827,0.0,57.31566666666662,67.80100000000007
4915,device_04,2025-11-13 03:23:24.340721,0,0,17,31.8,62.0,878.8,899,0.0,59.28183333333335,69.35791666666681
4916,device_05,2025-11-13 03:23:25.15879,0,0,267,30.5,64.9,698.0,681,0.0,57.18774999999996,67.79041666666673
4917,device_02,2025-11-13 03:23:44.84651,0,0,1129,33.5,52.0,918.0,947,0.0,58.473416666666644,68.59133333333341
4918,device_03,2025-11-13 03:24:00.932928,0,0,78,30.5,59.0,812.2,830,0.0,57.25899999999998,67.80391666666674
4919,device_04,2025-11-13 03:24:23.977533,0,0,17,31.8,62.0,881.0,898,0.0,59.28183333333336,69.35791666666681
4920,device_05,2025-11-13 03:24:25.836011,0,0,269,30.5,64.9,699.0,681,0.0,57.16441666666663,67.79041666666673
4921,device_02,2025-11-13 03:24:44.833794,0,0,1132,33.4,52.0,918.2,946,0.0,58.47341666666664,68.59133333333341
4922,device_04,2025-11-13 03:25:24.613666,0,0,16,31.8,62.0,878.6,899,0.0,59.28700000000001,69.35791666666681
4923,device_05,2025-11-13 03:25:25.167525,0,0,268,30.5,64.8,697.7,683,0.0,57.16441666666663,67.79041666666673
4924,device_05,2025-11-13 03:26:25.127816,0,0,270,30.5,64.8,704.9,688,0.0,57.16441666666662,67.77391666666674
4925,device_03,2025-11-13 03:30:01.039021,0,0,67,30.4,59.0,815.7,836,0.0,57.21191666666664,67.7755833333334
4926,device_02,2025-11-13 03:30:45.150973,0,0,1134,33.5,52.0,923.6,958,0.0,58.496333333333304,68.62550000000009
4927,device_03,2025-11-13 03:31:01.031142,0,0,73,30.7,59.0,811.1,832,0.0,57.24858333333331,67.80100000000007
4928,device_04,2025-11-13 03:31:23.913927,14,14,12,31.8,62.0,882.6,902,0.0,59.31716666666668,69.3506666666668
4929,device_02,2025-11-13 03:31:44.80532,0,0,1130,33.4,52.0,914.6,946,0.0,58.473416666666644,68.59133333333342
4930,device_03,2025-11-13 03:32:01.272813,0,0,74,30.4,59.0,811.3,830,0.0,57.262749999999976,67.80100000000007
4931,device_04,2025-11-13 03:32:24.131475,15,15,16,31.8,62.0,879.6,898,0.0,59.28183333333336,69.35791666666681
4932,device_05,2025-11-13 03:32:25.129785,0,0,252,30.5,64.8,698.2,682,0.0,57.3198333333333,67.81416666666672
4933,device_02,2025-11-13 03:32:45.046461,0,0,1134,33.5,52.0,916.1,943,0.0,58.455083333333306,68.59500000000008
4934,device_03,2025-11-13 03:33:00.969367,0,0,74,30.4,59.0,811.8,832,0.0,57.24108333333331,67.80100000000007
4935,device_04,2025-11-13 03:33:23.868118,0,0,15,31.8,62.0,878.6,896,0.0,59.28700000000003,69.35791666666681
4936,device_05,2025-11-13 03:33:25.142466,0,0,260,30.5,64.8,697.3,683,0.0,57.31816666666664,67.82250000000008
4937,device_02,2025-11-13 03:33:44.864271,0,0,1132,33.4,52.0,913.6,944,0.0,58.4550833333333,68.59500000000008
4938,device_03,2025-11-13 03:34:00.930365,0,0,75,30.4,59.0,811.7,833,0.0,57.24108333333331,67.80100000000006
4939,device_04,2025-11-13 03:34:24.268784,0,0,16,31.8,62.0,878.3,898,0.0,59.287000000000035,69.3579166666668
4940,device_05,2025-11-13 03:34:25.204809,0,0,264,30.5,64.8,698.1,680,0.0,57.26566666666662,67.78833333333341
4941,device_02,2025-11-13 03:34:44.873779,0,0,1131,33.5,52.0,914.5,940,0.0,58.455083333333306,68.59500000000008
4942,device_03,2025-11-13 03:35:01.509956,0,0,74,30.4,59.0,813.6,832,0.0,57.24108333333331,67.80100000000007
4943,device_04,2025-11-13 03:35:23.90834,0,0,15,31.8,62.0,881.3,899,0.0,59.28183333333335,69.35791666666681
4944,device_05,2025-11-13 03:35:25.11092,0,0,265,30.5,64.8,695.9,680,0.0,57.22524999999997,67.8058333333334
4945,device_02,2025-11-13 03:35:44.819641,0,0,1133,33.5,52.0,916.2,941,0.0,58.455083333333306,68.59500000000007
4946,device_03,2025-11-13 03:36:00.955429,0,0,74,30.4,59.0,810.0,832,0.0,57.24858333333331,67.80100000000007
4947,device_04,2025-11-13 03:36:24.092533,0,0,14,31.8,62.0,874.2,892,0.0,59.206166666666704,69.3341666666668
4948,device_05,2025-11-13 03:36:25.095844,0,0,266,30.5,64.8,696.3,681,0.0,57.22524999999995,67.80791666666673
4949,device_02,2025-11-13 03:36:45.467547,25,27,1133,33.5,52.0,914.2,945,0.0,58.455083333333306,68.59133333333341
4950,device_03,2025-11-13 03:37:00.965474,0,0,76,30.4,59.0,812.6,834,0.0,57.2410833333333,67.80100000000006
4951,device_04,2025-11-13 03:37:23.905463,0,0,13,31.8,62.0,875.8,893,0.0,59.22616666666669,69.35791666666681
4952,device_05,2025-11-13 03:37:25.147525,0,0,268,30.5,64.8,698.9,684,0.0,57.16441666666663,67.79041666666674
4953,device_02,2025-11-13 03:37:44.83015,25,27,1131,33.6,52.0,915.6,944,0.0,58.455083333333306,68.59500000000008
4954,device_03,2025-11-13 03:38:01.176336,0,0,75,30.4,59.0,810.4,829,0.0,57.25774999999998,67.80100000000006
4955,device_04,2025-11-13 03:38:23.879628,0,0,14,31.8,62.0,876.5,892,0.0,59.24116666666669,69.33208333333347
4956,device_05,2025-11-13 03:38:25.669855,31,33,265,30.5,64.8,694.0,680,0.0,57.368166666666646,68.17291666666671
4957,device_02,2025-11-13 03:38:44.996626,0,0,1130,33.6,52.0,915.3,944,0.0,58.455083333333306,68.59500000000008
4958,device_03,2025-11-13 03:39:01.073839,0,0,76,30.4,59.0,812.3,834,0.0,57.241083333333314,67.80100000000007
4959,device_04,2025-11-13 03:39:23.898523,0,0,15,32.0,62.0,879.0,897,0.0,59.28183333333335,69.35791666666681
4960,device_05,2025-11-13 03:39:25.168754,0,0,266,30.5,64.8,697.2,679,0.0,57.22524999999996,67.79041666666674
4961,device_02,2025-11-13 03:39:44.789149,0,0,1134,33.5,52.0,918.3,946,0.0,58.473416666666644,68.59133333333342
4962,device_03,2025-11-13 03:40:01.22503,0,0,76,30.4,59.0,810.4,831,0.0,57.24858333333331,67.80100000000007
4963,device_04,2025-11-13 03:40:24.124493,0,0,16,32.2,62.0,878.2,898,0.0,59.28700000000003,69.35791666666681
4964,device_05,2025-11-13 03:40:25.336632,0,0,266,30.5,64.8,696.2,682,0.0,57.22524999999997,67.80791666666673
4965,device_02,2025-11-13 03:40:44.985291,0,0,1131,33.3,52.0,912.9,938,0.0,58.455083333333306,68.59500000000008
4966,device_03,2025-11-13 03:41:01.101792,0,0,76,30.4,59.0,814.0,832,0.0,57.22441666666664,67.78016666666673
4967,device_04,2025-11-13 03:41:23.935355,0,0,14,32.3,62.0,876.5,896,0.0,59.28700000000003,69.35791666666681
4968,device_05,2025-11-13 03:41:25.125298,0,0,267,30.5,64.8,698.8,686,0.0,57.18774999999996,67.79041666666673
4969,device_02,2025-11-13 03:41:44.990802,0,0,1133,33.5,52.0,913.0,942,0.0,58.455083333333306,68.59500000000008
4970,device_03,2025-11-13 03:42:00.958451,0,0,74,30.4,59.0,812.2,833,0.0,57.241083333333314,67.80100000000006
4971,device_04,2025-11-13 03:42:23.863706,0,0,18,32.3,62.0,877.8,898,0.0,59.287000000000035,69.3579166666668
4972,device_05,2025-11-13 03:42:25.09817,0,0,267,30.5,64.8,697.3,679,0.0,57.18774999999995,67.79041666666673
4973,device_02,2025-11-13 03:42:44.83695,0,0,1134,33.5,52.0,916.3,941,0.0,58.455083333333306,68.59500000000008
4974,device_03,2025-11-13 03:43:01.214352,0,0,75,30.4,59.0,809.9,830,0.0,57.26649999999998,67.80100000000007
4975,device_04,2025-11-13 03:43:24.092577,15,15,17,32.3,62.0,876.6,894,0.0,59.287000000000035,69.35791666666681
4976,device_05,2025-11-13 03:43:25.266654,33,37,266,30.5,64.8,695.0,680,0.0,57.50483333333332,68.23258333333338
4977,device_02,2025-11-13 03:43:44.80517,0,0,1132,33.5,52.0,914.6,944,0.0,58.4550833333333,68.59500000000008
4978,device_03,2025-11-13 03:44:00.925262,0,0,75,30.3,59.0,813.3,831,0.0,57.24108333333331,67.80100000000007
4979,device_04,2025-11-13 03:44:24.114527,0,0,15,32.3,62.0,879.6,897,0.0,59.28183333333335,69.35791666666681
4980,device_05,2025-11-13 03:44:25.127326,33,37,266,30.5,64.8,696.0,680,0.0,57.50483333333332,68.23258333333338
4981,device_02,2025-11-13 03:44:44.91689,0,0,1134,33.5,52.0,915.6,943,0.0,58.455083333333306,68.59500000000008
4982,device_03,2025-11-13 03:45:01.125352,0,0,74,30.6,59.0,812.1,832,0.0,57.24108333333331,67.80100000000007
4983,device_04,2025-11-13 03:45:24.22269,0,0,16,32.3,62.0,877.3,898,0.0,59.28700000000001,69.35791666666681
4984,device_05,2025-11-13 03:45:25.142941,0,0,267,30.5,64.8,698.8,680,0.0,57.18774999999995,67.79041666666674
4985,device_02,2025-11-13 03:45:44.811422,0,0,1135,33.5,52.0,915.7,945,0.0,58.455083333333306,68.59133333333342
4986,device_03,2025-11-13 03:46:00.918336,20,20,75,31.2,59.0,811.6,831,0.0,57.24483333333331,67.80100000000007
4987,device_04,2025-11-13 03:46:24.572756,0,0,16,32.3,62.0,879.3,899,0.0,59.28183333333335,69.35791666666681
4988,device_05,2025-11-13 03:46:25.109308,0,0,265,30.5,64.8,696.8,682,0.0,57.22524999999997,67.7883333333334
4989,device_02,2025-11-13 03:46:44.807416,0,0,1132,33.5,52.0,912.9,938,0.0,58.455083333333306,68.59500000000008
4990,device_03,2025-11-13 03:47:01.094343,0,0,75,31.5,59.0,812.2,830,0.0,57.25899999999998,67.80100000000007
4991,device_04,2025-11-13 03:47:24.443243,0,0,17,32.3,62.0,876.7,895,0.0,59.28700000000001,69.35791666666681
4992,device_05,2025-11-13 03:47:25.458766,0,0,266,30.5,64.7,698.3,683,0.0,57.22524999999997,67.79041666666673
4993,device_02,2025-11-13 03:47:44.781373,0,0,1135,33.5,52.0,914.6,940,0.0,58.45508333333331,68.59500000000008
4994,device_03,2025-11-13 03:48:00.936782,0,0,75,31.5,59.0,810.7,829,0.0,57.25774999999998,67.80100000000004
4995,device_04,2025-11-13 03:48:23.871406,0,0,16,32.3,62.0,879.8,898,0.0,59.28183333333335,69.35791666666681
4996,device_05,2025-11-13 03:48:25.656631,0,0,266,30.6,64.7,704.1,688,0.0,57.22524999999996,67.77391666666674
4997,device_02,2025-11-13 03:48:44.815423,28,28,1135,33.5,52.0,913.2,944,0.0,58.415916666666654,68.6358333333334
4998,device_03,2025-11-13 03:49:00.929065,0,0,76,31.5,59.0,813.2,833,0.0,57.24108333333331,67.80100000000007
4999,device_04,2025-11-13 03:49:24.024277,0,0,16,32.3,62.0,878.8,895,0.0,59.28183333333336,69.35791666666681
5000,device_05,2025-11-13 03:49:25.124254,0,0,265,30.6,64.7,699.6,684,0.0,57.22524999999997,67.7883333333334
5001,device_02,2025-11-13 03:49:45.403165,0,0,1133,33.5,52.0,913.3,940,0.0,58.455083333333306,68.59500000000008
5002,device_03,2025-11-13 03:50:01.056882,0,0,75,31.5,59.0,814.1,835,0.0,57.20358333333332,67.78016666666673
5003,device_04,2025-11-13 03:50:24.4263,0,0,16,32.3,62.0,880.0,896,0.0,59.28183333333335,69.35791666666681
5004,device_05,2025-11-13 03:50:25.178005,0,0,266,30.6,64.7,698.6,682,0.0,57.22524999999996,67.79041666666673
5005,device_02,2025-11-13 03:50:44.850014,0,0,1135,33.4,52.0,914.7,941,0.0,58.455083333333306,68.59500000000007
5006,device_03,2025-11-13 03:51:01.00426,0,0,75,31.5,59.0,814.2,835,0.0,57.20358333333332,67.78016666666674
5007,device_04,2025-11-13 03:51:23.893144,0,0,16,32.3,62.0,877.8,896,0.0,59.28700000000001,69.35791666666681
5008,device_05,2025-11-13 03:51:25.135751,0,0,267,30.6,64.7,698.2,684,0.0,57.18774999999996,67.79041666666673
5009,device_02,2025-11-13 03:51:45.393778,0,0,1135,33.5,52.0,914.1,945,0.0,58.455083333333306,68.59133333333341
5010,device_03,2025-11-13 03:52:00.979997,0,0,74,31.6,59.0,814.3,832,0.0,57.22441666666665,67.78016666666673
5011,device_04,2025-11-13 03:52:24.1663,0,0,14,32.3,62.0,880.2,895,0.0,59.281833333333346,69.35791666666681
5012,device_05,2025-11-13 03:52:25.241755,0,0,266,30.6,64.8,705.3,690,0.0,57.22524999999995,67.77391666666674
5013,device_02,2025-11-13 03:52:44.896117,0,0,1136,33.4,52.0,915.1,943,0.0,58.455083333333306,68.59500000000008
5014,device_03,2025-11-13 03:53:00.999799,0,0,75,31.5,59.0,814.6,836,0.0,57.20691666666665,67.78016666666673
5015,device_04,2025-11-13 03:53:23.997199,0,0,15,32.3,62.0,880.5,898,0.0,59.28183333333336,69.35791666666681
5016,device_05,2025-11-13 03:53:25.200756,0,0,265,30.6,64.7,701.2,683,0.0,57.22524999999997,67.7883333333334
5017,device_02,2025-11-13 03:53:45.656025,0,0,1135,33.4,52.0,915.5,943,0.0,58.455083333333306,68.59500000000008
5018,device_03,2025-11-13 03:54:01.078607,0,0,74,31.5,59.0,815.7,836,0.0,57.21399999999998,67.78016666666674
5019,device_04,2025-11-13 03:54:23.909648,0,0,16,32.3,62.0,879.3,896,0.0,59.281833333333346,69.35791666666681
5020,device_05,2025-11-13 03:54:25.726163,0,0,265,30.6,64.7,699.5,686,0.0,57.22524999999996,67.7883333333334
5021,device_02,2025-11-13 03:54:44.83382,0,0,1137,33.4,52.0,915.9,941,0.0,58.455083333333306,68.59500000000008
5022,device_03,2025-11-13 03:55:01.042243,0,0,75,31.7,59.0,814.9,835,0.0,57.199833333333316,67.78016666666673
5023,device_04,2025-11-13 03:55:23.893371,0,0,15,32.3,62.0,879.2,896,0.0,59.281833333333346,69.35791666666681
5024,device_05,2025-11-13 03:55:25.122564,0,0,265,30.6,64.7,701.2,683,0.0,57.22524999999997,67.78833333333341
5025,device_02,2025-11-13 03:55:45.009926,0,0,1136,33.4,52.0,912.7,943,0.0,58.45508333333331,68.59500000000008
5026,device_03,2025-11-13 03:56:01.056759,0,0,74,31.4,59.0,813.9,837,0.0,57.20691666666665,67.78016666666673
5027,device_04,2025-11-13 03:56:23.912647,0,0,14,32.3,62.0,879.8,897,0.0,59.28183333333335,69.35791666666681
5028,device_05,2025-11-13 03:56:25.467514,0,0,265,30.6,64.7,700.9,686,0.0,57.22524999999997,67.7883333333334
5029,device_02,2025-11-13 03:56:44.89083,0,0,1134,33.3,52.0,913.6,942,0.0,58.455083333333306,68.59500000000007
5030,device_03,2025-11-13 03:57:01.065433,0,0,74,31.6,59.0,815.4,836,0.0,57.20316666666665,67.78016666666673
5031,device_04,2025-11-13 03:57:23.954645,0,0,16,32.3,62.0,877.9,897,0.0,59.28700000000003,69.35791666666681
5032,device_05,2025-11-13 03:57:25.28879,0,0,265,30.7,64.7,700.5,686,0.0,57.22524999999996,67.7883333333334
5033,device_02,2025-11-13 03:57:45.436934,0,0,1133,33.3,52.0,910.3,936,0.0,58.4550833333333,68.59500000000008
5034,device_03,2025-11-13 03:58:00.964734,0,0,74,31.3,59.0,816.5,836,0.0,57.240249999999975,67.79766666666674
5035,device_04,2025-11-13 03:58:24.498199,0,0,16,32.3,62.0,877.3,899,0.0,59.287000000000035,69.35791666666681
5036,device_05,2025-11-13 03:58:25.18578,0,0,265,30.7,64.7,702.6,685,0.0,57.22524999999997,67.7883333333334
5037,device_02,2025-11-13 03:58:44.886117,0,0,1133,33.4,52.0,911.3,941,0.0,58.455083333333306,68.59500000000007
5038,device_03,2025-11-13 03:59:00.999334,0,0,74,31.5,59.0,814.6,837,0.0,57.20691666666666,67.78016666666673
5039,device_04,2025-11-13 03:59:23.927146,0,0,17,32.3,62.0,879.0,900,0.0,59.31716666666668,69.35208333333347
5040,device_05,2025-11-13 03:59:25.152709,0,0,264,30.7,64.7,701.4,687,0.0,57.26566666666661,67.78833333333343
5041,device_02,2025-11-13 03:59:44.865877,0,0,1137,33.5,52.0,914.7,941,0.0,58.455083333333306,68.59500000000008
5042,device_03,2025-11-13 04:00:01.527801,0,0,74,31.4,59.0,816.3,837,0.0,57.240249999999975,67.79766666666674
5043,device_04,2025-11-13 04:00:24.14104,0,0,15,32.3,62.0,879.9,898,0.0,59.28183333333335,69.35791666666681
5044,device_05,2025-11-13 04:00:25.174164,0,0,265,30.7,64.7,706.6,688,0.0,57.22524999999997,67.7718333333334
5045,device_02,2025-11-13 04:00:44.959592,0,0,1137,33.6,52.0,915.6,943,0.0,58.455083333333306,68.59500000000007
5046,device_03,2025-11-13 04:01:00.986766,0,0,74,31.3,59.0,816.6,834,0.0,57.257749999999966,67.79766666666674
5047,device_04,2025-11-13 04:01:24.03771,0,0,16,32.3,62.0,879.8,899,0.0,59.28183333333335,69.35791666666681
5048,device_05,2025-11-13 04:01:25.166432,0,0,266,30.7,64.7,702.5,685,0.0,57.22524999999995,67.79041666666674
5049,device_02,2025-11-13 04:01:45.093703,0,0,1137,33.3,52.0,913.7,943,0.0,58.455083333333306,68.59500000000008
5050,device_03,2025-11-13 04:02:00.977628,0,0,74,31.5,59.0,815.1,837,0.0,57.203166666666654,67.78016666666673
5051,device_04,2025-11-13 04:02:23.948195,0,0,17,32.3,62.0,879.7,899,0.0,59.28183333333335,69.35791666666681
5052,device_05,2025-11-13 04:02:25.200091,0,0,266,30.7,64.6,701.5,688,0.0,57.22524999999997,67.79041666666673
5053,device_02,2025-11-13 04:02:44.8466,0,0,1139,33.5,52.0,917.9,944,0.0,58.455083333333306,68.59500000000008
5054,device_03,2025-11-13 04:03:01.242426,0,0,73,31.4,59.0,815.7,836,0.0,57.21399999999998,67.78016666666673
5055,device_04,2025-11-13 04:03:23.918859,0,0,16,32.3,62.0,879.8,898,0.0,59.28183333333335,69.35791666666681
5056,device_05,2025-11-13 04:03:25.411274,0,0,265,30.8,64.5,701.3,686,0.0,57.22524999999997,67.7883333333334
5057,device_02,2025-11-13 04:03:44.873825,0,0,1136,33.5,52.0,911.6,944,0.0,58.455083333333306,68.59500000000008
5058,device_03,2025-11-13 04:04:01.239152,0,0,74,31.5,59.0,815.6,836,0.0,57.203166666666654,67.78016666666673
5059,device_04,2025-11-13 04:04:24.648054,0,0,16,32.3,62.0,880.3,899,0.0,59.28183333333335,69.35791666666681
5060,device_05,2025-11-13 04:04:25.176352,0,0,264,30.8,64.5,698.7,685,0.0,57.26566666666663,67.7883333333334
5061,device_02,2025-11-13 04:04:44.872607,0,0,1138,33.5,52.0,915.8,942,0.0,58.455083333333306,68.59500000000008
5062,device_03,2025-11-13 04:05:01.246645,0,0,73,31.5,59.0,812.6,834,0.0,57.24108333333331,67.80100000000007
5063,device_04,2025-11-13 04:05:24.000776,0,0,16,32.3,62.0,879.6,899,0.0,59.28183333333335,69.3579166666668
5064,device_05,2025-11-13 04:05:25.398773,0,0,265,30.8,64.5,702.7,687,0.0,57.22524999999996,67.7883333333334
5065,device_02,2025-11-13 04:05:44.882265,0,0,1139,33.5,52.0,915.6,941,0.0,58.455083333333306,68.59500000000008
5066,device_03,2025-11-13 04:06:01.008552,0,0,73,31.4,59.0,816.7,838,0.0,57.240249999999975,67.79766666666674
5067,device_04,2025-11-13 04:06:24.303363,0,0,15,32.3,62.0,880.4,899,0.0,59.281833333333346,69.35791666666681
5068,device_05,2025-11-13 04:06:25.832706,32,35,265,30.8,64.5,702.8,687,0.0,57.48191666666666,68.24683333333338
5069,device_02,2025-11-13 04:06:44.892191,0,0,1145,33.5,52.0,921.1,954,0.0,58.49633333333331,68.61800000000008
5070,device_03,2025-11-13 04:07:01.010965,0,0,74,31.4,59.0,817.1,840,0.0,57.218999999999966,67.79766666666674
5071,device_04,2025-11-13 04:07:24.016955,0,0,16,32.3,62.0,879.6,899,0.0,59.281833333333346,69.3579166666668
5072,device_05,2025-11-13 04:07:25.175636,0,0,265,30.8,64.5,707.1,695,0.0,57.22524999999997,67.77641666666673
5073,device_02,2025-11-13 04:07:44.924998,0,0,1138,33.4,52.0,911.2,941,0.0,58.4550833333333,68.59500000000007
5074,device_03,2025-11-13 04:08:01.014929,0,0,74,31.5,59.0,817.3,838,0.0,57.24024999999997,67.79766666666674
5075,device_04,2025-11-13 04:08:24.108589,0,0,16,32.3,62.0,879.0,900,0.0,59.31716666666668,69.35208333333348
5076,device_05,2025-11-13 04:08:25.364754,0,0,266,30.8,64.4,704.3,688,0.0,57.22524999999997,67.77391666666672
5077,device_02,2025-11-13 04:08:44.923969,0,0,1138,33.6,52.0,913.8,945,0.0,58.455083333333306,68.59133333333341
5078,device_03,2025-11-13 04:09:01.070546,0,0,73,31.1,58.9,817.4,837,0.0,57.240249999999975,67.79766666666674
5079,device_04,2025-11-13 04:09:24.111491,0,0,16,32.3,62.0,880.2,901,0.0,59.31716666666668,69.3506666666668
5080,device_05,2025-11-13 04:09:25.162434,0,0,265,30.8,64.4,702.8,688,0.0,57.22524999999996,67.78833333333341
5081,device_02,2025-11-13 04:09:44.914897,0,0,1142,33.7,52.0,917.9,945,0.0,58.455083333333306,68.59133333333341
5082,device_03,2025-11-13 04:10:01.650623,0,0,73,31.4,58.9,817.5,842,0.0,57.218999999999966,67.79766666666674
5083,device_04,2025-11-13 04:10:24.544374,0,0,15,32.3,62.0,880.1,901,0.0,59.31716666666668,69.3506666666668
5084,device_05,2025-11-13 04:10:25.276324,0,0,264,30.8,64.4,703.2,692,0.0,57.26566666666662,67.7718333333334
5085,device_02,2025-11-13 04:10:44.877818,0,0,1140,33.5,52.0,914.5,944,0.0,58.455083333333306,68.59500000000007
5086,device_03,2025-11-13 04:11:01.139551,0,0,75,31.5,58.6,818.7,841,0.0,57.22608333333331,67.85033333333342
5087,device_04,2025-11-13 04:11:23.954786,0,0,16,32.3,62.0,879.7,900,0.0,59.31716666666668,69.35208333333348
5088,device_05,2025-11-13 04:11:25.396227,0,0,265,30.9,64.3,705.5,688,0.0,57.22524999999996,67.7718333333334
5089,device_02,2025-11-13 04:11:45.070601,0,0,1138,33.4,52.0,914.6,942,0.0,58.4550833333333,68.59500000000007
5090,device_03,2025-11-13 04:12:01.005478,0,0,73,31.5,58.8,819.3,840,0.0,57.22608333333332,67.85033333333341
5091,device_04,2025-11-13 04:12:23.982078,0,0,16,32.3,62.0,880.4,899,0.0,59.28183333333335,69.35791666666681
5092,device_05,2025-11-13 04:12:25.510419,0,0,263,30.9,64.3,700.6,688,0.0,57.31649999999996,67.8058333333334
5093,device_02,2025-11-13 04:12:44.898361,0,0,1141,33.4,52.0,916.0,942,0.0,58.455083333333306,68.59500000000008
5094,device_03,2025-11-13 04:13:01.211459,0,0,72,31.5,59.0,814.6,836,0.0,57.20691666666666,67.78016666666673
5095,device_04,2025-11-13 04:13:23.929605,0,0,16,32.3,62.0,880.5,899,0.0,59.28183333333336,69.35791666666681
5096,device_05,2025-11-13 04:13:25.152523,0,0,264,30.9,64.3,703.2,686,0.0,57.26566666666663,67.7718333333334
5097,device_02,2025-11-13 04:13:44.943892,0,0,1140,33.5,52.0,913.6,946,0.0,58.47341666666664,68.59133333333342
5098,device_03,2025-11-13 04:14:01.070863,0,0,73,31.3,58.3,820.2,841,0.0,57.24191666666664,67.84783333333343
5099,device_04,2025-11-13 04:14:24.143488,0,0,16,32.3,62.0,880.3,901,0.0,59.31716666666668,69.3506666666668
5100,device_05,2025-11-13 04:14:25.202199,0,0,265,30.9,64.3,706.9,690,0.0,57.22524999999996,67.7718333333334
5101,device_02,2025-11-13 04:14:44.851811,0,0,1144,33.5,52.0,923.8,951,0.0,58.496333333333304,68.61800000000008
5102,device_03,2025-11-13 04:15:01.014928,0,0,73,31.6,58.6,818.7,838,0.0,57.247333333333316,67.85033333333342
5103,device_04,2025-11-13 04:15:23.991838,0,0,16,32.3,62.0,881.3,903,0.0,59.31716666666668,69.3506666666668
5104,device_05,2025-11-13 04:15:25.414083,0,0,265,30.9,64.2,704.8,693,0.0,57.22524999999997,67.7718333333334
5105,device_02,2025-11-13 04:15:44.928906,0,0,1141,33.6,52.0,915.8,945,0.0,58.455083333333306,68.59133333333341
5106,device_03,2025-11-13 04:16:01.035321,0,0,73,31.5,58.4,819.3,843,0.0,57.22108333333331,67.85033333333341
5107,device_04,2025-11-13 04:16:23.978497,0,0,16,32.3,62.0,880.8,900,0.0,59.31716666666667,69.35208333333347
5108,device_05,2025-11-13 04:16:25.253344,0,0,265,30.9,64.2,706.1,692,0.0,57.22524999999995,67.7718333333334
5109,device_02,2025-11-13 04:16:45.110603,0,0,1140,33.4,52.0,917.1,950,0.0,58.4963333333333,68.61175000000007
5110,device_03,2025-11-13 04:17:01.167462,0,0,73,31.5,58.1,818.9,841,0.0,57.22608333333332,67.85033333333342
5111,device_04,2025-11-13 04:17:24.038737,0,0,16,32.3,62.0,884.1,902,0.0,59.31716666666668,69.3506666666668
5112,device_05,2025-11-13 04:17:25.223841,0,0,266,30.9,64.2,706.1,692,0.0,57.22524999999995,67.77391666666674
5113,device_02,2025-11-13 04:17:44.857815,0,0,1141,33.6,52.0,917.5,943,0.0,58.455083333333306,68.59500000000008
5114,device_03,2025-11-13 04:18:01.787643,0,0,73,31.5,58.3,819.2,838,0.0,57.247333333333316,67.85033333333341
5115,device_04,2025-11-13 04:18:24.01555,0,0,16,32.3,62.0,882.4,901,0.0,59.31716666666668,69.3506666666668
5116,device_05,2025-11-13 04:18:25.361086,0,0,265,30.9,64.1,705.3,695,0.0,57.22524999999997,67.77641666666673
5117,device_02,2025-11-13 04:18:44.86667,0,0,1143,33.6,52.0,923.3,954,0.0,58.496333333333304,68.61800000000008
5118,device_03,2025-11-13 04:19:01.15414,0,0,72,31.3,58.0,815.5,837,0.0,57.20316666666665,67.78016666666673
5119,device_04,2025-11-13 04:19:23.999056,0,0,14,32.4,62.0,881.7,897,0.0,59.28183333333336,69.3579166666668
5120,device_05,2025-11-13 04:19:25.866737,0,0,267,31.0,64.0,708.2,696,0.0,57.18774999999996,67.77850000000007
5121,device_02,2025-11-13 04:19:44.897142,0,0,1147,33.5,52.0,927.2,956,0.0,58.52008333333331,68.62925000000007
5122,device_03,2025-11-13 04:20:01.206504,0,0,72,31.4,58.0,818.6,839,0.0,57.22608333333332,67.85033333333341
5123,device_04,2025-11-13 04:20:24.189939,0,0,15,32.7,62.0,882.5,898,0.0,59.28183333333335,69.35791666666681
5124,device_05,2025-11-13 04:20:25.626769,0,0,265,31.0,64.0,703.6,689,0.0,57.22524999999997,67.7718333333334
5125,device_02,2025-11-13 04:20:44.886489,0,0,1142,33.3,52.0,917.3,947,0.0,58.473416666666644,68.59133333333341
5126,device_03,2025-11-13 04:21:01.236049,0,0,73,31.4,58.0,820.9,842,0.0,57.26899999999998,67.84783333333343
5127,device_04,2025-11-13 04:21:24.726362,0,0,15,32.8,62.0,879.8,899,0.0,59.28183333333336,69.35791666666681
5128,device_05,2025-11-13 04:21:25.263693,0,0,266,31.0,64.0,713.5,700,0.0,57.22524999999997,67.77850000000007
5129,device_02,2025-11-13 04:21:44.94611,0,0,1142,33.5,52.0,917.0,949,0.0,58.473416666666644,68.59133333333342
5130,device_03,2025-11-13 04:22:01.03134,0,0,73,31.5,58.0,820.4,843,0.0,57.23691666666666,67.84783333333343
5131,device_04,2025-11-13 04:22:24.000241,0,0,14,32.8,62.0,879.7,900,0.0,59.31716666666667,69.35208333333347
5132,device_05,2025-11-13 04:22:25.210026,0,0,266,31.0,64.0,709.1,695,0.0,57.22524999999996,67.77850000000008
5133,device_02,2025-11-13 04:22:45.143745,0,0,1143,33.4,52.0,918.8,948,0.0,58.47341666666664,68.59758333333342
5134,device_03,2025-11-13 04:23:01.246961,0,0,73,31.6,58.0,823.1,845,0.0,57.265666666666654,67.84241666666675
5135,device_04,2025-11-13 04:23:23.943555,0,0,17,32.8,62.0,882.0,900,0.0,59.31716666666668,69.35208333333348
5136,device_05,2025-11-13 04:23:25.170896,0,0,265,31.0,64.0,708.1,697,0.0,57.22524999999997,67.77641666666673
5137,device_02,2025-11-13 04:23:44.920606,0,0,1140,33.4,52.0,921.5,951,0.0,58.496333333333304,68.61800000000008
5138,device_03,2025-11-13 04:24:01.040851,0,0,73,31.5,58.0,821.5,846,0.0,57.26399999999998,67.84783333333343
5139,device_04,2025-11-13 04:24:24.060167,0,0,15,32.8,62.0,880.7,899,0.0,59.28183333333335,69.35791666666681
5140,device_05,2025-11-13 04:24:25.188013,0,0,266,31.1,63.9,710.2,696,0.0,57.22524999999997,67.77850000000007
5141,device_02,2025-11-13 04:24:44.930887,0,0,1143,33.3,52.0,917.3,946,0.0,58.47341666666664,68.59133333333341
5142,device_04,2025-11-13 04:25:23.993419,0,0,16,32.8,62.0,883.8,902,0.0,59.31716666666667,69.3506666666668
5143,device_05,2025-11-13 04:25:25.357894,0,0,265,31.1,63.9,709.2,695,0.0,57.22524999999996,67.77641666666673
5144,device_05,2025-11-13 04:26:25.792973,0,0,265,31.1,63.9,710.3,697,0.0,57.22524999999997,67.77641666666673
5145,device_03,2025-11-13 04:30:01.601816,0,0,63,31.3,58.0,826.2,847,0.0,57.251916666666645,67.81825000000008
5146,device_02,2025-11-13 04:30:44.924142,0,0,1148,34.5,51.0,926.7,964,0.0,58.536749999999984,68.62175000000008
5147,device_03,2025-11-13 04:31:01.831575,0,0,68,31.5,58.0,819.0,842,0.0,57.22608333333331,67.85033333333342
5148,device_04,2025-11-13 04:31:24.064664,0,0,12,32.8,62.0,888.8,910,0.0,59.36091666666667,69.35050000000012
5149,device_02,2025-11-13 04:31:45.697172,0,0,1143,34.5,51.0,918.9,948,0.0,58.47341666666664,68.59758333333342
5150,device_03,2025-11-13 04:32:01.02249,0,0,69,31.5,58.0,824.4,842,0.0,57.25899999999999,67.82866666666676
5151,device_04,2025-11-13 04:32:23.968725,13,14,16,32.8,61.4,884.7,906,0.0,59.31716666666668,69.3506666666668
5152,device_05,2025-11-13 04:32:25.286015,0,0,250,31.2,63.7,709.6,694,0.0,57.3198333333333,67.80225000000007
5153,device_02,2025-11-13 04:32:45.555855,0,0,1145,34.6,51.0,921.6,948,0.0,58.473416666666644,68.59758333333342
5154,device_03,2025-11-13 04:33:01.082988,0,0,70,31.4,58.0,820.2,844,0.0,57.236916666666644,67.84783333333343
5155,device_04,2025-11-13 04:33:24.055007,0,0,17,32.8,61.0,883.4,905,0.0,59.31716666666667,69.35066666666681
5156,device_05,2025-11-13 04:33:25.343458,0,0,260,31.2,63.7,709.8,696,0.0,57.31816666666664,67.81058333333341
5157,device_02,2025-11-13 04:33:45.025782,0,0,1144,34.4,51.0,919.2,952,0.0,58.496333333333304,68.61800000000008
5158,device_03,2025-11-13 04:34:01.106431,25,26,70,31.4,58.0,819.8,841,0.0,57.22608333333331,67.84950000000008
5159,device_04,2025-11-13 04:34:24.28856,0,0,16,32.8,61.0,885.6,906,0.0,59.31716666666668,69.35066666666681
5160,device_05,2025-11-13 04:34:25.200425,0,0,263,31.2,63.7,708.5,698,0.0,57.31649999999996,67.79391666666673
5161,device_02,2025-11-13 04:34:44.877786,0,0,1144,34.4,51.0,921.4,950,0.0,58.4963333333333,68.61800000000008
5162,device_03,2025-11-13 04:35:01.06203,0,0,70,31.4,58.0,821.2,842,0.0,57.26899999999998,67.84783333333343
5163,device_04,2025-11-13 04:35:24.040732,0,0,15,32.8,61.0,885.7,905,0.0,59.31716666666668,69.3506666666668
5164,device_05,2025-11-13 04:35:25.380971,0,0,264,31.2,63.7,710.5,697,0.0,57.26566666666662,67.77641666666673
5165,device_02,2025-11-13 04:35:44.864481,0,0,1147,34.4,51.0,927.2,955,0.0,58.520083333333304,68.62175000000008
5166,device_03,2025-11-13 04:36:03.130071,0,0,70,31.5,58.0,819.9,842,0.0,57.22608333333332,67.84950000000009
5167,device_04,2025-11-13 04:36:24.22471,0,0,17,32.8,61.0,885.4,907,0.0,59.31716666666668,69.3506666666668
5168,device_05,2025-11-13 04:36:25.1969,0,0,264,31.2,63.8,709.7,696,0.0,57.26566666666662,67.77641666666673
5169,device_02,2025-11-13 04:36:44.894913,0,0,1146,34.5,51.0,918.3,952,0.0,58.49633333333331,68.61175000000009
5170,device_03,2025-11-13 04:37:01.586542,0,0,70,31.5,58.0,819.8,840,0.0,57.22608333333331,67.84950000000008
5171,device_04,2025-11-13 04:37:23.956468,0,0,16,32.8,61.0,886.5,907,0.0,59.31716666666667,69.34733333333347
5172,device_05,2025-11-13 04:37:25.206634,0,0,266,31.2,63.8,710.9,694,0.0,57.22524999999994,67.77850000000007
5173,device_02,2025-11-13 04:37:44.860154,25,26,1146,34.5,51.0,921.3,949,0.0,58.47341666666664,68.59758333333342
5174,device_03,2025-11-13 04:38:01.150727,0,0,71,31.4,58.0,818.8,839,0.0,57.22608333333332,67.8503333333334
5175,device_04,2025-11-13 04:38:24.194988,10,12,15,32.8,61.0,884.8,907,0.0,59.31716666666668,69.3506666666668
5176,device_05,2025-11-13 04:38:25.220684,0,0,265,31.2,63.8,709.5,696,0.0,57.22524999999997,67.77641666666673
5177,device_02,2025-11-13 04:38:45.102221,0,0,1143,34.6,51.0,922.1,949,0.0,58.473416666666644,68.59758333333342
5178,device_03,2025-11-13 04:39:01.042582,0,0,71,31.4,58.0,818.5,843,0.0,57.22108333333331,67.85033333333342
5179,device_04,2025-11-13 04:39:23.953786,0,0,16,32.8,61.0,888.7,908,0.0,59.36091666666667,69.35050000000012
5180,device_05,2025-11-13 04:39:25.191083,0,0,265,31.2,63.8,708.2,696,0.0,57.22524999999996,67.77641666666673
5181,device_02,2025-11-13 04:39:44.93522,0,0,1141,34.6,51.0,919.5,946,0.0,58.47341666666664,68.59758333333342
5182,device_03,2025-11-13 04:40:01.563165,20,20,71,31.4,58.0,820.0,843,0.0,57.22108333333332,67.84950000000008
5183,device_04,2025-11-13 04:40:24.038526,0,0,17,32.8,61.0,887.0,907,0.0,59.31716666666668,69.34733333333347
5184,device_05,2025-11-13 04:40:25.214836,0,0,266,31.2,63.8,711.4,695,0.0,57.22524999999995,67.77850000000007
5185,device_02,2025-11-13 04:40:44.867512,0,0,1141,34.6,51.0,917.9,946,0.0,58.473416666666644,68.59133333333341
5186,device_03,2025-11-13 04:41:01.045058,0,0,70,31.4,58.0,821.2,844,0.0,57.26399999999999,67.84783333333343
5187,device_04,2025-11-13 04:41:23.986902,0,0,15,32.8,61.0,887.8,907,0.0,59.31716666666668,69.34733333333347
5188,device_05,2025-11-13 04:41:25.232512,0,0,265,31.2,63.8,709.7,698,0.0,57.22524999999996,67.77641666666673
5189,device_02,2025-11-13 04:41:44.874372,0,0,1145,34.7,51.0,921.4,949,0.0,58.47341666666664,68.59758333333342
5190,device_03,2025-11-13 04:42:01.736343,0,0,71,31.5,58.0,821.8,845,0.0,57.26399999999999,67.84783333333343
5191,device_04,2025-11-13 04:42:24.026419,0,0,16,32.8,61.0,887.8,909,0.0,59.36091666666668,69.34633333333346
5192,device_05,2025-11-13 04:42:25.418435,0,0,266,31.2,63.8,711.2,697,0.0,57.22524999999996,67.77850000000008
5193,device_02,2025-11-13 04:42:44.873301,0,0,1147,34.5,51.0,921.8,949,0.0,58.48049999999998,68.60133333333341
5194,device_03,2025-11-13 04:43:01.153771,0,0,70,31.4,58.0,822.6,842,0.0,57.27149999999999,67.84241666666676
5195,device_04,2025-11-13 04:43:24.066821,0,0,16,32.8,61.0,888.4,909,0.0,59.36091666666667,69.34633333333346
5196,device_05,2025-11-13 04:43:25.244118,0,0,266,31.2,63.8,712.3,697,0.0,57.22524999999996,67.77850000000007
5197,device_02,2025-11-13 04:43:45.377406,28,31,1144,34.5,51.0,918.0,950,0.0,58.44716666666665,68.6638333333334
5198,device_03,2025-11-13 04:44:01.036571,0,0,70,31.4,58.0,820.5,843,0.0,57.23691666666664,67.84783333333343
5199,device_04,2025-11-13 04:44:24.041717,8,9,17,32.8,61.0,889.1,910,0.0,59.36091666666668,69.35050000000014
5200,device_05,2025-11-13 04:44:25.730746,29,30,265,31.2,63.8,711.6,700,0.0,57.20816666666663,67.83433333333338
5201,device_02,2025-11-13 04:44:44.914263,0,0,1147,34.4,51.0,922.1,949,0.0,58.480499999999964,68.6013333333334
5202,device_03,2025-11-13 04:45:01.050875,21,21,71,31.4,58.0,823.7,846,0.0,57.25399999999999,67.82866666666675
5203,device_04,2025-11-13 04:45:24.006622,0,0,17,32.8,61.0,888.3,908,0.0,59.36091666666668,69.34633333333346
5204,device_05,2025-11-13 04:45:25.15529,29,30,266,31.2,63.7,713.2,700,0.0,57.20816666666663,67.83641666666671
5205,device_02,2025-11-13 04:45:44.886822,0,0,1146,34.5,51.0,920.5,950,0.0,58.496333333333304,68.61800000000008
5206,device_03,2025-11-13 04:46:01.02479,0,0,72,31.3,58.0,824.6,847,0.0,57.25399999999999,67.82866666666676
5207,device_04,2025-11-13 04:46:24.557235,0,0,16,32.8,61.0,888.7,908,0.0,59.36091666666668,69.35050000000012
5208,device_05,2025-11-13 04:46:25.228346,0,0,266,31.2,63.7,713.2,699,0.0,57.22524999999997,67.77850000000007
5209,device_02,2025-11-13 04:46:44.843255,0,0,1144,34.4,51.0,921.6,951,0.0,58.49633333333331,68.61800000000008
5210,device_03,2025-11-13 04:47:01.058251,0,0,72,31.4,58.0,821.9,848,0.0,57.26649999999998,67.84241666666675
5211,device_04,2025-11-13 04:47:24.012878,0,0,17,32.8,61.0,887.1,909,0.0,59.36091666666668,69.34633333333346
5212,device_05,2025-11-13 04:47:25.185653,0,0,265,31.3,63.6,713.1,703,0.0,57.22524999999997,67.77641666666673
5213,device_02,2025-11-13 04:47:44.843286,0,0,1148,34.4,51.0,922.2,949,0.0,58.480499999999964,68.60133333333341
5214,device_03,2025-11-13 04:48:01.019581,0,0,72,31.5,58.0,822.7,844,0.0,57.266499999999986,67.84241666666675
5215,device_04,2025-11-13 04:48:24.688146,0,0,16,32.8,61.0,887.9,909,0.0,59.36091666666668,69.34633333333346
5216,device_05,2025-11-13 04:48:25.329703,0,0,266,31.3,63.5,715.0,700,0.0,57.22524999999996,67.77850000000007
5217,device_02,2025-11-13 04:48:44.889226,0,0,1145,34.5,51.0,920.2,952,0.0,58.496333333333304,68.61800000000008
5218,device_03,2025-11-13 04:49:01.081201,0,0,70,31.4,58.0,819.4,840,0.0,57.22608333333332,67.84950000000008
5219,device_04,2025-11-13 04:49:24.008302,0,0,16,32.8,61.0,889.2,910,0.0,59.36091666666668,69.35050000000012
5220,device_05,2025-11-13 04:49:25.321417,0,0,266,31.3,63.5,713.6,702,0.0,57.22524999999996,67.77850000000007
5221,device_02,2025-11-13 04:49:44.832879,23,24,1148,34.4,51.0,921.8,949,0.0,58.480499999999964,68.60133333333341
5222,device_03,2025-11-13 04:50:01.157443,0,0,71,31.5,58.0,818.1,840,0.0,57.22608333333332,67.85033333333342
5223,device_04,2025-11-13 04:50:24.251398,0,0,16,32.8,61.0,888.5,911,0.0,59.36091666666668,69.34633333333346
5224,device_05,2025-11-13 04:50:25.406402,0,0,266,31.3,63.5,714.8,706,0.0,57.22524999999997,67.77850000000007
5225,device_02,2025-11-13 04:50:44.84219,0,0,1149,34.5,51.0,921.7,952,0.0,58.50341666666664,68.62175000000008
5226,device_03,2025-11-13 04:51:01.07167,0,0,70,31.4,58.0,820.2,842,0.0,57.241916666666654,67.84783333333341
5227,device_04,2025-11-13 04:51:23.988702,0,0,18,32.8,61.0,891.8,911,0.0,59.35966666666668,69.35050000000012
5228,device_05,2025-11-13 04:51:25.256572,0,0,265,31.4,63.5,713.2,701,0.0,57.22524999999996,67.77641666666673
5229,device_02,2025-11-13 04:51:44.860609,0,0,1149,34.5,51.0,920.1,954,0.0,58.503416666666624,68.62175000000008
5230,device_03,2025-11-13 04:52:01.298735,0,0,71,31.4,58.0,822.7,847,0.0,57.266499999999986,67.84241666666675
5231,device_04,2025-11-13 04:52:23.956318,0,0,16,32.8,61.0,890.6,913,0.0,59.402000000000015,69.42325000000011
5232,device_05,2025-11-13 04:52:25.278543,0,0,266,31.4,63.5,715.1,700,0.0,57.22524999999995,67.77850000000008
5233,device_02,2025-11-13 04:52:45.211711,0,0,1147,34.4,51.0,922.8,952,0.0,58.503416666666624,68.62175000000008
5234,device_03,2025-11-13 04:53:01.045368,0,0,73,31.3,58.0,829.3,853,0.0,57.25066666666667,67.82366666666675
5235,device_04,2025-11-13 04:53:24.185593,0,0,15,32.8,61.0,889.3,911,0.0,59.36091666666667,69.35050000000012
5236,device_05,2025-11-13 04:53:25.217023,0,0,266,31.4,63.5,715.6,700,0.0,57.22524999999996,67.77850000000007
5237,device_02,2025-11-13 04:53:44.887715,0,0,1145,34.4,51.0,920.5,949,0.0,58.47341666666664,68.59758333333342
5238,device_03,2025-11-13 04:54:01.132247,0,0,70,31.5,58.0,827.8,850,0.0,57.25149999999998,67.81241666666673
5239,device_04,2025-11-13 04:54:24.151933,0,0,16,32.8,61.0,887.9,910,0.0,59.36091666666668,69.34633333333345
5240,device_05,2025-11-13 04:54:25.236713,0,0,266,31.4,63.5,718.5,709,0.0,57.22524999999996,67.77850000000007
5241,device_02,2025-11-13 04:54:44.961308,0,0,1145,34.4,51.0,918.1,946,0.0,58.473416666666644,68.59133333333341
5242,device_03,2025-11-13 04:55:01.027055,0,0,72,31.4,58.0,832.0,857,0.0,57.29666666666665,67.8145000000001
5243,device_04,2025-11-13 04:55:24.046155,0,0,15,32.8,61.0,890.3,915,0.0,59.456083333333346,69.4312500000001
5244,device_05,2025-11-13 04:55:25.72767,0,0,266,31.4,63.5,715.7,704,0.0,57.22524999999997,67.77850000000007
5245,device_02,2025-11-13 04:55:44.875144,0,0,1148,34.4,51.0,919.0,953,0.0,58.503416666666624,68.62175000000008
5246,device_03,2025-11-13 04:56:01.292215,0,0,72,31.2,58.0,830.8,857,0.0,57.29666666666665,67.8145000000001
5247,device_04,2025-11-13 04:56:23.982711,0,0,15,32.8,61.0,893.7,913,0.0,59.400750000000016,69.43825000000012
5248,device_05,2025-11-13 04:56:25.285465,0,0,267,31.4,63.5,716.5,703,0.0,57.18774999999996,67.77850000000007
5249,device_02,2025-11-13 04:56:44.882021,0,0,1149,34.5,51.0,921.6,951,0.0,58.503416666666624,68.62175000000008
5250,device_03,2025-11-13 04:57:01.118344,0,0,72,31.4,58.0,832.6,855,0.0,57.249416666666654,67.82366666666675
5251,device_04,2025-11-13 04:57:24.087113,0,0,15,32.8,61.0,891.7,915,0.0,59.45483333333335,69.4312500000001
5252,device_05,2025-11-13 04:57:25.416138,0,0,266,31.4,63.5,715.2,705,0.0,57.22524999999997,67.77850000000007
5253,device_02,2025-11-13 04:57:45.186437,0,0,1150,34.4,51.0,922.4,950,0.0,58.50341666666664,68.62175000000008
5254,device_03,2025-11-13 04:58:01.296029,0,0,70,31.4,58.0,825.3,851,0.0,57.25399999999999,67.8228333333334
5255,device_04,2025-11-13 04:58:23.963143,0,0,16,32.9,60.8,892.9,916,0.0,59.45483333333335,69.4312500000001
5256,device_05,2025-11-13 04:58:25.233967,0,0,266,31.4,63.5,716.5,702,0.0,57.22524999999996,67.77850000000007
5257,device_02,2025-11-13 04:58:44.876376,0,0,1147,34.6,51.0,920.1,952,0.0,58.50341666666664,68.62175000000008
5258,device_03,2025-11-13 04:59:01.284582,0,0,71,31.3,58.0,830.8,857,0.0,57.29666666666665,67.8145000000001
5259,device_04,2025-11-13 04:59:23.994706,0,0,16,33.2,60.0,892.1,914,0.0,59.45500000000001,69.44283333333344
5260,device_05,2025-11-13 04:59:25.341509,0,0,267,31.4,63.5,716.6,704,0.0,57.18774999999996,67.77850000000007
5261,device_02,2025-11-13 04:59:45.415168,0,0,1152,34.4,51.0,923.2,949,0.0,58.480499999999964,68.60133333333341
5262,device_03,2025-11-13 05:00:01.060399,0,0,70,31.4,58.0,834.3,857,0.0,57.29333333333332,67.84658333333341
5263,device_04,2025-11-13 05:00:24.009823,0,0,16,33.3,60.0,893.4,915,0.0,59.45483333333335,69.4312500000001
5264,device_05,2025-11-13 05:00:25.185066,0,0,266,31.4,63.5,715.6,706,0.0,57.22524999999997,67.77850000000008
5265,device_02,2025-11-13 05:00:44.870775,0,0,1150,34.4,51.0,921.2,954,0.0,58.503416666666645,68.62175000000008
5266,device_03,2025-11-13 05:01:01.135069,0,0,71,31.3,58.0,833.1,859,0.0,57.28791666666665,67.82325000000009
5267,device_04,2025-11-13 05:01:24.097031,0,0,15,33.3,60.0,892.3,915,0.0,59.454833333333355,69.4312500000001
5268,device_05,2025-11-13 05:01:25.252277,0,0,267,31.5,63.4,718.4,704,0.0,57.18774999999996,67.77850000000008
5269,device_02,2025-11-13 05:01:45.558752,0,0,1150,34.4,51.0,923.5,952,0.0,58.503416666666645,68.62175000000008
5270,device_03,2025-11-13 05:02:01.282805,21,21,70,31.6,58.0,832.8,860,0.0,57.28791666666665,67.82325000000009
5271,device_04,2025-11-13 05:02:23.981672,0,0,16,33.3,60.0,893.0,917,0.0,59.45483333333335,69.4312500000001
5272,device_05,2025-11-13 05:02:25.283812,0,0,268,31.5,63.3,717.6,707,0.0,57.16441666666663,67.77850000000007
5273,device_02,2025-11-13 05:02:45.042122,0,0,1152,34.4,51.0,924.5,951,0.0,58.50341666666664,68.62175000000008
5274,device_03,2025-11-13 05:03:01.046962,0,0,71,31.5,58.0,835.7,858,0.0,57.31249999999998,67.85741666666678
5275,device_04,2025-11-13 05:03:24.006624,0,0,17,33.3,60.0,894.5,914,0.0,59.45500000000001,69.45408333333344
5276,device_05,2025-11-13 05:03:25.286397,0,0,266,31.5,63.3,716.2,705,0.0,57.22524999999996,67.77850000000007
5277,device_02,2025-11-13 05:03:45.425904,0,0,1149,34.5,51.0,919.4,951,0.0,58.50341666666664,68.62175000000008
5278,device_03,2025-11-13 05:04:01.675243,0,0,71,31.4,58.0,833.2,860,0.0,57.28791666666665,67.82325000000009
5279,device_04,2025-11-13 05:04:24.009113,0,0,17,33.3,60.0,892.5,916,0.0,59.45483333333333,69.4312500000001
5280,device_05,2025-11-13 05:04:25.341427,0,0,266,31.5,63.3,718.5,704,0.0,57.22524999999996,67.77850000000007
5281,device_02,2025-11-13 05:04:44.850755,0,0,1151,34.4,51.0,924.1,952,0.0,58.503416666666624,68.62175000000008
5282,device_03,2025-11-13 05:05:01.395872,0,0,71,31.4,58.0,833.4,859,0.0,57.28791666666665,67.82325000000009
5283,device_04,2025-11-13 05:05:24.026455,0,0,17,33.3,60.0,893.1,915,0.0,59.45483333333335,69.4312500000001
5284,device_05,2025-11-13 05:05:25.311707,0,0,266,31.5,63.3,716.4,706,0.0,57.22524999999997,67.77850000000007
5285,device_02,2025-11-13 05:05:45.414058,0,0,1152,34.6,51.0,922.9,953,0.0,58.503416666666645,68.62175000000008
5286,device_03,2025-11-13 05:06:01.629543,0,0,71,31.5,58.0,833.7,857,0.0,57.29666666666665,67.8245000000001
5287,device_04,2025-11-13 05:06:24.112484,12,12,16,33.3,60.0,894.0,917,0.0,59.45483333333335,69.44625000000012
5288,device_05,2025-11-13 05:06:25.186092,0,0,268,31.5,63.3,717.7,708,0.0,57.16441666666663,67.77850000000007
5289,device_02,2025-11-13 05:06:44.89254,0,0,1152,34.4,51.0,921.4,955,0.0,58.50341666666664,68.62175000000008
5290,device_03,2025-11-13 05:07:01.290691,0,0,71,31.4,58.0,833.0,858,0.0,57.28791666666666,67.8245000000001
5291,device_04,2025-11-13 05:07:24.045956,0,0,16,33.3,60.0,894.8,918,0.0,59.45483333333335,69.44250000000011
5292,device_05,2025-11-13 05:07:25.204326,0,0,266,31.5,63.2,718.7,706,0.0,57.22524999999997,67.77850000000007
5293,device_02,2025-11-13 05:07:45.440421,0,0,1148,34.5,51.0,924.0,951,0.0,58.503416666666624,68.62175000000008
5294,device_03,2025-11-13 05:08:01.957775,0,0,71,31.5,58.0,834.0,857,0.0,57.29666666666665,67.8245000000001
5295,device_04,2025-11-13 05:08:23.966005,0,0,17,33.3,60.0,896.4,918,0.0,59.48608333333333,69.44250000000012
5296,device_05,2025-11-13 05:08:25.258911,0,0,266,31.5,63.2,717.3,707,0.0,57.22524999999996,67.77850000000008
5297,device_02,2025-11-13 05:08:44.864965,0,0,1151,34.5,51.0,922.0,951,0.0,58.50341666666664,68.62175000000008
5298,device_03,2025-11-13 05:09:01.085508,0,0,71,31.5,58.0,835.1,857,0.0,57.321249999999985,67.85658333333343
5299,device_04,2025-11-13 05:09:24.026228,0,0,15,33.3,60.0,895.2,918,0.0,59.45483333333335,69.44250000000011
5300,device_05,2025-11-13 05:09:25.174844,0,0,267,31.5,63.2,717.0,704,0.0,57.18774999999995,67.77850000000008
5301,device_02,2025-11-13 05:09:45.500627,0,0,1154,34.5,51.0,918.6,949,0.0,58.48049999999998,68.60133333333341
5302,device_03,2025-11-13 05:10:01.044735,0,0,69,31.7,58.0,833.9,860,0.0,57.28791666666666,67.82325000000009
5303,device_04,2025-11-13 05:10:24.100576,0,0,16,33.3,60.0,894.6,917,0.0,59.45483333333335,69.44250000000012
5304,device_05,2025-11-13 05:10:25.173816,0,0,267,31.5,63.2,720.2,713,0.0,57.18774999999996,67.77850000000007
5305,device_02,2025-11-13 05:10:44.848857,0,0,1150,34.6,51.0,921.4,953,0.0,58.50341666666664,68.62175000000008
5306,device_03,2025-11-13 05:11:01.03233,0,0,71,31.4,58.0,833.4,857,0.0,57.29666666666666,67.82450000000011
5307,device_04,2025-11-13 05:11:24.08555,0,0,16,33.3,60.0,894.8,916,0.0,59.45483333333335,69.44250000000012
5308,device_05,2025-11-13 05:11:25.387597,0,0,266,31.5,63.2,718.9,707,0.0,57.22524999999996,67.77850000000007
5309,device_02,2025-11-13 05:11:45.052137,31,31,1151,34.5,51.0,922.0,948,0.0,58.44633333333331,68.75550000000007
5310,device_03,2025-11-13 05:12:01.334665,0,0,70,31.4,58.0,833.5,857,0.0,57.29666666666665,67.82450000000009
5311,device_04,2025-11-13 05:12:24.57282,0,0,15,33.3,60.0,893.1,916,0.0,59.45483333333333,69.4312500000001
5312,device_05,2025-11-13 05:12:25.213705,0,0,266,31.5,63.2,717.1,706,0.0,57.22524999999996,67.77850000000007
5313,device_02,2025-11-13 05:12:44.86041,0,0,1149,34.3,51.0,921.2,948,0.0,58.48049999999998,68.60133333333341
5314,device_03,2025-11-13 05:13:01.242695,0,0,69,31.6,58.0,829.7,855,0.0,57.249416666666654,67.82366666666675
5315,device_04,2025-11-13 05:13:24.253691,0,0,16,33.3,60.0,893.4,913,0.0,59.40075000000001,69.42325000000011
5316,device_05,2025-11-13 05:13:25.325618,0,0,265,31.5,63.2,717.5,708,0.0,57.22524999999996,67.77641666666673
5317,device_02,2025-11-13 05:13:45.570669,0,0,1151,34.4,51.0,918.7,946,0.0,58.480499999999964,68.60133333333341
5318,device_03,2025-11-13 05:14:01.125356,0,0,73,31.4,58.0,832.9,859,0.0,57.28791666666665,67.82325000000009
5319,device_04,2025-11-13 05:14:24.60262,0,0,15,33.3,60.0,892.8,915,0.0,59.45483333333335,69.4312500000001
5320,device_05,2025-11-13 05:14:25.240289,0,0,266,31.5,63.2,724.2,711,0.0,57.22524999999997,67.77850000000007
5321,device_02,2025-11-13 05:14:44.838917,0,0,1156,34.5,51.0,919.4,948,0.0,58.480499999999964,68.60133333333341
5322,device_03,2025-11-13 05:15:01.370904,0,0,69,31.6,58.0,834.5,861,0.0,57.278749999999974,67.8545000000001
5323,device_04,2025-11-13 05:15:24.024161,0,0,16,33.3,60.0,893.1,916,0.0,59.45483333333333,69.4312500000001
5324,device_05,2025-11-13 05:15:25.233714,0,0,265,31.5,63.2,718.3,706,0.0,57.22524999999997,67.77641666666675
5325,device_02,2025-11-13 05:15:45.007549,0,0,1150,34.4,51.0,917.0,948,0.0,58.48049999999998,68.59508333333342
5326,device_03,2025-11-13 05:16:01.15708,0,0,70,31.5,58.0,836.3,862,0.0,57.309999999999974,67.8507500000001
5327,device_04,2025-11-13 05:16:24.564195,0,0,15,33.3,60.0,894.7,917,0.0,59.45483333333335,69.44250000000011
5328,device_05,2025-11-13 05:16:25.339047,0,0,265,31.5,63.2,717.3,707,0.0,57.22524999999997,67.77641666666673
5329,device_02,2025-11-13 05:16:44.856914,0,0,1152,34.3,51.0,922.0,950,0.0,58.50341666666664,68.62175000000008
5330,device_03,2025-11-13 05:17:01.034587,0,0,70,31.7,58.0,835.5,859,0.0,57.31249999999998,67.85533333333343
5331,device_04,2025-11-13 05:17:24.027795,0,0,17,33.3,60.0,896.2,917,0.0,59.48608333333335,69.44250000000011
5332,device_05,2025-11-13 05:17:25.193721,0,0,266,31.5,63.2,723.2,709,0.0,57.22524999999997,67.77850000000007
5333,device_02,2025-11-13 05:17:44.889328,0,0,1152,34.4,51.0,923.0,948,0.0,58.480499999999964,68.60133333333341
5334,device_03,2025-11-13 05:18:01.043137,0,0,69,31.7,58.0,834.4,862,0.0,57.27874999999998,67.84908333333343
5335,device_04,2025-11-13 05:18:24.582232,0,0,16,33.3,60.0,894.2,920,0.0,59.460666666666675,69.44250000000011
5336,device_05,2025-11-13 05:18:25.173776,0,0,265,31.6,63.2,715.5,704,0.0,57.22524999999995,67.77641666666673
5337,device_02,2025-11-13 05:18:44.911364,0,0,1151,34.6,51.0,918.7,948,0.0,58.48049999999998,68.60133333333341
5338,device_03,2025-11-13 05:19:01.162802,0,0,70,31.6,58.0,835.5,861,0.0,57.30999999999998,67.85533333333343
5339,device_04,2025-11-13 05:19:24.024043,0,0,15,33.3,60.0,895.3,919,0.0,59.48608333333333,69.44250000000011
5340,device_05,2025-11-13 05:19:25.205436,0,0,266,31.6,63.2,718.7,708,0.0,57.22524999999997,67.77850000000007
5341,device_02,2025-11-13 05:19:44.884578,0,0,1154,34.5,51.0,920.6,947,0.0,58.480499999999964,68.60133333333341
5342,device_03,2025-11-13 05:20:01.00956,0,0,69,31.4,58.0,833.9,858,0.0,57.28791666666665,67.82450000000009
5343,device_04,2025-11-13 05:20:24.250089,0,0,15,33.3,60.0,894.2,916,0.0,59.45483333333335,69.44250000000011
5344,device_05,2025-11-13 05:20:25.541144,0,0,267,31.6,63.1,716.9,706,0.0,57.18774999999996,67.77850000000007
5345,device_02,2025-11-13 05:20:44.886864,0,0,1155,34.5,51.0,917.9,951,0.0,58.50341666666664,68.61550000000008
5346,device_03,2025-11-13 05:21:01.338787,0,0,69,31.6,58.0,835.3,862,0.0,57.30999999999998,67.84991666666677
5347,device_04,2025-11-13 05:21:24.248504,0,0,14,33.3,60.0,893.7,917,0.0,59.45483333333333,69.4462500000001
5348,device_05,2025-11-13 05:21:25.386591,0,0,266,31.6,63.1,719.1,710,0.0,57.22524999999997,67.77850000000007
5349,device_02,2025-11-13 05:21:44.900067,0,0,1154,34.4,51.0,920.4,952,0.0,58.503416666666645,68.62175000000008
5350,device_03,2025-11-13 05:22:01.034502,0,0,70,31.5,58.0,834.9,857,0.0,57.321249999999985,67.85658333333342
5351,device_04,2025-11-13 05:22:24.043407,0,0,16,33.3,60.0,893.0,915,0.0,59.45483333333335,69.4312500000001
5352,device_05,2025-11-13 05:22:25.273859,0,0,266,31.6,63.1,719.5,707,0.0,57.22524999999997,67.77850000000007
5353,device_02,2025-11-13 05:22:44.863422,0,0,1155,34.5,50.9,928.8,958,0.0,58.520083333333304,68.62925000000008
5354,device_03,2025-11-13 05:23:01.229761,0,0,69,31.5,58.0,836.9,862,0.0,57.309999999999974,67.8507500000001
5355,device_04,2025-11-13 05:23:24.611141,0,0,17,33.3,60.0,894.7,918,0.0,59.45483333333335,69.44250000000011
5356,device_05,2025-11-13 05:23:25.205332,0,0,266,31.6,63.1,718.9,708,0.0,57.22524999999996,67.77850000000008
5357,device_02,2025-11-13 05:23:44.854507,0,0,1158,34.5,51.0,927.0,954,0.0,58.52758333333331,68.62175000000008
5358,device_03,2025-11-13 05:24:01.081878,0,0,70,31.3,58.0,830.2,857,0.0,57.29666666666666,67.8145000000001
5359,device_04,2025-11-13 05:24:23.986896,0,0,16,33.3,60.0,895.7,920,0.0,59.491916666666675,69.44250000000011
5360,device_05,2025-11-13 05:24:25.250535,0,0,267,31.6,63.1,723.1,709,0.0,57.18774999999995,67.77850000000007
5361,device_02,2025-11-13 05:24:44.984558,0,0,1156,34.6,51.0,919.2,947,0.0,58.480499999999964,68.60133333333341
5362,device_04,2025-11-13 05:25:24.043156,0,0,15,33.3,60.0,895.2,919,0.0,59.45483333333335,69.44250000000012
5363,device_05,2025-11-13 05:25:25.401205,0,0,267,31.6,63.1,719.2,706,0.0,57.18774999999996,67.77850000000007
5364,device_05,2025-11-13 05:26:25.385661,0,0,266,31.6,63.1,717.7,710,0.0,57.22524999999997,67.77850000000007
5365,device_03,2025-11-13 05:30:01.332191,0,0,61,32.4,57.0,841.4,869,0.0,57.30999999999998,67.8345000000001
5366,device_02,2025-11-13 05:30:45.469905,0,0,1157,34.4,50.9,926.7,963,0.0,58.527583333333304,68.62175000000008
5367,device_03,2025-11-13 05:31:01.899828,0,0,66,32.4,57.0,840.0,865,0.0,57.3220833333333,67.84616666666676
5368,device_04,2025-11-13 05:31:24.108804,0,0,13,33.3,60.0,901.8,925,0.0,59.49191666666668,69.44250000000011
5369,device_02,2025-11-13 05:31:44.952504,0,0,1156,34.5,50.9,923.6,953,0.0,58.503416666666645,68.62175000000008
5370,device_03,2025-11-13 05:32:01.078419,0,0,68,32.5,57.0,838.3,867,0.0,57.32416666666664,67.8507500000001
5371,device_04,2025-11-13 05:32:23.983275,0,0,15,33.3,60.0,895.7,921,0.0,59.491916666666675,69.44250000000012
5372,device_05,2025-11-13 05:32:25.343423,0,0,250,31.7,63.0,724.8,717,0.0,57.3198333333333,67.80225000000007
5373,device_02,2025-11-13 05:32:45.404543,0,0,1158,34.4,50.9,920.3,949,0.0,58.48799999999997,68.60133333333341
5374,device_03,2025-11-13 05:33:01.175967,0,0,67,32.6,57.0,838.4,867,0.0,57.3220833333333,67.84616666666676
5375,device_04,2025-11-13 05:33:24.275422,0,0,17,33.3,60.0,895.8,918,0.0,59.48608333333335,69.44250000000012
5376,device_05,2025-11-13 05:33:25.249396,0,0,260,31.7,63.0,721.7,709,0.0,57.31816666666663,67.81058333333341
5377,device_02,2025-11-13 05:33:44.91675,0,0,1157,34.5,50.7,921.2,955,0.0,58.51091666666664,68.62175000000008
5378,device_03,2025-11-13 05:34:01.039496,0,0,68,32.6,57.0,839.9,865,0.0,57.32416666666664,67.8507500000001
5379,device_04,2025-11-13 05:34:24.00337,0,0,17,33.3,60.0,895.7,918,0.0,59.48608333333335,69.44250000000011
5380,device_05,2025-11-13 05:34:25.179943,31,33,263,31.7,63.0,720.3,711,0.0,57.44816666666665,68.17058333333338
5381,device_02,2025-11-13 05:34:44.995107,0,0,1156,34.4,50.8,923.8,948,0.0,58.480499999999964,68.6013333333334
5382,device_03,2025-11-13 05:35:01.096474,0,0,68,32.4,57.0,839.6,867,0.0,57.32416666666664,67.8507500000001
5383,device_04,2025-11-13 05:35:24.668262,0,0,17,33.3,60.0,895.4,919,0.0,59.48608333333335,69.4425000000001
5384,device_05,2025-11-13 05:35:25.220254,0,0,265,31.7,63.0,718.6,705,0.0,57.22524999999997,67.77641666666673
5385,device_02,2025-11-13 05:35:44.829316,0,0,1158,34.4,50.7,922.4,953,0.0,58.51091666666664,68.62175000000006
5386,device_03,2025-11-13 05:36:01.031374,0,0,67,32.5,57.0,839.6,866,0.0,57.3220833333333,67.84616666666676
5387,device_04,2025-11-13 05:36:24.744897,0,0,15,33.3,60.0,896.3,920,0.0,59.49191666666668,69.44250000000012
5388,device_05,2025-11-13 05:36:25.36574,0,0,265,31.7,63.0,719.1,710,0.0,57.22524999999996,67.77641666666673
5389,device_02,2025-11-13 05:36:44.814896,0,0,1159,34.5,50.8,921.3,954,0.0,58.51091666666664,68.62175000000008
5390,device_03,2025-11-13 05:37:01.150424,0,0,69,32.4,57.0,839.2,866,0.0,57.32416666666664,67.8507500000001
5391,device_04,2025-11-13 05:37:24.014225,0,0,17,33.3,60.0,896.2,919,0.0,59.48608333333335,69.44250000000011
5392,device_05,2025-11-13 05:37:25.274578,0,0,266,31.7,63.0,721.4,713,0.0,57.22524999999996,67.77850000000007
5393,device_02,2025-11-13 05:37:44.999959,0,0,1153,34.5,50.8,922.6,948,0.0,58.480499999999964,68.60133333333341
5394,device_03,2025-11-13 05:38:01.18929,0,0,68,32.5,57.0,839.8,866,0.0,57.32416666666665,67.8507500000001
5395,device_04,2025-11-13 05:38:24.207256,0,0,16,33.3,60.0,896.5,921,0.0,59.491916666666675,69.44250000000011
5396,device_05,2025-11-13 05:38:25.213135,0,0,267,31.7,63.0,726.9,715,0.0,57.18774999999996,67.77850000000007
5397,device_02,2025-11-13 05:38:44.867561,0,0,1156,34.5,50.9,919.2,945,0.0,58.46216666666663,68.60133333333341
5398,device_03,2025-11-13 05:39:01.08869,0,0,69,32.5,57.0,841.0,867,0.0,57.32416666666664,67.85075000000009
5399,device_04,2025-11-13 05:39:23.993698,0,0,16,33.3,60.0,897.6,919,0.0,59.486083333333355,69.44250000000012
5400,device_05,2025-11-13 05:39:25.166301,0,0,266,31.7,63.1,722.8,713,0.0,57.22524999999997,67.77850000000007
5401,device_02,2025-11-13 05:39:45.433228,0,0,1158,34.5,50.7,922.5,947,0.0,58.487999999999964,68.60133333333341
5402,device_03,2025-11-13 05:40:01.442521,0,0,69,32.4,57.0,839.6,865,0.0,57.32416666666665,67.8507500000001
5403,device_04,2025-11-13 05:40:24.012667,0,0,16,33.3,60.0,895.1,919,0.0,59.45483333333335,69.44250000000011
5404,device_05,2025-11-13 05:40:25.219996,0,0,267,31.7,63.1,723.5,712,0.0,57.18774999999996,67.77850000000007
5405,device_02,2025-11-13 05:40:45.108536,0,0,1157,34.4,50.5,925.6,957,0.0,58.527583333333304,68.62925000000007
5406,device_03,2025-11-13 05:41:01.029445,0,0,68,32.5,57.0,838.8,867,0.0,57.32416666666664,67.85075000000009
5407,device_04,2025-11-13 05:41:24.039655,0,0,17,33.3,60.0,896.9,921,0.0,59.491916666666675,69.44250000000011
5408,device_05,2025-11-13 05:41:25.232422,0,0,267,31.7,63.1,722.4,713,0.0,57.18774999999996,67.77850000000007
5409,device_02,2025-11-13 05:41:44.909403,0,0,1157,34.5,50.4,919.6,944,0.0,58.46966666666663,68.60500000000008
5410,device_03,2025-11-13 05:42:01.23803,0,0,69,32.6,57.0,840.1,865,0.0,57.32416666666664,67.8507500000001
5411,device_04,2025-11-13 05:42:24.086233,0,0,17,33.3,60.0,897.5,920,0.0,59.49191666666667,69.44250000000011
5412,device_05,2025-11-13 05:42:25.164657,0,0,265,31.7,63.1,721.7,711,0.0,57.22524999999996,67.77641666666673
5413,device_02,2025-11-13 05:42:44.790206,0,0,1155,34.4,50.3,922.7,951,0.0,58.50341666666664,68.62175000000008
5414,device_03,2025-11-13 05:43:01.071687,0,0,69,32.5,57.0,840.6,866,0.0,57.32416666666665,67.8507500000001
5415,device_04,2025-11-13 05:43:24.168893,0,0,17,33.3,60.0,896.0,920,0.0,59.49191666666668,69.44250000000012
5416,device_05,2025-11-13 05:43:25.35918,0,0,266,31.7,63.1,722.3,710,0.0,57.22524999999996,67.77850000000007
5417,device_02,2025-11-13 05:43:45.023512,0,0,1155,34.3,50.4,918.9,946,0.0,58.48049999999998,68.60133333333341
5418,device_03,2025-11-13 05:44:01.036087,0,0,68,32.6,57.0,839.9,867,0.0,57.32416666666664,67.8507500000001
5419,device_04,2025-11-13 05:44:24.036507,0,0,15,33.3,60.0,896.6,918,0.0,59.48608333333335,69.44250000000012
5420,device_05,2025-11-13 05:44:25.205563,0,0,266,31.8,63.0,717.8,708,0.0,57.22524999999996,67.77850000000007
5421,device_02,2025-11-13 05:44:44.843089,0,0,1157,34.5,50.3,921.7,947,0.0,58.487999999999964,68.60133333333343
5422,device_03,2025-11-13 05:45:01.020514,0,0,69,32.4,57.0,837.6,865,0.0,57.32416666666664,67.8507500000001
5423,device_04,2025-11-13 05:45:24.11437,0,0,18,33.3,60.0,897.0,919,0.0,59.48608333333335,69.44250000000011
5424,device_05,2025-11-13 05:45:25.175922,0,0,266,31.8,63.0,720.1,708,0.0,57.22524999999997,67.77850000000007
5425,device_02,2025-11-13 05:45:45.41008,0,0,1157,34.4,50.3,920.1,951,0.0,58.51091666666664,68.62175000000009
5426,device_03,2025-11-13 05:46:01.206022,0,0,68,32.5,57.0,839.2,865,0.0,57.32416666666664,67.8507500000001
5427,device_04,2025-11-13 05:46:23.97147,0,0,17,33.3,60.0,896.0,919,0.0,59.48608333333333,69.44250000000012
5428,device_05,2025-11-13 05:46:25.174197,0,0,267,31.8,63.0,723.5,710,0.0,57.18774999999996,67.77850000000007
5429,device_02,2025-11-13 05:46:44.782954,0,0,1157,34.5,50.5,921.4,948,0.0,58.487999999999964,68.60133333333341
5430,device_03,2025-11-13 05:47:01.137374,0,0,68,32.5,57.0,837.9,865,0.0,57.32416666666664,67.8507500000001
5431,device_04,2025-11-13 05:47:23.946176,0,0,17,33.3,60.0,896.8,920,0.0,59.491916666666675,69.44250000000011
5432,device_05,2025-11-13 05:47:25.180134,0,0,266,31.8,63.0,722.6,712,0.0,57.22524999999996,67.77850000000007
5433,device_02,2025-11-13 05:47:45.133311,0,0,1156,34.5,50.3,920.0,945,0.0,58.46216666666663,68.60133333333341
5434,device_03,2025-11-13 05:48:01.191312,0,0,68,32.6,57.0,838.0,866,0.0,57.32416666666664,67.8507500000001
5435,device_04,2025-11-13 05:48:23.962183,0,0,17,33.3,60.0,897.7,918,0.0,59.48608333333333,69.44250000000011
5436,device_05,2025-11-13 05:48:25.126787,0,0,267,31.8,63.0,723.4,711,0.0,57.18774999999996,67.77850000000007
5437,device_02,2025-11-13 05:48:44.828659,0,0,1155,34.6,50.4,917.0,945,0.0,58.46216666666663,68.59508333333342
5438,device_03,2025-11-13 05:49:01.001146,0,0,69,32.6,57.0,838.9,868,0.0,57.29999999999998,67.8370000000001
5439,device_04,2025-11-13 05:49:24.030674,0,0,17,33.3,60.0,896.7,920,0.0,59.491916666666675,69.44250000000011
5440,device_05,2025-11-13 05:49:25.187744,0,0,267,31.8,63.0,722.0,713,0.0,57.18774999999996,67.77850000000007
5441,device_02,2025-11-13 05:49:45.430217,0,0,1158,34.5,50.4,916.2,944,0.0,58.46966666666663,68.59875000000008
5442,device_03,2025-11-13 05:50:00.987235,0,0,69,32.4,57.0,840.0,866,0.0,57.32416666666665,67.8507500000001
5443,device_04,2025-11-13 05:50:24.129234,10,10,17,33.3,60.0,897.3,919,0.0,59.48608333333335,69.44250000000012
5444,device_05,2025-11-13 05:50:25.267794,0,0,266,31.8,63.0,721.3,713,0.0,57.22524999999997,67.77850000000008
5445,device_02,2025-11-13 05:50:44.983814,0,0,1159,34.4,50.5,916.1,947,0.0,58.487999999999964,68.59508333333342
5446,device_03,2025-11-13 05:51:01.120739,18,18,67,32.6,57.0,840.9,864,0.0,57.320416666666645,67.84616666666676
5447,device_04,2025-11-13 05:51:23.961822,10,10,17,33.3,60.0,896.2,917,0.0,59.48608333333333,69.44250000000011
5448,device_05,2025-11-13 05:51:25.183955,0,0,266,31.8,63.0,725.4,713,0.0,57.22524999999996,67.77850000000007
5449,device_02,2025-11-13 05:51:44.864357,0,0,1159,34.4,50.5,916.4,943,0.0,58.46966666666663,68.59875000000008
5450,device_03,2025-11-13 05:52:01.388928,0,0,66,32.4,57.0,834.2,859,0.0,57.28583333333332,67.81866666666676
5451,device_04,2025-11-13 05:52:24.617208,0,0,16,33.3,60.0,892.7,915,0.0,59.45483333333335,69.4312500000001
5452,device_05,2025-11-13 05:52:25.309799,0,0,267,31.8,63.0,723.2,713,0.0,57.18774999999996,67.77850000000007
5453,device_02,2025-11-13 05:52:44.782904,0,0,1154,34.5,50.5,917.3,945,0.0,58.46216666666665,68.59508333333342
5454,device_03,2025-11-13 05:53:01.105448,0,0,68,32.4,57.0,838.6,864,0.0,57.322499999999984,67.8507500000001
5455,device_04,2025-11-13 05:53:23.942811,0,0,16,33.3,60.0,894.0,919,0.0,59.45483333333335,69.44625000000012
5456,device_05,2025-11-13 05:53:25.411974,0,0,267,31.8,63.0,720.3,713,0.0,57.18774999999996,67.77850000000007
5457,device_02,2025-11-13 05:53:45.049399,0,0,1158,34.5,50.3,917.6,940,0.0,58.46966666666663,68.59875000000008
5458,device_03,2025-11-13 05:54:01.285203,0,0,69,32.4,57.0,841.4,867,0.0,57.32416666666664,67.8507500000001
5459,device_04,2025-11-13 05:54:24.107868,0,0,17,33.3,60.0,895.4,918,0.0,59.48608333333335,69.44250000000012
5460,device_05,2025-11-13 05:54:25.220526,0,0,269,31.8,63.0,732.5,723,0.0,57.1723333333333,67.77850000000007
5461,device_02,2025-11-13 05:54:44.819806,0,0,1161,34.3,50.4,915.0,943,0.0,58.46966666666663,68.59875000000007
5462,device_03,2025-11-13 05:55:01.585059,0,0,68,32.5,57.0,839.3,868,0.0,57.299999999999976,67.8370000000001
5463,device_04,2025-11-13 05:55:23.958612,0,0,18,33.3,60.0,894.9,917,0.0,59.45483333333335,69.44250000000011
5464,device_05,2025-11-13 05:55:25.151039,0,0,265,31.8,63.0,721.7,714,0.0,57.22524999999997,67.77641666666673
5465,device_02,2025-11-13 05:55:44.787585,20,21,1161,34.3,50.5,922.9,954,0.0,58.510916666666624,68.62175000000008
5466,device_03,2025-11-13 05:56:00.998978,0,0,68,32.4,57.0,840.3,866,0.0,57.32416666666664,67.85075000000009
5467,device_04,2025-11-13 05:56:24.072594,0,0,15,33.3,60.0,895.1,919,0.0,59.45483333333335,69.44250000000011
5468,device_05,2025-11-13 05:56:25.154574,0,0,267,31.8,63.0,724.1,710,0.0,57.18774999999996,67.77850000000007
5469,device_02,2025-11-13 05:56:45.392799,20,21,1158,34.5,50.8,918.9,943,0.0,58.46966666666663,68.60500000000008
5470,device_03,2025-11-13 05:57:01.030768,19,22,68,32.6,57.0,839.9,865,0.0,57.32416666666664,67.8507500000001
5471,device_04,2025-11-13 05:57:24.493129,0,0,17,33.3,60.0,895.4,918,0.0,59.486083333333326,69.44250000000012
5472,device_05,2025-11-13 05:57:25.155036,0,0,266,31.8,63.0,722.8,713,0.0,57.22524999999996,67.77850000000007
5473,device_02,2025-11-13 05:57:44.898338,0,0,1156,34.5,50.7,918.2,944,0.0,58.46216666666663,68.59875000000008
5474,device_03,2025-11-13 05:58:01.153483,0,0,67,32.7,57.0,838.7,867,0.0,57.3220833333333,67.84616666666676
5475,device_04,2025-11-13 05:58:23.975748,0,0,16,33.3,60.0,897.5,918,0.0,59.48608333333335,69.44250000000012
5476,device_05,2025-11-13 05:58:25.167176,0,0,266,31.8,63.0,722.5,713,0.0,57.22524999999997,67.77850000000007
5477,device_02,2025-11-13 05:58:44.873008,0,0,1155,34.5,51.0,915.6,938,0.0,58.46216666666663,68.59875000000008
5478,device_03,2025-11-13 05:59:01.213415,0,0,68,32.6,57.0,837.9,861,0.0,57.30999999999998,67.85616666666678
5479,device_04,2025-11-13 05:59:24.142349,0,0,15,33.3,60.0,897.5,918,0.0,59.48608333333335,69.44250000000012
5480,device_05,2025-11-13 05:59:25.3297,0,0,268,31.8,63.0,727.7,716,0.0,57.16441666666662,67.77850000000007
5481,device_02,2025-11-13 05:59:44.801746,0,0,1161,34.5,51.0,915.6,942,0.0,58.46966666666663,68.59875000000007
5482,device_03,2025-11-13 06:00:01.023736,0,0,67,32.5,57.0,835.8,860,0.0,57.31041666666664,67.85158333333342
5483,device_04,2025-11-13 06:00:24.00217,0,0,16,33.3,60.0,894.5,917,0.0,59.45483333333335,69.44250000000011
5484,device_05,2025-11-13 06:00:25.155633,0,0,266,31.8,63.0,720.5,712,0.0,57.22524999999996,67.77850000000007
5485,device_02,2025-11-13 06:00:45.114277,0,0,1156,34.5,50.8,913.2,943,0.0,58.46216666666663,68.59875000000008
5486,device_03,2025-11-13 06:01:01.338712,0,0,67,32.6,57.0,838.2,866,0.0,57.3220833333333,67.84616666666676
5487,device_04,2025-11-13 06:01:24.006907,0,0,16,33.3,60.0,894.3,916,0.0,59.45483333333335,69.44250000000011
5488,device_05,2025-11-13 06:01:25.392043,29,30,266,31.8,63.0,723.2,710,0.0,57.20816666666664,67.83641666666671
5489,device_02,2025-11-13 06:01:44.963808,0,0,1160,34.5,50.6,917.8,945,0.0,58.46966666666663,68.59508333333342
5490,device_03,2025-11-13 06:02:01.053793,17,17,67,32.3,57.0,838.5,864,0.0,57.32041666666663,67.84616666666676
5491,device_04,2025-11-13 06:02:24.025791,9,10,17,33.3,60.0,895.6,917,0.0,59.48608333333333,69.44250000000011
5492,device_05,2025-11-13 06:02:25.176938,0,0,266,31.8,63.0,722.3,711,0.0,57.22524999999996,67.77850000000008
5493,device_02,2025-11-13 06:02:45.03759,0,0,1159,34.4,51.0,920.8,948,0.0,58.487999999999964,68.60133333333341
5494,device_03,2025-11-13 06:03:01.129053,17,17,68,32.5,57.0,837.8,865,0.0,57.32416666666664,67.8507500000001
5495,device_04,2025-11-13 06:03:24.035625,0,0,16,33.3,60.0,894.1,919,0.0,59.45483333333335,69.4462500000001
5496,device_05,2025-11-13 06:03:25.168705,0,0,265,31.8,63.0,719.7,710,0.0,57.22524999999997,67.77641666666675
5497,device_02,2025-11-13 06:03:45.386059,0,0,1157,34.4,50.9,912.8,940,0.0,58.46966666666663,68.59875000000008
5498,device_03,2025-11-13 06:04:01.02367,0,0,67,32.5,57.0,836.8,866,0.0,57.3220833333333,67.84616666666676
5499,device_04,2025-11-13 06:04:23.96645,0,0,16,33.3,60.0,895.4,915,0.0,59.48608333333335,69.44250000000011
5500,device_05,2025-11-13 06:04:25.232066,0,0,265,31.8,63.0,723.4,709,0.0,57.22524999999997,67.77641666666675
5501,device_02,2025-11-13 06:04:44.888871,0,0,1160,34.5,50.8,913.5,941,0.0,58.46966666666665,68.59875000000008
5502,device_03,2025-11-13 06:05:01.126769,0,0,67,32.5,57.0,838.7,866,0.0,57.3220833333333,67.84616666666676
5503,device_04,2025-11-13 06:05:24.114837,0,0,16,33.3,60.0,893.4,916,0.0,59.45483333333333,69.4312500000001
5504,device_05,2025-11-13 06:05:25.151593,0,0,268,31.8,63.0,725.0,715,0.0,57.16441666666663,67.77850000000007
5505,device_02,2025-11-13 06:05:44.814559,0,0,1163,34.3,50.8,919.8,951,0.0,58.51841666666664,68.62175000000008
5506,device_03,2025-11-13 06:06:01.016436,0,0,68,32.4,57.0,839.9,868,0.0,57.299999999999976,67.8370000000001
5507,device_04,2025-11-13 06:06:24.291457,0,0,17,33.3,60.0,891.9,915,0.0,59.45483333333335,69.4312500000001
5508,device_05,2025-11-13 06:06:25.326957,0,0,266,31.8,63.0,721.3,712,0.0,57.22524999999997,67.77850000000008
5509,device_02,2025-11-13 06:06:44.871089,0,0,1161,34.5,50.6,915.9,941,0.0,58.46966666666663,68.59875000000008
5510,device_03,2025-11-13 06:07:01.086748,0,0,68,32.4,57.0,838.9,866,0.0,57.32416666666664,67.85075000000009
5511,device_04,2025-11-13 06:07:24.127974,0,0,16,33.3,60.0,892.8,915,0.0,59.45483333333335,69.4312500000001
5512,device_05,2025-11-13 06:07:25.290575,0,0,265,31.8,63.0,722.4,708,0.0,57.22524999999997,67.77641666666673
5513,device_02,2025-11-13 06:07:44.847167,22,23,1157,34.4,50.8,915.5,939,0.0,58.46966666666663,68.59875000000008
5514,device_03,2025-11-13 06:08:01.257471,0,0,67,32.4,57.0,839.6,866,0.0,57.3220833333333,67.84616666666676
5515,device_04,2025-11-13 06:08:24.574264,0,0,15,33.3,60.0,894.4,917,0.0,59.45483333333335,69.44250000000011
5516,device_05,2025-11-13 06:08:25.302106,0,0,268,31.7,63.1,729.9,721,0.0,57.16358333333329,67.77850000000007
5517,device_02,2025-11-13 06:08:44.989359,0,0,1157,34.4,50.4,912.8,935,0.0,58.46966666666663,68.5987500000001
5518,device_03,2025-11-13 06:09:01.067196,0,0,66,32.5,57.0,837.8,866,0.0,57.3220833333333,67.84616666666676
5519,device_04,2025-11-13 06:09:24.025447,0,0,16,33.3,60.0,895.1,919,0.0,59.45483333333335,69.44250000000012
5520,device_05,2025-11-13 06:09:25.245711,0,0,267,31.8,63.0,720.6,711,0.0,57.18774999999996,67.77850000000007
5521,device_02,2025-11-13 06:09:44.814759,0,0,1159,34.4,50.6,910.7,937,0.0,58.46966666666663,68.59875000000008
5522,device_03,2025-11-13 06:10:02.759173,0,0,66,32.5,57.0,839.1,864,0.0,57.320416666666645,67.84616666666676
5523,device_04,2025-11-13 06:10:24.020573,0,0,16,33.3,60.0,896.1,918,0.0,59.486083333333355,69.44250000000011
5524,device_05,2025-11-13 06:10:25.155427,0,0,267,31.7,63.1,727.0,716,0.0,57.18774999999996,67.77850000000007
5525,device_02,2025-11-13 06:10:44.837011,0,0,1158,34.4,50.5,913.2,942,0.0,58.46966666666663,68.5987500000001
5526,device_03,2025-11-13 06:11:01.052024,0,0,66,32.5,57.0,840.5,865,0.0,57.32208333333331,67.84616666666676
5527,device_04,2025-11-13 06:11:24.038111,0,0,16,33.3,60.0,892.8,911,0.0,59.35966666666668,69.35050000000012
5528,device_05,2025-11-13 06:11:25.383372,0,0,265,31.7,63.1,722.1,710,0.0,57.22524999999996,67.77641666666673
5529,device_02,2025-11-13 06:11:44.86941,0,0,1164,34.4,50.2,922.3,949,0.0,58.495499999999964,68.60133333333341
5530,device_03,2025-11-13 06:12:01.272429,0,0,67,32.5,57.0,839.2,867,0.0,57.3220833333333,67.84616666666676
5531,device_04,2025-11-13 06:12:24.043162,0,0,16,33.3,60.0,894.0,915,0.0,59.45483333333335,69.44625000000012
5532,device_05,2025-11-13 06:12:25.16026,0,0,267,31.7,63.1,719.5,708,0.0,57.18774999999996,67.77850000000007
5533,device_02,2025-11-13 06:12:44.911349,0,0,1158,34.4,50.6,912.0,940,0.0,58.46966666666663,68.59875000000008
5534,device_03,2025-11-13 06:13:01.060525,20,20,67,32.5,57.0,840.0,865,0.0,57.322083333333296,67.84616666666676
5535,device_04,2025-11-13 06:13:24.038671,0,0,15,33.3,60.0,895.7,917,0.0,59.48608333333335,69.44250000000011
5536,device_05,2025-11-13 06:13:25.254611,0,0,265,31.7,63.1,720.7,710,0.0,57.22524999999996,67.77641666666673
5537,device_02,2025-11-13 06:13:45.396847,0,0,1158,34.5,50.3,912.3,935,0.0,58.46966666666663,68.59875000000008
5538,device_03,2025-11-13 06:14:01.223666,20,20,67,32.5,57.0,840.5,865,0.0,57.32208333333331,67.84616666666676
5539,device_04,2025-11-13 06:14:24.113914,0,0,16,33.3,60.0,893.5,918,0.0,59.45483333333335,69.44625000000012
5540,device_05,2025-11-13 06:14:25.169891,0,0,266,31.7,63.1,719.9,708,0.0,57.22524999999996,67.77850000000007
5541,device_02,2025-11-13 06:14:45.186338,0,0,1162,34.4,50.3,910.5,937,0.0,58.46966666666663,68.59875000000008
5542,device_03,2025-11-13 06:15:01.079424,0,0,65,32.4,57.0,834.9,863,0.0,57.320416666666645,67.84533333333343
5543,device_04,2025-11-13 06:15:24.07654,0,0,15,33.3,60.0,891.9,914,0.0,59.45500000000001,69.44283333333345
5544,device_05,2025-11-13 06:15:25.224138,0,0,267,31.7,63.1,723.1,712,0.0,57.18774999999995,67.77850000000007
5545,device_02,2025-11-13 06:15:45.178819,0,0,1159,34.3,50.8,911.9,941,0.0,58.46966666666663,68.59875000000008
5546,device_03,2025-11-13 06:16:01.181155,0,0,66,32.4,57.0,839.1,865,0.0,57.3220833333333,67.84616666666676
5547,device_04,2025-11-13 06:16:24.199857,0,0,16,33.3,60.0,895.0,916,0.0,59.45483333333335,69.44250000000011
5548,device_05,2025-11-13 06:16:25.347071,0,0,266,31.7,63.1,718.0,706,0.0,57.22524999999997,67.77850000000008
5549,device_02,2025-11-13 06:16:44.829411,0,0,1162,34.3,50.7,914.4,937,0.0,58.469666666666626,68.59875000000008
5550,device_03,2025-11-13 06:17:01.211406,0,0,66,32.4,57.0,840.3,865,0.0,57.3220833333333,67.84616666666676
5551,device_04,2025-11-13 06:17:24.586702,0,0,16,33.3,60.0,894.4,916,0.0,59.45483333333335,69.44250000000011
5552,device_05,2025-11-13 06:17:25.183908,0,0,266,31.7,63.1,722.1,708,0.0,57.22524999999996,67.77850000000007
5553,device_02,2025-11-13 06:17:44.974448,0,0,1163,34.5,50.7,912.7,939,0.0,58.47716666666663,68.59875000000008
5554,device_03,2025-11-13 06:18:01.124368,0,0,67,32.5,57.0,837.6,866,0.0,57.3220833333333,67.84616666666676
5555,device_04,2025-11-13 06:18:24.031114,0,0,16,33.3,60.0,893.4,915,0.0,59.45483333333333,69.4312500000001
5556,device_05,2025-11-13 06:18:25.21972,0,0,264,31.7,63.1,715.0,705,0.0,57.26566666666662,67.77641666666673
5557,device_02,2025-11-13 06:18:44.864317,0,0,1162,34.6,50.6,915.5,942,0.0,58.46966666666663,68.59875000000007
5558,device_03,2025-11-13 06:19:01.066607,0,0,66,32.5,57.0,839.4,864,0.0,57.320416666666645,67.84616666666676
5559,device_04,2025-11-13 06:19:24.000446,0,0,16,33.3,60.0,892.3,914,0.0,59.455,69.44283333333344
5560,device_05,2025-11-13 06:19:25.460316,0,0,265,31.7,63.1,718.2,711,0.0,57.22524999999996,67.77641666666676
5561,device_02,2025-11-13 06:19:44.858291,0,0,1161,34.5,51.0,912.9,936,0.0,58.46966666666663,68.59875000000007
5562,device_03,2025-11-13 06:20:01.747558,0,0,66,32.3,57.0,838.3,864,0.0,57.320416666666645,67.84616666666676
5563,device_04,2025-11-13 06:20:24.029531,0,0,16,33.3,60.0,891.8,916,0.0,59.45483333333335,69.4312500000001
5564,device_05,2025-11-13 06:20:25.234894,0,0,266,31.7,63.1,720.3,707,0.0,57.22524999999996,67.77850000000007
5565,device_02,2025-11-13 06:20:45.0317,0,0,1160,34.4,50.7,909.1,935,0.0,58.46966666666663,68.5987500000001
5566,device_03,2025-11-13 06:21:01.148669,0,0,65,32.5,57.0,837.7,864,0.0,57.320416666666645,67.84616666666676
5567,device_04,2025-11-13 06:21:24.026645,0,0,15,33.3,60.0,892.9,912,0.0,59.35966666666668,69.35050000000012
5568,device_05,2025-11-13 06:21:25.804443,0,0,266,31.7,63.1,722.7,711,0.0,57.22524999999997,67.77850000000007
5569,device_02,2025-11-13 06:21:44.924772,0,0,1160,34.4,50.2,917.3,940,0.0,58.46966666666663,68.59875000000008
5570,device_03,2025-11-13 06:22:01.662125,0,0,67,32.3,57.0,838.3,864,0.0,57.320416666666645,67.84616666666675
5571,device_04,2025-11-13 06:22:24.187881,0,0,16,33.3,60.0,891.8,915,0.0,59.45483333333333,69.4312500000001
5572,device_05,2025-11-13 06:22:25.302841,0,0,264,31.7,63.1,721.9,711,0.0,57.26566666666662,67.77641666666673
5573,device_02,2025-11-13 06:22:45.009501,0,0,1157,34.5,50.2,910.5,931,0.0,58.46966666666663,68.60350000000008
5574,device_03,2025-11-13 06:23:01.246806,0,0,66,32.6,57.0,838.3,867,0.0,57.3220833333333,67.84616666666676
5575,device_04,2025-11-13 06:23:24.03797,0,0,15,33.3,59.4,891.0,912,0.0,59.36091666666667,69.35050000000012
5576,device_05,2025-11-13 06:23:25.547364,0,0,266,31.7,63.1,721.0,708,0.0,57.22524999999997,67.77850000000007
5577,device_02,2025-11-13 06:23:45.412605,0,0,1162,34.3,50.5,905.3,930,0.0,58.46966666666663,68.60350000000008
5578,device_03,2025-11-13 06:24:01.216204,0,0,66,32.5,57.0,839.1,865,0.0,57.32208333333331,67.84616666666676
5579,device_04,2025-11-13 06:24:24.124902,0,0,15,33.3,59.0,889.8,913,0.0,59.402000000000015,69.42325000000011
5580,device_05,2025-11-13 06:24:25.231487,0,0,265,31.7,63.1,717.9,710,0.0,57.22524999999996,67.77641666666673
5581,device_02,2025-11-13 06:24:44.864241,0,0,1159,34.4,50.7,904.1,931,0.0,58.46966666666663,68.60350000000008
5582,device_04,2025-11-13 06:25:24.266125,0,0,16,33.3,59.0,891.5,914,0.0,59.45625000000001,69.44283333333343
5583,device_05,2025-11-13 06:25:25.221323,0,0,266,31.7,63.1,723.2,712,0.0,57.22524999999997,67.77850000000008
5584,device_05,2025-11-13 06:26:25.24863,0,0,265,31.7,63.2,719.7,708,0.0,57.22524999999997,67.77641666666673
5585,device_03,2025-11-13 06:30:01.698752,0,0,58,32.5,57.0,843.4,871,0.0,57.42266666666664,67.97041666666676
5586,device_02,2025-11-13 06:30:45.367046,0,0,1160,34.4,50.6,910.7,935,0.0,58.46966666666663,68.59875000000008
5587,device_03,2025-11-13 06:31:01.330106,0,0,63,32.4,57.0,838.9,863,0.0,57.32041666666663,67.84616666666676
5588,device_04,2025-11-13 06:31:24.133175,0,0,13,33.3,59.0,894.2,918,0.0,59.45483333333335,69.44250000000011
5589,device_02,2025-11-13 06:31:45.19329,0,0,1166,34.2,50.8,909.8,937,0.0,58.47716666666663,68.59875000000008
5590,device_03,2025-11-13 06:32:01.079337,0,0,63,32.4,57.0,837.3,865,0.0,57.3220833333333,67.84616666666676
5591,device_04,2025-11-13 06:32:24.061633,0,0,16,33.3,59.0,891.5,912,0.0,59.36091666666668,69.35050000000012
5592,device_05,2025-11-13 06:32:25.623522,0,0,247,31.7,63.1,716.2,705,0.0,57.3198333333333,67.79433333333341
5593,device_02,2025-11-13 06:32:45.017521,0,0,1164,34.5,50.8,902.7,932,0.0,58.47716666666663,68.60350000000007
5594,device_03,2025-11-13 06:33:01.794053,0,0,65,32.4,57.0,838.2,863,0.0,57.320416666666645,67.84616666666676
5595,device_04,2025-11-13 06:33:24.079183,0,0,16,33.3,59.0,888.2,908,0.0,59.36091666666669,69.34633333333346
5596,device_05,2025-11-13 06:33:25.243231,0,0,258,31.7,63.1,716.0,701,0.0,57.31816666666663,67.80225000000007
5597,device_02,2025-11-13 06:33:44.949857,0,0,1159,34.3,50.1,905.5,933,0.0,58.46966666666663,68.60350000000008
5598,device_03,2025-11-13 06:34:01.101294,0,0,65,32.4,57.0,837.0,858,0.0,57.31041666666663,67.85283333333342
5599,device_04,2025-11-13 06:34:24.629533,0,0,16,33.3,59.0,890.3,913,0.0,59.402000000000015,69.42325000000011
5600,device_05,2025-11-13 06:34:25.231228,0,0,262,31.7,63.1,713.3,705,0.0,57.31816666666663,67.81058333333341
5601,device_02,2025-11-13 06:34:45.221925,0,0,1163,34.5,50.2,909.2,931,0.0,58.47716666666663,68.60350000000008
5602,device_03,2025-11-13 06:35:01.080103,0,0,64,32.4,57.0,834.3,858,0.0,57.28249999999997,67.8420000000001
5603,device_04,2025-11-13 06:35:24.109431,0,0,14,33.3,59.0,889.8,908,0.0,59.36091666666668,69.35050000000012
5604,device_05,2025-11-13 06:35:25.222178,0,0,264,31.7,63.1,717.4,707,0.0,57.26566666666663,67.77641666666673
5605,device_02,2025-11-13 06:35:44.979831,0,0,1163,34.4,50.4,905.7,931,0.0,58.477166666666626,68.60350000000008
5606,device_03,2025-11-13 06:36:01.26767,0,0,64,32.4,57.0,832.5,859,0.0,57.285833333333315,67.80866666666675
5607,device_04,2025-11-13 06:36:24.355645,0,0,15,33.3,59.0,889.8,910,0.0,59.36091666666668,69.35050000000012
5608,device_05,2025-11-13 06:36:25.24166,0,0,263,31.7,63.1,721.9,708,0.0,57.31649999999996,67.79391666666673
5609,device_02,2025-11-13 06:36:45.011306,0,0,1161,34.4,50.5,903.9,926,0.0,58.456333333333305,68.60350000000008
5610,device_03,2025-11-13 06:37:01.297413,0,0,63,32.4,57.0,835.4,860,0.0,57.31041666666663,67.8507500000001
5611,device_04,2025-11-13 06:37:24.093535,0,0,17,33.3,59.0,888.5,910,0.0,59.36091666666668,69.34633333333346
5612,device_05,2025-11-13 06:37:25.272554,0,0,262,31.7,63.1,715.5,703,0.0,57.31816666666663,67.81058333333341
5613,device_02,2025-11-13 06:37:44.878495,0,0,1164,34.5,50.6,910.4,935,0.0,58.47716666666663,68.59875000000007
5614,device_03,2025-11-13 06:38:01.083361,0,0,64,32.4,57.0,834.8,860,0.0,57.31041666666663,67.8507500000001
5615,device_04,2025-11-13 06:38:24.100348,0,0,17,33.3,59.0,887.1,906,0.0,59.31716666666668,69.34733333333347
5616,device_05,2025-11-13 06:38:25.244827,0,0,264,31.7,63.1,715.3,703,0.0,57.26566666666663,67.77641666666673
5617,device_02,2025-11-13 06:38:45.077757,0,0,1160,34.6,50.9,905.8,929,0.0,58.46966666666663,68.60350000000008
5618,device_03,2025-11-13 06:39:01.280589,18,19,65,32.4,57.0,834.6,861,0.0,57.276666666666635,67.84991666666676
5619,device_04,2025-11-13 06:39:24.046626,0,0,17,33.3,59.0,885.1,908,0.0,59.36091666666667,69.34966666666679
5620,device_05,2025-11-13 06:39:25.216783,0,0,264,31.7,63.1,714.3,704,0.0,57.26566666666663,67.77641666666673
5621,device_02,2025-11-13 06:39:44.91409,0,0,1163,34.5,50.6,905.2,928,0.0,58.47716666666663,68.60350000000008
5622,device_03,2025-11-13 06:40:01.212192,18,19,64,32.5,57.0,834.0,861,0.0,57.28333333333331,67.81866666666676
5623,device_04,2025-11-13 06:40:24.282512,0,0,16,33.3,59.0,882.8,906,0.0,59.31716666666667,69.3506666666668
5624,device_05,2025-11-13 06:40:25.351727,0,0,265,31.7,63.1,720.1,713,0.0,57.22524999999997,67.77641666666673
5625,device_02,2025-11-13 06:40:44.914085,0,0,1162,34.4,50.8,901.8,929,0.0,58.4663333333333,68.60350000000008
5626,device_03,2025-11-13 06:41:01.191132,0,0,65,32.5,57.0,833.9,860,0.0,57.28583333333332,67.81866666666676
5627,device_04,2025-11-13 06:41:24.066581,0,0,15,33.3,59.0,886.0,909,0.0,59.36091666666667,69.34633333333346
5628,device_05,2025-11-13 06:41:25.291839,0,0,264,31.7,63.1,717.4,706,0.0,57.26566666666663,67.77641666666673
5629,device_02,2025-11-13 06:41:44.926631,0,0,1161,34.3,50.8,904.2,925,0.0,58.456333333333305,68.60350000000008
5630,device_03,2025-11-13 06:42:01.292417,0,0,64,32.5,57.0,834.1,860,0.0,57.28583333333332,67.81866666666676
5631,device_04,2025-11-13 06:42:24.111165,0,0,16,33.3,59.0,886.4,911,0.0,59.36091666666668,69.34633333333345
5632,device_05,2025-11-13 06:42:25.196579,0,0,264,31.7,63.1,718.7,705,0.0,57.26566666666662,67.77641666666673
5633,device_02,2025-11-13 06:42:45.068746,0,0,1163,34.5,50.9,909.4,932,0.0,58.47716666666663,68.60350000000008
5634,device_03,2025-11-13 06:43:01.212742,0,0,64,32.5,57.0,835.9,863,0.0,57.320416666666645,67.84616666666676
5635,device_04,2025-11-13 06:43:24.073073,0,0,16,33.3,59.0,883.8,906,0.0,59.31716666666668,69.3506666666668
5636,device_05,2025-11-13 06:43:25.207404,0,0,265,31.7,63.1,721.2,707,0.0,57.22524999999997,67.77641666666673
5637,device_02,2025-11-13 06:43:45.570788,0,0,1160,34.4,51.0,902.9,925,0.0,58.45633333333331,68.60350000000008
5638,device_03,2025-11-13 06:44:01.382448,0,0,65,32.4,57.0,836.3,862,0.0,57.30791666666665,67.84616666666676
5639,device_04,2025-11-13 06:44:24.131491,0,0,16,33.3,59.0,889.0,906,0.0,59.31716666666668,69.35150000000013
5640,device_05,2025-11-13 06:44:25.232445,0,0,264,31.7,63.1,715.0,705,0.0,57.26566666666663,67.77641666666673
5641,device_02,2025-11-13 06:44:44.879444,0,0,1168,34.4,50.8,908.6,935,0.0,58.47716666666663,68.59875000000007
5642,device_03,2025-11-13 06:45:01.226041,0,0,65,32.6,57.0,836.7,861,0.0,57.30791666666664,67.85158333333344
5643,device_04,2025-11-13 06:45:24.233232,0,0,15,33.3,59.0,886.2,908,0.0,59.36091666666668,69.34633333333346
5644,device_05,2025-11-13 06:45:25.288644,0,0,263,31.7,63.1,715.7,707,0.0,57.31649999999995,67.79391666666673
5645,device_02,2025-11-13 06:45:45.107362,0,0,1162,34.6,50.9,902.0,926,0.0,58.45299999999997,68.60350000000008
5646,device_03,2025-11-13 06:46:01.23332,0,0,64,32.5,57.0,833.8,861,0.0,57.28333333333331,67.81866666666674
5647,device_04,2025-11-13 06:46:24.628316,0,0,16,33.3,59.0,887.1,906,0.0,59.31716666666668,69.34733333333347
5648,device_05,2025-11-13 06:46:25.452631,0,0,264,31.7,63.1,718.1,704,0.0,57.26566666666662,67.77641666666673
5649,device_02,2025-11-13 06:46:44.934246,0,0,1165,34.5,50.9,905.9,931,0.0,58.47716666666663,68.60350000000008
5650,device_03,2025-11-13 06:47:01.13207,0,0,65,32.5,57.0,836.6,862,0.0,57.30791666666664,67.84616666666676
5651,device_04,2025-11-13 06:47:24.09942,0,0,16,33.3,59.0,883.7,903,0.0,59.31716666666668,69.3506666666668
5652,device_05,2025-11-13 06:47:25.388823,0,0,264,31.7,63.1,716.5,708,0.0,57.26566666666662,67.77641666666673
5653,device_02,2025-11-13 06:47:45.148091,0,0,1163,34.5,50.9,902.7,929,0.0,58.47716666666663,68.60350000000008
5654,device_03,2025-11-13 06:48:01.053586,0,0,65,32.5,57.0,835.6,860,0.0,57.31041666666664,67.85158333333342
5655,device_04,2025-11-13 06:48:24.197037,0,0,16,33.3,59.0,886.2,907,0.0,59.31716666666668,69.34733333333347
5656,device_05,2025-11-13 06:48:25.248503,0,0,263,31.7,63.1,714.4,704,0.0,57.31649999999995,67.79391666666673
5657,device_02,2025-11-13 06:48:44.789194,0,0,1160,34.6,50.9,901.4,927,0.0,58.4663333333333,68.60350000000008
5658,device_03,2025-11-13 06:49:01.128778,0,0,63,32.5,57.0,833.7,859,0.0,57.285833333333315,67.81866666666674
5659,device_04,2025-11-13 06:49:24.156495,0,0,16,33.3,59.0,886.8,905,0.0,59.31716666666668,69.34733333333347
5660,device_05,2025-11-13 06:49:25.752074,0,0,265,31.7,63.1,716.3,703,0.0,57.22524999999998,67.77641666666673
5661,device_02,2025-11-13 06:49:45.120536,0,0,1161,34.5,50.9,904.9,925,0.0,58.45633333333331,68.60350000000008
5662,device_03,2025-11-13 06:50:01.040225,0,0,63,32.5,57.0,834.3,859,0.0,57.28249999999997,67.84075000000009
5663,device_04,2025-11-13 06:50:24.060775,0,0,16,33.3,59.0,886.0,906,0.0,59.31716666666668,69.34733333333347
5664,device_05,2025-11-13 06:50:25.223161,0,0,264,31.7,63.1,713.8,706,0.0,57.26566666666662,67.77641666666673
5665,device_02,2025-11-13 06:50:44.902159,0,0,1163,34.3,50.9,902.7,929,0.0,58.47716666666663,68.60350000000008
5666,device_03,2025-11-13 06:51:01.084695,0,0,64,32.6,57.0,835.9,859,0.0,57.31041666666664,67.85158333333342
5667,device_04,2025-11-13 06:51:24.064528,10,11,14,33.3,59.0,887.4,907,0.0,59.31716666666668,69.34733333333347
5668,device_05,2025-11-13 06:51:25.388901,0,0,265,31.7,63.1,719.7,709,0.0,57.22524999999996,67.77641666666673
5669,device_02,2025-11-13 06:51:45.500895,0,0,1164,34.5,50.8,904.0,929,0.0,58.477166666666626,68.60350000000008
5670,device_03,2025-11-13 06:52:01.372485,0,0,64,32.6,57.0,835.0,860,0.0,57.31041666666664,67.8507500000001
5671,device_04,2025-11-13 06:52:24.051489,0,0,15,33.3,59.0,883.2,902,0.0,59.31716666666668,69.3506666666668
5672,device_05,2025-11-13 06:52:25.32815,0,0,264,31.7,63.1,722.5,709,0.0,57.26566666666662,67.77641666666673
5673,device_02,2025-11-13 06:52:45.078151,0,0,1161,34.5,50.8,899.1,927,0.0,58.4663333333333,68.60350000000008
5674,device_03,2025-11-13 06:53:01.135651,0,0,64,32.5,57.0,834.9,859,0.0,57.31041666666663,67.8507500000001
5675,device_04,2025-11-13 06:53:24.298818,0,0,16,33.3,59.0,881.8,902,0.0,59.31716666666668,69.3506666666668
5676,device_05,2025-11-13 06:53:25.220871,0,0,263,31.7,63.2,717.7,705,0.0,57.31649999999996,67.79391666666673
5677,device_02,2025-11-13 06:53:45.357231,0,0,1160,34.4,50.8,902.8,922,0.0,58.456333333333305,68.60350000000008
5678,device_03,2025-11-13 06:54:01.038817,0,0,64,32.5,57.0,833.7,858,0.0,57.2858333333333,67.81991666666676
5679,device_01,2025-11-13 06:54:05.485312,33,38,221,27.8,21.1,844.4,909,0.0,58.529500000000006,67.89575000000005
5680,device_04,2025-11-13 06:54:24.163612,0,0,14,33.3,59.0,883.9,906,0.0,59.31716666666667,69.3506666666668
5681,device_05,2025-11-13 06:54:25.273792,0,0,263,31.7,63.2,716.0,702,0.0,57.31649999999995,67.79391666666673
5682,device_02,2025-11-13 06:54:44.808017,0,0,1164,34.3,51.0,900.0,924,0.0,58.46049999999997,68.60350000000008
5683,device_03,2025-11-13 06:55:01.088971,0,0,64,32.6,57.0,833.7,861,0.0,57.28333333333331,67.81866666666676
5684,device_04,2025-11-13 06:55:24.024366,0,0,15,33.3,59.0,882.7,903,0.0,59.31716666666668,69.3506666666668
5685,device_05,2025-11-13 06:55:25.192565,0,0,265,31.7,63.1,718.3,710,0.0,57.22524999999997,67.77641666666673
5686,device_02,2025-11-13 06:55:44.803594,0,0,1163,34.4,51.0,900.6,927,0.0,58.4738333333333,68.60350000000008
5687,device_03,2025-11-13 06:56:01.098156,0,0,63,32.5,57.0,836.0,859,0.0,57.31041666666664,67.85158333333342
5688,device_04,2025-11-13 06:56:24.074656,0,0,15,33.3,59.0,886.6,906,0.0,59.31716666666668,69.34733333333347
5689,device_05,2025-11-13 06:56:25.160039,0,0,264,31.7,63.2,717.3,708,0.0,57.26566666666662,67.77641666666673
5690,device_02,2025-11-13 06:56:44.810934,22,22,1165,34.5,51.0,902.4,922,0.0,58.463833333333305,68.60350000000008
5691,device_03,2025-11-13 06:57:01.294696,0,0,64,32.5,57.0,834.8,862,0.0,57.30791666666664,67.84533333333344
5692,device_04,2025-11-13 06:57:24.244125,13,13,15,33.3,59.0,883.3,905,0.0,59.31716666666668,69.3506666666668
5693,device_05,2025-11-13 06:57:25.261927,0,0,264,31.7,63.2,718.9,707,0.0,57.26566666666662,67.77641666666673
5694,device_02,2025-11-13 06:57:44.838474,0,0,1163,34.4,50.6,899.9,925,0.0,58.46049999999997,68.60350000000008
5695,device_03,2025-11-13 06:58:01.062551,0,0,64,32.5,57.0,835.8,862,0.0,57.30791666666664,67.84616666666676
5696,device_04,2025-11-13 06:58:24.081887,0,0,15,33.3,59.0,886.7,907,0.0,59.31716666666668,69.34733333333347
5697,device_05,2025-11-13 06:58:25.164247,0,0,264,31.7,63.2,718.7,706,0.0,57.26566666666662,67.77641666666673
5698,device_02,2025-11-13 06:58:44.992969,0,0,1163,34.3,50.9,900.1,924,0.0,58.46049999999997,68.60350000000008
5699,device_03,2025-11-13 06:59:01.098618,0,0,65,32.5,57.0,836.1,859,0.0,57.31041666666663,67.85158333333342
5700,device_04,2025-11-13 06:59:24.055169,0,0,15,33.3,59.0,885.4,906,0.0,59.31716666666668,69.3506666666668
5701,device_05,2025-11-13 06:59:25.204917,0,0,264,31.6,63.2,717.6,704,0.0,57.26566666666662,67.77641666666673
5702,device_02,2025-11-13 06:59:44.952987,0,0,1163,34.4,50.7,899.4,921,0.0,58.46049999999997,68.60350000000008
5703,device_03,2025-11-13 07:00:01.070317,0,0,64,32.5,57.0,834.5,863,0.0,57.289166666666645,67.8445000000001
5704,device_04,2025-11-13 07:00:24.108303,0,0,16,33.3,59.0,885.2,906,0.0,59.31716666666668,69.3506666666668
5705,device_05,2025-11-13 07:00:25.434728,0,0,265,31.6,63.2,717.9,709,0.0,57.22524999999996,67.77641666666673
5706,device_02,2025-11-13 07:00:44.91809,0,0,1161,34.4,50.8,898.0,923,0.0,58.452999999999975,68.60350000000008
5707,device_03,2025-11-13 07:01:01.295471,0,0,64,32.4,57.0,837.0,860,0.0,57.31041666666664,67.85158333333342
5708,device_04,2025-11-13 07:01:24.145431,0,0,14,33.3,59.0,884.7,903,0.0,59.31716666666668,69.3506666666668
5709,device_05,2025-11-13 07:01:25.399906,0,0,264,31.6,63.2,714.9,705,0.0,57.26566666666663,67.77641666666673
5710,device_02,2025-11-13 07:01:44.861735,0,0,1164,34.5,50.6,897.1,918,0.0,58.45466666666663,68.60350000000008
5711,device_03,2025-11-13 07:02:01.094344,0,0,65,32.4,57.0,835.8,860,0.0,57.31041666666664,67.85158333333342
5712,device_04,2025-11-13 07:02:24.036918,0,0,15,33.3,59.0,885.5,904,0.0,59.31716666666668,69.3506666666668
5713,device_05,2025-11-13 07:02:25.757761,0,0,264,31.6,63.2,714.5,702,0.0,57.26566666666663,67.77641666666675
5714,device_02,2025-11-13 07:02:44.836757,25,25,1161,34.4,50.8,893.6,917,0.0,58.400083333333306,68.6060000000001
5715,device_03,2025-11-13 07:03:01.742667,0,0,64,32.4,57.0,834.3,862,0.0,57.27999999999997,67.83533333333342
5716,device_04,2025-11-13 07:03:24.132482,9,9,15,33.3,59.0,884.8,904,0.0,59.31716666666669,69.3506666666668
5717,device_05,2025-11-13 07:03:25.173213,0,0,264,31.6,63.2,714.8,705,0.0,57.26566666666662,67.77641666666675
5718,device_02,2025-11-13 07:03:44.835365,0,0,1164,34.3,50.9,898.9,925,0.0,58.46049999999997,68.60350000000008
5719,device_03,2025-11-13 07:04:01.041902,0,0,65,32.5,57.0,835.8,860,0.0,57.31041666666664,67.85158333333342
5720,device_04,2025-11-13 07:04:24.234716,0,0,15,33.3,59.0,884.3,905,0.0,59.31716666666668,69.3506666666668
5721,device_05,2025-11-13 07:04:25.169202,0,0,265,31.6,63.2,721.6,711,0.0,57.22524999999997,67.77641666666673
5722,device_02,2025-11-13 07:04:44.863334,0,0,1166,34.3,51.0,900.4,921,0.0,58.46049999999997,68.6035000000001
5723,device_03,2025-11-13 07:05:01.243868,0,0,65,32.4,57.0,835.1,860,0.0,57.31041666666663,67.8507500000001
5724,device_04,2025-11-13 07:05:24.057583,0,0,15,33.3,59.0,882.7,905,0.0,59.31716666666668,69.3506666666668
5725,device_05,2025-11-13 07:05:25.214204,0,0,265,31.6,63.2,715.6,702,0.0,57.22524999999997,67.77641666666673
5726,device_02,2025-11-13 07:05:44.874416,0,0,1166,34.4,50.8,896.8,922,0.0,58.460499999999975,68.60350000000008
5727,device_03,2025-11-13 07:06:01.026403,0,0,64,32.4,57.0,833.3,860,0.0,57.285833333333315,67.81866666666674
5728,device_04,2025-11-13 07:06:24.101096,0,0,15,33.3,59.0,886.5,907,0.0,59.31716666666667,69.34733333333347
5729,device_05,2025-11-13 07:06:26.600399,0,0,263,31.6,63.2,713.3,703,0.0,57.31649999999995,67.79391666666673
5730,device_02,2025-11-13 07:06:45.010493,0,0,1164,34.4,50.7,901.3,925,0.0,58.46049999999997,68.60350000000008
5731,device_03,2025-11-13 07:07:01.662322,21,21,64,32.5,57.0,833.9,858,0.0,57.285833333333315,67.81991666666676
5732,device_04,2025-11-13 07:07:24.062786,0,0,15,33.3,59.0,886.9,905,0.0,59.31716666666667,69.34733333333347
5733,device_05,2025-11-13 07:07:25.334845,0,0,264,31.6,63.2,714.4,702,0.0,57.26566666666663,67.77641666666673
5734,device_02,2025-11-13 07:07:45.155436,0,0,1161,34.4,50.3,894.6,914,0.0,58.36674999999997,68.55475000000008
5735,device_03,2025-11-13 07:08:01.044548,0,0,64,32.4,57.0,833.6,860,0.0,57.285833333333315,67.81866666666674
5736,device_04,2025-11-13 07:08:24.013436,0,0,15,33.3,59.0,884.6,907,0.0,59.31716666666668,69.3506666666668
5737,device_05,2025-11-13 07:08:25.759307,0,0,263,31.6,63.2,716.5,699,0.0,57.31649999999996,67.79391666666673
5738,device_02,2025-11-13 07:08:45.485801,23,23,1164,34.5,51.0,896.0,917,0.0,58.45466666666663,68.60350000000008
5739,device_03,2025-11-13 07:09:01.04978,0,0,62,32.4,57.0,833.5,860,0.0,57.285833333333315,67.81700000000009
5740,device_04,2025-11-13 07:09:24.058054,0,0,16,33.3,59.0,885.3,905,0.0,59.31716666666668,69.3506666666668
5741,device_05,2025-11-13 07:09:25.322057,0,0,263,31.6,63.1,710.9,697,0.0,57.31649999999996,67.79391666666673
5742,device_02,2025-11-13 07:09:44.850739,0,0,1164,34.5,50.8,896.7,918,0.0,58.45466666666663,68.60350000000008
5743,device_03,2025-11-13 07:10:01.395574,0,0,63,32.4,57.0,831.9,854,0.0,57.247333333333316,67.81908333333341
5744,device_04,2025-11-13 07:10:24.092812,0,0,15,33.3,59.0,884.0,905,0.0,59.31716666666668,69.3506666666668
5745,device_05,2025-11-13 07:10:25.214435,0,0,263,31.6,63.1,709.2,696,0.0,57.31649999999995,67.79391666666675
5746,device_02,2025-11-13 07:10:45.43019,0,0,1163,34.5,50.8,895.3,918,0.0,58.43216666666663,68.60350000000008
5747,device_03,2025-11-13 07:11:01.128411,0,0,63,32.5,57.0,833.5,859,0.0,57.285833333333315,67.81866666666674
5748,device_04,2025-11-13 07:11:24.094516,0,0,16,33.3,59.0,883.2,904,0.0,59.31716666666667,69.3506666666668
5749,device_05,2025-11-13 07:11:25.476784,0,0,262,31.6,63.2,713.5,700,0.0,57.31816666666663,67.8105833333334
5750,device_02,2025-11-13 07:11:44.805933,0,0,1167,34.5,50.8,903.3,925,0.0,58.463833333333305,68.6035000000001
5751,device_03,2025-11-13 07:12:01.188779,0,0,64,32.5,57.0,830.4,855,0.0,57.247333333333316,67.81908333333342
5752,device_04,2025-11-13 07:12:24.018657,0,0,15,33.3,59.0,883.7,904,0.0,59.31716666666668,69.3506666666668
5753,device_05,2025-11-13 07:12:25.198692,0,0,263,31.6,63.2,709.5,696,0.0,57.31649999999995,67.79391666666673
5754,device_02,2025-11-13 07:12:44.776872,0,0,1163,34.4,50.9,894.2,917,0.0,58.40758333333329,68.60350000000008
5755,device_03,2025-11-13 07:13:01.160187,0,0,64,32.5,57.0,834.8,859,0.0,57.31041666666664,67.8507500000001
5756,device_04,2025-11-13 07:13:24.065179,0,0,15,33.3,59.0,884.0,903,0.0,59.31716666666667,69.3506666666668
5757,device_05,2025-11-13 07:13:25.186969,0,0,264,31.6,63.2,713.2,701,0.0,57.26566666666663,67.77641666666673
5758,device_02,2025-11-13 07:13:44.87428,0,0,1164,34.4,51.0,894.8,915,0.0,58.40758333333331,68.60350000000008
5759,device_03,2025-11-13 07:14:01.059631,0,0,63,32.4,57.0,826.7,853,0.0,57.25108333333332,67.80616666666675
5760,device_04,2025-11-13 07:14:24.078567,0,0,14,33.3,59.0,883.8,904,0.0,59.31716666666668,69.3506666666668
5761,device_05,2025-11-13 07:14:25.849266,0,0,262,31.5,63.2,708.8,694,0.0,57.31816666666664,67.81058333333341
5762,device_02,2025-11-13 07:14:44.865414,0,0,1169,34.5,51.0,903.1,925,0.0,58.463833333333305,68.60350000000008
5763,device_03,2025-11-13 07:15:01.253774,0,0,65,32.5,57.0,835.6,860,0.0,57.31041666666663,67.85158333333342
5764,device_04,2025-11-13 07:15:24.154899,0,0,15,33.3,59.0,882.8,902,0.0,59.31716666666668,69.3506666666668
5765,device_05,2025-11-13 07:15:25.381791,0,0,263,31.5,63.2,708.9,697,0.0,57.31649999999996,67.79391666666673
5766,device_02,2025-11-13 07:15:44.899424,0,0,1165,34.5,50.9,894.6,920,0.0,58.413416666666635,68.60350000000008
5767,device_03,2025-11-13 07:16:01.084296,0,0,64,32.5,57.0,834.9,859,0.0,57.31041666666663,67.85075000000009
5768,device_04,2025-11-13 07:16:24.229859,0,0,14,33.3,59.0,883.8,904,0.0,59.31716666666668,69.3506666666668
5769,device_05,2025-11-13 07:16:25.674082,0,0,263,31.5,63.2,711.0,701,0.0,57.31649999999996,67.79391666666673
5770,device_02,2025-11-13 07:16:45.193532,0,0,1167,34.5,50.9,896.1,916,0.0,58.45466666666663,68.60350000000008
5771,device_03,2025-11-13 07:17:01.27506,0,0,63,32.5,57.0,834.3,860,0.0,57.282499999999985,67.84075000000009
5772,device_04,2025-11-13 07:17:24.238946,0,0,16,33.3,59.0,881.9,905,0.0,59.31716666666668,69.3506666666668
5773,device_05,2025-11-13 07:17:25.273651,0,0,262,31.5,63.2,712.9,699,0.0,57.31816666666663,67.81058333333341
5774,device_02,2025-11-13 07:17:44.97255,0,0,1165,34.3,50.8,894.3,918,0.0,58.40758333333329,68.60350000000008
5775,device_03,2025-11-13 07:18:01.303451,0,0,63,32.5,57.0,835.5,859,0.0,57.31041666666664,67.8507500000001
5776,device_04,2025-11-13 07:18:24.097007,0,0,14,33.3,59.0,885.1,904,0.0,59.31716666666667,69.3506666666668
5777,device_05,2025-11-13 07:18:25.229144,0,0,263,31.5,63.2,713.7,697,0.0,57.31649999999996,67.79391666666673
5778,device_02,2025-11-13 07:18:45.438012,0,0,1164,34.4,50.9,896.1,919,0.0,58.45466666666665,68.60350000000008
5779,device_03,2025-11-13 07:19:02.347841,0,0,64,32.5,57.0,836.0,860,0.0,57.31041666666664,67.85158333333342
5780,device_04,2025-11-13 07:19:24.210845,0,0,13,33.3,59.0,883.1,904,0.0,59.31716666666667,69.3506666666668
5781,device_05,2025-11-13 07:19:25.19416,0,0,263,31.5,63.2,709.5,696,0.0,57.31649999999995,67.79391666666673
5782,device_02,2025-11-13 07:19:44.826498,0,0,1167,34.4,50.6,896.5,917,0.0,58.45466666666663,68.60350000000008
5783,device_03,2025-11-13 07:20:01.119968,0,0,65,32.0,57.5,831.7,856,0.0,57.294583333333314,67.80991666666674
5784,device_04,2025-11-13 07:20:24.072425,0,0,16,33.3,59.0,882.5,903,0.0,59.31716666666668,69.3506666666668
5785,device_05,2025-11-13 07:20:25.274568,0,0,264,31.5,63.2,710.1,698,0.0,57.26566666666662,67.77641666666673
5786,device_02,2025-11-13 07:20:44.814846,0,0,1165,34.5,51.0,891.3,918,0.0,58.408833333333305,68.58933333333343
5787,device_03,2025-11-13 07:21:01.188332,0,0,65,31.4,58.0,838.7,862,0.0,57.30791666666664,67.84616666666676
5788,device_04,2025-11-13 07:21:24.071248,0,0,15,33.3,59.0,882.6,902,0.0,59.31716666666668,69.3506666666668
5789,device_05,2025-11-13 07:21:25.729007,0,0,263,31.5,63.2,711.0,701,0.0,57.31649999999996,67.79391666666673
5790,device_02,2025-11-13 07:21:45.026681,0,0,1163,34.3,50.8,894.5,914,0.0,58.37424999999997,68.5547500000001
5791,device_03,2025-11-13 07:22:01.083979,0,0,64,31.4,58.0,830.5,852,0.0,57.24941666666665,67.82075000000007
5792,device_04,2025-11-13 07:22:24.106473,0,0,16,33.3,59.0,881.0,903,0.0,59.31716666666668,69.3506666666668
5793,device_05,2025-11-13 07:22:25.441527,0,0,264,31.5,63.2,712.4,702,0.0,57.26566666666664,67.77641666666673
5794,device_02,2025-11-13 07:22:45.151619,0,0,1163,34.3,51.0,894.4,915,0.0,58.40758333333331,68.60350000000008
5795,device_03,2025-11-13 07:23:01.108854,0,0,63,31.7,58.0,832.9,856,0.0,57.29458333333332,67.81991666666676
5796,device_04,2025-11-13 07:23:24.263813,0,0,15,33.3,59.0,881.1,905,0.0,59.31716666666668,69.3506666666668
5797,device_05,2025-11-13 07:23:25.54955,0,0,263,31.5,63.2,711.9,698,0.0,57.31649999999996,67.79391666666673
5798,device_02,2025-11-13 07:23:45.185102,0,0,1166,34.5,50.9,893.2,914,0.0,58.374249999999975,68.53100000000009
5799,device_03,2025-11-13 07:24:01.223608,0,0,62,31.5,58.0,818.0,835,0.0,57.234833333333306,67.84408333333342
5800,device_04,2025-11-13 07:24:24.212327,0,0,16,33.3,59.0,882.0,900,0.0,59.31716666666667,69.35208333333348
5801,device_05,2025-11-13 07:24:25.507268,0,0,262,31.5,63.2,712.2,698,0.0,57.31816666666664,67.81058333333341
5802,device_02,2025-11-13 07:24:44.93504,0,0,1161,34.4,51.0,889.0,911,0.0,58.23216666666664,68.24675000000006
5803,device_04,2025-11-13 07:25:24.205632,12,13,16,33.3,59.0,882.5,900,0.0,59.31716666666667,69.35208333333347
5804,device_05,2025-11-13 07:25:26.110183,0,0,263,31.5,63.3,710.3,696,0.0,57.31649999999996,67.79391666666673
5805,device_05,2025-11-13 07:26:25.901866,0,0,263,31.5,63.3,710.6,698,0.0,57.31649999999996,67.79391666666675
5806,device_03,2025-11-13 07:30:01.282115,0,0,55,31.5,57.8,826.1,848,0.0,57.24999999999999,67.8235833333334
5807,device_02,2025-11-13 07:30:44.903664,0,0,1170,34.5,50.1,905.8,932,0.0,58.47716666666663,68.60350000000008
5808,device_03,2025-11-13 07:31:01.083361,0,0,60,31.6,58.0,828.0,853,0.0,57.24858333333331,67.80450000000008
5809,device_04,2025-11-13 07:31:24.142431,0,0,12,33.3,59.0,885.6,907,0.0,59.31716666666668,69.3506666666668
5810,device_02,2025-11-13 07:31:44.866014,0,0,1167,34.4,50.3,888.5,908,0.0,58.23966666666664,68.23300000000008
5811,device_03,2025-11-13 07:32:01.686597,0,0,62,31.7,58.0,831.6,855,0.0,57.24733333333333,67.81741666666674
5812,device_04,2025-11-13 07:32:24.374756,0,0,16,33.3,59.0,878.8,896,0.0,59.28183333333335,69.3579166666668
5813,device_05,2025-11-13 07:32:25.437356,0,0,246,31.5,63.2,707.9,697,0.0,57.3198333333333,67.79433333333341
5814,device_02,2025-11-13 07:32:44.86392,0,0,1165,34.4,50.3,887.8,913,0.0,58.31216666666664,68.51016666666675
5815,device_03,2025-11-13 07:33:01.324908,0,0,63,31.6,58.0,833.6,857,0.0,57.294583333333314,67.81991666666677
5816,device_04,2025-11-13 07:33:24.269515,0,0,16,33.3,59.0,877.1,897,0.0,59.287000000000035,69.35791666666681
5817,device_05,2025-11-13 07:33:25.392086,0,0,256,31.5,63.2,710.5,694,0.0,57.31983333333329,67.80225000000007
5818,device_02,2025-11-13 07:33:45.021719,0,0,1163,34.4,50.3,890.3,908,0.0,58.23966666666664,68.24675000000008
5819,device_03,2025-11-13 07:34:01.176468,0,0,63,31.3,57.9,831.8,859,0.0,57.28583333333332,67.80866666666675
5820,device_04,2025-11-13 07:34:24.095581,0,0,15,33.3,59.0,875.2,896,0.0,59.26950000000002,69.35791666666681
5821,device_05,2025-11-13 07:34:25.278985,0,0,259,31.4,63.3,710.3,696,0.0,57.31816666666663,67.8043333333334
5822,device_02,2025-11-13 07:34:44.888748,0,0,1164,34.4,50.5,892.3,910,0.0,58.238416666666645,68.24675000000008
5823,device_03,2025-11-13 07:35:01.354169,0,0,63,31.5,58.0,832.4,857,0.0,57.294583333333314,67.80991666666675
5824,device_04,2025-11-13 07:35:24.335424,0,0,15,33.3,59.0,878.6,896,0.0,59.28700000000004,69.35791666666681
5825,device_05,2025-11-13 07:35:25.283375,0,0,260,31.4,63.4,709.3,694,0.0,57.31816666666663,67.81058333333341
5826,device_02,2025-11-13 07:35:45.038664,24,24,1165,34.5,50.2,889.7,913,0.0,58.31216666666664,68.51433333333341
5827,device_03,2025-11-13 07:36:01.757038,0,0,63,31.3,58.0,831.3,857,0.0,57.294583333333314,67.80991666666675
5828,device_04,2025-11-13 07:36:24.264534,0,0,15,33.3,59.0,878.8,895,0.0,59.28183333333335,69.35791666666681
5829,device_05,2025-11-13 07:36:25.237599,0,0,261,31.4,63.5,709.5,695,0.0,57.31816666666663,67.81058333333341
5830,device_02,2025-11-13 07:36:44.83478,0,0,1167,34.5,50.4,891.3,911,0.0,58.23966666666664,68.23716666666674
5831,device_03,2025-11-13 07:37:01.121038,0,0,63,31.6,58.0,831.2,858,0.0,57.285833333333315,67.80991666666675
5832,device_04,2025-11-13 07:37:24.156802,0,0,17,33.3,59.0,875.9,895,0.0,59.28700000000003,69.35791666666681
5833,device_05,2025-11-13 07:37:25.27673,0,0,261,31.4,63.5,707.8,697,0.0,57.31816666666664,67.81058333333341
5834,device_02,2025-11-13 07:37:45.13509,0,0,1166,34.5,50.4,892.6,913,0.0,58.31091666666664,68.51433333333341
5835,device_03,2025-11-13 07:38:01.106215,0,0,63,31.4,58.0,831.6,855,0.0,57.24733333333333,67.81908333333342
5836,device_04,2025-11-13 07:38:24.188755,0,0,16,33.3,59.0,874.4,893,0.0,59.2086666666667,69.36000000000014
5837,device_05,2025-11-13 07:38:25.38586,0,0,261,31.4,63.5,710.4,697,0.0,57.31816666666664,67.81058333333341
5838,device_02,2025-11-13 07:38:44.986638,0,0,1166,34.5,50.6,891.4,909,0.0,58.23966666666664,68.23716666666674
5839,device_03,2025-11-13 07:39:01.112409,19,19,62,31.5,57.8,829.8,855,0.0,57.247333333333316,67.81741666666674
5840,device_04,2025-11-13 07:39:24.146502,0,0,15,33.3,59.0,875.6,898,0.0,59.26950000000002,69.35791666666681
5841,device_05,2025-11-13 07:39:25.22829,0,0,262,31.4,63.6,710.8,695,0.0,57.31816666666663,67.8105833333334
5842,device_02,2025-11-13 07:39:45.031776,0,0,1164,34.5,50.6,891.0,908,0.0,58.23966666666664,68.24675000000008
5843,device_03,2025-11-13 07:40:01.379082,0,0,63,31.5,58.0,829.5,855,0.0,57.247333333333316,67.81908333333342
5844,device_04,2025-11-13 07:40:24.149029,0,0,16,33.3,59.0,877.9,896,0.0,59.28700000000003,69.35791666666681
5845,device_05,2025-11-13 07:40:25.271424,0,0,260,31.4,63.7,709.3,697,0.0,57.31816666666663,67.81058333333341
5846,device_02,2025-11-13 07:40:44.9672,0,0,1163,34.5,51.0,886.3,907,0.0,58.23008333333331,68.22716666666675
5847,device_03,2025-11-13 07:41:01.221893,0,0,63,31.5,58.0,832.5,854,0.0,57.247333333333316,67.81908333333342
5848,device_04,2025-11-13 07:41:24.651154,0,0,14,33.3,59.0,879.3,898,0.0,59.28183333333336,69.35791666666681
5849,device_05,2025-11-13 07:41:25.282795,0,0,261,31.4,63.7,710.7,695,0.0,57.31816666666664,67.81058333333341
5850,device_02,2025-11-13 07:41:44.844665,0,0,1168,34.4,51.0,891.3,912,0.0,58.23966666666664,68.23716666666674
5851,device_03,2025-11-13 07:42:01.317495,0,0,63,31.5,58.0,830.3,853,0.0,57.248583333333315,67.81908333333342
5852,device_04,2025-11-13 07:42:24.147957,0,0,15,33.3,59.0,877.5,894,0.0,59.28700000000003,69.35791666666681
5853,device_05,2025-11-13 07:42:25.298357,0,0,262,31.4,63.7,710.0,696,0.0,57.31816666666662,67.81058333333341
5854,device_02,2025-11-13 07:42:44.855571,0,0,1165,34.7,51.0,885.4,910,0.0,58.23966666666664,68.2363333333334
5855,device_03,2025-11-13 07:43:01.155112,0,0,62,31.5,57.9,827.9,854,0.0,57.247333333333316,67.80450000000008
5856,device_04,2025-11-13 07:43:24.111065,0,0,15,33.3,59.0,876.6,896,0.0,59.28700000000003,69.35791666666681
5857,device_05,2025-11-13 07:43:25.232911,0,0,263,31.4,63.7,707.4,697,0.0,57.31649999999996,67.79391666666673
5858,device_02,2025-11-13 07:43:44.876786,0,0,1165,34.6,51.0,886.9,906,0.0,58.230083333333305,68.21758333333341
5859,device_03,2025-11-13 07:44:02.107265,0,0,63,31.6,58.0,830.3,853,0.0,57.248583333333315,67.8190833333334
5860,device_04,2025-11-13 07:44:24.13586,0,0,17,33.3,59.0,877.2,897,0.0,59.28700000000003,69.35791666666681
5861,device_05,2025-11-13 07:44:25.277336,0,0,262,31.4,63.8,710.0,698,0.0,57.31816666666662,67.81058333333341
5862,device_02,2025-11-13 07:44:44.953992,0,0,1166,34.0,51.0,888.2,908,0.0,58.23966666666664,68.23300000000008
5863,device_03,2025-11-13 07:45:01.118012,0,0,63,31.4,58.0,829.7,853,0.0,57.24858333333331,67.81908333333341
5864,device_04,2025-11-13 07:45:24.111724,0,0,16,33.3,59.0,877.4,896,0.0,59.28700000000001,69.35791666666681
5865,device_05,2025-11-13 07:45:25.259162,0,0,262,31.4,63.8,713.5,702,0.0,57.31816666666663,67.81058333333341
5866,device_02,2025-11-13 07:45:44.93302,0,0,1163,33.6,51.0,886.7,910,0.0,58.23966666666664,68.24258333333341
5867,device_03,2025-11-13 07:46:01.326917,0,0,62,31.6,58.0,827.6,851,0.0,57.24941666666665,67.80616666666674
5868,device_04,2025-11-13 07:46:24.19699,0,0,16,33.3,59.0,876.0,895,0.0,59.28700000000001,69.35791666666681
5869,device_05,2025-11-13 07:46:25.318181,0,0,261,31.4,63.9,707.4,691,0.0,57.31816666666663,67.80600000000008
5870,device_02,2025-11-13 07:46:44.913705,0,0,1169,33.5,51.0,889.4,908,0.0,58.239666666666636,68.23716666666674
5871,device_03,2025-11-13 07:47:01.115621,0,0,62,31.2,58.0,828.1,850,0.0,57.24941666666665,67.80616666666674
5872,device_04,2025-11-13 07:47:24.117503,0,0,15,33.3,59.0,877.0,897,0.0,59.28700000000003,69.35791666666681
5873,device_05,2025-11-13 07:47:25.817146,0,0,262,31.4,63.9,708.1,693,0.0,57.31816666666663,67.80600000000007
5874,device_02,2025-11-13 07:47:45.278805,0,0,1165,33.7,51.0,887.7,910,0.0,58.23966666666664,68.23300000000009
5875,device_03,2025-11-13 07:48:01.201429,0,0,63,31.6,58.0,825.2,851,0.0,57.251916666666645,67.81825000000008
5876,device_04,2025-11-13 07:48:24.191072,0,0,15,33.3,59.0,877.1,895,0.0,59.28700000000003,69.35791666666681
5877,device_05,2025-11-13 07:48:25.259066,0,0,263,31.3,63.9,709.4,698,0.0,57.31649999999996,67.79391666666673
5878,device_02,2025-11-13 07:48:44.895323,0,0,1165,33.5,51.0,888.7,909,0.0,58.23966666666664,68.23716666666674
5879,device_03,2025-11-13 07:49:01.18061,0,0,62,31.5,58.0,829.2,852,0.0,57.24941666666664,67.81908333333341
5880,device_04,2025-11-13 07:49:24.712229,0,0,15,33.3,59.0,875.3,894,0.0,59.26950000000002,69.35791666666681
5881,device_05,2025-11-13 07:49:25.312259,0,0,262,31.3,63.9,705.5,691,0.0,57.31816666666663,67.80600000000007
5882,device_02,2025-11-13 07:49:44.852741,0,0,1166,33.5,51.0,886.7,906,0.0,58.23008333333331,68.21758333333341
5883,device_03,2025-11-13 07:50:01.472902,0,0,62,31.4,57.6,831.2,852,0.0,57.24941666666665,67.81908333333341
5884,device_04,2025-11-13 07:50:24.688434,0,0,15,33.3,59.0,874.7,892,0.0,59.223666666666695,69.33208333333347
5885,device_05,2025-11-13 07:50:25.302526,0,0,261,31.3,63.9,703.5,690,0.0,57.31816666666663,67.80600000000008
5886,device_02,2025-11-13 07:50:45.027732,0,0,1167,33.6,51.0,887.0,907,0.0,58.230083333333305,68.21758333333341
5887,device_03,2025-11-13 07:51:01.154719,0,0,62,31.5,57.7,828.9,853,0.0,57.248583333333315,67.80450000000008
5888,device_04,2025-11-13 07:51:24.121911,0,0,15,33.3,59.0,874.3,894,0.0,59.25200000000004,69.36000000000014
5889,device_05,2025-11-13 07:51:25.262325,0,0,261,31.3,63.9,705.4,693,0.0,57.31816666666664,67.80600000000008
5890,device_02,2025-11-13 07:51:44.901611,0,0,1165,33.6,51.0,888.7,909,0.0,58.23966666666664,68.23716666666674
5891,device_03,2025-11-13 07:52:01.115891,0,0,64,31.5,58.0,827.9,852,0.0,57.24941666666665,67.8078333333334
5892,device_04,2025-11-13 07:52:24.31216,0,0,16,33.3,59.0,875.8,892,0.0,59.223666666666695,69.33208333333347
5893,device_05,2025-11-13 07:52:25.213271,0,0,263,31.3,63.9,708.8,694,0.0,57.31649999999996,67.79391666666673
5894,device_02,2025-11-13 07:52:45.013026,0,0,1164,33.4,51.0,885.3,909,0.0,58.23966666666664,68.24591666666676
5895,device_03,2025-11-13 07:53:01.764725,0,0,63,31.4,58.0,829.5,852,0.0,57.24941666666664,67.82075000000007
5896,device_04,2025-11-13 07:53:24.127691,0,0,17,33.3,59.0,874.1,892,0.0,59.206166666666704,69.33783333333348
5897,device_05,2025-11-13 07:53:25.226547,0,0,261,31.3,63.9,705.5,691,0.0,57.31816666666664,67.80600000000008
5898,device_02,2025-11-13 07:53:45.205025,0,0,1167,33.5,51.0,888.0,905,0.0,58.23008333333331,68.2175833333334
5899,device_03,2025-11-13 07:54:01.116949,0,0,62,31.3,58.0,825.0,848,0.0,57.251916666666645,67.81658333333341
5900,device_04,2025-11-13 07:54:24.152612,0,0,17,33.3,59.0,874.4,893,0.0,59.208666666666694,69.36000000000014
5901,device_05,2025-11-13 07:54:25.803122,0,0,260,31.2,63.9,704.6,688,0.0,57.31816666666664,67.80600000000008
5902,device_02,2025-11-13 07:54:44.896591,0,0,1165,33.4,51.0,883.5,904,0.0,58.230083333333305,68.22091666666674
5903,device_03,2025-11-13 07:55:03.870274,0,0,63,31.5,58.0,828.0,851,0.0,57.24941666666665,67.8078333333334
5904,device_04,2025-11-13 07:55:24.093673,0,0,17,33.3,59.0,875.3,891,0.0,59.223666666666695,69.33208333333347
5905,device_05,2025-11-13 07:55:25.352116,0,0,262,31.2,63.9,712.5,698,0.0,57.31816666666662,67.8105833333334
5906,device_02,2025-11-13 07:55:44.870862,0,0,1166,33.5,51.0,884.8,902,0.0,58.230083333333305,68.22091666666672
5907,device_03,2025-11-13 07:56:01.166215,18,428,62,31.5,58.0,827.9,850,0.0,59.24399999999995,69.16491666666666
5908,device_04,2025-11-13 07:56:24.238731,0,0,17,33.3,59.0,873.8,895,0.0,59.25200000000004,69.3636666666668
5909,device_05,2025-11-13 07:56:25.373039,0,0,259,31.2,63.9,702.6,689,0.0,57.31816666666663,67.81625000000007
5910,device_02,2025-11-13 07:56:44.879789,0,0,1166,33.4,51.0,885.4,904,0.0,58.230083333333305,68.22091666666674
5911,device_03,2025-11-13 07:57:01.791575,0,0,62,31.4,58.0,826.1,851,0.0,57.25191666666666,67.8165833333334
5912,device_04,2025-11-13 07:57:24.082096,0,0,16,33.3,59.0,873.1,893,0.0,59.2086666666667,69.3636666666668
5913,device_05,2025-11-13 07:57:25.438703,0,0,261,31.2,63.9,706.9,691,0.0,57.31816666666664,67.80600000000007
5914,device_02,2025-11-13 07:57:44.874109,0,0,1164,33.5,51.0,884.3,908,0.0,58.239666666666636,68.24591666666674
5915,device_03,2025-11-13 07:58:01.267013,0,0,62,31.5,58.0,827.4,848,0.0,57.259416666666645,67.80616666666674
5916,device_04,2025-11-13 07:58:24.093785,0,0,18,33.3,59.0,874.4,892,0.0,59.206166666666704,69.33416666666682
5917,device_05,2025-11-13 07:58:25.241627,0,0,260,31.2,63.9,703.0,687,0.0,57.31816666666663,67.82250000000008
5918,device_02,2025-11-13 07:58:44.836363,0,0,1166,33.5,51.0,882.8,904,0.0,58.230083333333305,68.22091666666674
5919,device_03,2025-11-13 07:59:02.025844,0,0,63,31.3,58.0,824.0,848,0.0,57.251916666666645,67.82408333333342
5920,device_04,2025-11-13 07:59:24.26633,0,0,18,33.3,59.0,873.2,890,0.0,59.206166666666704,69.33783333333346
5921,device_05,2025-11-13 07:59:25.248254,0,0,259,31.2,63.9,702.3,688,0.0,57.31816666666662,67.81625000000007
5922,device_02,2025-11-13 07:59:44.804475,0,0,1167,33.5,51.0,884.4,905,0.0,58.230083333333305,68.22091666666674
5923,device_03,2025-11-13 08:00:01.310349,0,0,62,31.4,58.0,824.6,848,0.0,57.25191666666664,67.82241666666674
5924,device_04,2025-11-13 08:00:24.115426,0,0,17,33.3,59.0,873.8,889,0.0,59.20616666666671,69.33908333333346
5925,device_05,2025-11-13 08:00:25.280111,0,0,260,31.2,63.9,704.1,687,0.0,57.31816666666663,67.80600000000007
5926,device_02,2025-11-13 08:00:44.935335,0,0,1163,33.3,51.0,881.2,904,0.0,58.230083333333305,68.23050000000008
5927,device_03,2025-11-13 08:01:01.346443,0,0,61,31.5,58.0,824.6,846,0.0,57.25191666666664,67.82241666666674
5928,device_04,2025-11-13 08:01:24.645817,0,0,17,33.3,59.0,873.5,890,0.0,59.206166666666704,69.33783333333348
5929,device_05,2025-11-13 08:01:25.271838,0,0,259,31.2,64.0,707.3,691,0.0,57.31816666666663,67.79975000000007
5930,device_02,2025-11-13 08:01:45.022435,0,0,1169,33.7,51.0,886.4,904,0.0,58.23008333333331,68.21758333333341
5931,device_03,2025-11-13 08:02:01.393534,0,0,62,31.4,58.0,822.6,845,0.0,57.26441666666665,67.83616666666674
5932,device_04,2025-11-13 08:02:24.123137,0,0,18,33.3,59.0,871.7,887,0.0,59.203666666666706,69.33908333333346
5933,device_05,2025-11-13 08:02:25.196924,0,0,259,31.2,64.0,705.8,690,0.0,57.31816666666663,67.79975000000007
5934,device_02,2025-11-13 08:02:45.309588,0,0,1164,33.4,51.0,881.5,904,0.0,58.230083333333305,68.23050000000008
5935,device_03,2025-11-13 08:03:01.094969,0,0,62,31.5,58.0,824.2,847,0.0,57.251916666666645,67.82241666666674
5936,device_04,2025-11-13 08:03:24.336635,0,0,16,33.3,59.0,871.5,889,0.0,59.203666666666706,69.33908333333346
5937,device_05,2025-11-13 08:03:25.284427,0,0,258,31.1,64.1,699.7,684,0.0,57.31816666666664,67.81416666666674
5938,device_02,2025-11-13 08:03:44.946952,0,0,1166,33.5,51.0,881.5,902,0.0,58.230083333333305,68.22091666666674
5939,device_03,2025-11-13 08:04:01.192851,0,0,63,31.3,57.8,823.0,846,0.0,57.263583333333315,67.83783333333342
5940,device_04,2025-11-13 08:04:24.114272,0,0,16,33.3,59.0,869.7,888,0.0,59.203666666666706,69.3524166666668
5941,device_05,2025-11-13 08:04:25.30917,0,0,259,31.1,64.2,701.3,685,0.0,57.31816666666663,67.81625000000007
5942,device_02,2025-11-13 08:04:44.899542,0,0,1165,33.5,51.0,882.3,899,0.0,58.14508333333331,68.22966666666674
5943,device_03,2025-11-13 08:05:01.374095,0,0,62,31.3,57.8,824.2,848,0.0,57.251916666666645,67.82241666666675
5944,device_04,2025-11-13 08:05:24.339043,0,0,18,33.3,59.0,871.8,890,0.0,59.203666666666706,69.33783333333346
5945,device_05,2025-11-13 08:05:25.506283,0,0,260,31.1,64.4,701.9,684,0.0,57.31816666666663,67.82250000000006
5946,device_02,2025-11-13 08:05:44.840241,0,0,1167,33.5,51.0,879.5,899,0.0,58.14508333333331,68.22966666666674
5947,device_03,2025-11-13 08:06:01.379823,0,0,62,31.3,57.8,824.7,846,0.0,57.251916666666645,67.82241666666675
5948,device_04,2025-11-13 08:06:24.064812,0,0,18,33.3,59.0,869.1,884,0.0,59.20366666666671,69.3524166666668
5949,device_05,2025-11-13 08:06:25.198832,0,0,259,31.1,64.4,699.5,687,0.0,57.31816666666663,67.81625000000007
5950,device_02,2025-11-13 08:06:44.762234,0,0,1167,33.4,51.0,879.9,899,0.0,58.14508333333331,68.22966666666674
5951,device_03,2025-11-13 08:07:01.404546,0,0,62,31.4,57.9,823.5,844,0.0,57.251916666666645,67.82241666666675
5952,device_04,2025-11-13 08:07:24.116088,0,0,17,33.3,59.0,871.5,887,0.0,59.20366666666669,69.33908333333346
5953,device_05,2025-11-13 08:07:25.169701,0,0,260,31.1,64.4,701.4,686,0.0,57.31816666666664,67.82250000000008
5954,device_02,2025-11-13 08:07:44.841805,0,0,1164,33.5,51.0,882.3,900,0.0,58.230083333333305,68.23050000000006
5955,device_03,2025-11-13 08:08:01.137541,0,0,61,31.5,58.0,823.1,847,0.0,57.263583333333315,67.83616666666676
5956,device_04,2025-11-13 08:08:24.061902,0,0,18,33.3,59.0,869.5,886,0.0,59.203666666666706,69.3524166666668
5957,device_05,2025-11-13 08:08:25.740249,0,0,260,31.1,64.5,702.2,685,0.0,57.31816666666664,67.82250000000008
5958,device_02,2025-11-13 08:08:44.815282,0,0,1165,33.5,51.0,881.4,896,0.0,58.1450833333333,68.22966666666674
5959,device_03,2025-11-13 08:09:01.434672,0,0,61,31.4,58.0,823.3,844,0.0,57.263583333333315,67.83616666666676
5960,device_04,2025-11-13 08:09:24.080773,17,17,17,33.3,59.0,871.2,888,0.0,59.203666666666706,69.33908333333346
5961,device_05,2025-11-13 08:09:25.203036,0,0,260,31.0,64.4,700.5,689,0.0,57.31816666666663,67.82250000000006
5962,device_02,2025-11-13 08:09:44.872199,0,0,1165,33.4,51.0,879.2,900,0.0,58.230083333333305,68.22091666666674
5963,device_03,2025-11-13 08:10:01.095045,0,0,62,31.4,58.0,823.3,846,0.0,57.263583333333315,67.83616666666673
5964,device_04,2025-11-13 08:10:24.075999,17,17,16,33.3,59.0,870.9,886,0.0,59.203666666666706,69.33908333333346
5965,device_05,2025-11-13 08:10:25.816105,0,0,259,31.0,64.4,702.0,685,0.0,57.31816666666664,67.81625000000007
5966,device_02,2025-11-13 08:10:44.986592,0,0,1165,33.3,51.0,879.7,898,0.0,58.14508333333331,68.22966666666674
5967,device_03,2025-11-13 08:11:01.173789,0,0,62,31.5,58.0,822.3,845,0.0,57.26441666666665,67.83616666666676
5968,device_04,2025-11-13 08:11:24.239057,0,0,18,33.1,59.0,869.7,886,0.0,59.203666666666706,69.3524166666668
5969,device_05,2025-11-13 08:11:25.176459,0,0,259,31.0,64.5,699.4,685,0.0,57.31816666666663,67.81625000000007
5970,device_02,2025-11-13 08:11:44.786802,0,0,1167,33.6,51.0,880.6,898,0.0,58.14508333333331,68.22966666666674
5971,device_03,2025-11-13 08:12:01.229729,0,0,62,31.5,58.0,823.3,845,0.0,57.263583333333315,67.83616666666676
5972,device_04,2025-11-13 08:12:24.120768,0,0,16,32.9,59.8,870.0,889,0.0,59.203666666666706,69.3524166666668
5973,device_05,2025-11-13 08:12:25.824684,0,0,259,31.0,64.5,698.9,685,0.0,57.31816666666664,67.81625000000007
5974,device_02,2025-11-13 08:12:44.80691,0,0,1164,33.4,51.0,877.4,897,0.0,58.17924999999998,68.23925000000008
5975,device_03,2025-11-13 08:13:01.262229,0,0,61,31.5,58.0,821.2,842,0.0,57.266916666666646,67.84158333333342
5976,device_04,2025-11-13 08:13:24.648039,0,0,16,32.8,60.0,868.6,886,0.0,59.203666666666706,69.3524166666668
5977,device_05,2025-11-13 08:13:25.19762,35,39,258,31.0,64.5,700.2,682,0.0,57.57441666666665,68.44400000000002
5978,device_02,2025-11-13 08:13:44.780449,0,0,1164,33.5,51.0,878.1,894,0.0,58.17924999999998,68.23925000000008
5979,device_03,2025-11-13 08:14:01.233817,0,0,60,31.3,58.0,820.0,842,0.0,57.223999999999975,67.84325000000007
5980,device_04,2025-11-13 08:14:24.911976,0,0,17,32.8,60.0,868.1,885,0.0,59.203666666666706,69.36158333333347
5981,device_05,2025-11-13 08:14:25.167995,0,0,258,31.0,64.6,696.7,683,0.0,57.31816666666663,67.81416666666674
5982,device_02,2025-11-13 08:14:44.893268,30,33,1169,33.5,51.0,883.1,901,0.0,58.268833333333326,68.45008333333338
5983,device_03,2025-11-13 08:15:01.049844,0,0,60,31.4,58.0,819.6,839,0.0,57.223999999999975,67.84325000000008
5984,device_04,2025-11-13 08:15:24.102657,0,0,17,32.8,60.0,868.4,885,0.0,59.20366666666671,69.36158333333347
5985,device_05,2025-11-13 08:15:25.2598,0,0,259,31.0,64.6,698.1,683,0.0,57.31816666666664,67.81625000000007
5986,device_02,2025-11-13 08:15:44.912078,30,33,1169,33.3,51.0,878.1,900,0.0,58.30299999999999,68.45008333333338
5987,device_03,2025-11-13 08:16:01.034649,0,0,60,31.4,58.0,820.0,842,0.0,57.22399999999997,67.84325000000007
5988,device_04,2025-11-13 08:16:24.630117,0,0,17,32.8,60.0,867.0,885,0.0,59.203666666666706,69.36158333333347
5989,device_05,2025-11-13 08:16:25.233884,0,0,259,31.0,64.6,697.1,680,0.0,57.31816666666663,67.81625000000007
5990,device_02,2025-11-13 08:16:44.941568,0,0,1164,33.5,51.2,881.4,894,0.0,58.14508333333331,68.23925000000007
5991,device_03,2025-11-13 08:17:01.046281,0,0,60,31.3,58.0,819.6,841,0.0,57.22399999999997,67.84325000000007
5992,device_04,2025-11-13 08:17:24.637165,0,0,17,32.8,60.0,868.2,884,0.0,59.203666666666706,69.36158333333347
5993,device_05,2025-11-13 08:17:25.266096,0,0,258,30.9,64.7,696.2,683,0.0,57.31816666666663,67.83166666666673
5994,device_02,2025-11-13 08:17:44.772306,0,0,1165,33.6,51.2,876.5,897,0.0,58.17924999999998,68.22966666666674
5995,device_03,2025-11-13 08:18:01.182811,0,0,61,31.5,58.0,816.9,839,0.0,57.21691666666664,67.79141666666673
5996,device_04,2025-11-13 08:18:24.134366,0,0,17,32.8,60.0,866.4,882,0.0,59.203666666666706,69.36158333333347
5997,device_05,2025-11-13 08:18:25.300319,0,0,260,30.9,64.7,702.0,683,0.0,57.31816666666663,67.82250000000006
5998,device_02,2025-11-13 08:18:44.782086,0,0,1163,33.6,51.1,877.2,892,0.0,58.15341666666665,68.20300000000007
5999,device_03,2025-11-13 08:19:01.065926,0,0,61,31.4,58.0,817.6,840,0.0,57.21691666666664,67.79141666666675
6000,device_04,2025-11-13 08:19:24.69822,0,0,16,32.8,60.0,865.6,882,0.0,59.20383333333338,69.36633333333347
6001,device_05,2025-11-13 08:19:25.211021,0,0,258,30.9,64.7,695.3,681,0.0,57.31816666666662,67.83166666666673
6002,device_02,2025-11-13 08:19:44.909293,0,0,1162,33.5,51.7,875.5,887,0.0,58.12841666666665,68.20425000000007
6003,device_03,2025-11-13 08:20:01.699505,0,0,61,31.4,58.0,818.4,839,0.0,57.22399999999997,67.84408333333342
6004,device_04,2025-11-13 08:20:24.209736,0,0,16,32.8,60.0,865.1,880,0.0,59.20633333333337,69.39675000000014
6005,device_05,2025-11-13 08:20:25.380014,0,0,259,30.9,64.9,696.4,680,0.0,57.31816666666663,67.83375000000007
6006,device_02,2025-11-13 08:20:44.854189,0,0,1167,33.6,51.9,874.8,893,0.0,58.140916666666655,68.22966666666674
6007,device_03,2025-11-13 08:21:01.348367,0,0,61,31.4,58.0,817.5,838,0.0,57.238166666666636,67.79141666666673
6008,device_04,2025-11-13 08:21:24.657243,17,17,16,32.8,60.0,863.3,878,0.0,59.20483333333336,69.40608333333347
6009,device_05,2025-11-13 08:21:25.173666,0,0,258,30.9,64.9,695.5,678,0.0,57.31816666666664,67.83166666666675
6010,device_02,2025-11-13 08:21:44.846398,0,0,1166,33.6,51.8,874.9,891,0.0,58.135916666666645,68.19341666666674
6011,device_03,2025-11-13 08:22:01.294156,0,0,60,31.4,58.0,811.8,829,0.0,57.24816666666664,67.79475000000006
6012,device_04,2025-11-13 08:22:24.095739,0,0,17,32.8,60.0,862.3,878,0.0,59.20483333333337,69.40608333333347
6013,device_05,2025-11-13 08:22:25.511733,0,0,258,30.9,65.2,692.5,678,0.0,57.31816666666662,67.83166666666673
6014,device_02,2025-11-13 08:22:44.857089,0,0,1164,33.6,52.0,872.0,890,0.0,58.113416666666666,68.21416666666674
6015,device_03,2025-11-13 08:23:01.436214,0,0,60,31.2,58.0,815.1,835,0.0,57.19774999999998,67.77391666666674
6016,device_04,2025-11-13 08:23:24.101966,0,0,15,32.8,61.0,863.4,878,0.0,59.20483333333336,69.40608333333347
6017,device_05,2025-11-13 08:23:25.221308,0,0,258,30.9,65.3,696.2,679,0.0,57.31816666666663,67.83166666666673
6018,device_02,2025-11-13 08:23:44.917507,0,0,1165,33.3,52.0,871.7,886,0.0,58.11341666666665,68.2058333333334
6019,device_03,2025-11-13 08:24:01.114965,0,0,60,31.4,58.0,812.6,835,0.0,57.21816666666663,67.79475000000006
6020,device_04,2025-11-13 08:24:24.117016,0,0,15,32.8,61.0,861.5,876,0.0,59.202333333333364,69.4269166666668
6021,device_05,2025-11-13 08:24:25.307956,0,0,258,30.9,65.5,691.6,673,0.0,57.31816666666663,67.81916666666673
6022,device_02,2025-11-13 08:24:44.807647,0,0,1163,33.5,52.0,873.6,889,0.0,58.118416666666654,68.21541666666674
6023,device_04,2025-11-13 08:25:24.096878,0,0,16,32.8,61.0,860.9,879,0.0,59.20633333333337,69.39675000000014
6024,device_05,2025-11-13 08:25:25.242793,0,0,256,30.8,65.5,689.5,673,0.0,56.926333333333304,67.80916666666674
6025,device_05,2025-11-13 08:26:25.350417,0,0,255,30.8,65.6,689.3,670,0.0,56.96008333333332,67.80916666666673
6026,device_03,2025-11-13 08:30:01.180705,0,0,51,31.3,58.0,817.7,840,0.0,57.204999999999984,67.69025000000006
6027,device_02,2025-11-13 08:30:44.874087,0,0,1166,33.4,52.0,869.1,884,0.0,58.113416666666666,68.21916666666674
6028,device_03,2025-11-13 08:31:01.807058,0,0,56,31.2,58.0,812.4,834,0.0,57.2370833333333,67.80175000000007
6029,device_04,2025-11-13 08:31:24.316565,0,0,12,32.8,61.0,863.5,881,0.0,59.20383333333337,69.36633333333347
6030,device_02,2025-11-13 08:31:45.218337,32,34,1163,33.5,52.0,859.3,874,0.0,57.86991666666665,68.63083333333341
6031,device_03,2025-11-13 08:32:01.160339,0,0,57,31.5,58.0,812.6,830,0.0,57.25499999999997,67.7980833333334
6032,device_04,2025-11-13 08:32:24.831395,0,0,15,32.8,61.0,856.8,872,0.0,58.69408333333337,69.25216666666677
6033,device_05,2025-11-13 08:32:25.291772,0,0,238,30.7,66.2,685.6,666,0.0,56.92716666666664,67.81125000000007
6034,device_02,2025-11-13 08:32:45.503787,0,0,1162,33.4,52.0,857.8,873,0.0,57.6365833333333,68.11566666666674
6035,device_03,2025-11-13 08:33:01.183721,0,0,57,31.4,58.0,806.6,826,0.0,57.31166666666663,67.7980833333334
6036,device_04,2025-11-13 08:33:24.163289,0,0,15,32.8,61.0,856.2,868,0.0,58.66325000000003,69.15941666666677
6037,device_05,2025-11-13 08:33:25.233708,0,0,247,30.6,66.3,685.7,666,0.0,56.92716666666665,67.81125000000006
6038,device_02,2025-11-13 08:33:44.91897,0,0,1161,33.5,52.0,856.7,869,0.0,57.503333333333295,68.00783333333341
6039,device_03,2025-11-13 08:34:01.420612,33,33,58,31.2,58.0,809.7,829,0.0,57.426249999999975,68.2746666666667
6040,device_04,2025-11-13 08:34:24.343524,0,0,15,32.8,61.0,852.9,866,0.0,58.667416666666696,69.16650000000013
6041,device_05,2025-11-13 08:34:25.43106,0,0,249,30.6,66.3,681.3,659,0.0,56.792999999999985,67.8058333333334
6042,device_02,2025-11-13 08:34:45.070673,0,0,1163,33.4,52.0,854.4,868,0.0,57.506666666666625,68.0040833333334
6043,device_03,2025-11-13 08:35:01.552704,0,0,58,31.5,58.0,809.1,827,0.0,57.25249999999996,67.7980833333334
6044,device_04,2025-11-13 08:35:24.36441,0,0,14,32.8,61.0,853.9,867,0.0,58.667416666666696,69.16650000000011
6045,device_05,2025-11-13 08:35:25.36174,36,41,250,30.6,66.3,679.2,660,0.0,57.190083333333334,68.70575000000002
6046,device_02,2025-11-13 08:35:44.903116,0,0,1164,33.4,52.0,852.7,867,0.0,57.52249999999997,68.00491666666673
6047,device_03,2025-11-13 08:36:01.645782,0,0,58,31.6,58.0,806.2,826,0.0,57.315416666666636,67.79516666666673
6048,device_04,2025-11-13 08:36:24.151344,0,0,16,32.8,61.0,852.5,864,0.0,58.66741666666669,69.16650000000011
6049,device_05,2025-11-13 08:36:25.331823,0,0,251,30.6,66.3,680.3,660,0.0,56.79508333333332,67.8058333333334
6050,device_02,2025-11-13 08:36:44.916362,0,0,1161,33.4,52.0,853.3,868,0.0,57.499166666666625,67.99450000000007
6051,device_03,2025-11-13 08:37:01.121341,0,0,59,31.5,58.0,808.0,828,0.0,57.313583333333305,67.7980833333334
6052,device_04,2025-11-13 08:37:24.198401,0,0,15,32.8,61.0,853.6,868,0.0,58.663250000000026,69.15941666666677
6053,device_05,2025-11-13 08:37:25.334964,0,0,252,30.5,66.5,680.9,660,0.0,56.79508333333332,67.8058333333334
6054,device_02,2025-11-13 08:37:44.80778,0,0,1165,33.4,52.0,859.8,872,0.0,57.558749999999954,68.07316666666674
6055,device_03,2025-11-13 08:38:01.608149,0,0,59,31.4,58.0,808.3,828,0.0,57.313583333333305,67.7980833333334
6056,device_04,2025-11-13 08:38:24.342448,0,0,15,32.8,61.0,850.7,865,0.0,58.690333333333356,69.15775000000014
6057,device_05,2025-11-13 08:38:25.888347,0,0,251,30.5,66.5,679.8,664,0.0,56.82383333333331,67.81916666666673
6058,device_02,2025-11-13 08:38:44.971402,0,0,1164,33.6,52.0,852.9,864,0.0,57.5208333333333,68.00491666666674
6059,device_03,2025-11-13 08:39:01.275091,0,0,58,31.4,58.0,806.7,829,0.0,57.31166666666663,67.7980833333334
6060,device_04,2025-11-13 08:39:24.144431,0,0,15,32.8,61.0,850.0,864,0.0,58.690333333333356,69.13525000000013
6061,device_05,2025-11-13 08:39:25.290469,0,0,252,30.5,66.5,678.0,657,0.0,57.09299999999998,67.81666666666673
6062,device_02,2025-11-13 08:39:45.606243,0,0,1161,33.5,52.0,850.8,864,0.0,57.534166666666636,67.9953333333334
6063,device_03,2025-11-13 08:40:01.144399,0,0,59,31.4,58.0,807.6,824,0.0,57.3135833333333,67.7980833333334
6064,device_04,2025-11-13 08:40:24.722139,0,0,14,32.8,61.0,851.4,863,0.0,58.671166666666686,69.16650000000013
6065,device_05,2025-11-13 08:40:25.299772,0,0,253,30.5,66.7,678.4,660,0.0,57.077583333333315,67.81291666666674
6066,device_02,2025-11-13 08:40:44.914984,0,0,1161,33.4,52.1,851.9,862,0.0,57.50249999999997,68.00491666666673
6067,device_03,2025-11-13 08:41:01.160872,0,0,60,31.5,58.0,807.0,826,0.0,57.313583333333305,67.79475000000006
6068,device_04,2025-11-13 08:41:24.173142,0,0,14,32.8,61.0,849.2,862,0.0,58.68658333333337,69.13525000000011
6069,device_05,2025-11-13 08:41:25.38849,0,0,252,30.5,66.8,675.0,653,0.0,57.11383333333331,67.84166666666674
6070,device_02,2025-11-13 08:41:44.824752,0,0,1162,33.3,52.3,849.1,862,0.0,57.52541666666664,67.97616666666674
6071,device_03,2025-11-13 08:42:01.583292,0,0,59,31.4,58.0,803.2,822,0.0,57.31733333333331,67.79516666666673
6072,device_04,2025-11-13 08:42:24.219973,0,0,14,32.8,61.0,849.7,862,0.0,58.68658333333335,69.1352500000001
6073,device_05,2025-11-13 08:42:25.384412,0,0,252,30.5,66.9,675.8,654,0.0,57.122999999999976,67.85791666666672
6074,device_02,2025-11-13 08:42:44.967776,0,0,1161,33.5,52.7,849.0,861,0.0,57.525416666666636,67.98158333333342
6075,device_03,2025-11-13 08:43:01.28418,0,0,59,31.5,58.0,806.2,824,0.0,57.31733333333331,67.79516666666673
6076,device_04,2025-11-13 08:43:24.162891,0,0,14,32.7,61.0,849.2,860,0.0,58.68575000000003,69.14066666666679
6077,device_05,2025-11-13 08:43:25.343787,0,0,252,30.5,66.8,677.2,657,0.0,57.092999999999975,67.81666666666673
6078,device_02,2025-11-13 08:43:45.523056,0,0,1161,33.5,52.8,849.4,861,0.0,57.52541666666664,67.9815833333334
6079,device_03,2025-11-13 08:44:01.449418,0,0,58,31.5,58.0,806.8,824,0.0,57.31166666666664,67.7980833333334
6080,device_04,2025-11-13 08:44:24.455579,0,0,15,32.5,61.0,845.4,855,0.0,58.64550000000004,69.08750000000012
6081,device_05,2025-11-13 08:44:25.280656,0,0,252,30.5,66.9,679.6,660,0.0,57.04258333333331,67.81291666666674
6082,device_02,2025-11-13 08:44:45.005968,0,0,1161,33.5,53.0,849.1,863,0.0,57.537083333333314,67.97616666666674
6083,device_03,2025-11-13 08:45:01.441248,0,0,58,31.4,58.0,804.7,825,0.0,57.315416666666636,67.79516666666673
6084,device_04,2025-11-13 08:45:24.205078,0,0,14,32.3,61.6,848.0,859,0.0,58.68591666666669,69.09291666666678
6085,device_05,2025-11-13 08:45:25.555055,0,0,251,30.4,67.1,677.9,654,0.0,57.08299999999998,67.82791666666674
6086,device_02,2025-11-13 08:45:45.114122,0,0,1165,33.5,53.0,854.8,868,0.0,57.50666666666663,67.99825000000007
6087,device_03,2025-11-13 08:46:02.396815,0,0,58,31.4,58.3,805.9,823,0.0,57.315416666666636,67.79516666666672
6088,device_04,2025-11-13 08:46:24.176494,0,0,14,32.3,61.2,843.6,858,0.0,58.686083333333364,69.08750000000012
6089,device_05,2025-11-13 08:46:25.281591,0,0,252,30.4,67.1,679.7,657,0.0,57.033833333333305,67.81291666666674
6090,device_02,2025-11-13 08:46:44.856987,0,0,1161,33.4,53.0,849.5,863,0.0,57.5370833333333,67.97616666666673
6091,device_03,2025-11-13 08:47:01.322004,0,0,58,31.5,58.8,803.5,820,0.0,57.315416666666636,67.79516666666673
6092,device_04,2025-11-13 08:47:24.151361,0,0,14,32.3,61.4,847.2,862,0.0,58.68675000000003,69.08083333333344
6093,device_05,2025-11-13 08:47:25.239538,0,0,250,30.4,67.0,674.2,651,0.0,57.085083333333316,67.83875000000006
6094,device_02,2025-11-13 08:47:44.882364,0,0,1165,33.4,53.0,854.8,869,0.0,57.510833333333295,68.00200000000005
6095,device_03,2025-11-13 08:48:01.374746,0,0,58,31.4,59.0,803.9,822,0.0,57.315416666666636,67.79516666666672
6096,device_04,2025-11-13 08:48:24.185352,0,0,14,32.3,61.0,848.6,862,0.0,58.68658333333337,69.12150000000013
6097,device_05,2025-11-13 08:48:25.235738,0,0,251,30.4,66.9,677.7,659,0.0,57.09299999999998,67.81666666666675
6098,device_02,2025-11-13 08:48:44.960032,0,0,1161,33.5,53.0,848.1,859,0.0,57.51166666666664,67.93366666666675
6099,device_03,2025-11-13 08:49:01.157268,0,0,57,31.3,59.0,804.4,819,0.0,57.315416666666636,67.79516666666673
6100,device_04,2025-11-13 08:49:24.171485,0,0,14,32.3,61.0,848.0,859,0.0,58.68591666666669,69.0929166666668
6101,device_05,2025-11-13 08:49:25.293201,0,0,250,30.4,66.7,676.1,654,0.0,57.12299999999998,67.85791666666672
6102,device_02,2025-11-13 08:49:44.905493,0,0,1162,33.3,53.0,846.2,859,0.0,57.51166666666664,67.90783333333341
6103,device_03,2025-11-13 08:50:01.566725,0,0,59,31.5,59.0,802.7,820,0.0,57.31733333333331,67.79516666666672
6104,device_04,2025-11-13 08:50:24.177823,0,0,15,32.3,61.0,846.4,860,0.0,58.6859166666667,69.08625000000012
6105,device_05,2025-11-13 08:50:25.239733,0,0,250,30.3,66.6,674.5,653,0.0,57.085083333333294,67.83875000000006
6106,device_02,2025-11-13 08:50:44.836398,0,0,1163,33.3,53.0,848.5,860,0.0,57.51916666666664,67.93366666666674
6107,device_03,2025-11-13 08:51:01.18712,0,0,58,31.3,59.0,802.1,821,0.0,57.315416666666636,67.79516666666673
6108,device_04,2025-11-13 08:51:24.393348,0,0,15,32.3,61.0,844.4,855,0.0,58.64550000000003,69.0875000000001
6109,device_05,2025-11-13 08:51:25.249207,0,0,251,30.3,66.6,672.9,652,0.0,57.0850833333333,67.83875000000006
6110,device_02,2025-11-13 08:51:45.595782,0,0,1165,33.5,53.0,857.5,871,0.0,57.55874999999996,68.07191666666672
6111,device_03,2025-11-13 08:52:01.803821,0,0,59,31.5,59.0,803.0,820,0.0,57.31733333333331,67.79516666666672
6112,device_04,2025-11-13 08:52:24.146728,0,0,15,32.3,61.0,842.7,854,0.0,58.64550000000003,69.08750000000012
6113,device_05,2025-11-13 08:52:25.455861,0,0,252,30.3,66.6,676.5,655,0.0,57.08299999999998,67.82791666666674
6114,device_02,2025-11-13 08:52:44.920676,0,0,1164,33.4,53.0,847.7,860,0.0,57.51916666666664,67.90783333333341
6115,device_03,2025-11-13 08:53:01.405972,0,0,58,31.6,59.0,801.5,820,0.0,57.31541666666664,67.78391666666673
6116,device_04,2025-11-13 08:53:24.171565,0,0,15,32.3,61.0,845.9,859,0.0,58.6859166666667,69.08625000000012
6117,device_05,2025-11-13 08:53:25.287901,0,0,253,30.3,66.6,676.9,657,0.0,57.092999999999975,67.81666666666673
6118,device_02,2025-11-13 08:53:45.077331,0,0,1161,33.5,53.0,848.2,860,0.0,57.511666666666635,67.93366666666675
6119,device_03,2025-11-13 08:54:01.336157,0,0,58,31.5,59.0,803.0,821,0.0,57.315416666666636,67.79516666666673
6120,device_04,2025-11-13 08:54:24.162094,0,0,14,32.3,61.0,846.4,857,0.0,58.6946666666667,69.08750000000012
6121,device_05,2025-11-13 08:54:25.57998,0,0,252,30.3,66.6,675.5,657,0.0,57.123833333333316,67.83041666666674
6122,device_02,2025-11-13 08:54:44.869344,0,0,1162,33.5,53.0,846.8,860,0.0,57.51166666666664,67.90783333333341
6123,device_03,2025-11-13 08:55:01.222548,0,0,58,31.5,59.0,803.3,820,0.0,57.315416666666636,67.79516666666673
6124,device_04,2025-11-13 08:55:24.221496,0,0,14,32.3,61.0,846.9,860,0.0,58.68591666666669,69.08625000000012
6125,device_05,2025-11-13 08:55:25.283131,0,0,251,30.3,66.5,678.5,656,0.0,57.08216666666664,67.82416666666673
6126,device_02,2025-11-13 08:55:45.073605,0,0,1163,33.4,53.0,849.2,860,0.0,57.53541666666664,67.9815833333334
6127,device_03,2025-11-13 08:56:01.176604,0,0,59,31.5,59.0,801.9,821,0.0,57.3173333333333,67.79641666666673
6128,device_04,2025-11-13 08:56:24.19708,0,0,15,32.3,61.0,846.7,861,0.0,58.6859166666667,69.0862500000001
6129,device_05,2025-11-13 08:56:25.284201,0,0,251,30.3,66.4,675.4,656,0.0,57.137166666666644,67.84166666666674
6130,device_02,2025-11-13 08:56:44.960698,0,0,1162,33.4,53.0,847.8,863,0.0,57.52166666666663,67.91283333333341
6131,device_03,2025-11-13 08:57:01.15873,0,0,58,31.5,59.0,798.4,813,0.0,57.320833333333304,67.78391666666671
6132,device_04,2025-11-13 08:57:24.322098,0,0,15,32.3,61.0,847.7,856,0.0,58.69466666666669,69.08750000000012
6133,device_05,2025-11-13 08:57:25.384526,0,0,251,30.3,66.4,679.7,661,0.0,57.04258333333331,67.81291666666674
6134,device_02,2025-11-13 08:57:44.848535,0,0,1161,33.4,53.0,848.2,860,0.0,57.51166666666664,67.93366666666675
6135,device_03,2025-11-13 08:58:01.452984,0,0,58,31.5,59.0,798.4,815,0.0,57.32083333333331,67.78391666666671
6136,device_04,2025-11-13 08:58:24.191502,0,0,14,32.3,61.0,842.4,855,0.0,58.64550000000003,69.08750000000012
6137,device_05,2025-11-13 08:58:25.274411,0,0,251,30.3,66.3,674.6,654,0.0,57.0850833333333,67.83875000000006
6138,device_02,2025-11-13 08:58:44.827716,0,0,1163,33.4,53.0,847.2,859,0.0,57.51916666666664,67.90783333333341
6139,device_03,2025-11-13 08:59:01.227071,0,0,58,31.5,59.0,799.4,816,0.0,57.324166666666635,67.78391666666671
6140,device_04,2025-11-13 08:59:24.336812,0,0,13,32.3,61.0,845.7,858,0.0,58.686083333333364,69.08750000000013
6141,device_05,2025-11-13 08:59:25.405434,0,0,249,30.3,66.3,674.4,655,0.0,57.0850833333333,67.83875000000006
6142,device_02,2025-11-13 08:59:44.844685,0,0,1161,33.4,53.0,845.8,860,0.0,57.51166666666664,67.90783333333341
6143,device_03,2025-11-13 09:00:01.445487,0,0,59,31.4,59.0,801.6,818,0.0,57.31733333333331,67.78391666666673
6144,device_04,2025-11-13 09:00:24.179356,0,0,15,32.3,61.0,844.0,854,0.0,58.64550000000003,69.08750000000012
6145,device_05,2025-11-13 09:00:25.454039,0,0,250,30.2,66.5,677.7,655,0.0,57.08299999999998,67.82791666666674
6146,device_02,2025-11-13 09:00:44.989524,0,0,1163,33.4,53.0,846.9,857,0.0,57.51916666666664,67.91325000000008
6147,device_03,2025-11-13 09:01:01.197046,26,28,58,31.0,59.0,798.9,817,0.0,57.32083333333331,67.82350000000004
6148,device_04,2025-11-13 09:01:24.208302,0,0,14,32.3,61.0,843.3,857,0.0,58.694833333333364,69.08750000000012
6149,device_05,2025-11-13 09:01:25.895524,0,0,251,30.2,66.7,677.2,655,0.0,57.082999999999984,67.82791666666674
6150,device_02,2025-11-13 09:01:45.046671,0,0,1162,33.5,53.0,845.9,860,0.0,57.51166666666664,67.90783333333343
6151,device_03,2025-11-13 09:02:01.206218,26,29,58,30.4,59.0,799.0,817,0.0,57.32416666666664,67.83475000000004
6152,device_04,2025-11-13 09:02:24.344979,0,0,13,32.3,61.0,840.7,851,0.0,58.61341666666669,69.08183333333345
6153,device_05,2025-11-13 09:02:25.756975,0,0,250,30.2,66.7,675.5,656,0.0,57.137166666666644,67.84166666666673
6154,device_02,2025-11-13 09:02:45.109928,0,0,1167,33.2,53.0,857.3,871,0.0,57.558749999999954,68.07191666666672
6155,device_03,2025-11-13 09:03:01.148432,0,0,58,30.5,59.0,800.7,817,0.0,57.31541666666664,67.78391666666673
6156,device_04,2025-11-13 09:03:24.84286,0,0,16,32.3,61.0,842.1,854,0.0,58.62483333333336,69.09075000000011
6157,device_05,2025-11-13 09:03:25.373112,0,0,251,30.2,66.7,675.5,654,0.0,57.113833333333304,67.84166666666674
6158,device_02,2025-11-13 09:03:45.362749,0,0,1163,32.5,53.0,848.6,858,0.0,57.53541666666664,67.9740833333334
6159,device_03,2025-11-13 09:04:01.437937,0,0,58,30.3,59.0,799.6,818,0.0,57.324166666666635,67.78391666666671
6160,device_04,2025-11-13 09:04:24.204776,0,0,13,32.3,61.0,845.1,855,0.0,58.64550000000003,69.08750000000013
6161,device_05,2025-11-13 09:04:25.459375,0,0,248,30.2,66.6,676.7,652,0.0,57.08299999999996,67.82791666666672
6162,device_02,2025-11-13 09:04:44.95057,0,0,1164,32.5,53.0,847.8,861,0.0,57.516666666666644,67.91825000000009
6163,device_03,2025-11-13 09:05:01.131103,0,0,58,30.4,59.0,800.4,817,0.0,57.324166666666635,67.78391666666673
6164,device_04,2025-11-13 09:05:24.134637,0,0,15,32.3,61.0,841.1,853,0.0,58.62483333333336,69.08283333333344
6165,device_05,2025-11-13 09:05:25.427742,0,0,249,30.2,66.6,675.8,651,0.0,57.122999999999976,67.85791666666672
6166,device_02,2025-11-13 09:05:45.175167,0,0,1163,32.5,53.0,844.9,857,0.0,57.4945833333333,67.91325000000008
6167,device_03,2025-11-13 09:06:01.215739,0,0,58,30.3,59.0,799.0,810,0.0,57.324166666666635,67.78391666666671
6168,device_04,2025-11-13 09:06:24.179191,0,0,16,32.3,61.0,842.5,856,0.0,58.69483333333336,69.08750000000012
6169,device_05,2025-11-13 09:06:25.300899,0,0,250,30.2,66.7,675.2,654,0.0,57.113833333333304,67.84166666666673
6170,device_02,2025-11-13 09:06:44.814848,0,0,1160,32.4,53.0,845.5,857,0.0,57.4870833333333,67.91325000000008
6171,device_03,2025-11-13 09:07:01.420536,0,0,58,30.4,59.0,795.9,812,0.0,57.332499999999975,67.78391666666673
6172,device_04,2025-11-13 09:07:24.304692,0,0,14,32.3,61.0,842.2,853,0.0,58.64550000000003,69.08750000000012
6173,device_05,2025-11-13 09:07:25.42968,0,0,250,30.2,66.8,673.2,653,0.0,57.0850833333333,67.83875000000008
6174,device_02,2025-11-13 09:07:45.343915,0,0,1161,32.5,53.0,845.0,858,0.0,57.48708333333331,67.91325000000008
6175,device_03,2025-11-13 09:08:01.403258,0,0,57,30.4,59.0,796.9,812,0.0,57.33249999999996,67.78391666666671
6176,device_04,2025-11-13 09:08:24.158319,0,0,13,32.3,61.0,843.7,853,0.0,58.64550000000003,69.08750000000013
6177,device_05,2025-11-13 09:08:25.469548,0,0,251,30.2,66.8,675.8,654,0.0,57.122999999999976,67.85791666666672
6178,device_02,2025-11-13 09:08:44.869864,0,0,1161,32.5,53.0,842.5,856,0.0,57.4870833333333,67.91325000000008
6179,device_03,2025-11-13 09:09:01.326566,0,0,59,30.5,59.0,796.9,813,0.0,57.33441666666665,67.78391666666673
6180,device_04,2025-11-13 09:09:24.785111,0,0,14,32.3,61.0,838.8,851,0.0,58.61341666666669,69.08183333333345
6181,device_05,2025-11-13 09:09:25.37782,0,0,249,30.2,66.9,674.3,654,0.0,57.085083333333316,67.83875000000006
6182,device_02,2025-11-13 09:09:44.963697,0,0,1163,32.5,53.4,844.7,860,0.0,57.4945833333333,67.90783333333341
6183,device_03,2025-11-13 09:10:01.397701,0,0,59,30.5,59.0,796.1,812,0.0,57.33441666666664,67.78391666666673
6184,device_04,2025-11-13 09:10:24.175524,21,21,15,32.3,61.0,841.7,854,0.0,58.62483333333337,69.08283333333345
6185,device_05,2025-11-13 09:10:25.273969,0,0,249,30.1,67.0,673.1,653,0.0,57.0850833333333,67.83875000000006
6186,device_02,2025-11-13 09:10:44.859688,0,0,1163,32.4,54.0,845.8,856,0.0,57.51916666666664,67.91325000000008
6187,device_03,2025-11-13 09:11:01.210299,0,0,58,30.5,59.0,795.7,808,0.0,57.332499999999975,67.78391666666673
6188,device_04,2025-11-13 09:11:24.208213,0,0,15,32.3,61.7,838.0,848,0.0,58.61341666666669,69.08183333333345
6189,device_05,2025-11-13 09:11:25.390828,0,0,251,30.1,67.2,674.5,650,0.0,57.0850833333333,67.83875000000006
6190,device_02,2025-11-13 09:11:45.378526,0,0,1165,32.5,54.0,844.9,857,0.0,57.49458333333331,67.90741666666673
6191,device_03,2025-11-13 09:12:01.368722,0,0,56,30.7,59.0,795.8,811,0.0,57.33249999999996,67.7875833333334
6192,device_04,2025-11-13 09:12:24.173052,0,0,15,32.3,62.0,839.5,851,0.0,58.6134166666667,69.08183333333345
6193,device_05,2025-11-13 09:12:25.251347,0,0,250,30.1,67.3,677.6,657,0.0,57.09299999999998,67.81666666666675
6194,device_02,2025-11-13 09:12:44.977955,0,0,1161,32.4,54.0,844.9,856,0.0,57.48708333333331,67.91325000000008
6195,device_03,2025-11-13 09:13:01.760696,0,0,56,30.5,59.0,793.5,809,0.0,57.33999999999996,67.7875833333334
6196,device_04,2025-11-13 09:13:24.164438,0,0,15,32.3,62.0,838.8,851,0.0,58.61341666666669,69.08183333333345
6197,device_05,2025-11-13 09:13:25.275051,0,0,251,30.1,67.5,672.6,651,0.0,57.085083333333316,67.83875000000006
6198,device_02,2025-11-13 09:13:44.839265,0,0,1164,32.4,54.0,844.4,855,0.0,57.450249999999976,67.92241666666673
6199,device_03,2025-11-13 09:14:01.179929,0,0,58,30.5,59.0,792.7,807,0.0,57.33999999999996,67.78850000000006
6200,device_04,2025-11-13 09:14:24.8646,0,0,14,32.3,62.0,838.5,849,0.0,58.61341666666669,69.08183333333345
6201,device_05,2025-11-13 09:14:25.31154,0,0,251,30.1,67.6,674.3,652,0.0,57.085083333333316,67.83875000000006
6202,device_02,2025-11-13 09:14:45.4757,0,0,1163,32.4,54.0,844.5,859,0.0,57.49458333333331,67.90783333333341
6203,device_03,2025-11-13 09:15:01.368307,0,0,58,30.4,59.0,793.9,810,0.0,57.332499999999975,67.78391666666673
6204,device_04,2025-11-13 09:15:24.367058,0,0,13,32.3,62.0,839.9,850,0.0,58.6134166666667,69.08183333333345
6205,device_05,2025-11-13 09:15:25.326429,0,0,250,30.1,67.7,676.1,658,0.0,57.13299999999998,67.84666666666672
6206,device_02,2025-11-13 09:15:44.834905,33,36,1164,32.4,54.0,844.2,856,0.0,57.66124999999998,68.45566666666674
6207,device_03,2025-11-13 09:16:01.321864,0,0,57,30.4,59.0,790.4,808,0.0,57.40666666666663,67.78641666666672
6208,device_04,2025-11-13 09:16:24.339992,23,24,14,32.3,62.0,839.1,848,0.0,58.61341666666669,69.08183333333345
6209,device_05,2025-11-13 09:16:25.245727,0,0,250,30.1,67.7,673.9,651,0.0,57.085083333333316,67.83875000000006
6210,device_02,2025-11-13 09:16:45.079867,0,0,1165,32.6,54.0,845.5,856,0.0,57.494583333333296,67.90741666666673
6211,device_03,2025-11-13 09:17:01.396904,0,0,59,30.5,59.0,795.2,811,0.0,57.33441666666665,67.78391666666673
6212,device_04,2025-11-13 09:17:24.269826,0,0,14,32.3,62.0,838.0,846,0.0,58.6134166666667,69.08183333333345
6213,device_05,2025-11-13 09:17:25.53249,0,0,250,30.0,67.8,672.9,651,0.0,57.0850833333333,67.83875000000006
6214,device_02,2025-11-13 09:17:44.811043,0,0,1163,32.3,54.0,842.6,855,0.0,57.450249999999976,67.92241666666673
6215,device_03,2025-11-13 09:18:01.467217,0,0,58,30.6,59.0,795.2,813,0.0,57.33249999999996,67.78391666666673
6216,device_04,2025-11-13 09:18:24.166277,0,0,13,32.3,62.0,834.1,842,0.0,58.61525000000004,69.07266666666678
6217,device_05,2025-11-13 09:18:25.265357,0,0,251,30.0,67.8,672.8,652,0.0,57.085083333333316,67.83875000000006
6218,device_02,2025-11-13 09:18:44.915612,0,0,1166,32.4,54.0,849.2,859,0.0,57.53541666666664,67.97575000000008
6219,device_03,2025-11-13 09:19:01.141358,0,0,57,30.5,59.2,793.3,809,0.0,57.339999999999975,67.78391666666671
6220,device_04,2025-11-13 09:19:24.222686,0,0,15,32.3,62.0,834.1,842,0.0,58.61525000000003,69.07266666666678
6221,device_05,2025-11-13 09:19:25.283773,0,0,252,30.0,67.9,673.2,650,0.0,57.085083333333316,67.83875000000006
6222,device_02,2025-11-13 09:19:44.856731,0,0,1163,32.4,54.0,844.2,854,0.0,57.45024999999999,67.92241666666675
6223,device_03,2025-11-13 09:20:01.20028,0,0,58,30.4,59.9,796.4,808,0.0,57.33249999999996,67.78391666666671
6224,device_04,2025-11-13 09:20:24.437547,0,0,15,32.3,62.0,836.7,847,0.0,58.61341666666669,69.08183333333345
6225,device_05,2025-11-13 09:20:25.813081,0,0,250,30.0,68.0,670.9,652,0.0,57.04966666666665,67.82791666666672
6226,device_02,2025-11-13 09:20:44.83444,0,0,1165,32.5,54.0,841.9,855,0.0,57.40483333333331,67.86616666666673
6227,device_03,2025-11-13 09:21:01.172311,0,0,58,30.6,59.9,789.1,807,0.0,57.40666666666663,67.78850000000007
6228,device_04,2025-11-13 09:21:24.223683,0,0,14,32.3,62.0,833.3,845,0.0,58.61525000000003,69.07266666666678
6229,device_05,2025-11-13 09:21:25.335068,0,0,250,30.0,68.0,672.7,648,0.0,57.085083333333294,67.83875000000006
6230,device_02,2025-11-13 09:21:44.840624,37,40,1163,32.6,54.0,843.1,856,0.0,57.64416666666664,68.67408333333334
6231,device_03,2025-11-13 09:22:01.269052,0,0,57,30.4,60.0,791.2,808,0.0,57.40666666666663,67.78641666666672
6232,device_04,2025-11-13 09:22:24.38497,20,21,14,32.3,62.0,835.4,844,0.0,58.61341666666669,69.08183333333345
6233,device_05,2025-11-13 09:22:25.288493,0,0,251,30.0,68.0,672.8,651,0.0,57.085083333333316,67.83875000000008
6234,device_02,2025-11-13 09:22:44.859799,0,0,1164,32.4,54.0,840.4,854,0.0,57.404833333333315,67.87200000000007
6235,device_03,2025-11-13 09:23:01.163183,0,0,58,30.4,60.0,791.9,806,0.0,57.329166666666644,67.78975000000007
6236,device_04,2025-11-13 09:23:24.299132,0,0,14,32.3,62.0,835.1,846,0.0,58.6134166666667,69.08183333333345
6237,device_05,2025-11-13 09:23:25.285475,0,0,250,30.0,68.0,669.1,648,0.0,57.04966666666665,67.82791666666672
6238,device_02,2025-11-13 09:23:44.885303,0,0,1164,32.4,54.0,841.3,849,0.0,57.40566666666665,67.87658333333341
6239,device_03,2025-11-13 09:24:01.135992,0,0,58,30.6,60.0,790.1,808,0.0,57.40666666666663,67.78641666666672
6240,device_04,2025-11-13 09:24:24.36789,0,0,14,32.3,62.0,833.2,844,0.0,58.61525000000003,69.07266666666679
6241,device_05,2025-11-13 09:24:25.322155,37,44,250,30.0,68.0,671.1,646,0.0,57.00783333333333,68.80058333333336
6242,device_02,2025-11-13 09:24:44.925253,0,0,1162,32.5,54.0,838.3,852,0.0,57.39816666666665,67.8765833333334
6243,device_04,2025-11-13 09:25:24.37901,0,0,14,32.3,62.0,832.5,842,0.0,58.61525000000003,69.06266666666677
6244,device_05,2025-11-13 09:25:25.227811,37,43,248,30.0,68.0,668.3,647,0.0,56.993249999999996,68.79891666666668
6245,device_05,2025-11-13 09:26:25.469763,0,0,249,29.9,68.0,670.3,645,0.0,57.04966666666666,67.82791666666671
6246,device_03,2025-11-13 09:30:01.833401,0,0,50,30.3,60.0,800.7,818,0.0,57.549583333333324,67.77050000000007
6247,device_02,2025-11-13 09:30:45.337856,0,0,1166,32.5,54.0,846.8,860,0.0,57.51916666666664,67.90200000000007
6248,device_03,2025-11-13 09:31:01.166805,0,0,54,30.4,60.0,795.0,808,0.0,57.332499999999975,67.78466666666672
6249,device_04,2025-11-13 09:31:24.465837,0,0,12,31.8,62.0,836.8,846,0.0,58.61341666666669,69.08183333333345
6250,device_02,2025-11-13 09:31:44.997662,0,0,1165,32.6,54.0,836.1,846,0.0,57.40566666666664,67.86991666666673
6251,device_03,2025-11-13 09:32:01.401885,0,0,56,30.4,60.0,791.5,808,0.0,57.32916666666663,67.7900833333334
6252,device_04,2025-11-13 09:32:24.479351,0,0,14,31.8,62.0,830.8,844,0.0,58.61525000000004,69.06266666666676
6253,device_05,2025-11-13 09:32:25.255206,0,0,235,29.9,67.9,667.5,646,0.0,57.035083333333326,67.82000000000005
6254,device_02,2025-11-13 09:32:44.830458,33,36,1161,32.6,54.0,833.7,843,0.0,57.55066666666666,68.3798333333334
6255,device_03,2025-11-13 09:33:01.149726,0,0,56,30.4,60.0,793.4,808,0.0,57.339999999999975,67.7875833333334
6256,device_04,2025-11-13 09:33:24.368351,0,0,14,31.8,62.0,830.7,843,0.0,58.61525000000003,69.06266666666677
6257,device_05,2025-11-13 09:33:25.257477,0,0,243,29.9,67.9,664.0,643,0.0,57.02591666666666,67.80916666666673
6258,device_02,2025-11-13 09:33:44.798254,0,0,1162,32.7,54.0,833.1,841,0.0,57.38358333333332,67.84616666666673
6259,device_03,2025-11-13 09:34:01.394473,0,0,57,30.4,60.0,793.7,807,0.0,57.33999999999996,67.78600000000006
6260,device_04,2025-11-13 09:34:24.169601,0,0,14,31.8,62.0,832.4,842,0.0,58.61525000000003,69.06266666666679
6261,device_05,2025-11-13 09:34:25.312953,0,0,245,29.9,67.9,666.6,644,0.0,57.03508333333331,67.82000000000005
6262,device_02,2025-11-13 09:34:44.866494,0,0,1164,32.4,54.0,835.2,845,0.0,57.40566666666664,67.87491666666673
6263,device_03,2025-11-13 09:35:01.172697,0,0,57,30.5,60.0,791.4,807,0.0,57.40666666666663,67.78850000000006
6264,device_04,2025-11-13 09:35:24.148428,0,0,15,31.8,62.0,832.2,843,0.0,58.61525000000004,69.06266666666677
6265,device_05,2025-11-13 09:35:25.253081,0,0,246,29.9,67.9,667.8,644,0.0,57.035083333333326,67.82000000000005
6266,device_02,2025-11-13 09:35:45.364474,0,0,1165,32.4,54.0,835.0,844,0.0,57.40566666666664,67.8690833333334
6267,device_03,2025-11-13 09:36:01.793653,0,0,56,30.3,60.0,792.7,806,0.0,57.339999999999975,67.79341666666672
6268,device_04,2025-11-13 09:36:24.345961,0,0,15,31.8,62.0,832.9,841,0.0,58.61525000000003,69.07266666666678
6269,device_05,2025-11-13 09:36:25.246806,0,0,246,29.9,67.9,665.4,641,0.0,57.04466666666665,67.80916666666673
6270,device_02,2025-11-13 09:36:44.811691,0,0,1163,32.5,54.0,834.9,843,0.0,57.40566666666664,67.87491666666673
6271,device_03,2025-11-13 09:37:01.257223,0,0,57,30.5,60.0,791.9,805,0.0,57.32916666666663,67.78975000000005
6272,device_04,2025-11-13 09:37:24.17577,0,0,14,31.8,62.0,833.0,842,0.0,58.61525000000003,69.07266666666678
6273,device_05,2025-11-13 09:37:25.249582,0,0,246,29.9,67.9,666.1,639,0.0,57.11425,67.82000000000006
6274,device_02,2025-11-13 09:37:45.428608,0,0,1161,32.4,54.0,833.2,844,0.0,57.373583333333315,67.84616666666673
6275,device_03,2025-11-13 09:38:01.467458,0,0,57,30.5,60.0,787.3,805,0.0,57.406666666666645,67.78975000000005
6276,device_04,2025-11-13 09:38:24.242914,0,0,15,31.8,62.0,832.4,840,0.0,58.61525000000003,69.06266666666677
6277,device_05,2025-11-13 09:38:25.260901,0,0,247,29.8,67.9,662.5,638,0.0,57.0805,67.80916666666671
6278,device_02,2025-11-13 09:38:44.81481,0,0,1164,32.3,54.0,834.8,843,0.0,57.40566666666664,67.87491666666675
6279,device_03,2025-11-13 09:39:01.281473,0,0,57,30.5,60.0,791.0,805,0.0,57.406666666666645,67.78975000000005
6280,device_04,2025-11-13 09:39:24.162372,0,0,14,31.8,62.0,832.7,839,0.0,58.61525000000003,69.06266666666679
6281,device_05,2025-11-13 09:39:25.231485,0,0,247,29.8,67.9,661.2,637,0.0,57.080499999999994,67.80916666666673
6282,device_02,2025-11-13 09:39:44.905448,0,0,1163,32.5,54.0,831.2,842,0.0,57.39608333333331,67.83450000000006
6283,device_03,2025-11-13 09:40:01.283872,0,0,58,30.4,60.0,792.1,804,0.0,57.339999999999975,67.78975000000005
6284,device_04,2025-11-13 09:40:24.709213,0,0,15,31.8,62.0,831.8,841,0.0,58.61525000000003,69.06266666666677
6285,device_05,2025-11-13 09:40:25.337107,40,48,248,29.8,67.9,661.8,643,0.0,59.034916666666696,69.32275000000003
6286,device_02,2025-11-13 09:40:44.806635,0,0,1162,32.3,54.0,832.3,840,0.0,57.388583333333315,67.83450000000006
6287,device_03,2025-11-13 09:41:01.459778,0,0,56,30.4,60.0,789.6,804,0.0,57.40666666666663,67.79341666666673
6288,device_04,2025-11-13 09:41:24.40256,0,0,14,31.8,62.0,829.6,839,0.0,58.61525000000003,69.06266666666677
6289,device_05,2025-11-13 09:41:25.22847,40,48,247,29.8,67.9,663.2,643,0.0,59.034916666666675,69.32733333333337
6290,device_02,2025-11-13 09:41:44.781083,0,0,1160,32.7,54.0,830.2,839,0.0,57.388583333333315,67.83450000000006
6291,device_03,2025-11-13 09:42:01.149115,0,0,56,30.4,60.0,790.1,802,0.0,57.40666666666663,67.79341666666673
6292,device_04,2025-11-13 09:42:24.208227,0,0,14,31.8,62.0,830.1,840,0.0,58.61525000000003,69.06266666666677
6293,device_05,2025-11-13 09:42:25.348296,0,0,247,29.8,67.7,664.1,639,0.0,57.07966666666666,67.80916666666671
6294,device_02,2025-11-13 09:42:44.918705,0,0,1162,32.4,54.0,830.4,840,0.0,57.388583333333315,67.83450000000006
6295,device_03,2025-11-13 09:43:01.176953,0,0,56,30.3,60.0,787.6,803,0.0,57.40666666666663,67.79341666666673
6296,device_04,2025-11-13 09:43:24.162231,0,0,14,31.8,62.0,830.2,839,0.0,58.61525000000003,69.06266666666679
6297,device_05,2025-11-13 09:43:25.223258,0,0,247,29.8,67.5,664.6,640,0.0,57.033833333333334,67.80916666666673
6298,device_02,2025-11-13 09:43:45.348686,0,0,1163,32.5,54.0,834.3,843,0.0,57.37774999999998,67.86491666666674
6299,device_03,2025-11-13 09:44:01.142737,0,0,56,30.4,60.0,787.0,802,0.0,57.40666666666663,67.79341666666672
6300,device_04,2025-11-13 09:44:24.147426,0,0,16,31.8,62.0,829.2,840,0.0,58.61525000000003,69.06266666666677
6301,device_05,2025-11-13 09:44:25.282944,0,0,245,29.8,67.3,663.3,641,0.0,57.04466666666665,67.80916666666673
6302,device_02,2025-11-13 09:44:45.024611,0,0,1161,32.5,54.0,827.8,840,0.0,57.38858333333331,67.82158333333338
6303,device_03,2025-11-13 09:45:01.309151,0,0,57,30.5,60.0,788.1,801,0.0,57.40666666666663,67.78975000000005
6304,device_04,2025-11-13 09:45:24.199237,0,0,15,31.8,62.0,829.1,835,0.0,58.62733333333336,69.06266666666679
6305,device_05,2025-11-13 09:45:25.862219,0,0,246,29.8,67.3,665.8,638,0.0,57.080499999999994,67.80916666666673
6306,device_02,2025-11-13 09:45:44.931473,0,0,1164,32.7,54.0,832.4,841,0.0,57.39608333333331,67.83450000000006
6307,device_03,2025-11-13 09:46:01.657274,0,0,56,30.5,60.0,786.4,799,0.0,57.40666666666663,67.79341666666673
6308,device_04,2025-11-13 09:46:24.138744,0,0,14,31.8,62.0,828.1,837,0.0,58.63066666666671,69.0497500000001
6309,device_05,2025-11-13 09:46:25.263647,0,0,245,29.8,67.3,661.9,640,0.0,57.03383333333332,67.80916666666673
6310,device_02,2025-11-13 09:46:45.074149,0,0,1163,32.6,54.0,831.6,838,0.0,57.40858333333331,67.83450000000006
6311,device_03,2025-11-13 09:47:01.401938,0,0,56,30.5,60.0,788.1,800,0.0,57.40666666666663,67.79341666666673
6312,device_04,2025-11-13 09:47:24.742047,0,0,14,31.8,62.0,829.2,837,0.0,58.63066666666669,69.06266666666679
6313,device_05,2025-11-13 09:47:25.439923,0,0,247,29.8,67.4,665.3,642,0.0,57.02591666666665,67.80916666666673
6314,device_02,2025-11-13 09:47:44.933108,0,0,1160,32.5,54.0,828.7,835,0.0,57.39774999999997,67.8215833333334
6315,device_03,2025-11-13 09:48:01.093299,0,0,57,30.4,60.0,786.4,801,0.0,57.40666666666663,67.78975000000005
6316,device_04,2025-11-13 09:48:24.175948,0,0,14,31.8,62.0,829.7,835,0.0,58.62733333333336,69.06266666666679
6317,device_05,2025-11-13 09:48:25.402168,0,0,246,29.8,67.4,666.3,640,0.0,57.068416666666664,67.82000000000005
6318,device_02,2025-11-13 09:48:44.810029,0,0,1162,32.4,54.0,833.8,839,0.0,57.383583333333306,67.84616666666675
6319,device_03,2025-11-13 09:49:01.149355,0,0,55,30.3,60.0,787.3,803,0.0,57.40666666666663,67.79341666666673
6320,device_04,2025-11-13 09:49:24.300366,24,25,14,31.8,62.0,827.8,837,0.0,58.630666666666706,69.0497500000001
6321,device_05,2025-11-13 09:49:25.377973,0,0,247,29.7,67.5,665.6,643,0.0,57.02591666666665,67.80916666666673
6322,device_02,2025-11-13 09:49:44.843443,0,0,1162,32.4,54.0,831.1,838,0.0,57.40108333333332,67.83450000000006
6323,device_03,2025-11-13 09:50:01.19765,26,28,57,30.4,60.0,788.9,802,0.0,57.40666666666663,67.82933333333337
6324,device_04,2025-11-13 09:50:24.347624,0,0,15,31.8,62.0,827.9,836,0.0,58.630666666666706,69.04975000000012
6325,device_05,2025-11-13 09:50:25.203334,0,0,246,29.7,67.7,667.1,643,0.0,57.035083333333326,67.82000000000005
6326,device_02,2025-11-13 09:50:44.859268,0,0,1164,32.4,54.0,829.0,836,0.0,57.40858333333332,67.83450000000006
6327,device_03,2025-11-13 09:51:01.111144,26,29,57,30.5,60.0,788.9,801,0.0,57.40666666666663,67.84058333333337
6328,device_04,2025-11-13 09:51:24.221431,0,0,14,31.8,62.0,827.3,836,0.0,58.640666666666704,69.04975000000012
6329,device_05,2025-11-13 09:51:25.390708,0,0,247,29.7,67.9,668.4,645,0.0,57.03508333333331,67.82000000000005
6330,device_02,2025-11-13 09:51:44.967187,0,0,1160,32.5,54.0,829.8,837,0.0,57.40108333333331,67.83450000000006
6331,device_03,2025-11-13 09:52:01.270084,0,0,56,30.4,60.0,787.4,803,0.0,57.406666666666645,67.79341666666673
6332,device_04,2025-11-13 09:52:24.77106,0,0,14,31.8,62.0,825.3,833,0.0,58.648166666666704,69.05683333333343
6333,device_05,2025-11-13 09:52:25.259046,9984,11526,249,29.7,67.9,667.6,647,0.0,61.01125000000002,69.95049999999996
6334,device_02,2025-11-13 09:52:44.797152,0,0,1161,32.3,54.0,829.7,838,0.0,57.40108333333332,67.83450000000006
6335,device_03,2025-11-13 09:53:01.477027,0,0,57,30.5,60.0,788.6,801,0.0,57.40666666666663,67.78975000000007
6336,device_04,2025-11-13 09:53:24.310845,0,0,14,31.8,62.0,827.4,836,0.0,58.6406666666667,69.0497500000001
6337,device_05,2025-11-13 09:53:25.359907,0,0,246,29.7,67.9,666.0,639,0.0,57.11425,67.82000000000005
6338,device_02,2025-11-13 09:53:44.754979,0,0,1163,32.6,54.0,831.6,837,0.0,57.40858333333331,67.83450000000006
6339,device_03,2025-11-13 09:54:01.108424,0,0,56,30.4,60.0,787.1,800,0.0,57.40666666666663,67.79341666666673
6340,device_04,2025-11-13 09:54:24.722944,0,0,15,31.8,62.0,827.1,836,0.0,58.640666666666704,69.0497500000001
6341,device_05,2025-11-13 09:54:25.208192,0,0,248,29.7,67.9,666.3,642,0.0,57.06049999999999,67.82791666666671
6342,device_02,2025-11-13 09:54:45.019163,39,43,1162,32.4,54.0,828.4,839,0.0,57.85291666666665,68.74233333333333
6343,device_03,2025-11-13 09:55:01.230374,0,0,55,30.4,60.0,783.2,797,0.0,57.422916666666644,67.79341666666673
6344,device_04,2025-11-13 09:55:24.480438,0,0,14,31.8,62.0,822.6,828,0.0,58.654000000000025,69.08600000000011
6345,device_05,2025-11-13 09:55:25.237683,0,0,248,29.7,67.9,665.7,639,0.0,57.07966666666667,67.81708333333339
6346,device_02,2025-11-13 09:55:44.858836,0,0,1162,32.5,54.3,830.9,837,0.0,57.40108333333332,67.83450000000005
6347,device_03,2025-11-13 09:56:01.26557,0,0,55,30.4,60.0,779.0,791,0.0,57.42291666666663,67.79341666666673
6348,device_04,2025-11-13 09:56:24.296337,0,0,14,31.8,62.0,826.6,832,0.0,58.648166666666704,69.04975000000012
6349,device_05,2025-11-13 09:56:25.506592,0,0,248,29.7,68.0,666.2,641,0.0,57.07924999999998,67.82791666666671
6350,device_02,2025-11-13 09:56:44.772565,0,0,1164,32.5,54.3,829.1,837,0.0,57.40858333333332,67.83450000000006
6351,device_03,2025-11-13 09:57:01.103271,0,0,55,30.4,60.0,777.5,789,0.0,57.422916666666644,67.79341666666673
6352,device_04,2025-11-13 09:57:24.195419,0,0,15,31.8,62.0,828.0,835,0.0,58.62733333333336,69.04975000000012
6353,device_05,2025-11-13 09:57:25.196966,0,0,249,29.7,68.1,668.4,645,0.0,57.03508333333333,67.82791666666672
6354,device_02,2025-11-13 09:57:44.77313,0,0,1161,32.6,55.0,827.4,835,0.0,57.40774999999998,67.82158333333341
6355,device_03,2025-11-13 09:58:01.087569,0,0,56,30.4,60.0,776.1,786,0.0,57.422916666666644,67.79341666666673
6356,device_04,2025-11-13 09:58:24.748057,0,0,15,31.8,62.0,827.4,836,0.0,58.640666666666704,69.0497500000001
6357,device_05,2025-11-13 09:58:25.720228,0,0,249,29.7,68.1,666.0,639,0.0,57.11425000000001,67.82791666666671
6358,device_02,2025-11-13 09:58:44.891334,0,0,1164,32.5,55.0,827.6,836,0.0,57.40858333333332,67.82158333333338
6359,device_03,2025-11-13 09:59:01.1072,0,0,60,30.4,60.0,782.7,795,0.0,57.4248333333333,67.78641666666672
6360,device_04,2025-11-13 09:59:24.30281,0,0,14,31.8,62.0,824.6,832,0.0,58.648166666666704,69.07100000000011
6361,device_05,2025-11-13 09:59:25.215969,0,0,249,29.6,68.2,665.2,644,0.0,57.025916666666646,67.81708333333339
6362,device_02,2025-11-13 09:59:44.8123,0,0,1161,32.3,55.0,825.9,837,0.0,57.403583333333316,67.82908333333339
6363,device_03,2025-11-13 10:00:01.449607,0,0,58,30.5,60.0,783.3,798,0.0,57.422916666666644,67.78975000000005
6364,device_04,2025-11-13 10:00:24.759247,0,0,14,31.8,62.0,824.9,831,0.0,58.648166666666704,69.0710000000001
6365,device_05,2025-11-13 10:00:25.802285,0,0,249,29.6,68.2,665.2,642,0.0,57.02591666666666,67.8170833333334
6366,device_02,2025-11-13 10:00:44.779255,0,0,1162,32.3,55.0,828.2,834,0.0,57.42066666666665,67.8215833333334
6367,device_03,2025-11-13 10:01:01.120835,0,0,59,30.5,60.0,784.8,798,0.0,57.40858333333329,67.78975000000005
6368,device_04,2025-11-13 10:01:24.176439,0,0,15,31.8,62.0,825.2,833,0.0,58.6481666666667,69.05683333333344
6369,device_05,2025-11-13 10:01:25.280792,0,0,250,29.6,68.2,670.2,644,0.0,57.04966666666665,67.82791666666671
6370,device_02,2025-11-13 10:01:44.909987,0,0,1165,32.5,55.0,827.9,835,0.0,57.40524999999998,67.81575000000005
6371,device_03,2025-11-13 10:02:01.15376,7680,7684,58,30.5,60.0,781.7,791,0.0,60.89041666666665,69.66341666666662
6372,device_04,2025-11-13 10:02:24.486061,0,0,16,31.8,62.0,827.7,836,0.0,58.630666666666706,69.04975000000012
6373,device_05,2025-11-13 10:02:25.54303,0,0,249,29.6,68.3,663.8,643,0.0,57.02591666666665,67.8170833333334
6374,device_02,2025-11-13 10:02:44.797351,0,0,1161,32.4,55.0,826.7,835,0.0,57.40024999999998,67.8215833333334
6375,device_03,2025-11-13 10:03:01.1613,0,0,56,30.4,60.0,783.4,792,0.0,57.42291666666662,67.79341666666673
6376,device_04,2025-11-13 10:03:24.21152,0,0,14,31.8,62.0,826.7,837,0.0,58.63441666666671,69.0497500000001
6377,device_05,2025-11-13 10:03:25.333006,0,0,249,29.6,68.5,665.9,641,0.0,57.04466666666665,67.8170833333334
6378,device_02,2025-11-13 10:03:44.798627,0,0,1161,32.5,55.0,829.4,833,0.0,57.42066666666665,67.83450000000005
6379,device_03,2025-11-13 10:04:01.145785,0,0,57,30.7,60.0,774.5,782,0.0,57.422916666666644,67.78975000000005
6380,device_04,2025-11-13 10:04:24.368136,0,0,15,31.8,62.0,824.2,830,0.0,58.6569166666667,69.0710000000001
6381,device_05,2025-11-13 10:04:25.294468,0,0,250,29.6,68.5,665.5,640,0.0,57.03383333333332,67.8170833333334
6382,device_02,2025-11-13 10:04:44.927177,0,0,1161,32.3,55.0,826.7,835,0.0,57.40024999999997,67.8215833333334
6383,device_03,2025-11-13 10:05:01.174614,0,0,58,30.2,60.0,779.3,792,0.0,57.42291666666663,67.78975000000005
6384,device_04,2025-11-13 10:05:24.15486,0,0,14,31.8,62.0,824.3,831,0.0,58.648166666666704,69.0710000000001
6385,device_05,2025-11-13 10:05:25.2248,0,0,248,29.6,68.5,664.9,642,0.0,57.02591666666666,67.8170833333334
6386,device_02,2025-11-13 10:05:44.79473,0,0,1163,32.5,55.0,826.3,834,0.0,57.430666666666646,67.8215833333334
6387,device_03,2025-11-13 10:06:01.291471,0,0,57,30.7,60.0,771.2,782,0.0,57.422916666666644,67.78975000000007
6388,device_04,2025-11-13 10:06:24.76578,0,0,16,31.8,62.0,825.7,835,0.0,58.631083333333365,69.05683333333344
6389,device_05,2025-11-13 10:06:25.817565,0,0,249,29.6,68.4,664.7,642,0.0,57.02591666666665,67.81708333333339
6390,device_02,2025-11-13 10:06:44.967406,0,0,1159,32.4,55.0,821.9,828,0.0,57.43691666666665,67.84366666666672
6391,device_03,2025-11-13 10:07:01.115512,0,0,60,30.5,60.0,781.7,793,0.0,57.42483333333331,67.78641666666672
6392,device_04,2025-11-13 10:07:24.157903,0,0,15,31.8,62.0,826.2,833,0.0,58.648166666666704,69.05683333333343
6393,device_05,2025-11-13 10:07:25.246806,0,0,248,29.6,68.2,664.3,641,0.0,57.04466666666665,67.81708333333339
6394,device_02,2025-11-13 10:07:44.842973,0,0,1160,32.4,55.0,822.4,827,0.0,57.43691666666665,67.84366666666673
6395,device_03,2025-11-13 10:08:01.17451,0,0,59,30.2,60.1,782.1,795,0.0,57.4248333333333,67.78975000000007
6396,device_04,2025-11-13 10:08:24.984984,0,0,15,31.8,62.0,823.8,831,0.0,58.648166666666704,69.0710000000001
6397,device_05,2025-11-13 10:08:25.251011,0,0,249,29.6,68.2,665.1,640,0.0,57.03383333333332,67.8170833333334
6398,device_02,2025-11-13 10:08:44.868831,0,0,1161,32.5,55.0,827.6,830,0.0,57.435666666666656,67.8215833333334
6399,device_03,2025-11-13 10:09:01.737873,0,0,58,30.4,60.8,769.8,779,0.0,57.42291666666663,67.78975000000005
6400,device_04,2025-11-13 10:09:24.164471,0,0,14,31.8,62.0,825.0,833,0.0,58.648166666666704,69.05683333333343
6401,device_05,2025-11-13 10:09:25.28898,0,0,250,29.6,68.2,663.4,638,0.0,57.0805,67.81708333333339
6402,device_02,2025-11-13 10:09:44.757691,0,0,1160,32.7,55.0,822.1,828,0.0,57.43691666666665,67.84366666666672
6403,device_03,2025-11-13 10:10:01.141407,0,0,58,30.2,61.0,771.7,779,0.0,57.422916666666644,67.78975000000005
6404,device_04,2025-11-13 10:10:24.507845,0,0,15,31.8,62.0,826.3,832,0.0,58.648166666666704,69.04975000000012
6405,device_05,2025-11-13 10:10:25.248814,0,0,249,29.6,68.2,662.7,640,0.0,57.033833333333334,67.8170833333334
6406,device_02,2025-11-13 10:10:45.348177,0,0,1163,32.5,55.0,827.1,835,0.0,57.41524999999997,67.8215833333334
6407,device_03,2025-11-13 10:11:01.583508,0,0,60,30.5,61.0,777.4,787,0.0,57.4248333333333,67.78641666666672
6408,device_04,2025-11-13 10:11:24.305835,0,0,16,31.8,62.0,824.0,834,0.0,58.648166666666704,69.07100000000013
6409,device_05,2025-11-13 10:11:25.333567,0,0,250,29.6,68.3,666.9,642,0.0,57.035083333333326,67.82791666666672
6410,device_02,2025-11-13 10:11:44.879992,0,0,1164,32.5,55.0,829.7,837,0.0,57.40858333333332,67.83450000000005
6411,device_03,2025-11-13 10:12:01.411502,0,0,64,30.3,61.0,792.6,807,0.0,57.34191666666664,67.78891666666672
6412,device_04,2025-11-13 10:12:24.143441,0,0,16,31.8,62.0,824.3,830,0.0,58.6569166666667,69.07100000000011
6413,device_05,2025-11-13 10:12:25.875718,0,0,248,29.6,68.3,663.6,638,0.0,57.0805,67.81708333333337
6414,device_02,2025-11-13 10:12:44.832178,0,0,1161,32.6,55.0,828.8,838,0.0,57.40108333333332,67.8215833333334
6415,device_03,2025-11-13 10:13:01.444834,0,0,59,30.1,61.0,789.3,801,0.0,57.40858333333331,67.78975000000005
6416,device_04,2025-11-13 10:13:24.362606,0,0,15,31.8,62.0,823.2,832,0.0,58.6531666666667,69.08600000000011
6417,device_05,2025-11-13 10:13:25.241237,0,0,247,29.6,68.3,664.4,642,0.0,57.02591666666666,67.80916666666673
6418,device_02,2025-11-13 10:13:44.765502,0,0,1165,32.4,55.0,829.5,841,0.0,57.39608333333331,67.82866666666672
6419,device_03,2025-11-13 10:14:01.15723,0,0,60,30.2,61.0,792.7,809,0.0,57.34191666666664,67.7830833333334
6420,device_04,2025-11-13 10:14:24.189153,0,0,16,31.8,62.0,823.9,831,0.0,58.648166666666704,69.0710000000001
6421,device_05,2025-11-13 10:14:25.545978,0,0,248,29.6,68.4,665.5,641,0.0,57.044666666666664,67.8170833333334
6422,device_02,2025-11-13 10:14:44.797915,0,0,1166,32.5,55.0,830.2,838,0.0,57.40858333333332,67.82866666666672
6423,device_03,2025-11-13 10:15:01.353437,0,0,58,30.6,61.0,791.9,806,0.0,57.329166666666644,67.78975000000005
6424,device_04,2025-11-13 10:15:24.197859,0,0,17,31.8,62.0,824.6,831,0.0,58.648166666666704,69.07100000000011
6425,device_05,2025-11-13 10:15:25.238656,0,0,248,29.5,68.5,664.0,640,0.0,57.03383333333332,67.81041666666673
6426,device_02,2025-11-13 10:15:44.997206,0,0,1165,32.5,55.0,828.8,840,0.0,57.396083333333316,67.81575000000005
6427,device_03,2025-11-13 10:16:01.16567,0,0,58,30.2,61.0,791.2,806,0.0,57.406666666666645,67.78975000000005
6428,device_04,2025-11-13 10:16:24.39764,0,0,16,31.8,62.0,824.7,834,0.0,58.6481666666667,69.07100000000011
6429,device_05,2025-11-13 10:16:25.371786,0,0,247,29.5,68.4,657.3,635,0.0,57.08299999999999,67.81500000000005
6430,device_02,2025-11-13 10:16:45.008594,0,0,1165,32.6,55.0,831.3,839,0.0,57.39608333333331,67.82866666666672
6431,device_03,2025-11-13 10:17:01.635662,0,0,57,30.5,61.0,787.4,802,0.0,57.406666666666645,67.78975000000005
6432,device_04,2025-11-13 10:17:24.521423,0,0,16,31.8,62.0,820.9,830,0.0,58.66025000000003,69.08766666666678
6433,device_05,2025-11-13 10:17:25.331565,0,0,247,29.5,68.3,659.9,635,0.0,57.08049999999997,67.81500000000005
6434,device_02,2025-11-13 10:17:44.833574,0,0,1166,32.6,55.0,831.0,838,0.0,57.408583333333326,67.82866666666672
6435,device_03,2025-11-13 10:18:01.959911,0,0,57,30.6,61.0,789.1,801,0.0,57.40666666666663,67.78975000000005
6436,device_04,2025-11-13 10:18:24.334044,0,0,17,31.8,62.0,821.5,828,0.0,58.65150000000003,69.08766666666678
6437,device_05,2025-11-13 10:18:25.284502,0,0,247,29.5,68.3,660.6,636,0.0,57.080499999999994,67.80250000000005
6438,device_02,2025-11-13 10:18:45.05499,0,0,1167,32.5,55.0,829.2,839,0.0,57.396083333333316,67.82866666666672
6439,device_03,2025-11-13 10:19:01.258032,0,0,58,30.5,61.0,787.2,804,0.0,57.40666666666663,67.78975000000007
6440,device_04,2025-11-13 10:19:24.337878,0,0,16,31.8,62.0,819.6,829,0.0,58.627333333333375,69.08933333333343
6441,device_05,2025-11-13 10:19:25.369443,40,47,247,29.5,68.4,662.4,638,0.0,58.923250000000024,69.30816666666671
6442,device_02,2025-11-13 10:19:44.861901,0,0,1161,32.5,55.0,829.2,837,0.0,57.40108333333332,67.83450000000005
6443,device_03,2025-11-13 10:20:01.657577,0,0,57,30.6,61.0,789.8,804,0.0,57.40666666666663,67.78975000000005
6444,device_04,2025-11-13 10:20:24.242353,0,0,16,31.8,62.0,821.0,828,0.0,58.65150000000003,69.08766666666678
6445,device_05,2025-11-13 10:20:25.275437,40,47,246,29.5,68.5,660.2,635,0.0,58.92325000000003,69.32150000000003
6446,device_02,2025-11-13 10:20:45.148437,0,0,1163,32.5,55.0,829.3,838,0.0,57.40858333333332,67.83450000000005
6447,device_03,2025-11-13 10:21:01.357113,0,0,57,30.3,61.0,790.9,802,0.0,57.40666666666663,67.78975000000007
6448,device_04,2025-11-13 10:21:24.207581,0,0,15,31.8,62.0,821.6,828,0.0,58.65150000000003,69.08766666666678
6449,device_05,2025-11-13 10:21:25.273789,0,0,247,29.5,68.5,662.5,640,0.0,57.03383333333332,67.80250000000005
6450,device_02,2025-11-13 10:21:44.849973,0,0,1164,32.4,55.0,831.1,835,0.0,57.40524999999997,67.83450000000006
6451,device_03,2025-11-13 10:22:01.691641,0,0,55,30.4,61.0,783.2,797,0.0,57.422916666666644,67.79341666666673
6452,device_04,2025-11-13 10:22:24.268414,0,0,16,31.8,62.0,821.2,831,0.0,58.65150000000003,69.08766666666678
6453,device_05,2025-11-13 10:22:25.279044,0,0,247,29.5,68.5,663.7,639,0.0,57.07966666666667,67.80250000000005
6454,device_02,2025-11-13 10:22:45.043016,0,0,1162,32.4,55.0,829.5,833,0.0,57.420666666666655,67.83450000000006
6455,device_03,2025-11-13 10:23:01.490431,0,0,57,30.5,61.0,787.8,801,0.0,57.406666666666645,67.78975000000005
6456,device_04,2025-11-13 10:23:24.72924,0,0,15,31.8,62.0,822.3,830,0.0,58.662750000000045,69.0860000000001
6457,device_05,2025-11-13 10:23:25.320541,0,0,247,29.5,68.5,661.9,636,0.0,57.080499999999994,67.80250000000007
6458,device_02,2025-11-13 10:23:44.859685,0,0,1164,32.5,55.0,827.9,837,0.0,57.40858333333332,67.8215833333334
6459,device_03,2025-11-13 10:24:02.375108,0,0,57,30.5,61.0,786.8,800,0.0,57.40666666666663,67.78975000000005
6460,device_04,2025-11-13 10:24:24.329977,0,0,15,31.8,62.0,822.0,831,0.0,58.65400000000003,69.0860000000001
6461,device_05,2025-11-13 10:24:25.20991,0,0,246,29.5,68.6,660.7,635,0.0,57.0805,67.80250000000007
6462,device_02,2025-11-13 10:24:44.7566,0,0,1165,32.5,55.0,825.6,835,0.0,57.40774999999998,67.82325000000004
6463,device_04,2025-11-13 10:25:24.339612,0,0,15,31.8,62.0,821.4,828,0.0,58.65150000000003,69.08766666666678
6464,device_05,2025-11-13 10:25:25.34373,0,0,245,29.5,68.6,661.3,632,0.0,57.080499999999994,67.80250000000005
6465,device_05,2025-11-13 10:26:25.332041,0,0,246,29.5,68.6,658.1,635,0.0,57.08299999999999,67.81500000000005
6466,device_03,2025-11-13 10:30:01.319009,0,0,49,30.3,61.0,792.4,806,0.0,58.11808333333333,69.00016666666674
6467,device_02,2025-11-13 10:30:44.956965,0,0,1166,32.5,55.0,836.5,849,0.0,57.40566666666663,67.87075000000006
6468,device_03,2025-11-13 10:31:01.181523,0,0,52,30.4,61.0,769.0,779,0.0,57.42291666666663,67.69383333333337
6469,device_04,2025-11-13 10:31:24.388352,0,0,13,31.8,62.0,826.7,837,0.0,58.6344166666667,69.04975000000012
6470,device_02,2025-11-13 10:31:44.750766,0,0,1163,32.4,55.0,829.5,837,0.0,57.40858333333332,67.83450000000005
6471,device_03,2025-11-13 10:32:01.129491,0,0,54,30.6,61.0,781.0,793,0.0,57.42291666666662,67.79050000000005
6472,device_04,2025-11-13 10:32:24.194423,0,0,14,31.8,62.0,817.6,827,0.0,58.62108333333336,69.03708333333344
6473,device_05,2025-11-13 10:32:25.543153,0,0,232,29.4,68.6,658.5,635,0.0,57.08299999999999,67.81500000000005
6474,device_02,2025-11-13 10:32:44.79069,0,0,1166,32.5,55.0,829.3,837,0.0,57.40858333333332,67.82866666666673
6475,device_04,2025-11-13 10:33:24.257324,21,21,16,31.8,62.0,821.9,826,0.0,58.65400000000003,69.0860000000001
6476,device_05,2025-11-13 10:33:25.214407,0,0,240,29.4,68.7,652.7,628,0.0,57.74925000000002,67.9995833333334
6477,device_02,2025-11-13 10:33:44.940189,0,0,1167,32.5,55.0,827.6,837,0.0,57.40858333333332,67.81575000000005
6478,device_04,2025-11-13 10:34:24.320629,22,22,16,31.8,62.0,818.2,826,0.0,58.628166666666694,69.08975000000011
6479,device_05,2025-11-13 10:34:25.200176,0,0,243,29.4,68.7,653.4,626,0.0,57.74925,67.9995833333334
6480,device_02,2025-11-13 10:34:44.782135,0,0,1165,32.5,55.0,828.8,837,0.0,57.40858333333331,67.81575000000004
6481,device_04,2025-11-13 10:35:24.209303,0,0,17,31.8,62.0,819.9,828,0.0,58.62733333333336,69.08933333333344
6482,device_02,2025-11-13 10:35:44.894686,0,0,1162,32.5,55.0,829.5,831,0.0,57.42066666666665,67.83450000000006
6483,device_04,2025-11-13 10:36:24.160813,0,0,15,31.8,62.0,817.4,824,0.0,58.62108333333335,69.03708333333344
6484,device_02,2025-11-13 10:36:44.854158,0,0,1163,32.5,55.0,826.3,834,0.0,57.430666666666646,67.8215833333334
6485,device_04,2025-11-13 10:37:24.198857,0,0,16,31.8,62.0,817.0,825,0.0,58.62108333333336,69.03708333333344
6486,device_02,2025-11-13 10:37:45.358753,0,0,1164,32.5,55.0,822.9,834,0.0,57.43733333333332,67.84366666666672
6487,device_04,2025-11-13 10:38:24.269518,0,0,15,31.8,62.0,817.2,821,0.0,58.62108333333335,69.03708333333344
6488,device_02,2025-11-13 10:38:44.777322,35,39,1166,32.5,55.0,825.9,834,0.0,57.64749999999998,68.43833333333333
6489,device_04,2025-11-13 10:39:24.308287,0,0,15,31.6,62.0,818.9,823,0.0,58.627333333333375,69.08975000000011
6490,device_02,2025-11-13 10:39:44.779354,34,38,1166,32.6,55.0,827.3,837,0.0,57.60566666666665,68.23166666666671
6491,device_04,2025-11-13 10:40:24.17424,0,0,15,31.5,62.0,816.9,827,0.0,58.62108333333336,69.03708333333344
6492,device_02,2025-11-13 10:40:44.803013,0,0,1164,32.5,55.0,826.5,834,0.0,57.43066666666664,67.8215833333334
6493,device_04,2025-11-13 10:41:24.454281,0,0,15,31.4,62.0,817.6,824,0.0,58.62108333333336,69.03708333333343
6494,device_02,2025-11-13 10:41:44.773011,0,0,1163,32.6,55.0,825.0,828,0.0,57.43691666666665,67.82908333333339
6495,device_04,2025-11-13 10:42:24.179566,0,0,15,31.3,62.0,814.6,823,0.0,58.62441666666669,69.01958333333341
6496,device_02,2025-11-13 10:42:44.806652,0,0,1161,32.5,55.0,823.9,828,0.0,57.42941666666665,67.83491666666673
6497,device_04,2025-11-13 10:43:24.221095,0,0,15,31.3,62.0,817.1,822,0.0,58.62108333333336,69.03708333333344
6498,device_02,2025-11-13 10:43:44.933738,0,0,1163,32.4,55.0,823.2,829,0.0,57.44358333333331,67.84366666666673
6499,device_04,2025-11-13 10:44:24.731079,0,0,16,31.3,62.0,818.2,823,0.0,58.628166666666694,69.08975000000011
6500,device_02,2025-11-13 10:44:44.834865,0,0,1167,32.5,55.0,823.3,833,0.0,57.43733333333332,67.83783333333338
6501,device_04,2025-11-13 10:45:24.264061,21,21,17,31.3,62.0,814.8,825,0.0,58.62066666666669,69.01958333333343
6502,device_02,2025-11-13 10:45:44.940715,0,0,1166,32.5,55.0,822.5,834,0.0,57.438166666666646,67.83783333333339
6503,device_04,2025-11-13 10:46:24.217818,0,0,17,31.3,62.0,817.6,822,0.0,58.62108333333336,69.03708333333344
6504,device_02,2025-11-13 10:46:45.418613,0,0,1164,32.5,55.0,829.6,832,0.0,57.42816666666665,67.83450000000006
6505,device_04,2025-11-13 10:47:24.288071,0,0,15,31.3,62.0,816.5,819,0.0,58.621083333333374,69.03708333333344
6506,device_02,2025-11-13 10:47:44.846263,0,0,1165,32.5,55.0,826.5,832,0.0,57.430666666666646,67.81575000000004
6507,device_04,2025-11-13 10:48:24.364201,0,0,14,31.3,62.0,817.1,823,0.0,58.62108333333336,69.03708333333344
6508,device_02,2025-11-13 10:48:44.820723,0,0,1165,32.6,55.0,822.4,832,0.0,57.438166666666646,67.8378333333334
6509,device_04,2025-11-13 10:49:24.48866,0,0,14,31.3,62.0,814.5,822,0.0,58.624416666666704,69.01958333333343
6510,device_02,2025-11-13 10:49:45.012809,0,0,1162,31.7,55.7,825.5,831,0.0,57.423166666666646,67.82908333333339
6511,device_04,2025-11-13 10:50:24.367435,0,0,14,31.3,62.0,815.4,821,0.0,58.6206666666667,69.01958333333343
6512,device_02,2025-11-13 10:50:44.880835,35,41,1161,31.5,56.0,823.7,830,0.0,57.639166666666654,68.63049999999998
6513,device_04,2025-11-13 10:51:24.728513,0,0,15,31.3,62.0,814.4,820,0.0,58.62441666666669,69.01958333333341
6514,device_02,2025-11-13 10:51:44.828153,0,0,1163,31.5,56.0,823.2,828,0.0,57.443583333333315,67.84366666666673
6515,device_04,2025-11-13 10:52:24.268907,0,0,16,31.3,62.0,816.7,822,0.0,58.62108333333336,69.03708333333344
6516,device_02,2025-11-13 10:52:44.849727,0,0,1164,31.4,56.0,820.9,831,0.0,57.43566666666665,67.84908333333338
6517,device_04,2025-11-13 10:53:24.237525,0,0,16,31.3,62.0,815.0,823,0.0,58.6206666666667,69.01958333333341
6518,device_02,2025-11-13 10:53:45.27898,0,0,1167,31.4,56.0,823.4,832,0.0,57.43066666666666,67.82908333333339
6519,device_04,2025-11-13 10:54:24.323007,0,0,16,31.3,62.0,815.4,821,0.0,58.62066666666669,69.01958333333343
6520,device_02,2025-11-13 10:54:44.921051,0,0,1165,31.6,56.0,824.5,834,0.0,57.430666666666646,67.82908333333339
6521,device_04,2025-11-13 10:55:24.232371,0,0,15,31.3,62.0,815.1,821,0.0,58.6206666666667,69.01958333333343
6522,device_02,2025-11-13 10:55:45.426287,0,0,1163,31.5,56.0,825.7,830,0.0,57.44566666666665,67.82908333333339
6523,device_04,2025-11-13 10:56:24.441139,0,0,14,31.3,62.0,814.1,819,0.0,58.62441666666668,69.01958333333341
6524,device_02,2025-11-13 10:56:44.834507,0,0,1164,31.6,56.0,824.4,830,0.0,57.44566666666665,67.83491666666673
6525,device_04,2025-11-13 10:57:24.273582,0,0,15,31.3,62.0,813.2,818,0.0,58.6369166666667,69.03625000000008
6526,device_02,2025-11-13 10:57:45.337307,0,0,1164,31.5,56.0,820.1,829,0.0,57.42524999999998,67.8490833333334
6527,device_04,2025-11-13 10:58:24.252859,0,0,15,31.3,62.0,815.2,821,0.0,58.62066666666669,69.01958333333343
6528,device_02,2025-11-13 10:58:44.965882,0,0,1166,31.4,56.0,823.1,831,0.0,57.43733333333332,67.83783333333339
6529,device_04,2025-11-13 10:59:24.417535,0,0,15,31.3,62.0,812.7,819,0.0,58.63691666666669,69.0362500000001
6530,device_02,2025-11-13 10:59:45.12679,0,0,1167,31.5,56.0,823.5,833,0.0,57.430666666666646,67.82908333333339
6531,device_04,2025-11-13 11:00:24.248703,0,0,17,31.3,62.0,815.4,820,0.0,58.60225000000003,69.00600000000007
6532,device_02,2025-11-13 11:00:44.961096,0,0,1166,31.5,56.0,824.6,833,0.0,57.388333333333314,67.70691666666671
6533,device_04,2025-11-13 11:01:24.258014,0,0,15,31.3,62.0,814.3,822,0.0,58.60600000000004,69.00600000000009
6534,device_02,2025-11-13 11:01:44.868617,0,0,1166,31.6,56.0,828.5,834,0.0,57.38583333333331,67.69358333333338
6535,device_01,2025-11-13 11:02:06.031835,0,0,102,29.5,28.6,853.7,919,0.0,58.502666666666656,68.5845833333334
6536,device_04,2025-11-13 11:02:24.278033,0,0,15,31.3,62.0,812.4,818,0.0,58.61850000000004,69.02266666666674
6537,device_02,2025-11-13 11:02:45.215548,0,0,1166,31.5,56.0,826.5,838,0.0,57.36874999999997,67.69358333333338
6538,device_01,2025-11-13 11:03:05.392007,0,0,104,29.6,29.9,862.8,929,0.0,58.53933333333332,68.66441666666675
6539,device_04,2025-11-13 11:03:24.298275,0,0,15,31.3,62.0,810.9,816,0.0,58.62516666666671,69.02266666666675
6540,device_02,2025-11-13 11:03:44.913795,0,0,1163,31.4,56.0,825.8,831,0.0,57.388333333333314,67.70691666666671
6541,device_01,2025-11-13 11:04:05.448314,0,0,104,29.4,31.0,862.2,929,0.0,58.537249999999986,68.65608333333341
6542,device_04,2025-11-13 11:04:24.852473,0,0,16,31.3,62.0,811.5,816,0.0,58.62225000000003,69.02266666666675
6543,device_02,2025-11-13 11:04:44.994879,0,0,1166,31.5,56.0,826.4,835,0.0,57.36541666666664,67.69358333333338
6544,device_01,2025-11-13 11:05:05.269927,0,0,104,29.4,33.4,850.4,918,0.0,58.503499999999995,68.57291666666674
6545,device_04,2025-11-13 11:05:24.49488,0,0,17,31.3,62.0,813.2,817,0.0,58.61850000000003,69.02266666666675
6546,device_02,2025-11-13 11:05:44.892213,0,0,1164,31.4,56.0,824.4,831,0.0,57.388333333333314,67.71275000000006
6547,device_01,2025-11-13 11:06:05.061783,0,0,102,29.4,38.2,844.0,905,0.0,58.215166666666654,68.06700000000008
6548,device_04,2025-11-13 11:06:24.811293,0,0,17,31.3,62.0,812.0,816,0.0,58.61850000000003,69.02266666666675
6549,device_02,2025-11-13 11:06:44.866218,0,0,1163,31.5,56.0,824.7,826,0.0,57.394583333333316,67.71275000000006
6550,device_01,2025-11-13 11:07:05.131174,0,0,101,29.4,40.8,840.5,902,0.0,58.166416666666656,68.0163333333334
6551,device_04,2025-11-13 11:07:24.30151,0,0,17,31.3,62.2,812.1,818,0.0,58.61850000000003,69.02266666666675
6552,device_02,2025-11-13 11:07:44.84335,0,0,1163,31.5,56.0,822.5,829,0.0,57.4020833333333,67.72650000000006
6553,device_01,2025-11-13 11:08:05.198298,0,0,101,29.5,42.2,835.3,896,0.0,58.070999999999984,68.03016666666676
6554,device_04,2025-11-13 11:08:24.256322,0,0,16,31.3,63.0,810.0,816,0.0,58.62516666666671,69.02266666666674
6555,device_02,2025-11-13 11:08:45.040603,0,0,1165,31.5,56.0,822.0,826,0.0,57.4020833333333,67.72066666666672
6556,device_01,2025-11-13 11:09:05.10936,0,0,101,29.4,43.7,834.5,893,0.0,58.01933333333332,68.02933333333343
6557,device_04,2025-11-13 11:09:24.494413,0,0,15,31.3,63.0,809.4,815,0.0,58.62516666666669,69.02266666666674
6558,device_02,2025-11-13 11:09:45.027182,0,0,1164,31.5,56.0,820.5,829,0.0,57.37458333333329,67.73191666666672
6559,device_01,2025-11-13 11:10:05.413132,0,0,100,29.5,45.3,831.5,892,0.0,58.023083333333325,67.93850000000009
6560,device_04,2025-11-13 11:10:24.324256,0,0,16,31.3,63.0,809.7,816,0.0,58.6251666666667,69.02266666666677
6561,device_02,2025-11-13 11:10:44.87102,0,0,1165,31.5,56.4,818.4,827,0.0,57.382916666666624,67.72858333333338
6562,device_01,2025-11-13 11:11:05.229434,0,0,101,30.3,46.0,830.2,886,0.0,58.02308333333333,67.94391666666675
6563,device_04,2025-11-13 11:11:24.90451,0,0,17,31.3,63.0,809.7,813,0.0,58.6251666666667,69.02266666666675
6564,device_02,2025-11-13 11:11:44.966932,0,0,1164,31.5,56.7,822.4,827,0.0,57.4020833333333,67.72650000000004
6565,device_01,2025-11-13 11:12:05.537209,0,0,101,30.3,46.8,828.1,886,0.0,58.023083333333325,67.93391666666673
6566,device_04,2025-11-13 11:12:24.358039,0,0,18,31.3,62.5,810.0,813,0.0,58.62516666666669,69.02266666666675
6567,device_02,2025-11-13 11:12:44.887961,0,0,1163,31.5,56.3,819.6,829,0.0,57.382916666666624,67.73358333333337
6568,device_01,2025-11-13 11:13:05.167833,0,0,101,30.5,47.0,827.2,885,0.0,58.02808333333333,67.93391666666673
6569,device_04,2025-11-13 11:13:24.833436,0,0,14,31.3,61.6,805.5,810,0.0,58.63641666666669,69.02016666666675
6570,device_02,2025-11-13 11:13:44.938201,0,0,1164,31.4,56.0,820.2,824,0.0,57.374583333333305,67.73191666666672
6571,device_01,2025-11-13 11:14:05.339312,0,0,102,30.4,47.0,829.4,889,0.0,58.023083333333325,67.94391666666675
6572,device_04,2025-11-13 11:14:24.245925,0,0,18,31.3,61.0,804.2,809,0.0,58.6364166666667,69.02016666666674
6573,device_02,2025-11-13 11:14:44.901865,0,0,1164,31.5,55.5,815.3,820,0.0,57.3295833333333,67.66991666666671
6574,device_01,2025-11-13 11:15:05.737489,0,0,100,30.5,47.0,831.2,887,0.0,58.023083333333325,67.94391666666675
6575,device_02,2025-11-13 11:15:45.550747,0,0,1163,31.5,55.0,816.6,825,0.0,57.39041666666663,67.68175000000004
6576,device_01,2025-11-13 11:16:05.497525,0,0,100,30.5,47.0,828.1,886,0.0,58.023083333333325,67.93391666666673
6577,device_02,2025-11-13 11:16:45.009615,0,0,1165,31.4,55.0,819.3,823,0.0,57.38291666666663,67.72858333333338
6578,device_01,2025-11-13 11:17:05.173419,0,0,101,30.5,47.0,828.6,885,0.0,58.023083333333325,67.93100000000007
6579,device_02,2025-11-13 11:17:44.843749,0,0,1163,31.4,55.0,819.5,828,0.0,57.38291666666663,67.73358333333337
6580,device_01,2025-11-13 11:18:05.589216,47,57,101,30.4,47.0,829.1,886,0.0,61.19541666666667,70.15899999999996
6581,device_02,2025-11-13 11:18:44.963333,0,0,1167,31.6,55.0,821.1,827,0.0,57.399583333333304,67.72608333333338
6582,device_01,2025-11-13 11:19:05.245608,48,58,101,30.5,47.0,830.0,890,0.0,61.24125,70.12566666666663
6583,device_02,2025-11-13 11:19:44.994807,0,0,1163,31.3,55.0,821.4,827,0.0,57.399583333333304,67.7319166666667
6584,device_01,2025-11-13 11:20:05.727966,0,0,101,30.5,47.0,832.8,892,0.0,58.02308333333332,67.94266666666675
6585,device_02,2025-11-13 11:20:45.080731,0,0,1162,31.5,55.0,820.9,826,0.0,57.392083333333304,67.73191666666672
6586,device_01,2025-11-13 11:21:05.32501,0,0,102,30.4,47.0,834.0,893,0.0,58.02808333333333,68.00225000000007
6587,device_02,2025-11-13 11:21:44.781555,0,0,1161,31.5,55.0,820.6,823,0.0,57.392083333333304,67.73191666666672
6588,device_01,2025-11-13 11:22:05.596271,0,0,101,30.3,47.0,833.6,893,0.0,58.02808333333333,68.00225000000007
6589,device_02,2025-11-13 11:22:44.833164,0,0,1160,31.6,55.0,817.6,823,0.0,57.38291666666663,67.68175000000005
6590,device_01,2025-11-13 11:23:05.242987,0,0,101,30.2,47.0,833.0,891,0.0,58.023083333333325,67.94266666666675
6591,device_02,2025-11-13 11:23:44.973748,0,0,1163,31.3,55.3,817.0,822,0.0,57.39041666666663,67.68175000000005
6592,device_01,2025-11-13 11:24:05.795017,0,0,102,30.5,47.0,833.3,891,0.0,58.023083333333325,67.94266666666675
6593,device_02,2025-11-13 11:24:45.607077,0,0,1161,31.5,55.8,817.2,825,0.0,57.382916666666624,67.68175000000005
6594,device_01,2025-11-13 11:25:05.175051,0,0,101,30.6,46.9,833.5,893,0.0,58.02808333333333,67.99225000000007
6595,device_01,2025-11-13 11:26:05.685675,0,0,102,30.6,46.0,834.0,897,0.0,58.046416666666666,68.00225000000007
6596,device_01,2025-11-13 11:27:05.793982,0,0,101,30.4,46.0,835.8,898,0.0,58.071,68.03516666666674
6597,device_01,2025-11-13 11:28:05.027861,0,0,102,30.5,46.0,836.5,897,0.0,58.071,68.03516666666675
6598,device_01,2025-11-13 11:29:05.311822,0,0,101,30.6,46.0,838.3,896,0.0,58.071,68.03516666666675
6599,device_01,2025-11-13 11:30:05.784196,43,52,102,30.6,46.0,836.4,895,0.0,60.787083333333385,69.62450000000001
6600,device_02,2025-11-13 11:30:44.817521,0,0,1163,31.6,56.0,827.2,834,0.0,57.3958333333333,67.69941666666672
6601,device_01,2025-11-13 11:31:05.059041,0,0,101,30.5,46.0,836.0,896,0.0,58.070999999999984,68.03516666666674
6602,device_02,2025-11-13 11:31:45.491511,0,0,1162,31.5,56.0,815.8,819,0.0,57.3558333333333,67.6699166666667
6603,device_01,2025-11-13 11:32:06.724316,0,0,102,30.3,45.5,836.3,897,0.0,58.071000000000005,68.03516666666674
6604,device_02,2025-11-13 11:32:44.78934,0,0,1161,31.4,56.0,814.5,822,0.0,57.32583333333329,67.66991666666671
6605,device_01,2025-11-13 11:33:05.057958,0,0,101,30.3,45.0,837.0,898,0.0,58.071,68.03516666666675
6606,device_02,2025-11-13 11:33:45.46242,0,0,1164,31.4,56.0,814.4,818,0.0,57.33333333333329,67.66991666666671
6607,device_01,2025-11-13 11:34:05.417727,0,0,102,30.3,45.0,838.8,898,0.0,58.071,68.03516666666675
6608,device_02,2025-11-13 11:34:44.781802,0,0,1160,31.6,56.0,812.7,819,0.0,57.33416666666663,67.69075000000002
6609,device_01,2025-11-13 11:35:05.267807,0,0,101,30.4,45.0,838.2,899,0.0,58.071,68.03516666666675
6610,device_02,2025-11-13 11:35:44.924464,0,0,1160,31.5,56.0,812.4,817,0.0,57.334166666666626,67.69075000000004
6611,device_01,2025-11-13 11:36:05.304185,0,0,101,30.4,45.0,839.3,900,0.0,58.168499999999995,68.02316666666674
6612,device_02,2025-11-13 11:36:44.861835,0,0,1159,31.5,56.0,812.1,813,0.0,57.33416666666663,67.6949166666667
6613,device_01,2025-11-13 11:37:04.996399,0,0,102,30.4,45.0,837.7,899,0.0,58.071,68.03516666666675
6614,device_02,2025-11-13 11:37:45.001467,0,0,1159,31.5,56.0,806.9,812,0.0,57.39624999999997,67.6949166666667
6615,device_01,2025-11-13 11:38:05.627698,0,0,101,30.5,45.0,839.2,901,0.0,58.168499999999995,68.02175000000007
6616,device_02,2025-11-13 11:38:44.787515,0,0,1156,31.4,56.0,807.1,807,0.0,57.369166666666636,67.70075000000003
6617,device_01,2025-11-13 11:39:05.640086,0,0,101,30.6,45.0,839.5,901,0.0,58.1685,68.02175000000007
6618,device_02,2025-11-13 11:39:44.758047,39,47,1156,31.5,56.0,804.6,809,0.0,58.926166666666674,68.9191666666667
6619,device_01,2025-11-13 11:40:05.073923,0,0,101,30.6,45.0,838.4,898,0.0,58.071,68.03516666666675
6620,device_02,2025-11-13 11:40:44.78675,0,0,1154,31.4,56.0,799.0,803,0.0,57.37666666666664,67.69491666666671
6621,device_01,2025-11-13 11:41:05.085349,0,0,101,30.3,45.0,838.4,900,0.0,58.168499999999995,68.02641666666676
6622,device_02,2025-11-13 11:41:44.973331,0,0,1155,31.5,55.7,801.4,802,0.0,57.37291666666664,67.68908333333337
6623,device_01,2025-11-13 11:42:05.338566,0,0,102,30.4,45.0,838.2,899,0.0,58.071,68.03516666666674
6624,device_02,2025-11-13 11:42:44.982888,0,0,1155,31.5,55.9,804.5,810,0.0,57.37291666666663,67.69783333333338
6625,device_02,2025-11-13 11:43:44.787942,0,0,1158,31.4,56.0,807.0,809,0.0,57.39624999999997,67.6949166666667
6626,device_02,2025-11-13 11:44:45.339929,0,0,1157,31.4,56.0,805.9,809,0.0,57.39999999999996,67.69200000000004
6627,device_02,2025-11-13 11:45:45.003661,43,50,1157,31.6,56.0,807.4,812,0.0,59.89725000000004,69.05000000000003
6628,device_02,2025-11-13 11:46:45.353192,0,0,1159,31.2,56.2,808.7,812,0.0,57.396249999999974,67.6949166666667
6629,device_02,2025-11-13 11:47:45.097717,0,0,1157,30.4,57.0,806.7,812,0.0,57.396249999999974,67.6949166666667
6630,device_01,2025-11-13 11:48:05.023751,0,0,87,30.6,46.0,843.2,904,0.0,58.21724999999999,68.0753333333334
6631,device_02,2025-11-13 11:48:45.432859,0,0,1161,30.5,57.0,805.9,811,0.0,57.39999999999997,67.69200000000004
6632,device_01,2025-11-13 11:49:05.528942,0,0,99,30.4,45.5,836.9,897,0.0,58.071,68.03516666666674
6633,device_02,2025-11-13 11:49:44.763086,0,0,1157,30.5,57.0,808.5,813,0.0,57.39624999999997,67.6949166666667
6634,device_01,2025-11-13 11:50:05.100562,0,0,100,30.3,45.0,836.2,896,0.0,58.070999999999984,68.03516666666677
6635,device_02,2025-11-13 11:50:45.121093,0,0,1157,30.5,57.0,808.4,810,0.0,57.396249999999974,67.6949166666667
6636,device_01,2025-11-13 11:51:06.38515,0,0,101,30.4,45.0,835.6,895,0.0,58.071,68.03516666666674
6637,device_02,2025-11-13 11:51:44.779666,44,52,1157,30.3,57.6,808.9,808,0.0,60.19416666666672,69.2671666666667
6638,device_01,2025-11-13 11:52:05.279804,0,0,101,30.6,45.0,836.5,898,0.0,58.071,68.03516666666675
6639,device_02,2025-11-13 11:52:44.861961,0,0,1155,30.4,58.0,805.9,807,0.0,57.37291666666663,67.69783333333338
6640,device_01,2025-11-13 11:53:05.224738,0,0,101,30.3,45.0,837.5,896,0.0,58.071,68.03516666666674
6641,device_02,2025-11-13 11:53:44.983686,0,0,1156,30.5,58.0,803.9,804,0.0,57.37291666666664,67.69908333333338
6642,device_01,2025-11-13 11:54:05.034769,0,0,100,30.4,45.0,836.1,897,0.0,58.071,68.03516666666675
6643,device_02,2025-11-13 11:54:44.861176,0,0,1155,30.4,58.0,802.3,806,0.0,57.37291666666664,67.69908333333338
6644,device_01,2025-11-13 11:55:04.994085,0,0,102,30.5,45.0,836.0,898,0.0,58.071,68.03516666666675
6645,device_02,2025-11-13 11:55:45.44332,0,0,1156,30.4,58.0,802.6,803,0.0,57.37291666666664,67.69908333333338
6646,device_01,2025-11-13 11:56:05.040498,0,0,101,30.5,45.0,837.3,899,0.0,58.071,68.03516666666674
6647,device_02,2025-11-13 11:56:44.834316,0,0,1157,30.4,58.0,802.4,804,0.0,57.39999999999996,67.69325000000005
6648,device_01,2025-11-13 11:57:05.703718,0,0,100,30.5,45.0,838.9,898,0.0,58.071,68.03191666666675
6649,device_02,2025-11-13 11:57:45.406816,0,0,1154,30.6,58.0,800.5,804,0.0,57.376666666666644,67.6949166666667
6650,device_01,2025-11-13 11:58:05.02134,0,0,101,30.6,44.9,839.4,899,0.0,58.071,68.03191666666675
6651,device_02,2025-11-13 11:58:44.898977,0,0,1154,30.3,58.0,797.3,800,0.0,57.38499999999997,67.69491666666671
6652,device_01,2025-11-13 11:59:05.234936,0,0,101,31.3,44.2,837.2,897,0.0,58.071,68.03516666666674
6653,device_02,2025-11-13 11:59:44.81816,0,0,1156,30.3,58.0,801.0,805,0.0,57.37291666666664,67.68908333333337
6654,device_01,2025-11-13 12:00:05.018077,0,0,100,31.5,44.0,838.1,898,0.0,58.05416666666667,68.5183333333334
6655,device_02,2025-11-13 12:00:44.779248,0,0,1157,30.5,58.0,803.6,808,0.0,57.447499999999984,68.04283333333338
6656,device_01,2025-11-13 12:01:05.198812,0,0,99,31.4,44.0,837.0,898,0.0,58.05416666666665,68.5183333333334
6657,device_02,2025-11-13 12:01:44.82392,0,0,1159,30.2,58.0,803.8,807,0.0,57.447499999999984,68.04283333333338
6658,device_01,2025-11-13 12:02:05.611016,0,0,100,31.3,44.0,836.9,898,0.0,58.05416666666666,68.5183333333334
6659,device_02,2025-11-13 12:02:44.823706,0,0,1157,30.4,58.0,803.8,808,0.0,57.44749999999999,68.04283333333338
6660,device_01,2025-11-13 12:03:05.392256,0,0,100,31.4,44.0,836.2,898,0.0,58.05416666666666,68.5183333333334
6661,device_02,2025-11-13 12:03:44.854527,0,0,1159,30.7,58.0,805.4,807,0.0,57.44749999999999,68.04283333333338
6662,device_01,2025-11-13 12:04:05.171433,0,0,100,31.3,44.0,838.4,899,0.0,58.05416666666666,68.51833333333342
6663,device_02,2025-11-13 12:04:46.393646,0,0,1156,30.5,58.0,803.0,808,0.0,57.422499999999985,68.04866666666672
6664,device_01,2025-11-13 12:05:05.264449,0,0,100,31.2,44.0,839.4,901,0.0,58.151666666666664,68.5063333333334
6665,device_02,2025-11-13 12:05:44.875652,0,0,1154,30.4,58.0,803.3,804,0.0,57.41749999999998,68.05575000000006
6666,device_01,2025-11-13 12:06:05.17186,0,0,100,31.3,44.0,839.3,901,0.0,58.151666666666664,68.5063333333334
6667,device_02,2025-11-13 12:06:44.980219,0,0,1155,30.6,58.0,804.2,801,0.0,57.422499999999985,68.04991666666672
6668,device_01,2025-11-13 12:07:05.66462,0,0,100,31.5,44.0,840.1,901,0.0,58.15166666666665,68.50633333333339
6669,device_02,2025-11-13 12:07:45.027885,0,0,1154,30.4,58.0,800.5,803,0.0,57.42624999999998,68.04700000000007
6670,device_01,2025-11-13 12:08:05.022879,0,0,100,31.5,44.0,839.5,903,0.0,58.151666666666664,68.5063333333334
6671,device_02,2025-11-13 12:08:44.822812,0,0,1156,30.4,58.0,800.3,801,0.0,57.43124999999999,68.04116666666673
6672,device_01,2025-11-13 12:09:05.229687,0,0,100,31.5,43.9,841.3,902,0.0,58.151666666666664,68.5063333333334
6673,device_02,2025-11-13 12:09:45.03089,0,0,1153,30.5,58.0,798.9,801,0.0,57.42291666666666,68.04700000000007
6674,device_01,2025-11-13 12:10:04.998992,0,0,100,31.3,43.0,840.9,904,0.0,58.151666666666664,68.5063333333334
6675,device_02,2025-11-13 12:10:44.813017,0,0,1156,30.3,58.0,800.0,801,0.0,57.43124999999999,68.04116666666673
6676,device_01,2025-11-13 12:11:05.03836,0,0,100,31.2,43.0,840.1,901,0.0,58.151666666666664,68.5063333333334
6677,device_02,2025-11-13 12:11:45.607606,0,0,1155,30.4,58.0,799.1,801,0.0,57.431249999999984,68.04116666666673
6678,device_01,2025-11-13 12:12:05.447221,0,0,100,31.3,43.0,841.6,903,0.0,58.15166666666667,68.5053333333334
6679,device_02,2025-11-13 12:12:44.764917,0,0,1153,30.4,58.0,798.6,802,0.0,57.42291666666665,68.04700000000007
6680,device_01,2025-11-13 12:13:04.976722,0,0,100,31.3,43.0,841.8,902,0.0,58.15166666666665,68.5053333333334
6681,device_02,2025-11-13 12:13:44.907927,50,57,1158,30.2,58.0,801.0,801,0.0,60.69625,69.72883333333336
6682,device_01,2025-11-13 12:14:05.670423,0,0,102,31.3,43.0,841.8,903,0.0,58.151666666666664,68.5053333333334
6683,device_02,2025-11-13 12:14:45.086823,0,0,1156,30.5,58.0,799.9,804,0.0,57.43124999999999,68.04116666666673
6684,device_01,2025-11-13 12:15:05.040433,0,0,99,31.5,43.0,841.3,904,0.0,58.151666666666664,68.50633333333339
6685,device_02,2025-11-13 12:15:44.938139,0,0,1156,30.6,58.0,797.4,804,0.0,57.43958333333331,68.04116666666673
6686,device_01,2025-11-13 12:16:05.087547,0,0,101,31.6,43.0,842.4,902,0.0,58.200416666666655,68.55366666666673
6687,device_02,2025-11-13 12:16:44.806124,0,0,1159,30.5,58.0,802.6,804,0.0,57.447499999999984,68.04408333333339
6688,device_01,2025-11-13 12:17:04.973049,0,0,100,31.5,43.0,841.6,905,0.0,58.151666666666664,68.5053333333334
6689,device_02,2025-11-13 12:17:45.303039,0,0,1156,30.3,58.0,800.8,806,0.0,57.4225,68.04116666666673
6690,device_01,2025-11-13 12:18:05.789412,0,0,100,31.5,43.0,842.2,902,0.0,58.20041666666666,68.55366666666671
6691,device_02,2025-11-13 12:18:44.924747,0,0,1155,30.3,58.0,802.3,802,0.0,57.422499999999985,68.04991666666672
6692,device_01,2025-11-13 12:19:05.202021,40,49,100,31.5,43.0,842.9,905,0.0,60.49858333333336,69.6805
6693,device_02,2025-11-13 12:19:44.817781,0,0,1157,30.5,58.0,803.7,807,0.0,57.44749999999999,68.04283333333338
6694,device_01,2025-11-13 12:20:05.351555,0,0,100,31.4,43.0,842.4,906,0.0,58.20041666666666,68.55366666666673
6695,device_02,2025-11-13 12:20:44.859238,0,0,1157,30.3,58.0,802.7,805,0.0,57.44749999999999,68.0440833333334
6696,device_01,2025-11-13 12:21:05.16748,0,0,101,31.4,43.0,843.8,905,0.0,58.20041666666666,68.55366666666673
6697,device_02,2025-11-13 12:21:44.765792,0,0,1156,30.5,58.0,802.1,801,0.0,57.42249999999999,68.04991666666672
6698,device_01,2025-11-13 12:22:05.591331,0,0,99,31.3,43.0,841.8,905,0.0,58.151666666666664,68.5053333333334
6699,device_02,2025-11-13 12:22:44.948913,0,0,1155,30.4,58.0,800.7,802,0.0,57.422499999999985,68.04116666666673
6700,device_01,2025-11-13 12:23:05.150947,0,0,100,31.4,43.0,842.5,905,0.0,58.20041666666666,68.55366666666673
6701,device_02,2025-11-13 12:23:44.887039,0,0,1157,30.3,58.0,800.3,800,0.0,57.45624999999999,68.03533333333338
6702,device_02,2025-11-13 12:24:45.513626,0,0,1154,30.5,58.0,798.6,804,0.0,57.42291666666665,68.04700000000007
6703,device_02,2025-11-13 12:30:45.019074,0,0,1158,30.4,58.0,804.1,813,0.0,57.44749999999999,68.04283333333338
6704,device_02,2025-11-13 12:31:44.811309,0,0,1156,30.4,58.0,799.2,800,0.0,57.43125,68.04116666666673
6705,device_02,2025-11-13 12:32:44.980766,0,0,1156,30.2,58.0,797.5,802,0.0,57.43958333333331,68.04116666666673
6706,device_02,2025-11-13 12:33:45.470622,0,0,1158,30.5,58.2,800.0,801,0.0,57.45624999999999,68.0353333333334
6707,device_02,2025-11-13 12:34:45.084439,0,0,1155,30.6,58.8,797.9,801,0.0,57.439583333333324,68.04116666666673
6708,device_02,2025-11-13 12:35:45.413299,0,0,1155,30.4,59.0,798.6,798,0.0,57.42791666666666,68.04116666666673
6709,device_02,2025-11-13 12:36:45.464736,0,0,1154,30.6,59.0,797.8,796,0.0,57.43458333333332,68.04700000000007
6710,device_02,2025-11-13 12:37:44.914217,0,0,1155,30.4,59.0,796.2,794,0.0,57.439583333333324,68.04116666666673
6711,device_02,2025-11-13 12:38:44.908217,0,0,1156,30.5,59.0,795.9,794,0.0,57.439583333333324,68.04116666666673
6712,device_02,2025-11-13 12:39:44.891438,0,0,1153,30.6,59.0,792.0,795,0.0,57.42874999999998,68.04950000000007
6713,device_02,2025-11-13 12:40:45.539878,0,0,1154,30.5,59.0,793.6,794,0.0,57.439583333333324,68.04700000000007
6714,device_02,2025-11-13 12:41:44.881493,0,0,1154,30.5,59.0,794.7,794,0.0,57.43458333333332,68.04700000000007
6715,device_02,2025-11-13 12:42:45.628287,0,0,1153,30.4,59.0,795.1,794,0.0,57.434583333333315,68.04700000000004
6716,device_02,2025-11-13 12:43:44.931979,0,0,1158,30.6,59.0,795.7,796,0.0,57.46791666666666,68.03533333333338
6717,device_02,2025-11-13 12:44:44.924489,0,0,1155,30.5,59.0,790.2,795,0.0,57.487083333333324,68.04366666666674
6718,device_02,2025-11-13 12:45:44.846637,0,0,1157,30.6,59.0,792.1,794,0.0,57.47291666666665,68.03783333333337
6719,device_02,2025-11-13 12:46:45.001814,0,0,1156,30.7,59.0,793.2,796,0.0,57.44458333333332,68.04116666666673
6720,device_02,2025-11-13 12:47:44.890749,0,0,1159,30.5,59.0,800.0,804,0.0,57.45624999999999,68.03533333333338
6721,device_02,2025-11-13 12:48:45.987468,0,0,1157,30.6,59.0,795.4,797,0.0,57.46791666666665,68.03533333333338
6722,device_02,2025-11-13 12:49:45.533502,0,0,1155,30.4,59.0,796.4,798,0.0,57.439583333333324,68.04116666666673
6723,device_02,2025-11-13 12:50:45.379703,0,0,1151,30.4,59.0,794.0,791,0.0,57.434583333333315,68.04700000000007
6724,device_02,2025-11-13 12:51:45.54261,0,0,1152,30.6,59.0,790.6,792,0.0,57.48208333333332,68.04950000000007
6725,device_02,2025-11-13 12:52:45.037493,0,0,1155,30.5,59.0,794.4,793,0.0,57.439583333333324,68.04116666666673
6726,device_02,2025-11-13 12:53:45.478403,0,0,1155,30.6,59.0,793.7,792,0.0,57.44458333333332,68.04116666666673
6727,device_02,2025-11-13 12:54:45.612761,0,0,1152,30.5,59.0,791.8,793,0.0,57.428749999999994,68.04950000000007
6728,device_02,2025-11-13 12:55:45.161632,0,0,1152,30.2,59.0,793.5,788,0.0,57.439583333333324,68.04700000000007
6729,device_02,2025-11-13 12:56:44.851565,0,0,1149,30.3,59.0,788.7,788,0.0,57.48208333333332,68.04950000000007
6730,device_02,2025-11-13 12:57:44.887248,43,50,1150,30.3,59.0,786.1,782,0.0,59.59933333333337,69.00000000000004
6731,device_02,2025-11-13 12:58:44.852146,43,51,1153,30.3,59.0,787.8,786,0.0,59.77625000000003,68.99000000000005
6732,device_02,2025-11-13 12:59:45.10797,0,0,1154,30.5,59.0,786.1,791,0.0,57.482083333333314,68.04950000000007
6733,device_02,2025-11-13 13:00:45.123303,0,0,1158,30.4,59.0,790.7,792,0.0,57.51541666666665,68.03783333333338
6734,device_02,2025-11-13 13:01:45.575795,0,0,1157,30.4,59.0,793.2,797,0.0,57.47291666666665,68.03533333333338
6735,device_02,2025-11-13 13:02:44.925884,0,0,1154,30.4,59.0,795.2,796,0.0,57.43458333333332,68.04700000000007
6736,device_02,2025-11-13 13:03:45.652984,0,0,1153,30.5,58.9,796.3,792,0.0,57.43458333333333,68.04700000000005
6737,device_02,2025-11-13 13:04:44.924175,0,0,1149,30.4,57.9,791.2,787,0.0,57.4820833333333,68.04950000000007
6738,device_02,2025-11-13 13:05:45.608638,0,0,1150,30.4,57.0,785.0,781,0.0,57.48208333333332,68.04950000000007
6739,device_02,2025-11-13 13:06:45.378125,0,0,1148,30.4,56.0,777.8,781,0.0,57.50833333333332,68.04950000000007
6740,device_02,2025-11-13 13:07:45.652491,0,0,1150,30.4,55.1,781.2,781,0.0,57.50833333333331,68.04950000000007
6741,device_02,2025-11-13 13:08:45.480633,0,0,1151,30.4,54.7,782.0,782,0.0,57.50833333333331,68.04950000000007
6742,device_02,2025-11-13 13:09:44.993337,44,52,1147,30.3,54.0,782.9,783,0.0,59.924583333333366,69.22633333333337
6743,device_02,2025-11-13 13:10:44.819839,0,0,1150,30.4,54.0,785.1,781,0.0,57.482083333333314,68.04950000000007
6744,device_02,2025-11-13 13:11:44.783149,0,0,1145,29.5,54.0,780.7,779,0.0,57.50333333333332,68.02200000000008
6745,device_02,2025-11-13 13:12:44.830072,0,0,1147,29.5,53.9,783.2,782,0.0,57.50833333333332,68.04533333333339
6746,device_02,2025-11-13 13:13:45.881214,0,0,1147,29.5,53.0,782.4,779,0.0,57.50833333333331,68.04533333333339
6747,device_02,2025-11-13 13:14:45.155861,0,0,1145,29.5,53.0,777.9,775,0.0,57.50333333333331,68.02200000000008
6748,device_02,2025-11-13 13:15:45.067607,0,0,1145,29.5,53.0,781.3,780,0.0,57.50333333333331,68.02200000000008
6749,device_02,2025-11-13 13:16:44.964092,0,0,1147,29.4,53.0,784.5,783,0.0,57.482083333333314,68.0453333333334
6750,device_02,2025-11-13 13:17:45.606126,0,0,1147,29.5,53.4,784.4,783,0.0,57.48208333333332,68.0453333333334
6751,device_02,2025-11-13 13:18:45.014824,0,0,1143,29.4,53.7,782.4,782,0.0,57.50333333333332,68.02200000000008
6752,device_02,2025-11-13 13:19:45.222269,0,0,1145,29.4,54.0,789.0,789,0.0,57.47708333333332,68.02200000000008
6753,device_02,2025-11-13 13:20:44.972333,0,0,1142,29.4,54.0,792.2,788,0.0,57.43458333333332,68.02200000000008
6754,device_02,2025-11-13 13:21:44.982376,0,0,1143,29.5,54.0,794.1,791,0.0,57.42958333333332,68.01950000000006
6755,device_02,2025-11-13 13:22:45.092144,0,0,1145,29.3,54.7,801.6,800,0.0,57.412499999999994,68.01950000000006
6756,device_02,2025-11-13 13:23:46.041965,0,0,1145,29.3,55.0,806.2,808,0.0,57.412499999999994,68.02700000000007
6757,device_02,2025-11-13 13:24:44.99419,0,0,1145,29.7,55.2,811.5,818,0.0,57.35124999999998,68.0340833333334
6758,device_02,2025-11-13 13:30:44.792641,0,0,1145,29.5,54.0,810.1,813,0.0,57.35124999999998,68.02991666666672
6759,device_02,2025-11-13 13:31:44.970272,0,0,1146,29.4,54.0,807.7,812,0.0,57.40874999999998,68.03450000000007
6760,device_02,2025-11-13 13:32:45.295614,0,0,1145,29.4,54.0,808.0,812,0.0,57.40874999999999,68.02991666666674
6761,device_02,2025-11-13 13:33:45.398659,0,0,1145,29.5,54.0,811.3,813,0.0,57.35124999999998,68.02991666666674
6762,device_02,2025-11-13 13:34:44.814777,0,0,1144,29.5,54.0,812.4,817,0.0,57.35124999999998,68.01825000000007
6763,device_02,2025-11-13 13:35:44.938588,0,0,1146,29.5,54.3,815.4,816,0.0,57.34749999999998,68.00825000000007
6764,device_02,2025-11-13 13:36:44.867236,0,0,1144,29.4,55.0,814.7,822,0.0,57.35124999999998,68.00075000000007
6765,device_02,2025-11-13 13:37:44.781732,0,0,1143,29.5,55.0,817.8,821,0.0,57.40041666666665,68.07258333333341
6766,device_02,2025-11-13 13:38:44.8839,0,0,1146,29.4,55.0,818.2,823,0.0,57.39208333333331,68.07716666666674
6767,device_02,2025-11-13 13:39:44.866401,0,0,1143,29.5,55.8,818.1,826,0.0,57.39208333333331,68.07258333333341
6768,device_02,2025-11-13 13:40:44.824466,0,0,1146,29.4,56.0,822.6,826,0.0,57.41041666666665,68.07091666666675
6769,device_02,2025-11-13 13:41:45.116633,0,0,1144,29.5,56.0,820.0,829,0.0,57.39208333333331,68.07216666666675
6770,device_02,2025-11-13 13:42:44.842124,0,0,1141,29.5,56.0,820.4,823,0.0,57.38374999999997,68.07050000000008
6771,device_02,2025-11-13 13:43:45.569518,0,0,1148,29.3,56.5,823.4,830,0.0,57.41666666666665,68.07591666666676
6772,device_02,2025-11-13 13:44:44.909419,0,0,1145,29.6,57.0,822.8,833,0.0,57.404166666666654,68.0705000000001
6773,device_02,2025-11-13 13:45:45.489445,0,0,1144,30.2,56.5,826.0,831,0.0,57.396666666666654,68.05091666666675
6774,device_02,2025-11-13 13:46:44.822974,0,0,1147,30.4,56.1,827.6,836,0.0,57.37958333333332,68.07008333333341
6775,device_02,2025-11-13 13:47:45.437161,0,0,1148,30.4,56.4,827.1,837,0.0,57.38958333333331,68.07008333333341
6776,device_02,2025-11-13 13:48:44.776156,0,0,1147,30.1,57.0,825.5,833,0.0,57.40166666666665,68.07425000000008
6777,device_02,2025-11-13 13:49:45.032903,0,0,1147,29.8,57.0,827.2,837,0.0,57.38958333333332,68.0700833333334
6778,device_02,2025-11-13 13:50:44.768354,0,0,1147,29.7,57.0,825.3,830,0.0,57.41666666666665,68.07425000000008
6779,device_02,2025-11-13 13:51:44.998301,0,0,1144,29.7,57.0,822.8,831,0.0,57.404166666666654,68.07050000000008
6780,device_02,2025-11-13 13:52:44.754623,0,0,1146,29.7,57.2,820.9,827,0.0,57.40874999999999,68.07925000000009
6781,device_02,2025-11-13 13:53:45.620545,0,0,1145,30.3,57.0,822.5,829,0.0,57.41041666666665,68.07050000000008
6782,device_02,2025-11-13 13:54:45.136372,0,0,1144,30.7,57.0,820.9,828,0.0,57.40874999999999,68.07466666666674
6783,device_02,2025-11-13 13:55:47.148802,0,0,1147,30.5,57.0,824.1,831,0.0,57.40166666666665,68.08008333333342
6784,device_02,2025-11-13 13:56:45.140797,0,0,1146,30.4,57.0,824.6,834,0.0,57.39666666666666,68.06133333333341
6785,device_02,2025-11-13 13:57:44.782659,0,0,1148,30.4,57.0,826.3,834,0.0,57.40166666666665,68.07008333333341
6786,device_02,2025-11-13 13:58:45.394988,44,54,1150,30.5,57.0,824.3,833,0.0,60.000416666666695,69.67591666666667
6787,device_02,2025-11-13 13:59:45.843601,0,0,1147,30.5,57.0,824.7,836,0.0,57.38208333333332,68.08008333333342
6788,device_02,2025-11-13 14:00:44.847998,0,0,1150,30.4,57.0,828.0,834,0.0,57.399166666666645,68.07008333333341
6789,device_02,2025-11-13 14:01:44.921555,0,0,1150,30.4,57.1,825.6,835,0.0,57.37874999999999,68.07425000000008
6790,device_02,2025-11-13 14:02:44.857038,0,0,1150,30.5,58.0,826.4,836,0.0,57.38208333333332,68.07008333333343
6791,device_02,2025-11-13 14:03:44.943318,0,0,1150,30.5,58.0,823.5,832,0.0,57.40166666666664,68.08008333333342
6792,device_02,2025-11-13 14:04:44.817526,49,58,1147,30.1,58.0,823.4,831,0.0,60.61708333333335,69.758
6793,device_02,2025-11-13 14:05:44.954052,0,0,1149,29.4,58.0,824.5,829,0.0,57.40791666666665,68.07591666666674
6794,device_02,2025-11-13 14:06:44.80882,0,0,1145,29.4,58.0,817.5,818,0.0,57.40041666666664,68.01991666666675
6795,device_02,2025-11-13 14:07:44.799648,0,0,1148,29.5,58.0,815.2,818,0.0,57.35249999999997,68.02700000000006
6796,device_02,2025-11-13 14:08:44.819554,0,0,1149,29.2,58.0,814.2,819,0.0,57.35624999999998,68.02408333333341
6797,device_02,2025-11-13 14:09:44.77497,0,0,1146,29.4,57.9,811.0,816,0.0,57.35124999999998,68.03450000000007
6798,device_02,2025-11-13 14:10:45.015453,50,61,1146,29.4,57.0,810.0,811,0.0,60.64875,69.55091666666667
6799,device_02,2025-11-13 14:11:44.787935,0,0,1143,29.4,57.0,803.9,806,0.0,57.41249999999998,68.02825000000006
6800,device_02,2025-11-13 14:12:44.972995,0,0,1146,29.7,57.0,799.8,805,0.0,57.42124999999998,68.02825000000007
6801,device_02,2025-11-13 14:13:44.818885,0,0,1148,29.5,56.7,802.7,805,0.0,57.41749999999998,68.0515833333334
6802,device_02,2025-11-13 14:14:44.857481,0,0,1144,29.5,56.0,798.9,804,0.0,57.41791666666665,68.01950000000006
6803,device_02,2025-11-13 14:15:44.93417,0,0,1147,29.5,56.0,799.7,799,0.0,57.42624999999999,68.0428333333334
6804,device_02,2025-11-13 14:16:44.84058,0,0,1145,29.6,56.0,796.1,797,0.0,57.42958333333332,68.02366666666673
6805,device_02,2025-11-13 14:17:44.831403,0,0,1145,29.5,55.2,794.5,797,0.0,57.42958333333332,68.01950000000006
6806,device_02,2025-11-13 14:18:45.147984,0,0,1145,29.4,55.0,794.9,793,0.0,57.42958333333333,68.01950000000006
6807,device_02,2025-11-13 14:19:44.776905,0,0,1144,29.5,55.0,790.1,792,0.0,57.47708333333331,68.02200000000008
6808,device_02,2025-11-13 14:20:44.964185,0,0,1138,29.2,55.0,788.6,785,0.0,57.47708333333332,68.02200000000008
6809,device_02,2025-11-13 14:21:44.879322,0,0,1139,29.6,54.1,785.3,783,0.0,57.47708333333332,68.02616666666673
6810,device_02,2025-11-13 14:22:44.80069,0,0,1141,29.6,54.0,783.6,779,0.0,57.50333333333331,68.02616666666673
6811,device_02,2025-11-13 14:23:45.459236,0,0,1140,29.4,54.0,781.6,779,0.0,57.50333333333331,68.02200000000008
6812,device_02,2025-11-13 14:24:44.948034,0,0,1137,29.5,53.5,776.7,776,0.0,57.50333333333332,68.02200000000008
6813,device_02,2025-11-13 14:30:44.772359,0,0,1139,28.3,52.4,782.7,778,0.0,57.201666666666625,67.77250000000005
6814,device_02,2025-11-13 14:31:45.424475,0,0,1137,28.5,52.0,766.1,763,0.0,56.940833333333295,67.76541666666672
6815,device_02,2025-11-13 14:32:45.311538,0,0,1135,28.5,52.0,767.0,763,0.0,56.94083333333327,67.76166666666673
6816,device_02,2025-11-13 14:33:44.809274,0,0,1134,28.4,52.0,767.0,761,0.0,57.155416666666625,67.79750000000007
6817,device_02,2025-11-13 14:34:45.058713,0,0,1132,28.5,51.2,764.1,757,0.0,56.93833333333328,67.75791666666673
6818,device_02,2025-11-13 14:35:44.965043,0,0,1133,28.3,51.0,765.5,756,0.0,57.201249999999966,67.78250000000007
6819,device_02,2025-11-13 14:36:44.798782,0,0,1129,28.4,51.0,759.7,753,0.0,57.168749999999974,67.79291666666673
6820,device_02,2025-11-13 14:37:44.782041,54,66,1131,28.5,51.0,756.8,749,0.0,60.60624999999999,69.49125
6821,device_02,2025-11-13 14:38:44.869648,0,0,1130,28.6,50.9,755.6,749,0.0,57.34583333333331,68.0075833333334
6822,device_02,2025-11-13 14:39:45.022705,0,0,1129,28.6,50.0,752.6,747,0.0,57.34583333333331,68.01091666666673
6823,device_02,2025-11-13 14:40:44.833819,0,0,1128,28.6,50.0,754.5,743,0.0,57.33541666666665,68.01341666666674
6824,device_02,2025-11-13 14:41:44.777417,0,0,1128,28.3,50.0,754.5,750,0.0,57.160833333333294,67.7870833333334
6825,device_02,2025-11-13 14:42:44.873278,0,0,1129,28.5,50.0,750.2,741,0.0,56.905833333333284,67.76208333333338
6826,device_02,2025-11-13 14:43:44.795258,0,0,1129,28.6,49.4,750.7,742,0.0,57.33249999999998,68.01091666666673
6827,device_02,2025-11-13 14:44:44.942541,0,0,1123,28.4,49.0,748.5,738,0.0,57.08999999999996,67.79791666666672
6828,device_02,2025-11-13 14:45:44.941635,0,0,1130,28.4,49.0,749.0,740,0.0,57.089999999999954,67.79791666666672
6829,device_02,2025-11-13 14:46:44.909708,0,0,1128,28.4,49.0,752.7,745,0.0,57.101666666666624,67.79875000000004
6830,device_02,2025-11-13 14:47:45.085463,0,0,1128,28.4,49.0,754.5,745,0.0,57.101666666666624,67.79833333333339
6831,device_02,2025-11-13 14:48:44.852769,0,0,1125,28.5,49.0,755.0,744,0.0,56.908749999999955,67.75666666666673
6832,device_02,2025-11-13 14:49:44.894853,0,0,1123,28.4,49.0,751.5,743,0.0,57.10166666666663,67.79875000000006
6833,device_02,2025-11-13 14:50:44.908496,0,0,1125,28.6,49.0,755.8,745,0.0,57.33583333333332,68.0075833333334
6834,device_02,2025-11-13 14:51:44.839797,0,0,1122,28.5,49.0,756.9,750,0.0,56.92166666666662,67.75791666666672
6835,device_02,2025-11-13 14:52:44.869717,0,0,1125,28.5,49.0,759.9,750,0.0,56.91416666666662,67.75791666666673
6836,device_02,2025-11-13 14:53:44.911993,0,0,1124,28.5,49.0,756.5,752,0.0,56.959166666666626,67.7558333333334
6837,device_02,2025-11-13 14:54:44.985408,38,45,1124,28.5,49.0,758.4,754,0.0,57.2983333333333,68.39666666666665
6838,device_02,2025-11-13 14:55:45.037262,0,0,1126,28.4,49.0,757.3,747,0.0,57.120416666666635,67.79375000000006
6839,device_02,2025-11-13 14:56:44.86293,0,0,1123,28.4,49.0,753.1,748,0.0,57.11791666666663,67.79875000000004
6840,device_02,2025-11-13 14:57:44.853533,0,0,1124,28.6,48.5,753.9,746,0.0,57.345833333333324,68.01341666666673
6841,device_02,2025-11-13 14:58:45.063556,0,0,1124,28.6,49.0,757.0,748,0.0,57.34833333333332,68.0088333333334
6842,device_02,2025-11-13 14:59:44.958759,0,0,1124,28.6,49.0,759.6,751,0.0,57.34083333333332,68.0088333333334
6843,device_02,2025-11-13 15:00:45.88659,0,0,1124,28.5,49.0,759.6,751,0.0,56.914166666666624,67.75791666666673
6844,device_02,2025-11-13 15:01:45.097103,0,0,1123,28.4,49.0,760.8,753,0.0,57.1695833333333,67.79583333333339
6845,device_02,2025-11-13 15:02:45.017835,0,0,1127,28.4,49.0,764.9,761,0.0,57.155416666666625,67.79958333333339
6846,device_02,2025-11-13 15:03:45.158444,0,0,1127,28.4,49.0,768.2,761,0.0,57.15541666666663,67.79750000000007
6847,device_02,2025-11-13 15:04:44.844134,0,0,1126,28.4,49.0,766.8,760,0.0,57.155416666666625,67.79750000000007
6848,device_02,2025-11-13 15:05:44.872609,0,0,1125,28.4,49.0,764.8,758,0.0,57.154999999999966,67.79375000000006
6849,device_02,2025-11-13 15:06:44.854094,0,0,1124,28.5,49.0,764.4,761,0.0,56.93874999999994,67.76375000000006
6850,device_02,2025-11-13 15:07:45.268657,0,0,1124,28.4,49.0,765.1,754,0.0,57.15499999999997,67.79375000000006
6851,device_02,2025-11-13 15:08:44.91741,0,0,1125,28.5,49.0,763.4,760,0.0,56.955416666666615,67.76583333333339
6852,device_02,2025-11-13 15:09:45.064253,0,0,1125,28.4,49.0,765.0,761,0.0,57.15541666666663,67.79958333333339
6853,device_02,2025-11-13 15:10:45.257221,0,0,1127,28.2,49.0,768.6,760,0.0,57.201666666666625,67.78625000000007
6854,device_02,2025-11-13 15:11:44.925438,0,0,1124,28.4,49.1,765.8,762,0.0,57.155416666666625,67.7995833333334
6855,device_02,2025-11-13 15:12:45.516992,0,0,1124,28.6,50.0,763.9,758,0.0,57.34874999999999,68.01091666666673
6856,device_02,2025-11-13 15:13:44.865039,0,0,1126,28.4,50.0,765.4,761,0.0,57.155416666666625,67.79958333333339
6857,device_02,2025-11-13 15:14:45.234938,0,0,1122,28.5,50.0,768.5,764,0.0,56.94083333333329,67.75208333333339
6858,device_02,2025-11-13 15:15:45.085967,0,0,1128,28.4,50.0,767.3,763,0.0,57.15541666666663,67.79750000000007
6859,device_02,2025-11-13 15:16:45.036805,33,37,1125,28.5,50.0,766.7,762,0.0,57.21624999999997,68.20958333333338
6860,device_02,2025-11-13 15:17:45.493102,33,37,1128,28.6,49.9,770.5,768,0.0,57.60291666666666,68.46575000000007
6861,device_02,2025-11-13 15:18:45.008218,0,0,1130,29.5,49.0,775.3,771,0.0,57.50333333333332,68.02616666666674
6862,device_02,2025-11-13 15:19:45.517833,0,0,1127,29.3,49.0,775.2,770,0.0,57.50333333333332,68.02616666666674
6863,device_02,2025-11-13 15:20:44.793091,0,0,1128,29.4,49.0,772.2,768,0.0,57.50333333333331,68.02616666666673
6864,device_02,2025-11-13 15:21:45.404331,0,0,1125,29.6,49.7,774.0,768,0.0,57.50333333333331,68.0303333333334
6865,device_02,2025-11-13 15:22:44.774409,0,0,1126,29.4,50.0,772.5,767,0.0,57.50333333333331,68.02616666666673
6866,device_02,2025-11-13 15:23:45.304937,0,0,1127,29.5,50.0,770.5,768,0.0,57.50333333333332,68.02616666666673
6867,device_02,2025-11-13 15:24:45.689686,0,0,1127,29.3,50.0,772.3,768,0.0,57.50333333333331,68.02616666666674
6868,device_02,2025-11-13 15:30:44.913143,0,0,1134,29.4,51.0,785.0,782,0.0,57.47708333333333,68.0203333333334
6869,device_02,2025-11-13 15:31:45.345701,0,0,1129,29.4,51.0,771.6,770,0.0,57.50333333333331,68.02616666666673
6870,device_02,2025-11-13 15:32:44.754398,0,0,1130,29.6,51.0,775.3,773,0.0,57.50333333333331,68.0303333333334
6871,device_02,2025-11-13 15:33:44.934491,35,38,1129,29.4,51.0,776.1,772,0.0,57.76249999999998,68.45916666666672
6872,device_02,2025-11-13 15:34:44.754231,0,0,1130,29.3,51.0,775.1,773,0.0,57.50333333333331,68.02616666666675
6873,device_02,2025-11-13 15:35:45.03809,0,0,1128,29.4,51.0,774.4,767,0.0,57.50333333333331,68.02616666666674
6874,device_02,2025-11-13 15:36:45.065937,0,0,1126,29.5,51.0,771.5,767,0.0,57.50333333333332,68.02616666666674
6875,device_02,2025-11-13 15:37:44.772933,0,0,1129,29.4,51.0,773.4,766,0.0,57.50333333333332,68.02616666666674
6876,device_02,2025-11-13 15:38:44.861636,0,0,1128,29.4,51.0,770.0,766,0.0,57.50333333333331,68.02616666666674
6877,device_02,2025-11-13 15:39:44.937336,0,0,1127,29.4,51.0,772.5,767,0.0,57.50333333333331,68.02616666666674
6878,device_02,2025-11-13 15:40:45.036265,0,0,1131,29.5,51.0,774.2,768,0.0,57.50333333333331,68.02616666666674
6879,device_02,2025-11-13 15:41:44.871414,0,0,1127,29.5,51.0,772.1,771,0.0,57.50333333333332,68.02616666666674
6880,device_02,2025-11-13 15:42:45.424449,0,0,1130,29.5,51.0,774.0,767,0.0,57.50333333333331,68.02616666666673
6881,device_02,2025-11-13 15:43:45.92031,0,0,1131,29.3,51.4,772.6,771,0.0,57.50333333333331,68.02616666666674
6882,device_02,2025-11-13 15:44:45.432066,0,0,1129,29.5,52.0,772.8,772,0.0,57.50333333333331,68.02616666666675
6883,device_02,2025-11-13 15:45:45.731266,0,0,1132,29.4,52.0,776.1,771,0.0,57.50333333333332,68.0203333333334
6884,device_02,2025-11-13 15:46:44.764329,0,0,1133,29.3,52.0,777.7,776,0.0,57.50333333333331,68.0203333333334
6885,device_02,2025-11-13 15:47:45.010141,0,0,1130,29.4,52.0,776.1,771,0.0,57.50333333333331,68.0203333333334
6886,device_02,2025-11-13 15:48:44.783647,0,0,1132,29.6,52.0,779.0,775,0.0,57.50333333333332,68.02450000000007
6887,device_02,2025-11-13 15:49:44.894329,0,0,1127,29.4,52.0,772.2,768,0.0,57.50333333333331,68.02616666666674
6888,device_02,2025-11-13 15:50:45.619106,0,0,1130,29.8,52.0,777.1,770,0.0,57.50333333333332,68.02450000000007
6889,device_02,2025-11-13 15:51:44.761364,0,0,1130,29.3,52.0,775.7,770,0.0,57.50333333333331,68.02033333333341
6890,device_02,2025-11-13 15:52:44.79085,0,0,1131,29.3,52.0,775.1,768,0.0,57.50333333333331,68.02616666666674
6891,device_02,2025-11-13 15:53:44.969143,0,0,1129,29.6,52.0,772.2,767,0.0,57.50333333333332,68.03033333333342
6892,device_02,2025-11-13 15:54:44.884733,0,0,1129,29.4,52.0,772.8,767,0.0,57.50333333333331,68.02616666666674
6893,device_02,2025-11-13 15:55:45.534535,0,0,1131,29.5,52.0,773.9,769,0.0,57.50333333333332,68.02616666666675
6894,device_02,2025-11-13 15:56:44.890924,0,0,1128,29.4,52.0,773.6,772,0.0,57.50333333333332,68.02616666666674
6895,device_02,2025-11-13 15:57:45.532215,0,0,1131,29.6,52.0,776.3,770,0.0,57.50333333333332,68.02450000000007
6896,device_02,2025-11-13 15:58:44.75886,0,0,1129,29.4,52.0,773.0,771,0.0,57.50333333333332,68.02616666666674
6897,device_02,2025-11-13 15:59:44.997403,0,0,1129,29.4,52.0,775.1,774,0.0,57.50333333333331,68.02616666666674
6898,device_02,2025-11-13 16:00:44.907218,0,0,1130,29.5,52.0,777.9,770,0.0,57.50333333333332,68.0203333333334
6899,device_02,2025-11-13 16:01:44.792884,0,0,1131,29.3,52.0,777.1,774,0.0,57.50333333333332,68.0203333333334
6900,device_02,2025-11-13 16:02:44.846795,0,0,1132,29.5,52.0,772.9,769,0.0,57.50333333333332,68.02616666666674
6901,device_02,2025-11-13 16:03:45.019364,0,0,1129,29.4,52.0,775.8,773,0.0,57.50333333333331,68.0203333333334
6902,device_02,2025-11-13 16:04:44.859901,0,0,1130,29.3,52.0,778.2,774,0.0,57.50333333333331,68.02033333333341
6903,device_02,2025-11-13 16:05:45.102343,0,0,1128,29.6,52.0,776.1,766,0.0,57.50333333333331,68.02450000000007
6904,device_02,2025-11-13 16:06:44.780789,0,0,1128,29.5,52.0,776.5,770,0.0,57.50333333333331,68.02033333333341
6905,device_02,2025-11-13 16:07:45.188167,0,0,1132,29.4,52.1,774.2,768,0.0,57.50333333333331,68.02616666666674
6906,device_02,2025-11-13 16:08:45.337526,0,0,1132,29.5,52.6,773.0,772,0.0,57.50333333333332,68.02616666666674
6907,device_02,2025-11-13 16:09:44.780009,0,0,1129,29.5,53.0,774.5,771,0.0,57.50333333333331,68.02616666666674
6908,device_02,2025-11-13 16:10:45.472566,0,0,1129,29.5,53.0,775.6,769,0.0,57.50333333333331,68.02616666666674
6909,device_02,2025-11-13 16:11:44.792098,0,0,1128,29.4,53.0,775.1,773,0.0,57.50333333333331,68.02616666666674
6910,device_02,2025-11-13 16:12:45.686416,0,0,1132,29.3,53.0,775.7,770,0.0,57.50333333333331,68.0203333333334
6911,device_02,2025-11-13 16:13:44.771804,0,0,1131,29.3,53.0,772.4,772,0.0,57.50333333333332,68.02616666666674
6912,device_02,2025-11-13 16:14:44.807341,0,0,1131,29.3,53.0,775.0,775,0.0,57.50333333333332,68.02616666666674
6913,device_02,2025-11-13 16:15:45.395244,0,0,1132,29.5,53.0,778.3,773,0.0,57.50333333333331,68.02033333333341
6914,device_02,2025-11-13 16:16:45.398958,0,0,1128,29.5,53.0,774.7,770,0.0,57.50333333333331,68.02616666666674
6915,device_02,2025-11-13 16:17:45.447969,36,42,1131,29.5,53.0,774.0,768,0.0,57.7358333333333,68.61033333333336
6916,device_02,2025-11-13 16:18:44.761134,0,0,1132,29.6,53.1,774.8,773,0.0,57.50333333333331,68.03033333333342
6917,device_02,2025-11-13 16:19:44.838179,0,0,1128,29.5,54.0,775.4,768,0.0,57.50333333333332,68.02616666666673
6918,device_02,2025-11-13 16:20:44.861746,0,0,1128,29.4,54.0,771.6,762,0.0,57.50333333333332,68.03575000000006
6919,device_02,2025-11-13 16:21:45.094173,0,0,1128,29.3,54.0,772.2,766,0.0,57.50333333333331,68.02616666666674
6920,device_02,2025-11-13 16:22:44.993014,0,0,1129,29.6,54.0,772.1,761,0.0,57.50333333333332,68.03991666666674
6921,device_02,2025-11-13 16:23:45.40291,37,42,1129,29.5,54.0,771.0,768,0.0,57.64024999999999,68.58741666666666
6922,device_02,2025-11-13 16:24:44.947449,0,0,1131,29.1,54.0,772.8,768,0.0,57.453749999999964,68.02616666666674
6923,device_02,2025-11-13 16:30:45.401882,0,0,1133,29.5,54.0,784.9,780,0.0,57.47708333333332,68.0203333333334
6924,device_02,2025-11-13 16:31:44.911623,0,0,1133,29.5,54.0,770.2,765,0.0,57.50333333333331,68.02616666666674
6925,device_02,2025-11-13 16:32:45.430342,0,0,1132,29.3,54.0,770.3,767,0.0,57.50333333333332,68.02616666666673
6926,device_02,2025-11-13 16:33:45.504696,0,0,1131,29.5,54.0,773.5,770,0.0,57.50333333333332,68.02616666666675
6927,device_02,2025-11-13 16:34:44.738,34,39,1132,29.4,54.0,775.8,768,0.0,57.78416666666665,68.52083333333337
6928,device_02,2025-11-13 16:35:45.833465,0,0,1130,29.5,54.0,770.6,766,0.0,57.50333333333331,68.02616666666674
6929,device_02,2025-11-13 16:36:44.842554,0,0,1130,29.3,54.0,770.0,764,0.0,57.50333333333332,68.02616666666674
6930,device_02,2025-11-13 16:37:44.783492,0,0,1131,29.4,54.0,769.9,765,0.0,57.50333333333332,68.02616666666674
6931,device_02,2025-11-13 16:38:44.848798,0,0,1129,29.4,54.0,766.8,764,0.0,57.50333333333332,68.02616666666674
6932,device_02,2025-11-13 16:39:44.871608,0,0,1131,29.4,54.0,770.8,766,0.0,57.50333333333332,68.02616666666673
6933,device_02,2025-11-13 16:40:44.749076,0,0,1132,29.5,54.0,770.7,767,0.0,57.50333333333332,68.02616666666674
6934,device_02,2025-11-13 16:41:45.345528,0,0,1130,29.5,54.0,766.6,765,0.0,57.50333333333331,68.02825000000007
6935,device_02,2025-11-13 16:42:46.534097,0,0,1130,29.3,54.0,770.6,764,0.0,57.50333333333332,68.02616666666674
6936,device_02,2025-11-13 16:43:44.892634,0,0,1131,29.3,54.0,769.9,767,0.0,57.50333333333332,68.02616666666674
6937,device_02,2025-11-13 16:44:44.750377,0,0,1132,29.5,54.0,771.4,767,0.0,57.50333333333331,68.02616666666674
6938,device_02,2025-11-13 16:45:44.744877,0,0,1132,29.2,54.0,772.9,769,0.0,57.50333333333331,68.02616666666674
6939,device_02,2025-11-13 16:46:47.813455,0,0,1134,29.5,54.0,773.1,770,0.0,57.50333333333332,68.02616666666675
6940,device_02,2025-11-13 16:47:45.114697,0,0,1135,29.5,54.0,773.9,769,0.0,57.50333333333333,68.02616666666673
6941,device_02,2025-11-13 16:48:44.84717,0,0,1131,29.3,54.0,773.1,771,0.0,57.50333333333332,68.02616666666674
6942,device_02,2025-11-13 16:49:45.319758,0,0,1132,29.2,54.0,774.6,768,0.0,57.50333333333332,68.02616666666673
6943,device_02,2025-11-13 16:50:44.777866,0,0,1125,29.5,54.0,772.8,763,0.0,57.50333333333331,68.03575000000006
6944,device_02,2025-11-13 16:51:44.77776,0,0,1130,29.1,54.0,769.5,763,0.0,57.453749999999985,68.03575000000006
6945,device_02,2025-11-13 16:52:44.813559,0,0,1130,29.6,54.0,771.0,764,0.0,57.50333333333332,68.0303333333334
6946,device_02,2025-11-13 16:53:44.761709,0,0,1129,29.4,54.0,770.5,765,0.0,57.5033333333333,68.02616666666674
6947,device_02,2025-11-13 16:54:44.956656,0,0,1131,29.3,54.0,771.9,766,0.0,57.50333333333332,68.02616666666674
6948,device_02,2025-11-13 16:55:46.001728,0,0,1131,29.5,54.0,765.6,762,0.0,57.50333333333331,68.0378333333334
6949,device_02,2025-11-13 16:56:44.805038,41,46,1130,29.3,54.0,770.4,767,0.0,58.54166666666667,68.77641666666668
6950,device_02,2025-11-13 16:57:45.723615,0,0,1131,29.5,54.0,771.6,766,0.0,57.50333333333332,68.02616666666674
6951,device_02,2025-11-13 16:58:44.884189,0,0,1132,29.4,54.0,773.7,768,0.0,57.50333333333331,68.02616666666674
6952,device_02,2025-11-13 16:59:45.127074,0,0,1133,29.5,54.0,771.0,769,0.0,57.50333333333331,68.02616666666674
6953,device_02,2025-11-13 17:00:44.883514,0,0,1131,29.4,54.2,771.2,766,0.0,57.50333333333332,68.02616666666674
6954,device_02,2025-11-13 17:01:44.815689,0,0,1134,29.4,55.0,772.7,768,0.0,57.50333333333331,68.02616666666674
6955,device_02,2025-11-13 17:02:45.145957,0,0,1134,29.6,55.0,772.0,767,0.0,57.50333333333331,68.03033333333342
6956,device_02,2025-11-13 17:03:45.425257,0,0,1130,29.4,55.0,768.1,764,0.0,57.50333333333331,68.02616666666674
6957,device_02,2025-11-13 17:04:45.29707,0,0,1133,29.4,55.0,772.4,767,0.0,57.50333333333331,68.02616666666674
6958,device_02,2025-11-13 17:05:44.92892,0,0,1132,29.4,55.0,768.4,764,0.0,57.50333333333332,68.02616666666674
6959,device_02,2025-11-13 17:06:45.06629,0,0,1130,29.4,55.0,769.2,763,0.0,57.50333333333332,68.03575000000008
6960,device_02,2025-11-13 17:07:44.952306,0,0,1133,29.5,55.0,767.7,762,0.0,57.5033333333333,68.03575000000006
6961,device_02,2025-11-13 17:08:44.756104,0,0,1133,29.5,55.0,769.1,765,0.0,57.50333333333331,68.02616666666673
6962,device_02,2025-11-13 17:09:45.542406,0,0,1132,29.5,55.0,768.5,764,0.0,57.50333333333332,68.02616666666674
6963,device_02,2025-11-13 17:10:44.727422,0,0,1134,29.5,55.0,771.5,765,0.0,57.50333333333332,68.02616666666674
6964,device_02,2025-11-13 17:11:45.390338,0,0,1133,29.4,55.0,769.0,768,0.0,57.50333333333332,68.02616666666674
6965,device_02,2025-11-13 17:12:44.773681,0,0,1135,29.5,55.0,770.0,764,0.0,57.50333333333331,68.02616666666674
6966,device_02,2025-11-13 17:13:45.00242,0,0,1136,29.5,55.0,769.6,766,0.0,57.50333333333331,68.02616666666674
6967,device_02,2025-11-13 17:14:45.047127,0,0,1133,29.3,55.0,770.7,768,0.0,57.50333333333332,68.02616666666674
6968,device_02,2025-11-13 17:15:45.333728,0,0,1133,29.6,55.0,773.2,765,0.0,57.50333333333332,68.0303333333334
6969,device_02,2025-11-13 17:16:44.906476,0,0,1131,29.5,55.0,770.6,766,0.0,57.50333333333331,68.02616666666674
6970,device_02,2025-11-13 17:17:44.985174,0,0,1131,29.6,55.0,768.5,760,0.0,57.50333333333331,68.03991666666674
6971,device_02,2025-11-13 17:18:44.772043,0,0,1130,29.5,55.0,766.7,761,0.0,57.50333333333331,68.03575000000006
6972,device_02,2025-11-13 17:19:44.777599,0,0,1129,29.4,55.0,763.6,757,0.0,57.51749999999999,68.03991666666673
6973,device_02,2025-11-13 17:20:44.966255,0,0,1132,29.3,55.0,766.7,761,0.0,57.50333333333332,68.03575000000006
6974,device_02,2025-11-13 17:21:44.919778,0,0,1132,29.4,55.0,767.5,762,0.0,57.50333333333331,68.03575000000006
6975,device_02,2025-11-13 17:22:44.831761,0,0,1130,29.4,55.0,769.6,760,0.0,57.50333333333331,68.03575000000006
6976,device_02,2025-11-13 17:23:44.777467,0,0,1128,29.4,55.0,766.6,761,0.0,57.50333333333331,68.0378333333334
6977,device_02,2025-11-13 17:24:45.342355,0,0,1128,29.4,55.0,766.0,758,0.0,57.502916666666664,68.0378333333334
6978,device_02,2025-11-13 17:30:45.135762,0,0,1138,29.5,55.0,786.7,783,0.0,57.47708333333331,68.02200000000008
6979,device_02,2025-11-13 17:31:44.765594,0,0,1136,29.3,55.0,773.4,771,0.0,57.50333333333332,68.02616666666674
6980,device_02,2025-11-13 17:32:44.959838,0,0,1136,29.3,55.0,775.3,770,0.0,57.50333333333332,68.02616666666674
6981,device_02,2025-11-13 17:33:44.808456,0,0,1135,29.4,55.0,774.2,770,0.0,57.50333333333331,68.02616666666674
6982,device_02,2025-11-13 17:34:45.381629,0,0,1134,29.5,55.0,768.8,765,0.0,57.50333333333331,68.02616666666673
6983,device_02,2025-11-13 17:35:44.796625,34,37,1131,29.5,55.0,773.1,765,0.0,57.74624999999998,68.49541666666673
6984,device_02,2025-11-13 17:36:45.030311,0,0,1135,29.4,55.0,778.4,774,0.0,57.50333333333332,68.02033333333341
6985,device_02,2025-11-13 17:37:44.81301,0,0,1133,29.4,55.0,769.9,763,0.0,57.50333333333331,68.03575000000006
6986,device_02,2025-11-13 17:38:45.70635,0,0,1133,29.4,55.0,770.8,766,0.0,57.50333333333332,68.02616666666674
6987,device_02,2025-11-13 17:39:45.529274,0,0,1131,29.5,55.0,768.2,762,0.0,57.50333333333331,68.03575000000008
6988,device_02,2025-11-13 17:40:44.793177,32,36,1131,29.5,55.0,768.6,760,0.0,57.71791666666667,68.52758333333342
6989,device_02,2025-11-13 17:41:45.091361,34,38,1131,29.6,55.0,767.2,765,0.0,57.766249999999985,68.4733333333334
6990,device_02,2025-11-13 17:42:44.91504,0,0,1132,29.4,55.0,766.4,759,0.0,57.502916666666664,68.0378333333334
6991,device_02,2025-11-13 17:43:45.150761,0,0,1133,29.5,55.0,769.7,765,0.0,57.50333333333332,68.02616666666674
6992,device_02,2025-11-13 17:44:44.912573,0,0,1134,29.5,55.0,769.9,768,0.0,57.50333333333331,68.02616666666674
6993,device_02,2025-11-13 17:45:45.372598,0,0,1137,29.5,55.0,772.8,768,0.0,57.50333333333332,68.0278333333334
6994,device_02,2025-11-13 17:46:44.828973,0,0,1136,29.5,55.0,773.0,771,0.0,57.50333333333331,68.02616666666673
6995,device_02,2025-11-13 17:47:45.22896,0,0,1133,29.5,55.8,771.3,764,0.0,57.50333333333331,68.02616666666674
6996,device_02,2025-11-13 17:48:44.7737,0,0,1135,29.4,56.0,774.9,769,0.0,57.50333333333332,68.02616666666674
6997,device_02,2025-11-13 17:49:45.023701,0,0,1134,29.4,56.0,772.2,766,0.0,57.50333333333331,68.02616666666674
6998,device_02,2025-11-13 17:50:44.793164,0,0,1135,29.5,56.0,771.9,765,0.0,57.50333333333332,68.02616666666674
6999,device_02,2025-11-13 17:51:45.386597,0,0,1133,29.3,56.0,772.7,766,0.0,57.50333333333331,68.02616666666674
7000,device_02,2025-11-13 17:52:45.013052,33,36,1134,29.4,56.0,768.2,759,0.0,57.76624999999999,68.59525000000008
7001,device_02,2025-11-13 17:53:44.805401,0,0,1132,29.3,56.0,764.5,759,0.0,57.50083333333331,68.0378333333334
7002,device_02,2025-11-13 17:54:44.847058,0,0,1134,29.4,56.0,766.2,760,0.0,57.50333333333332,68.0378333333334
7003,device_02,2025-11-13 17:55:44.891606,0,0,1135,29.3,56.0,765.3,761,0.0,57.50333333333331,68.0378333333334
7004,device_02,2025-11-13 17:56:44.824672,0,0,1132,29.4,56.0,766.4,764,0.0,57.50333333333331,68.02825000000009
7005,device_02,2025-11-13 17:57:45.404835,0,0,1136,29.4,56.0,769.1,763,0.0,57.50333333333331,68.03575000000006
7006,device_02,2025-11-13 17:58:44.952753,0,0,1135,29.4,56.0,767.7,764,0.0,57.50333333333332,68.02616666666673
7007,device_02,2025-11-13 17:59:45.479332,0,0,1135,29.5,56.0,770.2,768,0.0,57.50333333333332,68.02616666666673
7008,device_02,2025-11-13 18:00:44.813502,0,0,1138,29.3,56.0,768.8,765,0.0,57.50333333333332,68.0278333333334
7009,device_02,2025-11-13 18:01:45.383593,0,0,1135,29.5,56.0,769.4,767,0.0,57.50333333333332,68.02616666666674
7010,device_02,2025-11-13 18:02:46.552638,0,0,1136,29.4,56.0,772.5,768,0.0,57.50333333333332,68.02616666666673
7011,device_02,2025-11-13 18:03:45.44083,0,0,1134,29.4,56.0,770.2,764,0.0,57.50333333333331,68.02616666666674
7012,device_02,2025-11-13 18:04:44.924305,0,0,1131,29.4,56.0,767.4,758,0.0,57.502916666666664,68.03575000000006
7013,device_02,2025-11-13 18:05:45.75135,0,0,1134,29.4,56.0,766.3,761,0.0,57.50333333333331,68.03783333333341
7014,device_02,2025-11-13 18:06:44.84922,0,0,1134,29.5,56.0,769.3,764,0.0,57.50333333333332,68.02616666666674
7015,device_02,2025-11-13 18:07:44.897789,0,0,1135,29.4,56.0,767.6,760,0.0,57.50333333333332,68.03575000000008
7016,device_02,2025-11-13 18:08:44.814559,0,0,1133,29.5,56.0,766.1,764,0.0,57.50333333333332,68.02825000000009
7017,device_02,2025-11-13 18:09:44.987288,0,0,1133,29.4,56.0,767.2,763,0.0,57.5033333333333,68.03575000000006
7018,device_02,2025-11-13 18:10:44.805137,0,0,1133,29.3,56.0,767.2,760,0.0,57.50333333333332,68.03575000000006
7019,device_02,2025-11-13 18:11:45.38891,0,0,1132,29.3,56.0,765.3,760,0.0,57.50333333333331,68.0378333333334
7020,device_02,2025-11-13 18:12:44.861843,0,0,1134,29.4,56.0,767.8,760,0.0,57.50333333333332,68.03575000000008
7021,device_02,2025-11-13 18:13:45.205205,0,0,1136,29.4,56.0,768.4,764,0.0,57.50333333333332,68.02616666666674
7022,device_02,2025-11-13 18:14:44.787474,0,0,1133,29.5,56.0,768.6,767,0.0,57.50333333333331,68.02616666666674
7023,device_02,2025-11-13 18:15:45.332467,0,0,1137,29.4,56.0,770.0,764,0.0,57.50333333333332,68.0278333333334
7024,device_02,2025-11-13 18:16:44.852975,0,0,1134,29.6,56.0,767.9,766,0.0,57.50333333333332,68.0303333333334
7025,device_02,2025-11-13 18:17:45.397467,0,0,1136,29.5,56.0,771.2,764,0.0,57.50333333333331,68.02616666666674
7026,device_02,2025-11-13 18:18:45.093784,0,0,1136,29.3,56.0,772.2,766,0.0,57.50333333333332,68.02616666666673
7027,device_02,2025-11-13 18:19:45.383337,0,0,1134,29.2,56.0,770.0,764,0.0,57.50333333333331,68.02616666666674
7028,device_02,2025-11-13 18:20:44.82148,0,0,1133,28.6,56.0,768.5,760,0.0,57.35124999999998,68.00675000000007
7029,device_02,2025-11-13 18:21:45.408196,0,0,1132,28.4,56.0,767.4,760,0.0,57.155416666666625,67.79750000000007
7030,device_02,2025-11-13 18:22:44.817533,0,0,1134,28.6,56.0,767.1,759,0.0,57.35083333333332,68.00675000000007
7031,device_02,2025-11-13 18:23:45.085189,0,0,1133,28.5,56.0,763.7,758,0.0,56.954999999999956,67.76000000000005
7032,device_02,2025-11-13 18:24:44.890625,0,0,1131,28.5,56.0,765.8,760,0.0,56.94083333333329,67.76375000000006
7033,device_02,2025-11-13 18:30:45.424054,0,0,1139,28.6,56.0,780.1,775,0.0,57.35124999999998,67.99300000000007
7034,device_02,2025-11-13 18:31:44.851318,0,0,1136,28.5,56.0,766.3,762,0.0,56.940833333333295,67.76375000000006
7035,device_02,2025-11-13 18:32:44.996436,0,0,1133,28.5,56.0,766.2,759,0.0,56.94041666666662,67.75791666666673
7036,device_02,2025-11-13 18:33:44.855264,0,0,1135,28.4,56.0,768.2,762,0.0,57.15541666666663,67.79750000000007
7037,device_02,2025-11-13 18:34:44.817606,0,0,1134,28.5,56.0,766.0,759,0.0,56.940416666666636,67.7579166666667
7038,device_02,2025-11-13 18:35:44.858654,0,0,1134,28.4,56.7,766.6,758,0.0,57.15499999999997,67.79375000000005
7039,device_02,2025-11-13 18:36:45.450083,0,0,1132,28.4,57.0,763.6,758,0.0,57.169583333333286,67.79583333333339
7040,device_02,2025-11-13 18:37:44.768775,0,0,1133,28.4,57.0,761.9,752,0.0,57.169166666666634,67.79583333333339
7041,device_02,2025-11-13 18:38:44.982793,0,0,1130,28.5,57.0,759.3,752,0.0,56.953749999999964,67.75708333333337
7042,device_02,2025-11-13 18:39:44.860018,0,0,1132,28.3,57.0,761.6,755,0.0,57.21583333333329,67.78458333333339
7043,device_02,2025-11-13 18:40:45.670498,0,0,1133,28.5,57.0,762.8,755,0.0,56.954999999999956,67.76000000000005
7044,device_02,2025-11-13 18:41:44.792419,33,35,1130,28.5,57.0,759.5,754,0.0,57.234166666666646,68.29875000000006
7045,device_02,2025-11-13 18:42:44.769896,0,0,1134,28.5,57.0,761.7,753,0.0,56.954999999999956,67.76000000000006
7046,device_02,2025-11-13 18:43:44.896873,0,0,1131,28.5,57.0,760.3,754,0.0,56.954999999999956,67.76000000000006
7047,device_02,2025-11-13 18:44:44.921623,0,0,1132,28.4,57.0,760.3,755,0.0,57.16958333333329,67.79583333333339
7048,device_02,2025-11-13 18:45:44.92157,0,0,1130,28.3,57.0,756.9,747,0.0,57.16333333333329,67.78250000000007
7049,device_02,2025-11-13 18:46:44.935253,0,0,1132,28.4,57.0,760.9,754,0.0,57.16958333333329,67.79583333333339
7050,device_02,2025-11-13 18:47:44.791148,35,38,1136,28.5,57.0,764.1,757,0.0,57.21916666666663,68.1779166666667
7051,device_02,2025-11-13 18:48:45.056642,0,0,1133,28.6,57.0,762.9,757,0.0,57.365416666666654,68.01091666666673
7052,device_02,2025-11-13 18:49:44.977124,0,0,1133,28.5,57.0,764.1,756,0.0,56.9383333333333,67.75791666666673
7053,device_02,2025-11-13 18:50:44.833278,0,0,1132,28.2,57.0,762.8,752,0.0,57.21541666666663,67.78458333333339
7054,device_02,2025-11-13 18:51:45.017348,0,0,1131,28.6,57.0,760.5,753,0.0,57.365416666666654,68.01091666666673
7055,device_02,2025-11-13 18:52:45.578533,0,0,1132,28.6,57.0,760.2,750,0.0,57.341666666666654,68.01175000000008
7056,device_02,2025-11-13 18:53:44.770579,34,39,1130,28.4,57.0,759.6,754,0.0,57.518333333333324,68.19833333333332
7057,device_02,2025-11-13 18:54:44.886325,0,0,1132,28.2,57.0,759.7,753,0.0,57.214999999999975,67.78166666666671
7058,device_02,2025-11-13 18:55:44.888959,0,0,1133,28.5,57.0,760.4,752,0.0,56.95458333333328,67.76000000000005
7059,device_02,2025-11-13 18:56:44.988729,0,0,1130,28.4,57.0,758.6,754,0.0,57.16874999999996,67.79291666666671
7060,device_02,2025-11-13 18:57:44.774619,0,0,1131,28.4,57.0,761.0,752,0.0,57.169166666666634,67.79583333333339
7061,device_02,2025-11-13 18:58:45.363023,0,0,1132,28.3,57.0,759.6,754,0.0,57.21499999999996,67.78166666666672
7062,device_02,2025-11-13 18:59:44.893452,0,0,1130,28.3,57.0,759.9,753,0.0,57.214999999999954,67.78166666666672
7063,device_02,2025-11-13 19:00:45.463647,0,0,1136,28.5,57.0,761.0,756,0.0,56.954999999999956,67.76000000000005
7064,device_02,2025-11-13 19:01:44.797116,0,0,1134,28.7,57.0,761.8,759,0.0,57.365416666666654,68.01091666666673
7065,device_02,2025-11-13 19:02:45.365171,0,0,1134,28.4,57.0,763.5,756,0.0,57.16958333333329,67.79583333333339
7066,device_02,2025-11-13 19:03:44.830843,0,0,1134,28.6,57.0,765.3,757,0.0,57.35083333333332,68.0088333333334
7067,device_02,2025-11-13 19:04:45.216276,0,0,1134,28.3,57.0,760.2,754,0.0,57.215833333333286,67.78458333333339
7068,device_02,2025-11-13 19:05:44.794833,0,0,1131,28.4,57.0,763.1,753,0.0,57.16958333333329,67.79583333333339
7069,device_02,2025-11-13 19:06:44.766016,0,0,1130,28.3,57.0,761.3,753,0.0,57.21583333333329,67.78458333333339
7070,device_02,2025-11-13 19:07:44.772496,0,0,1132,28.4,57.0,760.6,750,0.0,57.11374999999996,67.79666666666672
7071,device_02,2025-11-13 19:08:44.865241,0,0,1129,28.6,56.9,755.6,748,0.0,57.34583333333331,68.0075833333334
7072,device_02,2025-11-13 19:09:44.755834,0,0,1130,28.5,56.7,756.5,750,0.0,56.919583333333286,67.75666666666672
7073,device_02,2025-11-13 19:10:45.135682,0,0,1133,28.5,56.7,755.0,749,0.0,56.91916666666663,67.75666666666675
7074,device_02,2025-11-13 19:11:44.831236,0,0,1130,28.5,56.6,756.3,750,0.0,56.919583333333286,67.75666666666672
7075,device_02,2025-11-13 19:12:45.017792,0,0,1128,28.4,56.4,757.5,746,0.0,57.12041666666662,67.79375000000006
7076,device_02,2025-11-13 19:13:44.912807,0,0,1128,28.6,56.7,751.7,744,0.0,57.33541666666665,68.01091666666673
7077,device_02,2025-11-13 19:14:45.417217,0,0,1131,28.6,56.7,755.3,748,0.0,57.34583333333331,68.00758333333339
7078,device_02,2025-11-13 19:15:44.916608,38,42,1135,28.4,56.7,760.8,754,0.0,57.374166666666625,68.3191666666666
7079,device_02,2025-11-13 19:16:44.941721,0,0,1133,28.5,56.9,757.6,753,0.0,56.96166666666662,67.7570833333334
7080,device_02,2025-11-13 19:17:44.78366,0,0,1135,28.4,57.0,760.1,754,0.0,57.16958333333329,67.79583333333339
7081,device_02,2025-11-13 19:18:44.938623,0,0,1131,28.5,57.0,761.0,752,0.0,56.9545833333333,67.76000000000005
7082,device_02,2025-11-13 19:19:45.097509,0,0,1132,28.4,57.0,762.5,754,0.0,57.16958333333329,67.79583333333339
7083,device_02,2025-11-13 19:20:44.961313,0,0,1132,28.4,57.0,761.4,752,0.0,57.169166666666634,67.79583333333339
7084,device_02,2025-11-13 19:21:45.293129,0,0,1125,28.3,57.0,753.3,743,0.0,57.1445833333333,67.78750000000005
7085,device_02,2025-11-13 19:22:44.901101,0,0,1131,28.5,57.0,758.2,747,0.0,56.914166666666624,67.75791666666673
7086,device_02,2025-11-13 19:23:45.347586,0,0,1129,28.5,57.0,754.6,748,0.0,56.91916666666663,67.76250000000006
7087,device_02,2025-11-13 19:24:45.416131,0,0,1131,28.4,57.0,754.6,747,0.0,57.11791666666663,67.7983333333334
7088,device_02,2025-11-13 19:30:45.417953,0,0,1130,28.5,57.0,758.6,756,0.0,56.95416666666663,67.75708333333338
7089,device_02,2025-11-13 19:31:44.856158,0,0,1130,28.4,57.0,750.2,745,0.0,57.09958333333329,67.79791666666672
7090,device_02,2025-11-13 19:32:45.213589,0,0,1133,28.3,57.0,753.4,748,0.0,57.16083333333329,67.78750000000005
7091,device_02,2025-11-13 19:33:44.952559,0,0,1128,28.4,57.0,753.5,745,0.0,57.10166666666663,67.79875000000006
7092,device_02,2025-11-13 19:34:44.777835,0,0,1126,28.4,57.0,754.9,741,0.0,57.092083333333285,67.79250000000006
7093,device_02,2025-11-13 19:35:44.867064,0,0,1126,28.5,57.0,750.6,741,0.0,56.905833333333284,67.76291666666671
7094,device_02,2025-11-13 19:36:44.959255,0,0,1125,28.5,57.0,751.4,740,0.0,56.90791666666662,67.76291666666671
7095,device_02,2025-11-13 19:37:44.833779,0,0,1128,28.5,57.0,750.2,738,0.0,56.90583333333328,67.76208333333338
7096,device_02,2025-11-13 19:38:44.857521,0,0,1128,28.4,57.0,746.3,740,0.0,57.08666666666662,67.79791666666671
7097,device_02,2025-11-13 19:39:44.740637,0,0,1130,28.5,57.0,753.1,746,0.0,56.91916666666661,67.76291666666673
7098,device_02,2025-11-13 19:40:44.745132,0,0,1132,28.5,57.0,756.2,747,0.0,56.919583333333286,67.75666666666672
7099,device_02,2025-11-13 19:41:45.089745,0,0,1128,28.6,57.0,752.1,747,0.0,57.34583333333331,68.01091666666673
7100,device_02,2025-11-13 19:42:45.436101,0,0,1132,28.5,57.0,757.0,747,0.0,56.921666666666624,67.75791666666672
7101,device_02,2025-11-13 19:43:44.922933,0,0,1132,28.5,57.0,754.8,751,0.0,56.91916666666661,67.75666666666672
7102,device_02,2025-11-13 19:44:45.37482,0,0,1129,28.6,57.0,755.4,748,0.0,57.34583333333331,68.0075833333334
7103,device_02,2025-11-13 19:45:45.277954,0,0,1128,28.4,57.0,755.5,746,0.0,57.11791666666662,67.79250000000006
7104,device_02,2025-11-13 19:46:45.363719,0,0,1131,28.5,57.0,756.3,750,0.0,56.919583333333286,67.75666666666672
7105,device_02,2025-11-13 19:47:44.980998,0,0,1133,28.5,57.0,757.6,750,0.0,56.921666666666624,67.75791666666672
7106,device_02,2025-11-13 19:48:44.813736,0,0,1131,28.5,57.0,759.1,751,0.0,56.914166666666624,67.75791666666673
7107,device_02,2025-11-13 19:49:45.480255,0,0,1130,28.5,57.0,759.7,750,0.0,56.91416666666662,67.75791666666673
7108,device_02,2025-11-13 19:50:44.822485,0,0,1128,28.5,57.0,758.6,746,0.0,56.91416666666662,67.75791666666673
7109,device_02,2025-11-13 19:51:45.077802,0,0,1128,28.5,57.0,754.9,745,0.0,56.90874999999996,67.75666666666672
7110,device_02,2025-11-13 19:52:45.382919,0,0,1130,28.5,57.0,754.0,743,0.0,56.908749999999955,67.76250000000006
7111,device_02,2025-11-13 19:53:45.331735,0,0,1130,28.4,57.0,754.5,748,0.0,57.11791666666663,67.79833333333339
7112,device_02,2025-11-13 19:54:45.385223,0,0,1126,28.4,57.0,753.0,741,0.0,57.09208333333329,67.79875000000004
7113,device_02,2025-11-13 19:55:44.805598,0,0,1127,28.7,57.0,752.9,744,0.0,57.33541666666665,68.01091666666674
7114,device_02,2025-11-13 19:56:45.137821,0,0,1127,28.3,57.0,751.5,743,0.0,57.14458333333329,67.78750000000005
7115,device_02,2025-11-13 19:57:44.991995,0,0,1131,28.2,57.0,753.5,746,0.0,57.16083333333329,67.78750000000005
7116,device_02,2025-11-13 19:58:44.861048,0,0,1130,28.3,57.0,753.7,750,0.0,57.16083333333329,67.79000000000005
7117,device_02,2025-11-13 19:59:45.015742,31,34,1129,28.3,57.0,753.0,747,0.0,57.38749999999998,68.22958333333337
7118,device_02,2025-11-13 20:00:44.979114,31,34,1129,28.6,57.0,757.5,747,0.0,57.55000000000001,68.41191666666673
7119,device_02,2025-11-13 20:01:44.760308,0,0,1130,28.5,57.0,754.0,746,0.0,56.91916666666663,67.76250000000006
7120,device_02,2025-11-13 20:02:44.945194,0,0,1132,28.5,57.0,754.6,746,0.0,56.91916666666661,67.76250000000006
7121,device_02,2025-11-13 20:03:44.898647,0,0,1127,28.5,57.0,753.4,745,0.0,56.908749999999955,67.76291666666671
7122,device_02,2025-11-13 20:04:45.30912,0,0,1127,28.4,57.0,755.2,742,0.0,57.09208333333329,67.79250000000006
7123,device_02,2025-11-13 20:05:45.36705,0,0,1127,28.4,57.0,754.9,742,0.0,57.092083333333285,67.79250000000006
7124,device_02,2025-11-13 20:06:44.718876,0,0,1128,28.5,57.0,751.5,742,0.0,56.90791666666662,67.76291666666673
7125,device_02,2025-11-13 20:07:45.324457,0,0,1130,28.4,57.0,753.1,743,0.0,57.10166666666663,67.79875000000006
7126,device_02,2025-11-13 20:08:44.697113,0,0,1129,28.4,57.0,752.6,747,0.0,57.11791666666663,67.79875000000004
7127,device_02,2025-11-13 20:09:45.423935,0,0,1129,28.6,57.0,754.5,744,0.0,57.335416666666646,68.01341666666673
7128,device_02,2025-11-13 20:10:45.291845,0,0,1127,28.4,57.0,754.7,746,0.0,57.11791666666662,67.78958333333338
7129,device_02,2025-11-13 20:11:44.9676,34,37,1125,28.4,57.0,751.9,742,0.0,57.39749999999997,68.22750000000003
7130,device_02,2025-11-13 20:12:45.518035,0,0,1132,28.5,57.1,753.7,745,0.0,56.908749999999955,67.76541666666671
7131,device_02,2025-11-13 20:13:44.690805,0,0,1131,28.4,57.7,751.4,747,0.0,57.11791666666663,67.79875000000006
7132,device_02,2025-11-13 20:14:45.601978,0,0,1130,28.6,58.0,754.2,748,0.0,57.34583333333331,68.01341666666673
7133,device_02,2025-11-13 20:15:44.889841,0,0,1130,28.5,58.0,758.3,748,0.0,56.91416666666662,67.75791666666672
7134,device_02,2025-11-13 20:16:44.735137,0,0,1129,28.5,58.0,754.2,748,0.0,56.91916666666661,67.76250000000006
7135,device_02,2025-11-13 20:17:44.791397,0,0,1133,28.4,58.0,755.2,746,0.0,57.11791666666663,67.79250000000006
7136,device_02,2025-11-13 20:18:44.935757,0,0,1130,28.5,58.0,753.6,748,0.0,56.91916666666661,67.76541666666671
7137,device_02,2025-11-13 20:19:45.085198,0,0,1129,28.5,58.0,754.7,742,0.0,56.90791666666662,67.75375000000005
7138,device_02,2025-11-13 20:20:44.9129,0,0,1127,28.5,58.0,754.3,743,0.0,56.90874999999995,67.76250000000006
7139,device_02,2025-11-13 20:21:45.043258,0,0,1128,28.8,58.0,753.3,742,0.0,57.33458333333331,68.01091666666673
7140,device_02,2025-11-13 20:22:44.807273,0,0,1131,28.5,58.0,750.5,743,0.0,56.90666666666662,67.76291666666671
7141,device_02,2025-11-13 20:23:44.767163,0,0,1129,28.4,58.0,750.4,745,0.0,57.09958333333329,67.79875000000006
7142,device_02,2025-11-13 20:24:44.826096,0,0,1129,28.5,58.0,753.4,744,0.0,56.908749999999955,67.76291666666671
7143,device_02,2025-11-13 20:30:44.934117,0,0,1134,28.5,58.0,769.1,762,0.0,56.94083333333329,67.76166666666673
7144,device_02,2025-11-13 20:31:44.764695,0,0,1130,28.4,58.0,755.1,750,0.0,57.11791666666662,67.79250000000006
7145,device_02,2025-11-13 20:32:45.326231,0,0,1133,28.4,58.0,752.2,745,0.0,57.10166666666662,67.79875000000006
7146,device_02,2025-11-13 20:33:44.732842,0,0,1131,28.5,58.0,753.3,747,0.0,56.91916666666661,67.76291666666673
7147,device_02,2025-11-13 20:34:45.110359,0,0,1130,28.3,58.0,750.9,741,0.0,57.132916666666624,67.78750000000005
7148,device_02,2025-11-13 20:35:44.716328,0,0,1128,28.5,58.0,750.4,740,0.0,56.905833333333284,67.76291666666671
7149,device_02,2025-11-13 20:36:44.751035,0,0,1124,28.5,58.0,749.7,738,0.0,56.905833333333284,67.7620833333334
7150,device_02,2025-11-13 20:37:44.789168,0,0,1127,28.5,58.0,747.5,736,0.0,56.899999999999956,67.76208333333338
7151,device_02,2025-11-13 20:38:44.807037,0,0,1127,28.4,58.0,749.1,740,0.0,57.089999999999954,67.79791666666671
7152,device_02,2025-11-13 20:39:45.3015,0,0,1131,28.7,58.0,750.1,741,0.0,57.33249999999999,68.01091666666673
7153,device_02,2025-11-13 20:40:44.867187,0,0,1131,28.5,58.0,753.2,743,0.0,56.908749999999955,67.76291666666671
7154,device_02,2025-11-13 20:41:45.485055,0,0,1127,28.3,58.0,750.5,744,0.0,57.142499999999956,67.78750000000005
7155,device_02,2025-11-13 20:42:44.981923,0,0,1131,28.5,58.0,752.3,741,0.0,56.90791666666662,67.76291666666673
7156,device_02,2025-11-13 20:43:45.133103,0,0,1127,28.6,58.0,749.4,740,0.0,57.33249999999998,68.01091666666673
7157,device_02,2025-11-13 20:44:44.919494,0,0,1127,28.6,58.0,752.6,743,0.0,57.33541666666665,68.01091666666673
7158,device_02,2025-11-13 20:45:44.801433,0,0,1130,28.4,58.0,753.7,744,0.0,57.101666666666624,67.80125000000005
7159,device_02,2025-11-13 20:46:44.840657,0,0,1129,28.5,58.0,752.4,747,0.0,56.91916666666661,67.76291666666673
7160,device_02,2025-11-13 20:47:45.140564,0,0,1131,28.3,58.0,754.8,745,0.0,57.14458333333329,67.78125000000006
7161,device_02,2025-11-13 20:48:44.867888,0,0,1129,28.4,58.0,754.1,746,0.0,57.11791666666662,67.7983333333334
7162,device_02,2025-11-13 20:49:44.801571,0,0,1128,28.5,58.0,749.4,740,0.0,56.905833333333284,67.76208333333338
7163,device_02,2025-11-13 20:50:44.775476,0,0,1130,28.3,58.0,753.4,744,0.0,57.14458333333329,67.78750000000005
7164,device_02,2025-11-13 20:51:45.059277,0,0,1127,28.7,58.0,752.4,743,0.0,57.33541666666666,68.01091666666673
7165,device_02,2025-11-13 20:52:44.757548,0,0,1132,28.4,58.0,750.9,743,0.0,57.09958333333329,67.79875000000006
7166,device_02,2025-11-13 20:53:45.070637,0,0,1127,28.4,58.0,749.1,740,0.0,57.089999999999954,67.79791666666672
7167,device_02,2025-11-13 20:54:45.097622,0,0,1129,28.4,58.0,751.4,741,0.0,57.09208333333329,67.79875000000006
7168,device_02,2025-11-13 20:55:45.11303,0,0,1127,28.4,58.0,748.1,738,0.0,57.084166666666626,67.79791666666672
7169,device_02,2025-11-13 20:56:44.779366,0,0,1127,28.4,58.0,751.2,745,0.0,57.099583333333285,67.79875000000006
7170,device_02,2025-11-13 20:57:45.429084,0,0,1128,28.4,58.0,747.6,737,0.0,57.084166666666626,67.79791666666672
7171,device_02,2025-11-13 20:58:44.880949,0,0,1127,28.3,58.0,749.7,743,0.0,57.142499999999956,67.78666666666672
7172,device_02,2025-11-13 20:59:45.533554,0,0,1129,28.4,58.0,750.9,740,0.0,57.089999999999954,67.79875000000004
7173,device_02,2025-11-13 21:00:44.90898,31,32,1130,28.4,58.0,750.7,741,0.0,57.16708333333332,68.06875000000005
7174,device_02,2025-11-13 21:01:45.01691,0,0,1126,28.5,58.0,748.4,740,0.0,56.905833333333284,67.76208333333338
7175,device_02,2025-11-13 21:02:44.842084,0,0,1130,28.4,58.0,752.6,742,0.0,57.09208333333329,67.79875000000006
7176,device_02,2025-11-13 21:03:45.428566,0,0,1127,28.5,58.0,748.6,741,0.0,56.905833333333284,67.76208333333338
7177,device_02,2025-11-13 21:04:44.752039,0,0,1129,28.4,58.0,752.0,743,0.0,57.101666666666624,67.79875000000004
7178,device_02,2025-11-13 21:05:44.896409,0,0,1126,28.5,58.0,748.0,738,0.0,56.89999999999995,67.76208333333338
7179,device_02,2025-11-13 21:06:44.755044,34,37,1126,28.3,58.0,746.7,735,0.0,57.44166666666664,68.22333333333337
7180,device_02,2025-11-13 21:07:44.922909,0,0,1127,28.4,58.0,747.9,733,0.0,57.084166666666626,67.79791666666672
7181,device_02,2025-11-13 21:08:45.407733,0,0,1126,28.6,58.0,744.3,735,0.0,57.34874999999998,68.01091666666673
7182,device_02,2025-11-13 21:09:44.994976,0,0,1128,28.7,58.0,749.6,738,0.0,57.33249999999998,68.01091666666673
7183,device_02,2025-11-13 21:10:44.847822,0,0,1128,28.4,58.0,747.7,734,0.0,57.084166666666626,67.79791666666672
7184,device_02,2025-11-13 21:11:45.402522,0,0,1127,28.5,58.0,747.4,737,0.0,56.904583333333285,67.7620833333334
7185,device_02,2025-11-13 21:12:44.826312,30,32,1129,28.5,58.0,748.8,735,0.0,56.93833333333331,67.95125000000004
7186,device_02,2025-11-13 21:13:45.188769,0,0,1128,28.4,58.0,747.8,739,0.0,57.08416666666663,67.79791666666674
7187,device_02,2025-11-13 21:14:44.934594,0,0,1129,28.7,58.0,749.7,739,0.0,57.33249999999999,68.01091666666673
7188,device_02,2025-11-13 21:15:45.428782,0,0,1131,28.4,58.1,750.1,741,0.0,57.08999999999996,67.79791666666674
7189,device_02,2025-11-13 21:16:44.939548,0,0,1129,28.4,58.4,748.9,741,0.0,57.089999999999954,67.79791666666671
7190,device_02,2025-11-13 21:17:45.464473,0,0,1131,28.4,59.0,749.5,741,0.0,57.089999999999954,67.79791666666672
7191,device_02,2025-11-13 21:18:44.785469,0,0,1129,28.4,59.0,750.2,740,0.0,57.08999999999996,67.79791666666672
7192,device_02,2025-11-13 21:19:45.335621,0,0,1130,28.7,59.0,750.1,738,0.0,57.332499999999975,68.01091666666673
7193,device_02,2025-11-13 21:20:44.819742,0,0,1129,28.3,59.0,749.0,739,0.0,57.132916666666624,67.78666666666672
7194,device_02,2025-11-13 21:21:44.824173,0,0,1129,28.4,59.0,747.0,737,0.0,57.086666666666616,67.79791666666674
7195,device_02,2025-11-13 21:22:44.815755,0,0,1131,28.5,59.0,750.5,737,0.0,56.905833333333284,67.76291666666673
7196,device_02,2025-11-13 21:23:44.821268,0,0,1128,28.2,59.0,746.5,738,0.0,57.12958333333329,67.78666666666672
7197,device_02,2025-11-13 21:24:44.959493,0,0,1126,28.5,59.0,747.2,733,0.0,56.904583333333285,67.76208333333338
7198,device_02,2025-11-13 21:30:44.920339,0,0,1131,28.6,59.0,764.2,753,0.0,57.34874999999999,68.0088333333334
7199,device_02,2025-11-13 21:31:44.693774,0,0,1126,28.4,59.0,744.0,732,0.0,57.01458333333329,67.79791666666672
7200,device_02,2025-11-13 21:32:45.134845,0,0,1128,28.4,59.0,746.7,734,0.0,57.086666666666616,67.79791666666672
7201,device_02,2025-11-13 21:33:45.496312,0,0,1128,28.3,59.0,741.5,732,0.0,57.042499999999954,67.78666666666672
7202,device_02,2025-11-13 21:34:44.695082,0,0,1129,28.3,59.0,744.1,734,0.0,57.13791666666661,67.78666666666672
7203,device_02,2025-11-13 21:35:45.755548,0,0,1128,28.4,59.0,744.2,733,0.0,57.09499999999994,67.79791666666672
7204,device_02,2025-11-13 21:36:45.307623,0,0,1127,28.4,59.0,746.2,735,0.0,57.08666666666662,67.79791666666672
7205,device_02,2025-11-13 21:37:44.727668,0,0,1128,28.4,59.0,745.8,735,0.0,57.086666666666616,67.79791666666674
7206,device_02,2025-11-13 21:38:44.90751,0,0,1123,28.4,59.0,742.8,729,0.0,57.035833333333294,67.79791666666672
7207,device_02,2025-11-13 21:39:44.738057,36,37,1127,28.5,59.0,743.8,734,0.0,57.14416666666662,68.16000000000005
7208,device_02,2025-11-13 21:40:44.72352,0,0,1127,28.5,59.0,739.4,731,0.0,56.857916666666625,67.76208333333338
7209,device_02,2025-11-13 21:41:45.319147,0,0,1127,28.4,59.0,742.1,732,0.0,57.03583333333329,67.79791666666672
7210,device_02,2025-11-13 21:42:44.722666,0,0,1128,28.4,59.0,744.6,734,0.0,57.094999999999956,67.79791666666674
7211,device_02,2025-11-13 21:43:45.307485,0,0,1128,28.6,59.0,745.3,737,0.0,57.33499999999997,68.01091666666673
7212,device_02,2025-11-13 21:44:44.82147,0,0,1127,28.5,59.0,747.2,735,0.0,56.904583333333285,67.76208333333338
7213,device_02,2025-11-13 21:45:44.860119,0,0,1125,28.4,59.0,745.5,733,0.0,57.086666666666616,67.79791666666672
7214,device_02,2025-11-13 21:46:44.757887,0,0,1125,28.5,59.0,744.7,734,0.0,56.91624999999995,67.76208333333338
7215,device_02,2025-11-13 21:47:44.73668,0,0,1127,28.4,59.0,742.0,732,0.0,57.035833333333294,67.79791666666674
7216,device_02,2025-11-13 21:48:44.862419,0,0,1128,28.6,59.0,742.5,735,0.0,57.34624999999998,68.01091666666673
7217,device_02,2025-11-13 21:49:44.877578,0,0,1130,28.4,59.0,744.3,735,0.0,57.09499999999994,67.79791666666672
7218,device_02,2025-11-13 21:50:44.691009,0,0,1129,28.5,59.0,744.8,736,0.0,56.91624999999995,67.76208333333338
7219,device_02,2025-11-13 21:51:44.972642,0,0,1129,28.4,59.0,748.8,738,0.0,57.08999999999996,67.79791666666672
7220,device_02,2025-11-13 21:52:44.779363,0,0,1128,28.3,59.0,748.1,735,0.0,57.12708333333328,67.78666666666672
7221,device_02,2025-11-13 21:53:45.094082,0,0,1127,28.3,58.8,747.2,737,0.0,57.131666666666625,67.78666666666672
7222,device_02,2025-11-13 21:54:44.856604,0,0,1129,28.5,59.0,749.0,737,0.0,56.905833333333284,67.76208333333338
7223,device_02,2025-11-13 21:55:45.540665,0,0,1124,28.5,59.0,739.5,727,0.0,56.857916666666625,67.7620833333334
7224,device_02,2025-11-13 21:56:44.813074,29,30,1128,28.5,59.0,746.6,738,0.0,56.86624999999995,67.79333333333338
7225,device_02,2025-11-13 21:57:44.946637,0,0,1131,28.3,59.0,750.2,739,0.0,57.132916666666624,67.78666666666672
7226,device_02,2025-11-13 21:58:44.702347,0,0,1129,28.3,59.0,747.5,740,0.0,57.12708333333328,67.78666666666672
7227,device_02,2025-11-13 21:59:45.430879,0,0,1128,28.6,59.0,745.7,735,0.0,57.33499999999998,68.01091666666673
7228,device_02,2025-11-13 22:00:44.750085,0,0,1130,28.5,59.0,748.5,737,0.0,56.905833333333284,67.76208333333338
7229,device_02,2025-11-13 22:01:45.43455,0,0,1130,28.4,59.0,747.4,737,0.0,57.088749999999955,67.79791666666672
7230,device_02,2025-11-13 22:02:45.045233,0,0,1130,28.4,59.0,745.8,736,0.0,57.08666666666663,67.79791666666672
7231,device_02,2025-11-13 22:03:44.742761,0,0,1130,28.5,59.0,746.3,737,0.0,56.90249999999995,67.7620833333334
7232,device_02,2025-11-13 22:04:45.150089,0,0,1128,28.4,59.0,747.9,736,0.0,57.084166666666626,67.79791666666671
7233,device_02,2025-11-13 22:05:44.742949,0,0,1128,28.3,59.0,746.5,737,0.0,57.12958333333327,67.78666666666672
7234,device_02,2025-11-13 22:06:45.519278,0,0,1126,28.5,59.0,744.9,735,0.0,56.91624999999995,67.76208333333338
7235,device_02,2025-11-13 22:07:44.970641,0,0,1129,28.3,59.0,744.4,735,0.0,57.13791666666661,67.78666666666672
7236,device_02,2025-11-13 22:08:44.73227,0,0,1125,28.3,59.0,742.7,735,0.0,57.079166666666616,67.78666666666672
7237,device_02,2025-11-13 22:09:45.40553,0,0,1127,28.4,59.0,744.8,733,0.0,57.094999999999956,67.79791666666671
7238,device_02,2025-11-13 22:10:44.893281,0,0,1124,28.3,59.0,742.0,730,0.0,57.07916666666662,67.78666666666672
7239,device_02,2025-11-13 22:11:45.334448,0,0,1125,28.3,59.0,743.1,731,0.0,57.057916666666614,67.78666666666675
7240,device_02,2025-11-13 22:12:44.894903,0,0,1127,28.5,59.0,744.4,732,0.0,56.91624999999995,67.76208333333338
7241,device_02,2025-11-13 22:13:44.933407,0,0,1125,28.3,59.0,742.0,731,0.0,57.07916666666662,67.78666666666672
7242,device_02,2025-11-13 22:14:45.377669,0,0,1125,28.5,59.0,742.0,730,0.0,56.885416666666615,67.7620833333334
7243,device_02,2025-11-13 22:15:44.843658,0,0,1126,28.3,59.0,742.1,730,0.0,57.07916666666662,67.78666666666672
7244,device_02,2025-11-13 22:16:44.789628,0,0,1124,28.5,59.0,740.4,728,0.0,56.85999999999996,67.7620833333334
7245,device_02,2025-11-13 22:17:44.737834,0,0,1127,28.4,59.0,744.5,733,0.0,57.094999999999956,67.79791666666672
7246,device_02,2025-11-13 22:18:44.874887,29,30,1128,28.5,59.0,742.7,733,0.0,56.84916666666663,67.8029166666667
7247,device_02,2025-11-13 22:19:44.884362,28,28,1126,28.4,59.0,742.5,731,0.0,57.01374999999995,67.81791666666672
7248,device_02,2025-11-13 22:20:45.35188,0,0,1125,28.4,59.0,742.5,731,0.0,57.03583333333329,67.79791666666672
7249,device_02,2025-11-13 22:21:44.774656,0,0,1126,28.4,59.0,742.3,730,0.0,57.03583333333329,67.79791666666672
7250,device_02,2025-11-13 22:22:45.415773,0,0,1127,28.6,59.0,744.8,732,0.0,57.348749999999974,68.01091666666673
7251,device_02,2025-11-13 22:23:44.807995,0,0,1124,28.4,59.0,741.2,730,0.0,56.999166666666625,67.79791666666671
7252,device_02,2025-11-13 22:24:45.401776,0,0,1126,28.5,59.0,742.5,730,0.0,56.885416666666615,67.76208333333338
7253,device_02,2025-11-13 22:30:45.332643,0,0,1126,28.5,59.0,753.8,746,0.0,56.91916666666661,67.76541666666671
7254,device_02,2025-11-13 22:31:44.710403,0,0,1125,28.5,59.0,741.7,730,0.0,56.85999999999994,67.7620833333334
7255,device_02,2025-11-13 22:32:45.135085,0,0,1123,28.5,59.0,740.4,729,0.0,56.85999999999994,67.7620833333334
7256,device_02,2025-11-13 22:33:44.720155,0,0,1124,28.3,59.0,741.5,730,0.0,57.042499999999954,67.78666666666673
7257,device_02,2025-11-13 22:34:45.511293,0,0,1125,28.6,59.0,740.7,729,0.0,57.325416666666655,68.01091666666673
7258,device_02,2025-11-13 22:35:44.909116,0,0,1124,28.5,59.0,741.1,729,0.0,56.85999999999996,67.76208333333338
7259,device_02,2025-11-13 22:36:44.790093,0,0,1123,28.5,59.0,740.5,726,0.0,56.85999999999994,67.7620833333334
7260,device_02,2025-11-13 22:37:45.312448,0,0,1122,28.4,59.0,738.0,725,0.0,56.994999999999955,67.79875000000007
7261,device_02,2025-11-13 22:38:44.70647,0,0,1123,28.3,59.0,735.6,725,0.0,57.025833333333296,67.78750000000005
7262,device_02,2025-11-13 22:39:45.325244,0,0,1124,28.4,59.0,737.9,726,0.0,56.994999999999955,67.79875000000006
7263,device_02,2025-11-13 22:40:44.798155,0,0,1124,28.4,59.0,739.2,728,0.0,56.994999999999955,67.79875000000006
7264,device_02,2025-11-13 22:41:44.805347,0,0,1124,28.3,59.0,739.2,727,0.0,57.038333333333284,67.78750000000005
7265,device_02,2025-11-13 22:42:45.330328,0,0,1124,28.5,59.0,739.8,728,0.0,56.857916666666625,67.7620833333334
7266,device_02,2025-11-13 22:43:44.683679,0,0,1125,28.5,59.0,739.9,727,0.0,56.85999999999994,67.7620833333334
7267,device_02,2025-11-13 22:44:45.324319,0,0,1125,28.6,59.0,740.4,728,0.0,57.32541666666664,68.01091666666673
7268,device_02,2025-11-13 22:45:44.722347,0,0,1124,28.4,59.0,739.4,728,0.0,56.99499999999996,67.79791666666672
7269,device_02,2025-11-13 22:46:45.039186,0,0,1124,28.4,59.0,740.1,728,0.0,56.999166666666625,67.79791666666671
7270,device_02,2025-11-13 22:47:44.737102,0,0,1126,28.4,59.0,740.2,730,0.0,56.999166666666625,67.79791666666672
7271,device_02,2025-11-13 22:48:45.314321,0,0,1125,28.5,59.0,741.4,731,0.0,56.85999999999996,67.7620833333334
7272,device_02,2025-11-13 22:49:44.85743,0,0,1125,28.5,59.0,741.4,729,0.0,56.85999999999996,67.76208333333338
7273,device_02,2025-11-13 22:50:44.729113,0,0,1125,28.6,59.0,740.7,730,0.0,57.325416666666655,68.01091666666673
7274,device_02,2025-11-13 22:51:44.880846,0,0,1126,28.4,59.3,741.6,730,0.0,56.99916666666662,67.79791666666672
