reading_id,device_id,timestamp,pm25_raw,pm10_raw,co_raw,temperature,humidity,no2_mv,no2_raw
1238,device_01,2025-11-06 10:36:15.42311,39,49,90,29.6,73.2,961.5,1058
1239,device_01,2025-11-06 10:41:26.63323,39,49,69,29.5,74,926.9,1012
1240,device_01,2025-11-06 10:46:35.218098,38,46,65,29.4,75.7,910.2,992
1241,device_01,2025-11-06 10:51:44.543263,48,59,60,28.6,77.7,896.5,974
1242,device_01,2025-11-06 10:56:54.608179,47,59,57,28.3,78.8,879.4,952
1243,device_01,2025-11-06 11:02:03.751375,48,58,55,28.3,79.8,861.3,928
1244,device_01,2025-11-06 11:07:13.277443,43,50,54,28.4,80.8,856.4,925
1245,device_05,2025-11-06 11:10:50.897853,43,51,430,27.1,84.9,703.1,689
1246,device_01,2025-11-06 11:12:22.200343,43,52,53,28.4,81.8,839.2,900
1247,device_05,2025-11-06 11:15:58.227368,57,68,360,27.3,86,710.6,697
1248,device_01,2025-11-06 11:17:30.163515,39,48,52,28.5,82.7,822.1,880
1249,device_05,2025-11-06 11:21:05.400918,44,53,327,27,86.2,702.9,687
1250,device_01,2025-11-06 11:22:38.046488,37,43,50,28.6,83,828.9,887
1251,device_05,2025-11-06 11:26:12.635328,46,55,308,26.6,86.6,682.7,665
1252,device_01,2025-11-06 11:27:45.924503,35,39,48,28.6,82.3,821.3,876
1253,device_05,2025-11-06 11:31:19.885349,36,38,300,26.5,87,690.6,671
1254,device_05,2025-11-06 11:31:46.960772,21,24,1187,25.3,59.5,923.9,953
1255,device_01,2025-11-06 11:32:54.265327,35,39,50,28.4,82,819,874
1256,device_02,2025-11-06 11:35:54.548981,35,39,1174,25.3,58.7,824.7,831
1257,device_05,2025-11-06 11:36:27.077599,36,41,291,26.4,86.8,689.2,672
1258,device_01,2025-11-06 11:38:02.122923,35,43,51,28.5,82,813.3,866
1259,device_05,2025-11-06 11:41:35.556253,35,37,291,26.4,86.5,688.5,674
1260,device_01,2025-11-06 11:43:11.21969,34,38,51,28.5,82,827.8,886
1261,device_05,2025-11-06 11:46:43.233228,30,30,277,26.4,86.4,672.2,653
1262,device_02,2025-11-06 11:47:01.403695,35,38,1187,29.4,73.7,906.4,926
1263,device_01,2025-11-06 11:48:19.541096,34,35,51,28.2,82,822.6,878
1264,device_05,2025-11-06 11:51:50.944351,29,29,273,26.4,86.3,666.8,645
1265,device_01,2025-11-06 11:53:27.539339,35,41,51,28.4,82,814.5,869
1266,device_05,2025-11-06 11:56:58.066825,30,31,269,26.3,86.2,680.2,660
1267,device_01,2025-11-06 11:58:36.042792,42,49,51,28.6,82,814.1,868
1268,device_05,2025-11-06 12:02:04.411346,31,32,265,26.3,86.4,679.3,665
1269,device_01,2025-11-06 12:03:44.669079,36,40,50,28.3,82,799.5,848
1270,device_05,2025-11-06 12:07:10.637486,34,35,263,26.2,86.8,677.4,657
1271,device_02,2025-11-06 12:08:29.414941,32,33,1155,28.4,79,880.5,899
1272,device_01,2025-11-06 12:08:52.605134,37,47,50,28.5,82.8,804.3,856
1273,device_05,2025-11-06 12:12:17.651216,34,35,261,26.1,87.5,642.2,619
1274,device_01,2025-11-06 12:14:00.709931,34,40,49,28.3,83,783.4,829
1275,device_05,2025-11-06 12:17:24.787034,36,40,261,26,87.8,666.8,639
1276,device_01,2025-11-06 12:19:09.227728,36,43,50,27.7,83.8,818,871
1277,device_05,2025-11-06 12:22:31.804537,39,44,264,26,88,672.3,648
1278,device_01,2025-11-06 12:24:17.744835,36,42,50,27.6,84,788,836
1279,device_02,2025-11-06 12:24:26.063446,34,35,1138,28.5,80,840.8,854
1280,device_05,2025-11-06 12:27:42.191496,35,36,256,26,88,654.1,630
1281,device_01,2025-11-06 12:29:26.468201,36,39,50,27.4,84,789.5,836
1282,device_02,2025-11-06 12:29:34.140534,37,41,1135,28.3,80.8,830.2,840
1283,device_05,2025-11-06 12:32:51.107063,37,39,253,26,88.1,659.7,632
1284,device_01,2025-11-06 12:34:40.722779,40,50,50,27.6,84.5,784.6,830
1285,device_05,2025-11-06 12:37:58.13187,38,44,247,25.9,88.1,641.7,615
1286,device_01,2025-11-06 12:39:48.923551,39,44,50,27.3,85,780.7,825
1287,device_02,2025-11-06 12:40:36.890287,33,34,1154,27.5,82.7,855.7,871
1288,device_05,2025-11-06 12:43:05.556103,35,38,239,25.8,88.2,648.5,620
1289,device_01,2025-11-06 12:44:59.770745,42,50,49,27.4,85,774.5,818
1290,device_05,2025-11-06 12:48:12.826985,34,34,238,25.9,88.3,642.3,612
1291,device_01,2025-11-06 12:50:11.100759,43,52,49,27.5,85,767.8,808
1292,device_05,2025-11-06 12:53:20.015822,28,30,245,25.8,88.5,642,608
1293,device_01,2025-11-06 12:55:19.553487,39,48,49,27.5,85,767.8,807
1294,device_05,2025-11-06 12:58:26.872389,32,33,241,25.8,88.5,644.9,624
1295,device_01,2025-11-06 13:00:31.159543,38,45,49,27.4,85,764.6,803
1296,device_05,2025-11-06 13:03:33.502585,28,28,233,25.9,88.3,637.3,614
1297,device_01,2025-11-06 13:05:39.76169,38,45,49,27.4,85,757.3,792
1298,device_05,2025-11-06 13:08:40.514109,29,31,231,25.8,88.1,650.9,623
1299,device_01,2025-11-06 13:10:48.321544,37,41,48,27.6,85,748.9,784
1300,device_05,2025-11-06 13:13:48.359854,27,28,225,25.8,87.7,630,596
1301,device_01,2025-11-06 13:15:59.53357,34,39,49,27.5,85,754.4,793
1302,device_05,2025-11-06 13:18:55.993233,26,27,227,25.9,87.3,653.7,628
1303,device_01,2025-11-06 13:21:08.426292,33,34,48,27.6,84.2,754,791
1304,device_05,2025-11-06 13:24:03.119439,23,23,216,25.8,86.5,633.2,599
1305,device_01,2025-11-06 13:26:18.911949,29,30,46,27.6,84,755.6,795
1306,device_05,2025-11-06 13:29:09.985511,22,23,211,25.8,86.4,636.4,606
1307,device_01,2025-11-06 13:31:27.416254,32,36,47,27.4,84,762.8,802
1308,device_05,2025-11-06 13:34:17.173387,20,20,211,25.8,86.4,634.5,607
1309,device_05,2025-11-06 13:39:24.755836,15,15,205,25.8,86.2,624.2,591
1310,device_01,2025-11-06 13:41:52.23609,24,24,50,27.5,84,755.5,791
1311,device_05,2025-11-06 13:44:32.46576,12,12,206,25.8,85.9,636.7,603
1312,device_01,2025-11-06 13:47:01.76904,28,29,47,27.6,84,749.2,783
1313,device_05,2025-11-06 13:49:39.564183,13,13,205,25.8,85.7,618.9,584
1314,device_01,2025-11-06 13:52:12.392831,30,30,47,27.5,84.2,755.1,790
1315,device_05,2025-11-06 13:54:47.17663,9,11,205,25.8,85.7,624,593
1316,device_01,2025-11-06 13:57:20.67659,27,28,47,27.3,83.8,754.4,791
1317,device_05,2025-11-06 13:59:54.241963,19,19,202,25.8,85.8,610.2,576
1318,device_01,2025-11-06 14:02:32.075636,25,29,49,27.4,84,747,783
1319,device_05,2025-11-06 14:05:01.310334,19,19,202,25.8,86,615.2,579
1320,device_01,2025-11-06 14:07:40.684017,29,30,46,27.2,84.2,737.1,766
1321,device_05,2025-11-06 14:10:08.647267,18,18,198,25.8,86.2,614,587
1322,device_01,2025-11-06 14:12:49.778605,25,28,48,27.4,85,731.1,761
1323,device_05,2025-11-06 14:15:15.669742,11,14,195,25.7,86.4,595.3,558
1324,device_01,2025-11-06 14:18:02.070936,24,28,45,27.4,85,735.5,765
1325,device_05,2025-11-06 14:20:22.964626,15,16,190,25.6,86.7,590.1,551
1326,device_01,2025-11-06 14:23:10.283477,26,27,48,27.5,85,737,767
1327,device_05,2025-11-06 14:25:30.22258,16,17,192,25.6,87,611.9,581
1328,device_01,2025-11-06 14:28:18.826026,23,26,48,27.2,85,736,768
1329,device_05,2025-11-06 14:30:37.92522,13,13,200,25.7,87.3,615,579
1330,device_01,2025-11-06 14:33:29.412394,24,24,47,27.2,85,735.9,766
1331,device_05,2025-11-06 14:35:45.059883,14,14,196,25.7,87.4,610.7,572
1332,device_01,2025-11-06 14:38:38.018624,25,27,46,27.6,85.3,726.9,757
1333,device_05,2025-11-06 14:40:51.984628,19,19,190,25.6,87.9,608.9,571
1334,device_01,2025-11-06 14:43:46.636874,23,23,46,27.5,85.8,729.6,759
1335,device_05,2025-11-06 14:45:59.235271,10,10,192,25.6,88.2,609.4,575
1336,device_01,2025-11-06 14:48:55.234151,26,27,47,27.5,86,728.8,757
1337,device_05,2025-11-06 14:51:06.321921,9,9,197,25.7,88.4,623,585
1338,device_01,2025-11-06 14:54:03.350298,24,24,45,27.5,86,731.6,763
1339,device_05,2025-11-06 14:56:13.501709,13,13,192,25.7,88.4,597.9,559
1340,device_01,2025-11-06 14:59:11.344502,21,23,48,27.5,86,730,758
1341,device_05,2025-11-06 15:01:20.450521,19,20,186,25.6,88.6,596.3,552
1342,device_01,2025-11-06 15:04:19.839796,21,25,46,27.5,86,730.2,759
1343,device_05,2025-11-06 15:06:29.040404,18,18,187,25.6,89,597.9,568
1344,device_01,2025-11-06 15:09:28.878053,22,22,47,26.6,86.8,720.1,744
1345,device_05,2025-11-06 15:11:35.103814,12,14,188,25.7,89.3,615.9,580
1346,device_01,2025-11-06 15:14:37.265255,25,25,48,26.7,87,721.9,748
1347,device_05,2025-11-06 15:16:42.209443,19,19,187,25.8,89.2,595.5,561
1348,device_02,2025-11-06 15:20:45.045667,21,21,1082,27.2,85,772.4,771
1349,device_05,2025-11-06 15:21:47.723146,14,16,192,25.7,89.6,618.1,586
1350,device_01,2025-11-06 15:24:59.315017,23,23,47,26.3,87.7,713.1,738
1351,device_05,2025-11-06 15:26:55.152881,14,17,189,25.8,89.6,601.2,564
1352,device_01,2025-11-06 15:30:07.743313,23,24,45,26.4,87.8,703.2,726
1353,device_05,2025-11-06 15:32:02.676425,21,21,182,25.6,90,567.5,521
1354,device_01,2025-11-06 15:35:16.631712,26,29,44,26.4,88,703.7,724
1355,device_05,2025-11-06 15:37:09.901919,22,23,179,25.5,90.7,560.2,511
1356,device_01,2025-11-06 15:40:28.331414,23,25,46,26.5,88,710.7,736
1357,device_05,2025-11-06 15:42:17.193884,27,27,181,25.5,91.1,575.2,529
1358,device_01,2025-11-06 15:45:37.19908,25,26,46,26.5,88,696.5,716
1359,device_05,2025-11-06 15:47:24.383323,31,33,180,25.4,91.3,573.1,529
1360,device_01,2025-11-06 15:50:45.458716,24,28,46,26.5,88.5,708.3,730
1361,device_05,2025-11-06 15:52:31.971751,28,28,175,25.4,91.4,566.6,524
1362,device_01,2025-11-06 15:55:55.76759,23,25,46,26.4,88.3,687.4,704
1363,device_05,2025-11-06 15:57:39.755644,23,23,177,25.4,91.4,542.8,495
1364,device_01,2025-11-06 16:01:04.374534,25,26,45,26.3,88.8,672.1,684
1365,device_05,2025-11-06 16:02:46.584703,22,23,181,25.4,91.4,577.5,538
1366,device_01,2025-11-06 16:06:13.012835,21,21,45,26.5,88.7,695.5,715
1367,device_05,2025-11-06 16:07:53.417733,16,16,174,25.4,91.4,590.6,551
1368,device_01,2025-11-06 16:11:21.45365,17,19,46,27.4,87.7,697.8,717
1369,device_05,2025-11-06 16:13:01.912553,10,10,177,25.4,91.2,577.5,535
1370,device_01,2025-11-06 16:16:32.468956,20,23,47,27.5,87.8,679.8,693
1371,device_05,2025-11-06 16:18:09.336291,15,15,181,25.4,91,572.9,528
1372,device_01,2025-11-06 16:21:40.696438,19,21,45,27.5,87,658.4,668
1373,device_05,2025-11-06 16:23:18.02496,17,18,175,25.3,90.9,578.6,541
1374,device_01,2025-11-06 16:26:49.389564,23,23,46,27.2,86.5,656.8,663
1375,device_05,2025-11-06 16:28:25.143918,11,11,169,25.3,90.7,570.5,523
1376,device_01,2025-11-06 16:32:00.761166,22,23,46,27.8,86,666,676
1377,device_05,2025-11-06 16:33:32.085769,14,15,170,25.4,90.4,582,545
1378,device_01,2025-11-06 16:37:09.982847,19,21,45,27.4,86,683.4,699
1379,device_05,2025-11-06 16:38:38.874536,10,10,166,25.4,90.2,594.3,554
1380,device_01,2025-11-06 16:42:20.937266,12,13,44,27.5,85.2,685.9,704
1381,device_05,2025-11-06 16:43:46.26709,10,10,160,25.4,89.5,565.2,517
1382,device_01,2025-11-06 16:47:29.51285,13,14,46,27.6,85,684.3,700
1383,device_05,2025-11-06 16:48:53.431739,12,13,160,25.4,89.2,541.7,490
1384,device_01,2025-11-06 16:52:37.645486,16,18,48,27.4,85,665.9,675
1385,device_05,2025-11-06 16:53:59.846637,11,11,164,25.4,89.2,539,487
1386,device_01,2025-11-06 16:57:57.197061,16,19,46,27.4,85,657.9,667
1387,device_05,2025-11-06 16:59:07.150065,13,14,164,25.4,88.9,543.3,497
1388,device_01,2025-11-06 17:03:05.821361,14,14,46,27.5,85,653.1,661
1389,device_05,2025-11-06 17:04:14.308124,8,9,160,25.4,88.7,547.7,499
1390,device_01,2025-11-06 17:08:17.408142,10,12,44,27.4,84.7,674.8,686
1391,device_05,2025-11-06 17:09:21.641867,6,6,156,25.3,88.5,545.5,492
1392,device_01,2025-11-06 17:13:26.25441,7,9,45,27.6,84.3,686.3,702
1393,device_05,2025-11-06 17:14:28.667757,8,8,154,25.3,88.5,546.4,495
1394,device_01,2025-11-06 17:18:34.559183,10,10,46,27.7,84,671.8,684
1395,device_05,2025-11-06 17:19:35.269069,6,6,154,25.3,88.5,544.4,501
1396,device_01,2025-11-06 17:23:43.470962,10,10,43,27.6,84,686.4,702
1397,device_05,2025-11-06 17:24:42.435012,7,7,153,25.3,88.3,535.4,484
1398,device_01,2025-11-06 17:28:51.842795,7,9,42,27.3,84,689.8,709
1399,device_05,2025-11-06 17:29:49.768664,6,6,151,25.3,88.3,539.1,489
1400,device_01,2025-11-06 17:34:00.118924,7,7,43,27.7,84,690.9,708
1401,device_05,2025-11-06 17:34:56.536966,5,5,152,25.3,88.3,541.8,493
1402,device_01,2025-11-06 17:39:08.176319,6,7,43,27.2,84,696.4,715
1403,device_05,2025-11-06 17:40:03.255893,5,6,149,25.2,88.4,523.2,467
1404,device_01,2025-11-06 17:44:18.477189,6,6,44,27.1,84,689.7,707
1405,device_05,2025-11-06 17:45:10.053919,6,6,152,25.3,88.4,544.1,493
1406,device_01,2025-11-06 17:49:27.272538,7,7,43,27.4,84.2,672.6,685
1407,device_05,2025-11-06 17:50:16.703614,3,3,149,25.2,88.6,550,498
1408,device_01,2025-11-06 17:54:36.216901,7,8,43,26.6,85.7,681.1,695
1409,device_05,2025-11-06 17:55:23.358462,5,5,150,25.2,88.8,536,484
1410,device_01,2025-11-06 17:59:44.868734,5,5,45,26.3,85.8,688.3,705
1411,device_05,2025-11-06 18:00:30.1078,6,6,152,25.2,88.8,551.1,502
1412,device_01,2025-11-06 18:04:53.972688,5,5,43,26.5,85.2,682.5,697
1413,device_05,2025-11-06 18:05:37.246538,3,3,154,25.3,88.7,557.8,507
1414,device_02,2025-11-06 18:06:25.53398,4,4,1051,26.2,85.2,748.6,738
1415,device_01,2025-11-06 18:10:02.455757,5,5,44,27.4,84.2,686.3,705
1416,device_05,2025-11-06 18:10:45.02748,2,2,148,25.3,88.4,545.8,495
1417,device_01,2025-11-06 18:15:11.510879,6,8,42,26.6,84.8,691.7,709
1418,device_05,2025-11-06 18:15:52.000146,3,3,151,25.3,88.3,551.4,506
1419,device_01,2025-11-06 18:20:23.045456,5,5,42,26.6,85,691.8,708
1420,device_05,2025-11-06 18:20:59.434979,2,2,149,25.3,88.2,553.3,505
1421,device_02,2025-11-06 18:22:46.716956,2,2,1044,26.2,85.2,741.3,735
1422,device_01,2025-11-06 18:25:34.02597,5,5,45,26.4,85,680.2,697
1423,device_05,2025-11-06 18:26:06.265446,4,4,147,25.3,88.1,531.2,477
1424,device_01,2025-11-06 18:30:42.355065,6,7,44,26.6,85,689.9,708
1425,device_05,2025-11-06 18:31:13.073406,4,4,151,25.3,87.9,538.1,487
1426,device_02,2025-11-06 18:33:59.99227,4,4,1064,26.5,85,775.4,780
1427,device_01,2025-11-06 18:35:50.42585,4,4,43,26.7,85,689.7,709
1428,device_05,2025-11-06 18:36:19.52206,3,3,148,25.2,88.1,539.4,492
1429,device_01,2025-11-06 18:41:01.416108,5,5,43,26.6,85,690.4,708
1430,device_05,2025-11-06 18:41:26.282074,1,1,146,25.2,88.4,522.4,467
1431,device_02,2025-11-06 18:44:36.026468,4,4,1054,26.6,85,774.8,771
1432,device_01,2025-11-06 18:46:09.744177,6,6,45,26.4,85,676,688
1433,device_05,2025-11-06 18:46:33.085553,2,2,148,25.2,88.4,537.9,485
1434,device_02,2025-11-06 18:49:45.982224,3,4,1052,26.6,85.2,759.8,754
1435,device_01,2025-11-06 18:51:17.854266,3,3,46,26.3,85,659.3,667
1436,device_05,2025-11-06 18:51:40.92081,2,2,146,25.2,88.4,528,474
1437,device_01,2025-11-06 18:56:26.120286,5,6,45,26.2,85,656.9,664
1438,device_05,2025-11-06 18:56:48.126783,4,4,146,25.2,88.3,513.9,452
1439,device_02,2025-11-06 19:00:26.236057,6,7,1048,26.3,85.3,764.2,760
1440,device_01,2025-11-06 19:01:37.355216,5,5,43,26.5,84.8,666,676
1441,device_05,2025-11-06 19:01:54.54933,4,4,146,25.1,88.2,529.5,476
1442,device_01,2025-11-06 19:06:46.855864,5,5,42,26.5,84.7,675.9,689
1443,device_05,2025-11-06 19:07:01.330359,4,4,146,25.1,88,519.5,463
1444,device_02,2025-11-06 19:11:04.529088,5,5,1049,26.4,85.2,757.1,752
1445,device_01,2025-11-06 19:11:54.763916,6,6,43,26.5,84,659.2,669
1446,device_05,2025-11-06 19:12:08.06123,5,5,149,25.1,88,531.3,481
1447,device_01,2025-11-06 19:17:03.051451,5,5,42,26.6,83.2,656.9,664
1448,device_05,2025-11-06 19:17:16.308872,2,2,151,25.1,88,544.9,498
1449,device_01,2025-11-06 19:22:11.404071,4,4,43,26.5,83,670.5,682
1450,device_05,2025-11-06 19:22:23.395006,2,3,148,25.1,87.8,544,492
1451,device_02,2025-11-06 19:27:10.924416,3,3,1031,26.6,85,741.2,729
1452,device_01,2025-11-06 19:27:22.400429,3,4,44,26.6,83,677.5,693
1453,device_05,2025-11-06 19:27:30.066514,3,3,142,25,87.7,538.5,486
1454,device_01,2025-11-06 19:32:33.635819,4,4,43,26.4,83.3,666.8,676
1455,device_05,2025-11-06 19:32:37.379413,0,0,143,25.1,87.8,532.5,480
1456,device_02,2025-11-06 19:37:43.25795,0,2,1041,26.4,84.7,772.5,768
1457,device_05,2025-11-06 19:37:44.221947,0,1,146,25.1,87.7,539.9,491
1458,device_01,2025-11-06 19:37:44.553411,4,5,41,27.2,83,680.1,695
1459,device_05,2025-11-06 19:42:51.599979,0,0,145,25.1,87.8,546.4,497
1460,device_01,2025-11-06 19:42:52.880503,3,3,43,26.9,83.5,677.5,692
1461,device_05,2025-11-06 19:47:59.159389,0,0,148,25.1,88,552.5,502
1462,device_01,2025-11-06 19:48:00.51876,6,6,41,27.2,83,668,679
1463,device_05,2025-11-06 19:53:06.596251,0,0,155,25.2,88,557.7,513
1464,device_01,2025-11-06 19:53:08.524982,14,15,40,26.6,83.8,677.9,691
1465,device_05,2025-11-06 19:58:14.132789,1,1,153,25.2,88,545.9,495
1466,device_05,2025-11-06 20:03:21.32391,2,2,144,25.1,88.2,517.4,461
1467,device_01,2025-11-06 20:03:29.772788,5,5,43,26.6,85,671.2,684
1468,device_05,2025-11-06 20:08:28.317391,0,0,152,25,88.5,543,491
1469,device_01,2025-11-06 20:08:38.83166,3,3,43,26.4,85.8,668.2,680
1470,device_05,2025-11-06 20:13:36.190668,1,1,150,25.1,88.8,550.3,499
1471,device_01,2025-11-06 20:13:47.347704,3,3,43,26.3,86,668.1,678
1472,device_05,2025-11-06 20:18:43.975449,1,1,147,25.1,88.8,552,501
1473,device_01,2025-11-06 20:18:55.046007,3,3,43,26.4,86,668.4,679
1474,device_05,2025-11-06 20:23:51.860398,0,0,147,25.1,88.8,544,493
1475,device_01,2025-11-06 20:24:03.765701,3,3,45,26.4,86,656.8,663
1476,device_05,2025-11-06 20:28:59.606589,1,1,146,25.1,88.8,542.6,494
1477,device_01,2025-11-06 20:29:12.598755,2,2,44,26.3,86,646.2,650
1478,device_05,2025-11-06 20:34:07.337611,1,1,144,25.1,89.2,527,472
1479,device_01,2025-11-06 20:34:21.25111,3,3,41,26.7,86.5,632.3,632
1480,device_05,2025-11-06 20:39:15.156014,1,1,145,25,89.5,524.4,472
1481,device_01,2025-11-06 20:39:29.766809,4,4,40,26.3,87,646.9,651
1482,device_05,2025-11-06 20:44:22.605494,0,0,142,25.1,89.5,524.9,468
1483,device_01,2025-11-06 20:44:38.407921,3,4,44,26.4,86.5,634.4,635
1484,device_05,2025-11-06 20:49:29.876539,0,0,144,25.1,89.6,530.9,477
1485,device_01,2025-11-06 20:49:49.549658,4,4,44,26.4,86.2,644.6,648
1486,device_05,2025-11-06 20:54:37.203084,0,0,143,25.1,89.7,522.8,471
1487,device_01,2025-11-06 20:54:59.98343,1,2,45,26.2,86,641.2,646
1488,device_05,2025-11-06 20:59:45.798101,0,0,141,25.1,89.8,510.5,451
1489,device_01,2025-11-06 21:00:08.072736,3,3,44,26.4,86,647,652
1490,device_05,2025-11-06 21:04:53.389641,0,0,143,25.1,89.8,521.9,467
1491,device_01,2025-11-06 21:05:17.088722,2,2,43,26.4,86,648.6,654
1492,device_05,2025-11-06 21:10:01.180414,0,0,142,25.1,89.8,516.8,459
1493,device_01,2025-11-06 21:10:25.153895,2,2,44,26.4,86,657.1,664
1494,device_05,2025-11-06 21:15:08.228697,2,2,144,25.1,89.8,514.8,461
1495,device_01,2025-11-06 21:15:33.207212,3,3,43,26.2,86,649.6,654
1496,device_05,2025-11-06 21:20:15.580763,1,1,147,25,89.8,515.4,461
1497,device_01,2025-11-06 21:20:41.193438,4,4,44,26.4,86,631,631
1498,device_05,2025-11-06 21:25:23.682999,1,1,146,25.1,89.8,518.9,462
1499,device_01,2025-11-06 21:25:56.915931,6,6,43,26.5,86.7,654.9,661
1500,device_05,2025-11-06 21:30:31.366744,0,0,146,25.1,90.1,513.5,456
1501,device_01,2025-11-06 21:31:05.585937,2,3,44,26.2,86.3,660.9,672
1502,device_05,2025-11-06 21:35:39.965022,1,1,147,25,90.2,514.9,456
1503,device_01,2025-11-06 21:36:13.598551,5,5,43,26.2,86,654.9,662
1504,device_05,2025-11-06 21:40:50.142719,2,2,161,25,90.5,526.8,475
1505,device_01,2025-11-06 21:41:24.508221,3,3,44,26.6,86.8,642.7,646
1506,device_05,2025-11-06 21:45:57.707551,2,2,168,25,90.4,541.8,492
1507,device_01,2025-11-06 21:46:32.723889,4,4,44,26.5,87,637.5,641
1508,device_05,2025-11-06 21:51:04.651459,7,7,174,25,90.3,541,492
1509,device_01,2025-11-06 21:51:40.52669,4,4,43,26.4,87.7,635.4,636
1510,device_05,2025-11-06 21:56:11.823582,8,9,180,25,90.3,551.7,507
1511,device_01,2025-11-06 21:56:48.664589,5,5,45,26.4,88,626.3,625
1512,device_05,2025-11-06 22:01:18.949223,9,9,183,25,90.5,552.8,511
1513,device_01,2025-11-06 22:01:59.713477,6,6,43,26.5,88.2,635.4,636
1514,device_05,2025-11-06 22:06:26.626912,12,12,173,25.1,90.8,547.3,499
1515,device_05,2025-11-06 22:11:34.298412,7,7,180,25.1,90.8,545.1,491
1516,device_05,2025-11-06 22:16:41.463248,8,8,180,25.1,91.2,532.3,482
1517,device_05,2025-11-06 22:21:48.877817,8,8,177,25.1,91.4,530.6,480
1518,device_05,2025-11-06 22:26:56.750932,7,7,185,25.2,91.7,550,502
1519,device_05,2025-11-06 22:32:05.40612,8,8,183,25.3,91.6,539.5,493
1520,device_05,2025-11-06 22:37:13.739429,2,4,174,25.3,91.4,552.4,507
1521,device_05,2025-11-06 22:42:22.242762,4,5,170,25.3,91.2,554.9,508
1522,device_05,2025-11-06 22:47:31.782359,5,5,170,25.4,91.2,540.8,491
1523,device_03,2025-11-12 13:44:36.509179,0,0,0,23.4,40.7,142,0
1524,device_03,2025-11-12 13:45:36.031473,0,0,0,25.5,44.6,142,0
1525,device_03,2025-11-12 13:46:36.756763,0,0,0,25.4,44.2,142,0
1526,device_03,2025-11-12 13:47:36.184034,0,0,0,25.6,44.1,142,0
1527,device_03,2025-11-12 13:48:36.304409,0,0,0,25.4,44,142,0
1528,device_03,2025-11-12 13:49:36.165597,0,0,0,25.5,44,142,0
1529,device_03,2025-11-12 13:50:35.937645,0,0,393,25.4,44,833.6,907
1530,device_03,2025-11-12 13:51:36.960441,0,0,2038,25.5,43.9,1390,1548
1531,device_03,2025-11-12 13:52:35.953684,0,0,883,25.6,43.7,1260.8,1392
1532,device_01,2025-11-12 13:56:50.885197,30,35,161,24.5,38.3,871,946
1533,device_02,2025-11-12 14:00:52.099205,6,6,1067,23.4,40.8,916.6,951
1534,device_02,2025-11-12 14:01:51.880797,0,0,1069,25.4,44,875.7,894
1535,device_04,2025-11-12 14:08:26.917997,21,22,175,24.5,46,1075.1,1141
1536,device_05,2025-11-12 14:12:15.495027,29,31,759,24,50,806.3,794
1537,device_01,2025-11-12 14:18:43.941337,29,31,165,23.4,38.5,1149.5,1300
1538,device_02,2025-11-12 14:19:10.169458,2,2,1075,24.3,37.6,1004.4,1052
1539,device_03,2025-11-12 14:19:35.547235,20,20,610,23.4,39.3,1280.2,1413
1540,device_01,2025-11-12 14:19:43.588423,40,41,112,25.9,42,1007.1,1115
1541,device_02,2025-11-12 14:20:10.283478,1,1,1078,26.5,41,877.8,898
1542,device_04,2025-11-12 14:20:32.239712,17,17,81,24.8,46.9,1227.2,1322
1543,device_03,2025-11-12 14:20:35.391221,27,27,480,25.5,42.1,1119.6,1216
1544,device_01,2025-11-12 14:20:43.610836,0,0,105,26.4,42,952.9,1046
1545,device_05,2025-11-12 14:20:53.272927,15,15,801,22.7,52.7,1022.8,1087
1546,device_02,2025-11-12 14:21:10.232973,0,0,1087,26.5,41,861,877
1547,device_04,2025-11-12 14:21:30.893587,20,20,30,24.8,47,1130.8,1203
1548,device_03,2025-11-12 14:21:35.316753,0,0,421,25.5,42,1048.4,1124
1549,device_01,2025-11-12 14:34:52.041613,20,20,108,24.2,40.8,887.8,964
1550,device_01,2025-11-12 14:35:52.21532,0,0,87,26.5,45,819.2,873
1551,device_03,2025-11-12 14:36:04.938181,6,6,379,24.3,39.4,923.4,969
1552,device_02,2025-11-12 14:36:45.690944,2,2,1080,25.2,39.7,941.3,975
1553,device_01,2025-11-12 14:36:52.062532,0,0,81,26.7,45,809.1,863
1554,device_03,2025-11-12 14:37:01.227183,0,0,329,26.3,43,829.6,854
1555,device_04,2025-11-12 14:37:24.801004,20,21,100,25.8,48.7,1132.2,1205
1556,device_02,2025-11-12 14:37:45.16935,0,0,1093,27.5,44,857.2,867
1557,device_01,2025-11-12 14:37:53.41384,0,0,82,27.5,44,802.8,852
1558,device_03,2025-11-12 14:38:03.305406,0,0,309,26.4,43,804.7,824
1559,device_04,2025-11-12 14:38:23.499681,0,0,116,25.8,49,1040.9,1095
1560,device_05,2025-11-12 14:38:25.062589,8,8,591,24.1,55.1,878.6,901
1561,device_02,2025-11-12 14:38:45.180343,0,0,1099,27.4,44.2,850.6,866
1562,device_01,2025-11-12 14:38:51.467328,0,0,81,27.5,44,791.7,838
1563,device_03,2025-11-12 14:39:00.747071,0,0,296,26.4,44,798.7,815
1564,device_04,2025-11-12 14:39:23.49463,0,0,104,25.8,49,1009.4,1056
1565,device_05,2025-11-12 14:39:25.090564,0,0,439,24.5,54.6,790.6,793
1566,device_02,2025-11-12 14:39:45.090263,0,0,1103,27.5,44,846,855
1567,device_01,2025-11-12 14:39:51.25203,0,0,76,27.4,44,789.7,835
1568,device_03,2025-11-12 14:40:00.709908,0,0,287,26.5,44,792,807
1569,device_04,2025-11-12 14:40:23.614808,0,0,89,26.1,49,983.7,1026
1570,device_05,2025-11-12 14:40:25.226576,0,0,374,24.7,53.7,756.5,755
1571,device_02,2025-11-12 14:40:45.67469,0,0,1101,27.3,44,832.3,842
1572,device_01,2025-11-12 14:40:51.320844,13,16,75,27.4,44,783.5,828
1573,device_03,2025-11-12 14:41:00.77532,0,0,278,26.5,44,783.1,797
1574,device_04,2025-11-12 14:41:23.501661,0,0,81,26.2,49,954.5,991
1575,device_05,2025-11-12 14:41:25.050585,0,0,332,24.8,53.3,726.7,720
1576,device_02,2025-11-12 14:41:45.146491,0,0,1101,27.5,44,829.5,838
1577,device_01,2025-11-12 14:41:51.29046,0,0,78,27.4,44,772.8,815
1578,device_03,2025-11-12 14:42:01.431996,11,13,270,26.3,44.2,780.6,794
1579,device_04,2025-11-12 14:42:23.45483,0,0,74,26.2,49.6,944.9,979
1580,device_05,2025-11-12 14:42:24.950202,0,0,306,25,53.3,723.4,716
1581,device_02,2025-11-12 14:42:45.200663,0,0,1108,27.6,44,834.4,847
1582,device_01,2025-11-12 14:42:51.513577,0,0,78,27.4,44,770,810
1583,device_03,2025-11-12 14:43:01.281634,0,0,265,26.5,45,777.1,788
1584,device_04,2025-11-12 14:43:23.594202,0,0,69,26.2,50,929.8,960
1585,device_05,2025-11-12 14:43:24.937754,0,0,285,25,53.2,714.9,704
1586,device_02,2025-11-12 14:43:45.577934,0,0,1107,27.5,44,833.4,844
1587,device_01,2025-11-12 14:43:51.422504,14,16,75,27.4,44,768.7,810
1588,device_03,2025-11-12 14:44:00.78485,0,0,260,26.5,45,773.3,786
1589,device_04,2025-11-12 14:44:23.515151,0,0,64,26.6,50,920.2,951
1590,device_05,2025-11-12 14:44:25.208114,7,7,270,25.1,53.2,706.7,692
1591,device_02,2025-11-12 14:44:44.923801,0,0,1110,27.5,44,831.8,839
1592,device_01,2025-11-12 14:44:51.493275,0,0,71,27.3,44,781.7,824
1593,device_03,2025-11-12 14:45:00.875243,0,0,254,26.5,45,771.9,783
1594,device_04,2025-11-12 14:45:23.474834,0,0,59,26.7,50,910.7,935
1595,device_05,2025-11-12 14:45:24.934652,0,0,257,25.2,53.2,699.1,684
1596,device_02,2025-11-12 14:45:45.11928,0,0,1108,27.5,44,828.2,838
1597,device_01,2025-11-12 14:45:51.637575,0,0,68,27.5,44,780,822
1598,device_03,2025-11-12 14:46:00.768163,0,0,247,27.3,45,785.4,800
1599,device_04,2025-11-12 14:46:23.500726,0,0,56,26.7,50,902.1,925
1600,device_05,2025-11-12 14:46:24.919988,0,0,245,25.2,53.2,683.9,665
1601,device_02,2025-11-12 14:46:44.964564,0,0,1110,27.4,44,841.7,849
1602,device_01,2025-11-12 14:46:51.934198,0,0,67,27.4,44,776.3,820
1603,device_03,2025-11-12 14:47:00.725517,0,0,242,27.5,45,784.6,797
1604,device_04,2025-11-12 14:47:23.467611,0,0,49,26.7,50,909.2,934
1605,device_05,2025-11-12 14:47:24.943547,0,0,237,25.3,53.1,681.3,660
1606,device_02,2025-11-12 14:47:45.048591,0,0,1114,27.4,44,844.2,852
1607,device_01,2025-11-12 14:47:51.329943,0,0,67,27.5,44,775.6,816
1608,device_03,2025-11-12 14:48:00.668915,0,0,238,27.3,45,782.5,794
1609,device_04,2025-11-12 14:48:23.509199,0,0,47,26.7,50,904.2,927
1610,device_05,2025-11-12 14:48:25.081772,0,0,229,25.3,53.1,706.8,692
1611,device_02,2025-11-12 14:48:45.18973,0,0,1112,27.4,44,837.7,848
1612,device_01,2025-11-12 14:48:51.249535,0,0,66,27.4,44,773,814
1613,device_03,2025-11-12 14:49:00.757927,0,0,233,27.4,45,778.6,790
1614,device_04,2025-11-12 14:49:23.476936,0,0,42,26.7,50,894.5,918
1615,device_05,2025-11-12 14:49:24.911819,0,0,219,25.3,53.2,706.4,690
1616,device_02,2025-11-12 14:49:45.064534,0,0,1115,27.6,44,840.5,850
1617,device_01,2025-11-12 14:49:51.268813,0,0,65,27.5,44,769.5,810
1618,device_03,2025-11-12 14:50:00.929558,0,0,228,27.4,45,777.5,788
1619,device_04,2025-11-12 14:50:23.603363,0,0,41,27,50,890.2,912
1620,device_05,2025-11-12 14:50:24.944238,0,0,211,25.4,53.2,698.8,685
1621,device_02,2025-11-12 14:50:45.1785,0,0,1113,27.5,44,837.2,851
1622,device_01,2025-11-12 14:50:51.270662,0,0,65,27.5,44,768.6,809
1623,device_03,2025-11-12 14:51:03.831882,0,0,224,27.3,45.8,775.2,785
1624,device_04,2025-11-12 14:51:23.515668,0,0,37,27.1,50,887.1,906
1625,device_05,2025-11-12 14:51:24.921699,0,0,208,25.4,53.1,693.2,676
1626,device_02,2025-11-12 14:51:45.547361,0,0,1111,27.6,44,838.8,847
1627,device_01,2025-11-12 14:51:51.282028,0,0,64,27.5,44,765.1,804
1628,device_03,2025-11-12 14:52:00.917731,0,0,219,27.5,46,770.8,780
1629,device_04,2025-11-12 14:52:23.499248,0,0,39,27.1,50,882.4,903
1630,device_05,2025-11-12 14:52:24.886462,0,0,204,25.5,53,689.2,669
1631,device_02,2025-11-12 14:52:44.986419,0,0,1115,28.5,44,838.8,847
1632,device_01,2025-11-12 14:52:51.358297,0,0,62,27.5,44,763.1,802
1633,device_03,2025-11-12 14:53:01.545882,0,0,216,27.5,46,770.5,778
1634,device_04,2025-11-12 14:53:23.438717,0,0,36,27.1,50,876.8,895
1635,device_05,2025-11-12 14:53:25.108427,0,0,200,25.5,52.9,683.4,667
1636,device_02,2025-11-12 14:53:44.984983,0,0,1112,28.3,44,834.2,844
1637,device_01,2025-11-12 14:53:51.45725,0,0,62,27.6,43.9,762.3,801
1638,device_03,2025-11-12 14:54:00.879702,0,0,212,27.5,46,767.7,779
1639,device_04,2025-11-12 14:54:23.627586,0,0,32,27.1,50,871.5,888
1640,device_05,2025-11-12 14:54:25.032961,0,0,197,25.5,52.8,682.5,659
1641,device_02,2025-11-12 14:54:44.918963,0,0,1115,28.5,44,837.9,846
1642,device_01,2025-11-12 14:54:51.750221,0,0,62,28.4,43.1,761.4,799
1643,device_03,2025-11-12 14:55:01.125287,0,0,208,27.6,46,763.9,771
1644,device_04,2025-11-12 14:55:23.646841,0,0,33,27.1,50,871.4,890
1645,device_05,2025-11-12 14:55:24.941904,0,0,194,25.6,52.7,677.3,655
1646,device_02,2025-11-12 14:55:45.575157,0,0,1114,28.5,44,831.8,842
1647,device_01,2025-11-12 14:55:51.323436,0,0,60,28.5,43,758.2,796
1648,device_03,2025-11-12 14:56:04.313124,0,0,205,27.5,46,767.6,775
1649,device_04,2025-11-12 14:56:23.507337,0,0,32,27.1,50,868.8,885
1650,device_05,2025-11-12 14:56:24.902352,0,0,192,25.7,52.6,673.3,654
1651,device_02,2025-11-12 14:56:45.667962,0,0,1115,28.5,44,833.9,840
1652,device_01,2025-11-12 14:56:51.395765,0,0,60,28.4,43,757.9,795
1653,device_03,2025-11-12 14:57:00.676625,0,0,202,27.5,46,760.5,767
1654,device_04,2025-11-12 14:57:23.476821,0,0,27,27.1,50,863.4,881
1655,device_05,2025-11-12 14:57:24.878168,0,0,189,25.8,52.5,673.2,646
1656,device_02,2025-11-12 14:57:44.95895,0,0,1114,28.5,43.9,834.5,842
1657,device_01,2025-11-12 14:57:51.516266,0,0,60,28.4,43,758.5,796
1658,device_03,2025-11-12 14:58:01.602283,0,0,199,27.6,46,760.5,767
1659,device_04,2025-11-12 14:58:23.525837,0,0,27,27.1,50,859.4,875
1660,device_05,2025-11-12 14:58:25.046145,0,0,188,25.8,52.4,669.8,648
1661,device_02,2025-11-12 14:58:45.022034,0,0,1110,28.3,43.4,830.7,839
1662,device_01,2025-11-12 14:58:51.263304,0,0,60,28.3,43,757.9,794
1663,device_03,2025-11-12 14:59:00.668477,0,0,196,27.4,46,761.1,768
1664,device_04,2025-11-12 14:59:23.465622,0,0,27,27.1,50,862.2,878
1665,device_05,2025-11-12 14:59:24.902964,0,0,186,25.8,52.4,666.1,643
1666,device_02,2025-11-12 14:59:45.0358,0,0,1114,28.4,43,829.4,840
1667,device_01,2025-11-12 14:59:51.827741,19,23,59,28.5,43,756.9,794
1668,device_03,2025-11-12 15:00:00.766166,0,0,194,27.5,46,761.3,771
1669,device_04,2025-11-12 15:00:24.388606,0,0,28,27.1,50,861.2,876
1670,device_05,2025-11-12 15:00:24.92288,0,0,184,25.9,52.4,665.3,639
1671,device_02,2025-11-12 15:00:44.945695,0,0,1113,28.6,43,829.1,837
1672,device_01,2025-11-12 15:00:51.236635,0,0,58,28.5,43,755.4,792
1673,device_03,2025-11-12 15:01:00.743561,4,4,189,27.5,46,760.2,767
1674,device_04,2025-11-12 15:01:23.515278,0,0,26,27.4,50,853.7,867
1675,device_05,2025-11-12 15:01:24.939532,0,0,182,25.9,52.3,656.9,632
1676,device_02,2025-11-12 15:01:45.044043,0,0,1111,28.6,43,827.6,832
1677,device_01,2025-11-12 15:01:51.444235,0,0,58,28.5,43,756.1,791
1678,device_03,2025-11-12 15:02:01.143332,4,4,188,27.4,46,759.4,765
1679,device_04,2025-11-12 15:02:23.511428,3,4,26,27.6,50,853.8,866
1680,device_05,2025-11-12 15:02:24.91021,0,0,180,26,52.2,659.9,632
1681,device_02,2025-11-12 15:02:45.153203,0,0,1112,28.6,43,826.8,833
1682,device_01,2025-11-12 15:02:51.393768,0,0,57,28.4,43,755.4,792
1683,device_03,2025-11-12 15:03:00.691173,0,0,184,27.4,46,758.8,765
1684,device_04,2025-11-12 15:03:23.515755,0,0,25,27.6,50,855.3,867
1685,device_05,2025-11-12 15:03:25.081943,9,9,180,26,52.1,656.6,627
1686,device_02,2025-11-12 15:03:45.603167,0,0,1111,28.3,43,827.7,836
1687,device_01,2025-11-12 15:03:51.263482,0,0,57,28.4,43,752.1,788
1688,device_03,2025-11-12 15:04:02.41215,0,0,183,27.6,46,761,769
1689,device_04,2025-11-12 15:04:23.480778,0,0,25,27.6,50,852,864
1690,device_05,2025-11-12 15:04:25.049634,9,9,179,26,52,655.4,629
1691,device_02,2025-11-12 15:04:44.927938,0,0,1109,28.5,43,826.4,833
1692,device_01,2025-11-12 15:04:51.292268,0,0,54,28.4,43,752.6,789
1693,device_03,2025-11-12 15:05:00.654193,0,0,181,27.5,46,761.5,768
1694,device_04,2025-11-12 15:05:23.484368,0,0,22,27.6,50,846.4,858
1695,device_05,2025-11-12 15:05:24.894651,0,0,178,26.1,52,647.7,621
1696,device_02,2025-11-12 15:05:45.157774,0,0,1107,28.3,43,826.1,830
1697,device_01,2025-11-12 15:05:51.801154,0,0,48,28.4,43,741.8,773
1698,device_03,2025-11-12 15:06:00.753055,0,0,179,27.4,46,758.7,765
1699,device_04,2025-11-12 15:06:23.58093,0,0,21,27.6,50,848.4,862
1700,device_05,2025-11-12 15:06:24.88978,0,0,176,26.1,52,647.7,624
1701,device_02,2025-11-12 15:06:44.920768,0,0,1109,28.5,43,825.6,830
1702,device_01,2025-11-12 15:06:51.270616,0,0,48,28.4,43,741.4,773
1703,device_03,2025-11-12 15:07:02.418897,0,0,176,27.4,46,760.2,766
1704,device_04,2025-11-12 15:07:23.628803,0,0,21,27.6,50,844.9,856
1705,device_05,2025-11-12 15:07:24.92926,0,0,175,26.1,51.9,647.1,621
1706,device_02,2025-11-12 15:07:45.653876,0,0,1109,28.5,43,824.4,831
1707,device_01,2025-11-12 15:07:51.320715,0,0,48,28.6,43,737.6,767
1708,device_03,2025-11-12 15:08:01.404291,0,0,174,27.4,46,760.7,770
1709,device_04,2025-11-12 15:08:23.454954,0,0,21,27.6,50,843.5,859
1710,device_05,2025-11-12 15:08:24.909507,0,0,173,26.1,51.8,647.5,622
1711,device_02,2025-11-12 15:08:45.032504,0,0,1109,28.7,43,822.8,832
1712,device_01,2025-11-12 15:08:51.375682,0,0,49,28.6,43,742.7,774
1713,device_03,2025-11-12 15:09:00.888938,0,0,171,27.2,46,758.8,766
1714,device_04,2025-11-12 15:09:23.428567,0,0,19,27.6,50,839.3,849
1715,device_05,2025-11-12 15:09:24.885463,0,0,170,26,51.8,643.8,616
1716,device_02,2025-11-12 15:09:45.524489,0,0,1111,28.5,43,825.2,832
1717,device_01,2025-11-12 15:09:51.298216,0,0,48,28.5,43,739.9,772
1718,device_03,2025-11-12 15:10:00.687203,0,0,170,27.5,46,759.4,766
1719,device_04,2025-11-12 15:10:23.539723,0,0,20,27.6,50,842,852
1720,device_05,2025-11-12 15:10:24.951824,0,0,170,26,51.8,644.1,613
1721,device_02,2025-11-12 15:10:44.905307,0,0,1109,28.3,43,822.6,833
1722,device_01,2025-11-12 15:10:51.282301,0,0,48,28.6,43,735.3,766
1723,device_03,2025-11-12 15:11:01.752436,0,0,169,27.4,46,758.6,765
1724,device_04,2025-11-12 15:11:23.60347,0,0,21,27.6,50,844.2,853
1725,device_05,2025-11-12 15:11:24.886732,0,0,168,26,51.6,634.9,605
1726,device_02,2025-11-12 15:11:45.118058,0,0,1108,28.5,43,823.9,829
1727,device_01,2025-11-12 15:11:51.90662,0,0,48,28.3,43,738.2,770
1728,device_03,2025-11-12 15:12:00.687216,0,0,168,27.4,46,761.2,770
1729,device_04,2025-11-12 15:12:23.421594,0,0,18,27.6,50,841.1,849
1730,device_05,2025-11-12 15:12:24.924686,0,0,165,26,51.1,631.4,600
1731,device_02,2025-11-12 15:12:44.900267,0,0,1107,28.5,43,823.9,829
1732,device_01,2025-11-12 15:12:51.240084,0,0,47,28.6,43,733.1,764
1733,device_03,2025-11-12 15:13:00.80619,0,0,166,27.5,46,766,774
1734,device_04,2025-11-12 15:13:23.518735,0,0,18,27.6,50,832.6,842
1735,device_05,2025-11-12 15:13:24.928453,0,0,165,25.9,50.7,627.3,595
1736,device_02,2025-11-12 15:13:45.488181,0,0,1106,28.4,43,819.3,822
1737,device_01,2025-11-12 15:13:51.295711,0,0,48,28.4,43,733.7,764
1738,device_03,2025-11-12 15:14:01.035888,0,0,164,27.4,46,764.9,773
1739,device_04,2025-11-12 15:14:23.445293,0,0,18,27.6,50,834.9,843
1740,device_05,2025-11-12 15:14:25.134558,12,13,165,25.9,50.5,625.5,599
1741,device_02,2025-11-12 15:14:44.992776,0,0,1107,28.5,43,818.5,825
1742,device_01,2025-11-12 15:14:51.218714,0,0,48,28.5,43,736.3,767
1743,device_03,2025-11-12 15:15:00.762803,0,0,160,27.6,46,762.8,770
1744,device_04,2025-11-12 15:15:23.451928,0,0,19,27.6,50,842.5,855
1745,device_05,2025-11-12 15:15:25.104265,12,12,166,25.9,50.6,628.2,598
1746,device_02,2025-11-12 15:15:44.948075,0,0,1107,28.6,43,819.3,830
1747,device_01,2025-11-12 15:15:51.868154,0,0,50,28.5,43,745.9,777
1748,device_03,2025-11-12 15:16:00.889438,0,0,159,27.3,46,764.9,770
1749,device_04,2025-11-12 15:16:23.499817,0,0,19,27.6,50,842.4,851
1750,device_05,2025-11-12 15:16:24.924528,0,0,167,25.9,50.7,630.9,602
1751,device_02,2025-11-12 15:16:44.90092,0,0,1109,28.5,43,823.8,833
1752,device_01,2025-11-12 15:16:51.290224,0,0,49,28.4,43,744.6,777
1753,device_03,2025-11-12 15:17:00.680638,0,0,157,27.2,46,761.7,771
1754,device_04,2025-11-12 15:17:23.536835,0,0,17,27.6,49.3,843.2,853
1755,device_05,2025-11-12 15:17:24.910863,0,0,166,25.9,50.9,632.4,604
1756,device_02,2025-11-12 15:17:45.119937,0,0,1110,28.3,43,824.2,835
1757,device_01,2025-11-12 15:17:51.884796,0,0,50,28.4,43,747.9,783
1758,device_03,2025-11-12 15:18:00.804271,0,0,156,27.4,46,763.7,774
1759,device_04,2025-11-12 15:18:23.444678,0,0,18,27.6,49,842.7,852
1760,device_05,2025-11-12 15:18:24.923965,0,0,167,25.9,51.1,635.2,604
1761,device_02,2025-11-12 15:18:45.148696,0,0,1108,28.5,43,827.2,836
1762,device_01,2025-11-12 15:18:51.246617,0,0,51,28.4,43,748.1,784
1763,device_03,2025-11-12 15:19:00.691694,0,0,154,27.1,46,764.6,773
1764,device_04,2025-11-12 15:19:23.47842,0,0,16,27.6,49,842.7,851
1765,device_05,2025-11-12 15:19:24.906579,0,0,167,25.9,51.3,634.7,603
1766,device_02,2025-11-12 15:19:44.943795,0,0,1111,28.4,43,829.3,834
1767,device_01,2025-11-12 15:19:51.46887,0,0,49,28.6,43,746.7,780
1768,device_03,2025-11-12 15:20:00.832954,0,0,153,27.3,46,766.9,776
1769,device_04,2025-11-12 15:20:23.7155,0,0,17,27.6,49,840.7,851
1770,device_05,2025-11-12 15:20:24.937616,0,0,167,25.9,51.4,634,604
1771,device_02,2025-11-12 15:20:44.984471,0,0,1107,28.5,43,827,835
1772,device_01,2025-11-12 15:20:51.411947,0,0,49,28.4,43,748.2,782
1773,device_03,2025-11-12 15:21:03.833435,0,0,151,27.6,46,763.1,772
1774,device_04,2025-11-12 15:21:23.449933,0,0,16,27.6,49,839.5,849
1775,device_05,2025-11-12 15:21:24.90988,0,0,168,25.9,51.3,633.4,603
1776,device_02,2025-11-12 15:21:44.968514,0,0,1109,28.7,42.9,827,833
1777,device_01,2025-11-12 15:21:51.885463,0,0,50,28.4,43,749.1,783
1778,device_03,2025-11-12 15:22:00.677233,0,0,149,27.4,46,765.5,773
1779,device_04,2025-11-12 15:22:23.479318,0,0,16,27.6,49,839.6,850
1780,device_05,2025-11-12 15:22:24.912564,0,0,167,25.9,51.3,631.8,602
1781,device_02,2025-11-12 15:22:44.93868,0,0,1109,29.3,42.2,826.9,833
1782,device_01,2025-11-12 15:22:51.284053,0,0,50,28.5,43,747.4,782
1783,device_03,2025-11-12 15:23:00.907068,6,6,147,27.4,46,765.8,774
1784,device_04,2025-11-12 15:23:23.657019,0,0,16,27.6,49,839.2,852
1785,device_05,2025-11-12 15:23:24.906575,0,0,167,25.9,51.3,634.3,602
1786,device_02,2025-11-12 15:23:44.975931,0,1,1107,29.6,42,825.7,835
1787,device_03,2025-11-12 15:24:01.500675,0,0,148,27.5,46,766.8,775
1788,device_04,2025-11-12 15:24:23.492312,0,0,15,27.6,49,840.2,851
1789,device_05,2025-11-12 15:24:24.946865,0,0,168,25.9,51.3,633,602
1790,device_02,2025-11-12 15:24:44.897069,0,0,1108,29.5,42,827.5,834
1791,device_04,2025-11-12 15:25:23.461195,0,0,18,27.6,49,835.7,845
1792,device_05,2025-11-12 15:25:25.232212,0,0,168,25.9,51.4,632.1,602
1793,device_05,2025-11-12 15:26:25.131201,0,0,169,26,51.5,630.9,599
1794,device_01,2025-11-12 15:28:51.24173,0,0,44,28.5,43,753.6,788
1795,device_01,2025-11-12 15:29:51.270879,0,0,50,28.4,43,750.6,783
1796,device_03,2025-11-12 15:30:00.84344,0,0,134,27.4,46,744.7,748
1797,device_02,2025-11-12 15:30:44.916085,0,0,1110,28.5,42,824.5,833
1798,device_01,2025-11-12 15:30:51.79325,0,0,51,28.5,43,748.1,782
1799,device_03,2025-11-12 15:31:00.621329,0,0,136,27.5,46,740.8,743
1800,device_04,2025-11-12 15:31:23.473516,0,0,11,27.6,49,832.8,841
1801,device_02,2025-11-12 15:31:45.072584,0,0,1106,28.5,42,807.5,808
1802,device_01,2025-11-12 15:31:51.370586,0,0,51,28.3,43,747,784
1803,device_03,2025-11-12 15:32:00.76602,0,0,133,27.6,46,736.4,735
1804,device_04,2025-11-12 15:32:23.514669,0,0,14,27.6,49,828.4,835
1805,device_05,2025-11-12 15:32:25.167319,0,0,158,26,52,623.8,589
1806,device_02,2025-11-12 15:32:45.054546,0,0,1103,28.4,42,800.5,801
1807,device_01,2025-11-12 15:32:51.357287,0,0,50,28.6,43,746.5,781
1808,device_03,2025-11-12 15:33:00.62424,0,0,134,27.4,45.5,731.1,731
1809,device_04,2025-11-12 15:33:23.489827,0,0,15,27.6,49,826.6,832
1810,device_05,2025-11-12 15:33:24.964884,0,0,165,26,51.8,616.8,584
1811,device_02,2025-11-12 15:33:44.890856,0,0,1103,28.5,42,798.3,800
1812,device_01,2025-11-12 15:33:51.572681,0,0,49,28.5,43,745,777
1813,device_03,2025-11-12 15:34:00.683725,17,18,132,27.4,45,728.6,728
1814,device_04,2025-11-12 15:34:23.486184,0,0,14,27.6,49,821.5,829
1815,device_05,2025-11-12 15:34:24.950401,0,0,165,25.9,51.8,611.3,575
1816,device_02,2025-11-12 15:34:45.028322,0,0,1101,28.6,42,791.2,789
1817,device_01,2025-11-12 15:34:51.355521,0,0,49,28.6,43,742.3,774
1818,device_03,2025-11-12 15:35:00.704744,0,0,130,27.4,45,724.6,725
1819,device_04,2025-11-12 15:35:23.514124,0,0,14,27.6,49,819.6,825
1820,device_05,2025-11-12 15:35:25.097034,0,0,165,25.9,51.7,610.1,574
1821,device_02,2025-11-12 15:35:44.93441,0,0,1101,28.3,42,789.5,790
1822,device_01,2025-11-12 15:35:51.249522,0,0,51,28.5,43,742.3,774
1823,device_03,2025-11-12 15:36:00.862207,0,0,130,27.3,45,726.5,728
1824,device_04,2025-11-12 15:36:23.512708,0,0,14,27.5,49,817.6,823
1825,device_05,2025-11-12 15:36:24.886059,0,0,167,25.9,51.5,595.1,560
1826,device_02,2025-11-12 15:36:44.914841,0,0,1100,28.5,42,784,782
1827,device_01,2025-11-12 15:36:51.264861,0,0,50,28.5,43,737.6,769
1828,device_03,2025-11-12 15:37:00.798495,0,0,127,27.4,45,723.6,722
1829,device_04,2025-11-12 15:37:23.490759,0,0,13,27.1,49,792.6,793
1830,device_05,2025-11-12 15:37:25.191273,0,0,168,25.9,51.8,582.9,543
1831,device_02,2025-11-12 15:37:44.919225,0,0,1098,27.6,42,779,778
1832,device_01,2025-11-12 15:37:51.334871,0,0,51,28.4,43,729.2,757
1833,device_03,2025-11-12 15:38:00.628998,0,0,121,27.4,45,713.5,705
1834,device_04,2025-11-12 15:38:23.817279,0,0,12,27.1,49,785,781
1835,device_05,2025-11-12 15:38:25.16385,0,0,166,25.8,51.1,552.8,506
1836,device_02,2025-11-12 15:38:45.268253,0,0,1101,27.5,42,778,777
1837,device_01,2025-11-12 15:38:51.246227,0,0,52,28.5,42.1,726.3,755
1838,device_03,2025-11-12 15:39:00.828119,0,0,121,27.4,44.2,703.4,695
1839,device_04,2025-11-12 15:39:23.511099,0,0,8,27.1,48.6,765.8,762
1840,device_05,2025-11-12 15:39:24.953041,0,0,163,25.7,50.7,531.9,477
1841,device_02,2025-11-12 15:39:44.951417,0,0,1101,27.5,42,774.3,768
1842,device_01,2025-11-12 15:39:51.324671,0,0,53,28.4,42,719.9,746
1843,device_03,2025-11-12 15:40:01.325301,0,0,122,27.4,44,696.6,693
1844,device_04,2025-11-12 15:40:23.475367,0,0,4,27.1,48,762,758
1845,device_05,2025-11-12 15:40:24.95513,0,0,161,25.5,50.5,528.4,474
1846,device_02,2025-11-12 15:40:44.920904,0,0,1098,27.6,42,770.1,766
1847,device_01,2025-11-12 15:40:51.406766,0,0,52,28.5,42,715.2,740
1848,device_03,2025-11-12 15:41:00.808561,0,0,121,27.3,44,696,689
1849,device_04,2025-11-12 15:41:23.465561,0,0,4,27.1,48,762.6,754
1850,device_05,2025-11-12 15:41:24.920096,0,0,159,25.3,50.5,524.5,471
1851,device_02,2025-11-12 15:41:45.18494,0,0,1100,27.5,42,768.3,761
1852,device_01,2025-11-12 15:41:51.345496,0,0,52,27.7,42,712.1,737
1853,device_03,2025-11-12 15:42:00.657116,0,0,119,27.6,44,693.5,687
1854,device_04,2025-11-12 15:42:23.451846,0,0,3,27,48,764.2,757
1855,device_05,2025-11-12 15:42:24.948068,0,0,160,25.2,50.8,536.3,482
1856,device_02,2025-11-12 15:42:45.304973,0,0,1097,27.4,42,767,761
1857,device_01,2025-11-12 15:42:51.207736,0,0,51,27.5,42,712.1,735
1858,device_03,2025-11-12 15:43:00.624894,0,0,117,27.6,44,692.6,683
1859,device_04,2025-11-12 15:43:23.500404,0,0,3,26.7,48,766.4,759
1860,device_05,2025-11-12 15:43:24.919414,0,0,159,25.1,50.9,541.3,490
1861,device_02,2025-11-12 15:43:45.506991,0,0,1096,27.6,42,764.5,756
1862,device_01,2025-11-12 15:43:51.24387,18,20,52,27.6,42,711.3,734
1863,device_03,2025-11-12 15:44:00.68436,0,0,117,27.5,44,688.7,676
1864,device_04,2025-11-12 15:44:23.502777,0,0,3,26.7,48,764.8,757
1865,device_05,2025-11-12 15:44:24.895762,0,0,160,25.1,50.8,546.1,497
1866,device_02,2025-11-12 15:44:44.979404,0,0,1097,27.4,41.6,759.9,753
1867,device_01,2025-11-12 15:44:51.208229,18,20,52,27.4,42,707.5,731
1868,device_03,2025-11-12 15:45:00.751698,17,17,116,27.6,43.4,685.3,675
1869,device_04,2025-11-12 15:45:23.453325,0,0,4,26.7,47,754,746
1870,device_05,2025-11-12 15:45:24.915077,0,0,158,25.1,50.4,524.6,469
1871,device_02,2025-11-12 15:45:44.945198,0,0,1093,27.5,41.2,755.7,748
1872,device_01,2025-11-12 15:45:51.258501,0,0,52,27.2,42,702.7,724
1873,device_03,2025-11-12 15:46:00.763949,0,0,115,27.3,43,682.5,672
1874,device_04,2025-11-12 15:46:23.660397,15,15,3,26.7,47,751.6,742
1875,device_05,2025-11-12 15:46:24.930288,0,0,156,25,50.2,524.5,468
1876,device_02,2025-11-12 15:46:44.971121,0,0,1093,27.5,41,755,745
1877,device_01,2025-11-12 15:46:51.220083,0,0,50,27.4,42,701.2,722
1878,device_03,2025-11-12 15:47:00.781153,0,0,114,27.5,43,681.7,670
1879,device_04,2025-11-12 15:47:23.721422,14,14,10,26.7,47,755.7,746
1880,device_05,2025-11-12 15:47:24.922753,0,0,158,25,50.3,531.4,477
1881,device_02,2025-11-12 15:47:44.945747,0,0,1093,27.5,41,753.8,746
1882,device_01,2025-11-12 15:47:51.459124,0,0,47,27.4,42,701.9,720
1883,device_03,2025-11-12 15:48:00.772272,0,0,113,27.4,43,678.4,667
1884,device_04,2025-11-12 15:48:23.489248,0,0,10,26.7,47,755.8,747
1885,device_05,2025-11-12 15:48:25.013114,0,0,157,24.9,50.1,529.9,475
1886,device_02,2025-11-12 15:48:44.896531,0,0,1090,27.4,41,753.5,745
1887,device_01,2025-11-12 15:48:51.327051,0,0,46,27.4,42,702.4,721
1888,device_03,2025-11-12 15:49:00.609319,0,0,112,27.5,43,678.2,662
1889,device_04,2025-11-12 15:49:23.531245,0,0,10,26.7,47,754.8,745
1890,device_05,2025-11-12 15:49:25.027865,0,0,157,24.8,50,532.6,480
1891,device_02,2025-11-12 15:49:44.930809,0,0,1088,27.5,41,750.3,741
1892,device_01,2025-11-12 15:49:51.256493,0,0,47,27.3,41.9,699.7,720
1893,device_03,2025-11-12 15:50:00.641964,0,0,111,27.4,43,674.5,661
1894,device_04,2025-11-12 15:50:23.466875,0,0,10,26.7,47,748.7,739
1895,device_05,2025-11-12 15:50:24.938421,0,0,156,24.8,49.9,519.8,460
1896,device_02,2025-11-12 15:50:44.898734,2,2,1088,27.6,41,748.5,741
1897,device_01,2025-11-12 15:50:51.219955,0,0,47,27.4,41,698.3,720
1898,device_03,2025-11-12 15:51:00.695247,0,0,112,27.3,43,671.1,659
1899,device_04,2025-11-12 15:51:24.032288,0,0,9,26.7,46,748.4,738
1900,device_05,2025-11-12 15:51:24.939836,0,0,155,24.8,49.8,519.3,462
1901,device_02,2025-11-12 15:51:44.956187,0,0,1090,27.5,41,749.4,738
1902,device_01,2025-11-12 15:51:51.231472,0,0,46,27.6,41,695.3,714
1903,device_03,2025-11-12 15:52:00.673265,0,0,110,27.4,42.5,672.8,660
1904,device_04,2025-11-12 15:52:23.718763,0,0,9,26.7,46,741.9,729
1905,device_05,2025-11-12 15:52:25.110805,0,0,154,24.7,49.7,503.9,442
1906,device_02,2025-11-12 15:52:44.955902,0,0,1088,27.6,40.8,745,735
1907,device_01,2025-11-12 15:52:51.23766,0,0,46,27.3,41,693,712
1908,device_03,2025-11-12 15:53:00.790232,0,0,110,26.4,43,670.9,658
1909,device_04,2025-11-12 15:53:24.413791,0,0,9,26.7,46,739.9,729
1910,device_05,2025-11-12 15:53:24.952131,0,0,152,24.6,49.7,503.6,442
1911,device_02,2025-11-12 15:53:44.895099,0,0,1088,27.6,40,744.8,734
1912,device_01,2025-11-12 15:53:51.265662,0,0,46,27.5,41,691.3,708
1913,device_03,2025-11-12 15:54:00.622585,0,0,109,26.5,43,671.7,658
1914,device_04,2025-11-12 15:54:23.490754,0,0,9,26.2,46,732.8,719
1915,device_05,2025-11-12 15:54:24.979758,0,0,152,24.4,49.8,497.1,438
1916,device_02,2025-11-12 15:54:45.008012,0,0,1087,27.4,40,743.8,730
1917,device_01,2025-11-12 15:54:51.305507,0,0,46,27.4,41,689.3,704
1918,device_03,2025-11-12 15:55:00.648543,0,0,107,26.5,42.2,669.4,655
1919,device_04,2025-11-12 15:55:23.488566,0,0,9,26.2,46,738.5,724
1920,device_05,2025-11-12 15:55:25.344251,0,0,153,24.3,50,500.5,437
1921,device_02,2025-11-12 15:55:44.94834,0,0,1085,27.5,40,740.8,729
1922,device_01,2025-11-12 15:55:51.410124,16,18,46,27.5,41,686.8,702
1923,device_03,2025-11-12 15:56:00.866624,0,0,106,26.5,42,667,651
1924,device_04,2025-11-12 15:56:23.607688,0,0,9,26.2,45.6,733,721
1925,device_05,2025-11-12 15:56:24.983236,0,0,151,24.2,50,494.9,434
1926,device_02,2025-11-12 15:56:44.929663,0,0,1085,27.2,40,739.5,726
1927,device_01,2025-11-12 15:56:51.25132,0,0,46,27.3,41,684.7,700
1928,device_03,2025-11-12 15:57:00.88066,0,0,105,26.4,42,666.3,649
1929,device_04,2025-11-12 15:57:23.515349,0,0,8,26.2,45,732.5,720
1930,device_05,2025-11-12 15:57:25.063581,0,0,150,24.1,50,490.7,428
1931,device_02,2025-11-12 15:57:45.133408,0,0,1082,27.4,40,734.8,723
1932,device_01,2025-11-12 15:57:51.404425,0,0,45,27.4,41,683.5,698
1933,device_03,2025-11-12 15:58:00.722201,0,0,104,26.4,42,661.9,647
1934,device_04,2025-11-12 15:58:23.529033,12,12,8,26.2,45,732,717
1935,device_05,2025-11-12 15:58:25.078203,0,0,150,24,50.1,489.5,424
1936,device_02,2025-11-12 15:58:44.965261,0,0,1083,27.4,40,732.2,718
1937,device_01,2025-11-12 15:58:51.324127,0,0,46,27.4,41,682,698
1938,device_03,2025-11-12 15:59:00.675095,0,0,104,26.5,42,661,646
1939,device_04,2025-11-12 15:59:23.524025,0,0,8,26.2,45,726.2,714
1940,device_05,2025-11-12 15:59:24.990418,0,0,150,24,50.1,484.7,423
1941,device_02,2025-11-12 15:59:45.485593,0,0,1080,27.4,40,734.1,720
1942,device_01,2025-11-12 15:59:51.32633,0,0,46,27.4,40.1,679.9,696
1943,device_03,2025-11-12 16:00:00.690448,0,0,104,26.5,42,661.6,645
1944,device_04,2025-11-12 16:00:23.521743,0,0,8,26.2,45,727.9,714
1945,device_05,2025-11-12 16:00:25.00245,0,0,149,23.9,50.1,488.8,425
1946,device_02,2025-11-12 16:00:45.090735,0,0,1080,27.5,40,733.9,721
1947,device_01,2025-11-12 16:00:51.288873,0,0,45,27.5,40,679.3,692
1948,device_03,2025-11-12 16:01:00.683759,0,0,102,26.4,42,661.5,644
1949,device_04,2025-11-12 16:01:23.516546,0,0,8,26.2,45,727.4,711
1950,device_05,2025-11-12 16:01:25.211184,0,0,151,23.9,50.1,496.4,434
1951,device_02,2025-11-12 16:01:45.577434,0,0,1083,27.5,40,735.4,721
1952,device_01,2025-11-12 16:01:51.41062,0,0,44,27.5,40,680.8,694
1953,device_03,2025-11-12 16:02:00.712726,0,0,102,26.4,42,658.5,642
1954,device_04,2025-11-12 16:02:23.616851,0,0,7,26.2,45,727.5,712
1955,device_05,2025-11-12 16:02:25.113815,0,0,151,23.9,50,491.2,429
1956,device_02,2025-11-12 16:02:45.0941,0,0,1081,27.5,40,733.6,723
1957,device_01,2025-11-12 16:02:51.467268,0,0,45,27.2,40.2,679.4,693
1958,device_03,2025-11-12 16:03:00.874466,0,0,102,26.4,42,658.1,639
1959,device_04,2025-11-12 16:03:23.512062,0,0,8,26.2,45,727.9,714
1960,device_05,2025-11-12 16:03:25.006502,0,0,151,23.9,50,492.1,429
1961,device_02,2025-11-12 16:03:45.128402,0,0,1081,27.4,40,733.2,719
1962,device_01,2025-11-12 16:03:51.450424,0,0,45,26.7,41,678.9,694
1963,device_03,2025-11-12 16:04:00.918061,0,0,102,26.4,42,655.9,641
1964,device_04,2025-11-12 16:04:23.553907,0,0,8,26.1,45,728.3,716
1965,device_05,2025-11-12 16:04:24.982367,17,17,150,23.9,50,492.7,430
1966,device_02,2025-11-12 16:04:45.005653,0,0,1082,27.4,40,731.2,716
1967,device_01,2025-11-12 16:04:51.519912,0,0,46,26.3,41,678.9,692
1968,device_03,2025-11-12 16:05:00.971264,0,0,101,26.6,42,657,642
1969,device_04,2025-11-12 16:05:23.535149,0,0,7,25.8,45,723.5,710
1970,device_05,2025-11-12 16:05:25.241504,0,0,150,23.8,49.9,484.4,422
1971,device_02,2025-11-12 16:05:45.537915,0,0,1079,27.5,40,730.1,717
1972,device_01,2025-11-12 16:05:51.250544,0,0,44,26.5,40.6,675,687
1973,device_03,2025-11-12 16:06:00.678104,0,0,98,26.5,41.2,655.3,637
1974,device_04,2025-11-12 16:06:23.561551,0,0,8,25.8,45,722,706
1975,device_05,2025-11-12 16:06:24.957772,0,0,149,23.8,49.8,483,416
1976,device_02,2025-11-12 16:06:44.92102,0,0,1077,26.6,40,729.7,714
1977,device_01,2025-11-12 16:06:51.239039,0,0,44,26.4,40,675.2,688
1978,device_03,2025-11-12 16:07:00.693846,0,0,100,26.6,41,655.5,636
1979,device_04,2025-11-12 16:07:24.474489,0,0,7,25.8,45,721.7,707
1980,device_05,2025-11-12 16:07:24.97741,0,0,149,23.8,49.8,483.5,419
1981,device_02,2025-11-12 16:07:45.003622,1,2,1078,26.4,40,728.6,717
1982,device_01,2025-11-12 16:07:51.281415,0,0,43,26.2,40,675,688
1983,device_03,2025-11-12 16:08:00.673099,0,0,98,26.4,41,652.6,635
1984,device_04,2025-11-12 16:08:23.62383,0,0,7,25.8,44.7,725.7,711
1985,device_05,2025-11-12 16:08:24.967444,0,0,150,23.7,49.9,487.9,424
1986,device_02,2025-11-12 16:08:44.989282,0,0,1077,26.4,40,730.3,717
1987,device_01,2025-11-12 16:08:51.229779,0,0,44,26.6,40,675.5,689
1988,device_03,2025-11-12 16:09:00.728929,0,0,99,26.4,41,654.1,637
1989,device_04,2025-11-12 16:09:23.782352,0,0,7,25.8,44.1,722.8,708
1990,device_05,2025-11-12 16:09:24.954441,0,0,150,23.7,49.8,486,422
1991,device_02,2025-11-12 16:09:45.490614,0,0,1077,26.4,40,728,713
1992,device_01,2025-11-12 16:09:51.594776,0,0,45,26.4,40,674.5,688
1993,device_03,2025-11-12 16:10:00.857204,0,0,98,26.4,41,651.7,637
1994,device_04,2025-11-12 16:10:23.532423,0,0,7,25.8,44,726.3,711
1995,device_05,2025-11-12 16:10:24.971293,17,17,147,23.6,49.8,489.5,426
1996,device_02,2025-11-12 16:10:45.018109,0,0,1076,26.6,40,725.5,713
1997,device_01,2025-11-12 16:10:51.302354,0,0,44,26.6,40,674.9,688
1998,device_03,2025-11-12 16:11:00.740316,0,0,97,26.4,41,653.2,634
1999,device_04,2025-11-12 16:11:23.516401,0,0,7,25.8,44,723.2,707
2000,device_05,2025-11-12 16:11:25.101802,0,0,149,23.6,49.7,485.6,419
2001,device_02,2025-11-12 16:11:45.244229,0,0,1076,26.4,39.2,726.3,711
2002,device_01,2025-11-12 16:11:51.378636,0,0,44,26.5,40,672.2,686
2003,device_03,2025-11-12 16:12:00.754263,0,0,97,26.4,41,652.3,632
2004,device_04,2025-11-12 16:12:23.537963,0,0,7,25.8,44,720.1,704
2005,device_05,2025-11-12 16:12:25.093883,0,0,148,23.6,49.6,481.8,417
2006,device_02,2025-11-12 16:12:44.995593,0,0,1075,26.4,39.1,725.5,713
2007,device_01,2025-11-12 16:12:51.281374,0,0,45,26.6,40,672.6,685
2008,device_03,2025-11-12 16:13:00.965795,0,0,95,26.4,41,651.9,631
2009,device_04,2025-11-12 16:13:23.535484,0,0,7,25.8,44,715.9,701
2010,device_05,2025-11-12 16:13:24.965308,0,0,149,23.6,49.6,480.2,415
2011,device_02,2025-11-12 16:13:45.215225,0,0,1075,26.3,39,725.2,709
2012,device_01,2025-11-12 16:13:51.329278,0,0,45,26.4,40,670.6,684
2013,device_03,2025-11-12 16:14:00.717562,0,0,96,26.3,41,648,627
2014,device_04,2025-11-12 16:14:23.55669,0,0,6,25.8,44,717.4,700
2015,device_05,2025-11-12 16:14:24.990285,0,0,149,23.5,49.6,482.8,416
2016,device_02,2025-11-12 16:14:44.974277,0,0,1074,26.4,39,724.2,708
2017,device_01,2025-11-12 16:14:51.376173,0,0,44,26.3,40,672,684
2018,device_03,2025-11-12 16:15:00.794805,0,0,95,26.4,41,647.3,629
2019,device_04,2025-11-12 16:15:23.589619,0,0,6,25.8,44,719.8,702
2020,device_05,2025-11-12 16:15:25.128108,16,16,148,23.5,49.6,480.4,417
2021,device_02,2025-11-12 16:15:45.669261,0,0,1074,26.6,39,722,704
2022,device_01,2025-11-12 16:15:51.47867,0,0,44,26.3,40,670.7,682
2023,device_03,2025-11-12 16:16:00.723336,0,0,93,26.5,41,647.1,631
2024,device_04,2025-11-12 16:16:23.592496,0,0,7,25.8,44,714.6,699
2025,device_05,2025-11-12 16:16:24.982036,16,16,148,23.5,49.5,477.9,410
2026,device_02,2025-11-12 16:16:44.969958,0,0,1075,26.4,39,723,709
2027,device_01,2025-11-12 16:16:51.262628,0,0,44,26.5,40,669.9,680
2028,device_03,2025-11-12 16:17:00.823607,0,0,94,26.5,41,648.5,627
2029,device_04,2025-11-12 16:17:23.547964,0,0,7,25.8,44,716.8,698
2030,device_05,2025-11-12 16:17:24.996129,0,0,148,23.5,49.5,478.2,410
2031,device_02,2025-11-12 16:17:45.473457,0,0,1071,26.4,39,720.6,706
2032,device_01,2025-11-12 16:17:51.249685,0,0,44,26.5,40,669.2,680
2033,device_03,2025-11-12 16:18:00.80707,0,0,93,26.5,41,644.5,624
2034,device_04,2025-11-12 16:18:23.527971,0,0,7,25.8,44,715.3,695
2035,device_05,2025-11-12 16:18:25.050725,0,0,148,23.4,49.5,476.4,412
2036,device_02,2025-11-12 16:18:45.105966,0,0,1073,26.4,39,722.3,706
2037,device_01,2025-11-12 16:18:51.285311,0,0,44,26.5,40,667.5,678
2038,device_03,2025-11-12 16:19:00.688887,0,0,90,26.4,41,646,627
2039,device_04,2025-11-12 16:19:23.533138,0,0,6,25.8,44,714.8,698
2040,device_05,2025-11-12 16:19:25.147019,0,0,148,23.4,49.5,479.8,413
2041,device_02,2025-11-12 16:19:44.939571,0,0,1072,26.5,39,720.5,705
2042,device_01,2025-11-12 16:19:51.234306,0,0,44,26.6,40,668.9,679
2043,device_03,2025-11-12 16:20:00.881773,0,0,93,26.4,40.7,641.8,624
2044,device_04,2025-11-12 16:20:23.640419,0,0,6,25.8,44,712.2,697
2045,device_05,2025-11-12 16:20:25.059696,0,0,149,23.4,49.4,477,411
2046,device_02,2025-11-12 16:20:45.102057,0,0,1071,26.4,39,719.8,704
2047,device_01,2025-11-12 16:20:51.239357,0,0,44,26.5,40,668,679
2048,device_03,2025-11-12 16:21:00.720537,0,0,91,26.5,40,642.8,623
2049,device_04,2025-11-12 16:21:24.360398,0,0,6,25.8,44,716.9,702
2050,device_05,2025-11-12 16:21:25.152811,0,0,148,23.4,49.4,482,417
2051,device_02,2025-11-12 16:21:44.992083,0,0,1072,26.5,39,721.3,703
2052,device_01,2025-11-12 16:21:51.274552,0,0,44,26.5,40,669,680
2053,device_03,2025-11-12 16:22:01.220432,0,0,91,26.3,40,643.3,624
2054,device_04,2025-11-12 16:22:23.65077,0,0,7,25.8,44,713.8,695
2055,device_05,2025-11-12 16:22:25.008831,0,0,148,23.4,49.3,479.3,412
2056,device_02,2025-11-12 16:22:44.94558,0,0,1071,26.6,39,719.6,706
2057,device_01,2025-11-12 16:22:51.255357,0,0,44,26.4,40,665.5,677
2058,device_03,2025-11-12 16:23:00.691556,0,0,90,26.5,40,640.5,620
2059,device_04,2025-11-12 16:23:24.603308,0,0,6,25.8,44,715.7,696
2060,device_05,2025-11-12 16:23:25.000454,0,0,147,23.4,49.2,476.5,410
2061,device_02,2025-11-12 16:23:44.955335,0,0,1070,26.6,38.7,719.5,704
2062,device_03,2025-11-12 16:24:01.122204,0,0,90,26.5,40,641.2,620
2063,device_04,2025-11-12 16:24:23.653026,0,0,6,25.8,44,713.2,697
2064,device_05,2025-11-12 16:24:25.149947,0,0,147,23.4,49.2,477.7,412
2065,device_02,2025-11-12 16:24:45.026836,0,0,1070,26.4,38,720.5,702
2066,device_04,2025-11-12 16:25:24.458253,0,0,7,25.8,44,712.1,694
2067,device_05,2025-11-12 16:25:25.126084,0,0,146,23.3,49.2,473.1,408
2068,device_05,2025-11-12 16:26:25.205483,0,0,146,23.3,49.1,473.6,409
2069,device_01,2025-11-12 16:28:51.223845,0,0,38,26.4,39,674.6,686
2070,device_01,2025-11-12 16:29:51.817587,0,0,43,26.3,39,666.7,676
2071,device_03,2025-11-12 16:30:00.707258,0,0,81,26.3,40,643.4,622
2072,device_02,2025-11-12 16:30:44.967811,0,0,1071,26.5,38,729.3,714
2073,device_01,2025-11-12 16:30:51.735169,0,0,43,26.5,39,664.4,673
2074,device_03,2025-11-12 16:31:00.853853,0,0,83,26.5,40,642.8,620
2075,device_04,2025-11-12 16:31:23.628687,0,0,3,25.4,43,714,695
2076,device_02,2025-11-12 16:31:45.207615,0,0,1068,26.4,38,716.3,699
2077,device_01,2025-11-12 16:31:51.261123,0,0,44,26.4,39,663.6,673
2078,device_03,2025-11-12 16:32:00.825957,0,0,85,26.3,40,639.9,617
2079,device_04,2025-11-12 16:32:23.607979,0,0,5,25.3,43,712.3,696
2080,device_05,2025-11-12 16:32:25.06318,0,0,138,23.2,48.8,480.8,416
2081,device_02,2025-11-12 16:32:45.250584,0,0,1067,26.5,38,715.5,700
2082,device_01,2025-11-12 16:32:51.351192,0,0,44,26.5,39,663.6,675
2083,device_03,2025-11-12 16:33:00.735617,0,0,85,26.4,40,638.6,617
2084,device_04,2025-11-12 16:33:23.587788,0,0,5,25.3,43,712.2,695
2085,device_05,2025-11-12 16:33:25.024891,0,0,145,23.2,48.9,474.5,409
2086,device_02,2025-11-12 16:33:45.17773,0,0,1069,26.3,38,716.1,697
2087,device_01,2025-11-12 16:33:51.325796,0,0,44,26.5,39,664.2,674
2088,device_03,2025-11-12 16:34:01.331396,0,0,87,26.4,40,638.4,615
2089,device_04,2025-11-12 16:34:23.780664,0,0,6,25.3,43,710.9,692
2090,device_05,2025-11-12 16:34:25.02428,0,0,146,23.2,48.9,472.5,407
2091,device_02,2025-11-12 16:34:44.968995,0,0,1068,26.5,38,714.2,697
2092,device_01,2025-11-12 16:34:51.432874,0,0,44,26.3,39,663.2,673
2093,device_03,2025-11-12 16:35:00.750118,0,0,85,26.5,40,636.3,614
2094,device_04,2025-11-12 16:35:23.845417,0,0,6,25.3,43,711,692
2095,device_05,2025-11-12 16:35:25.053772,0,0,145,23.2,48.8,479,411
2096,device_02,2025-11-12 16:35:45.602634,0,0,1066,26.4,38,714.8,696
2097,device_01,2025-11-12 16:35:51.223253,0,0,43,26.3,39,664.5,675
2098,device_03,2025-11-12 16:36:00.818205,0,0,84,26.4,40,635.2,613
2099,device_04,2025-11-12 16:36:23.776005,0,0,6,25.3,43,710.4,693
2100,device_05,2025-11-12 16:36:25.211358,0,0,147,23.2,48.7,476.5,411
2101,device_02,2025-11-12 16:36:45.125649,0,0,1068,26.5,38,716.4,698
2102,device_01,2025-11-12 16:36:52.000775,0,0,44,26.4,39,663.7,672
2103,device_03,2025-11-12 16:37:00.866832,0,0,85,26.4,40,636.8,612
2104,device_04,2025-11-12 16:37:23.896557,0,0,5,25.3,43,710.4,692
2105,device_05,2025-11-12 16:37:25.044226,0,0,146,23.2,48.7,472.9,407
2106,device_02,2025-11-12 16:37:45.313407,0,0,1066,26.5,38,714.1,698
2107,device_01,2025-11-12 16:37:51.541373,0,0,43,26.4,39,662.2,671
2108,device_03,2025-11-12 16:38:01.606831,0,0,84,26.5,40,632.8,612
2109,device_04,2025-11-12 16:38:23.662463,0,0,6,25.3,43,707.2,690
2110,device_05,2025-11-12 16:38:25.010855,0,0,146,23.2,48.7,472.2,404
2111,device_02,2025-11-12 16:38:44.980771,0,0,1065,26.3,37.8,715.2,697
2112,device_01,2025-11-12 16:38:51.20826,0,0,43,26.5,39,663.5,673
2113,device_03,2025-11-12 16:39:00.722027,0,0,84,26.5,40,633.2,609
2114,device_04,2025-11-12 16:39:23.560394,0,0,5,25.3,43,712.9,693
2115,device_05,2025-11-12 16:39:24.954571,0,0,146,23.2,48.7,475.5,408
2116,device_02,2025-11-12 16:39:45.951859,0,0,1063,26.3,37.4,714.3,696
2117,device_01,2025-11-12 16:39:51.4157,0,0,44,26.4,39,660.7,671
2118,device_03,2025-11-12 16:40:00.70925,0,0,84,26.6,40,634,609
2119,device_04,2025-11-12 16:40:23.588576,0,0,5,25.3,43,706.5,689
2120,device_05,2025-11-12 16:40:24.95491,0,0,146,23.1,48.7,469.9,402
2121,device_02,2025-11-12 16:40:44.935787,0,0,1063,26.6,37.5,714.1,696
2122,device_01,2025-11-12 16:40:51.36629,0,0,44,26.3,39,660.4,670
2123,device_03,2025-11-12 16:41:00.711731,0,0,83,26.4,40,632.5,607
2124,device_04,2025-11-12 16:41:23.821046,0,0,5,25.3,43,703.8,685
2125,device_05,2025-11-12 16:41:25.04353,0,0,145,23.1,48.6,469.2,401
2126,device_02,2025-11-12 16:41:45.205428,0,0,1065,26.4,37,712.6,696
2127,device_01,2025-11-12 16:41:51.488925,0,0,44,26.5,39,657.6,666
2128,device_03,2025-11-12 16:42:00.861297,0,0,82,26.4,39.8,629.9,606
2129,device_04,2025-11-12 16:42:23.557861,0,0,5,25.3,43,701.4,681
2130,device_05,2025-11-12 16:42:24.978318,0,0,146,23.1,48.6,466.1,397
2131,device_02,2025-11-12 16:42:45.049149,0,0,1063,26.4,37,711.1,695
2132,device_01,2025-11-12 16:42:51.20304,0,0,43,26.4,39,658.2,667
2133,device_03,2025-11-12 16:43:00.880905,0,0,83,26.1,39.4,629.3,603
2134,device_04,2025-11-12 16:43:23.954741,0,0,5,25.3,43,702.1,682
2135,device_05,2025-11-12 16:43:24.970846,8,8,146,23,48.7,466,396
2136,device_02,2025-11-12 16:43:45.335908,0,0,1065,26.2,37,712.5,694
2137,device_01,2025-11-12 16:43:51.437931,0,0,44,26.6,38.3,658,666
2138,device_03,2025-11-12 16:44:01.542757,0,0,82,25.6,40,628.8,605
2139,device_04,2025-11-12 16:44:23.592578,0,0,5,25.3,43,702.6,680
2140,device_05,2025-11-12 16:44:25.188038,0,0,145,23,48.7,464.5,397
2141,device_02,2025-11-12 16:44:44.96849,0,0,1062,26.5,37,710.9,693
2142,device_01,2025-11-12 16:44:51.216584,9,10,44,26.3,38,657.7,665
2143,device_03,2025-11-12 16:45:00.711239,0,0,82,25.5,40,627.7,602
2144,device_04,2025-11-12 16:45:23.562543,0,0,5,25.3,43,702.2,684
2145,device_05,2025-11-12 16:45:24.96976,0,0,146,23,48.7,466,398
2146,device_02,2025-11-12 16:45:45.318402,0,0,1062,26.6,37,711.5,693
2147,device_01,2025-11-12 16:45:51.768974,0,0,43,26.3,38,657.5,665
2148,device_03,2025-11-12 16:46:00.725192,0,0,82,25.5,40,628.9,606
2149,device_04,2025-11-12 16:46:23.77285,0,0,5,25.3,43,705,685
2150,device_05,2025-11-12 16:46:24.998241,0,0,146,23,48.7,469.9,401
2151,device_02,2025-11-12 16:46:44.984889,0,0,1060,26.5,37,711.7,694
2152,device_01,2025-11-12 16:46:51.250886,0,0,43,26.3,38,658.7,667
2153,device_03,2025-11-12 16:47:00.903215,0,0,82,25.8,40,630.1,605
2154,device_04,2025-11-12 16:47:23.667824,7,7,5,25.3,43,703.9,683
2155,device_05,2025-11-12 16:47:25.013428,0,0,146,23,48.7,471.7,406
2156,device_02,2025-11-12 16:47:45.204213,0,0,1061,26.5,37,710.2,694
2157,device_01,2025-11-12 16:47:51.412341,0,0,44,26.3,38,658.5,667
2158,device_03,2025-11-12 16:48:00.681527,0,0,82,25.5,40,629.6,602
2159,device_04,2025-11-12 16:48:23.563263,0,0,6,25.3,43,703.1,685
2160,device_05,2025-11-12 16:48:25.027587,0,0,146,23,48.7,473,405
2161,device_02,2025-11-12 16:48:44.976713,0,0,1062,26.6,37,712.1,693
2162,device_01,2025-11-12 16:48:51.182263,0,0,42,26.5,38,658,667
2163,device_03,2025-11-12 16:49:00.77921,0,0,81,25.4,40,628.1,602
2164,device_04,2025-11-12 16:49:23.593878,0,0,5,25.3,43,704.7,686
2165,device_05,2025-11-12 16:49:24.983744,0,0,147,23,48.7,469.6,404
2166,device_02,2025-11-12 16:49:45.571649,0,0,1061,26.3,37,711.9,694
2167,device_01,2025-11-12 16:49:51.265727,0,0,44,26.3,38,658.6,666
2168,device_03,2025-11-12 16:50:02.737726,0,0,80,25.4,40,626.5,600
2169,device_04,2025-11-12 16:50:23.579765,0,0,5,25.3,43,704,684
2170,device_05,2025-11-12 16:50:25.116415,0,0,147,23,48.7,472.7,407
2171,device_02,2025-11-12 16:50:45.087477,0,0,1061,26.4,37,711.8,693
2172,device_01,2025-11-12 16:50:51.293998,10,10,44,26.3,38,659.4,667
2173,device_03,2025-11-12 16:51:00.989406,6,6,81,25.5,40,624,599
2174,device_04,2025-11-12 16:51:23.596926,0,0,5,25.3,43,699.7,679
2175,device_05,2025-11-12 16:51:25.026909,0,0,147,23,48.6,465.9,397
2176,device_02,2025-11-12 16:51:45.214617,0,0,1060,26.5,37,708.9,689
2177,device_01,2025-11-12 16:51:51.396065,0,0,43,26.4,38,658,666
2178,device_03,2025-11-12 16:52:00.815824,0,0,80,25.4,39.6,625.9,601
2179,device_04,2025-11-12 16:52:23.763723,0,0,6,25.3,43,697.9,677
2180,device_05,2025-11-12 16:52:25.023811,0,0,146,23,48.5,459.4,389
2181,device_02,2025-11-12 16:52:45.027467,0,0,1057,26.5,37,706.3,687
2182,device_01,2025-11-12 16:52:51.261762,0,0,44,26.5,38,657.1,665
2183,device_03,2025-11-12 16:53:00.83724,0,0,80,25.6,39,624.1,601
2184,device_04,2025-11-12 16:53:23.590733,7,8,5,25.3,43,696.8,674
2185,device_05,2025-11-12 16:53:25.023659,0,0,146,22.9,48.5,457.1,387
2186,device_02,2025-11-12 16:53:46.600861,0,0,1060,26.4,37,710,690
2187,device_01,2025-11-12 16:53:51.262316,0,0,44,26.5,38,657.1,665
2188,device_03,2025-11-12 16:54:01.327111,0,0,81,25.4,39,624.1,600
2189,device_04,2025-11-12 16:54:23.744337,0,0,5,25.3,43,700.1,683
2190,device_05,2025-11-12 16:54:24.98279,0,0,146,22.9,48.6,467.6,398
2191,device_02,2025-11-12 16:54:45.052756,0,0,1058,26.4,37,709.2,691
2192,device_01,2025-11-12 16:54:51.220209,0,0,43,26.5,38,658.1,666
2193,device_03,2025-11-12 16:55:00.730888,0,0,81,25.4,39,625.4,602
2194,device_04,2025-11-12 16:55:23.553814,0,0,5,25.3,43,701.6,681
2195,device_05,2025-11-12 16:55:24.954687,0,0,146,22.9,48.6,464.5,395
2196,device_02,2025-11-12 16:55:45.2035,0,0,1059,26.5,37,708.1,689
2197,device_01,2025-11-12 16:55:51.395662,0,0,44,26.5,38,656.9,666
2198,device_03,2025-11-12 16:56:01.041001,0,0,79,25.5,39,627.3,604
2199,device_04,2025-11-12 16:56:23.585695,0,0,5,25.3,43,699,677
2200,device_05,2025-11-12 16:56:25.017716,0,0,146,22.9,48.5,462.1,391
2201,device_02,2025-11-12 16:56:44.936176,0,0,1054,26.4,37,702.2,683
2202,device_01,2025-11-12 16:56:51.339266,9,9,44,26.5,38,655.5,662
2203,device_03,2025-11-12 16:57:00.870225,6,7,80,25.5,39,627.1,601
2204,device_04,2025-11-12 16:57:23.796852,0,0,5,25.3,43,697.6,675
2205,device_05,2025-11-12 16:57:25.071759,0,0,145,22.9,48.5,462.6,394
2206,device_02,2025-11-12 16:57:45.577424,0,0,1057,26.4,37,707.6,690
2207,device_01,2025-11-12 16:57:51.256247,0,0,43,26.4,38,656,662
2208,device_03,2025-11-12 16:58:01.655132,0,0,80,25.5,39,625.5,600
2209,device_04,2025-11-12 16:58:23.567417,0,0,5,25.3,43,697.8,677
2210,device_05,2025-11-12 16:58:25.014072,0,0,145,22.9,48.5,462.6,394
2211,device_02,2025-11-12 16:58:45.017705,0,0,1059,26.4,37,709.6,689
2212,device_01,2025-11-12 16:58:51.266424,0,0,44,26.6,38,654.3,661
2213,device_03,2025-11-12 16:59:00.784434,0,0,79,25.6,39,626.1,602
2214,device_04,2025-11-12 16:59:23.616414,8,9,5,25.3,43,697.2,678
2215,device_05,2025-11-12 16:59:25.048145,0,0,146,22.9,48.4,463.5,393
2216,device_02,2025-11-12 16:59:45.706046,0,0,1056,26.4,37,708.5,690
2217,device_01,2025-11-12 16:59:51.534526,0,0,43,26.4,38,653.5,660
2218,device_03,2025-11-12 17:00:00.728501,0,0,78,25.3,39,627.4,600
2219,device_04,2025-11-12 17:00:24.227465,0,0,4,25.3,43,697.5,676
2220,device_05,2025-11-12 17:00:25.150094,0,0,146,22.9,48.4,462.2,395
2221,device_02,2025-11-12 17:00:44.927126,0,0,1054,26.4,37,706.5,685
2222,device_01,2025-11-12 17:00:51.365066,0,0,42,26.5,38,653.2,661
2223,device_03,2025-11-12 17:01:00.726258,0,0,78,25.5,39,626.3,602
2224,device_04,2025-11-12 17:01:23.573839,0,0,4,25.1,43,695.6,673
2225,device_05,2025-11-12 17:01:25.103532,0,0,145,22.8,48.4,462.6,392
2226,device_02,2025-11-12 17:01:46.134088,0,0,1057,26.5,37,705.9,687
2227,device_01,2025-11-12 17:01:51.228634,0,0,43,26.5,38,654.5,659
2228,device_03,2025-11-12 17:02:01.321787,4,4,78,25.3,39,625.4,601
2229,device_04,2025-11-12 17:02:23.557348,0,0,5,24.8,43,694.9,675
2230,device_05,2025-11-12 17:02:24.968769,0,0,147,22.8,48.5,458.9,391
2231,device_02,2025-11-12 17:02:44.901375,0,0,1055,26.6,37,702.8,684
2232,device_01,2025-11-12 17:02:51.169073,0,0,43,26.5,38,652.6,659
2233,device_03,2025-11-12 17:03:00.719735,4,4,79,25.3,39,626.4,600
2234,device_04,2025-11-12 17:03:23.733363,0,0,6,24.8,43,696.6,676
2235,device_05,2025-11-12 17:03:25.078778,0,0,146,22.8,48.4,461.3,394
2236,device_02,2025-11-12 17:03:45.550421,0,0,1054,26.4,36.9,707,686
2237,device_01,2025-11-12 17:03:51.247798,0,0,43,26.4,38,652.8,659
2238,device_03,2025-11-12 17:04:00.696636,0,0,78,25.4,39,624,597
2239,device_04,2025-11-12 17:04:24.183679,0,0,5,24.8,43,699,677
2240,device_05,2025-11-12 17:04:24.961502,0,0,146,22.8,48.4,463.9,394
2241,device_02,2025-11-12 17:04:44.905956,0,0,1053,26.5,36.2,705.1,688
2242,device_01,2025-11-12 17:04:51.232095,0,0,43,26.3,38,652.4,659
2243,device_03,2025-11-12 17:05:00.857877,0,0,79,25.5,39,624.8,596
2244,device_04,2025-11-12 17:05:23.558357,0,0,5,24.8,43,693.8,674
2245,device_05,2025-11-12 17:05:25.229154,0,0,145,22.8,48.4,459.9,389
2246,device_02,2025-11-12 17:05:45.318973,0,0,1051,26.6,36.2,704.5,682
2247,device_01,2025-11-12 17:05:51.476435,0,0,43,26.4,38,651,658
2248,device_03,2025-11-12 17:06:01.021031,0,0,78,25.5,39,622.9,599
2249,device_04,2025-11-12 17:06:23.531482,0,0,5,24.8,43,694.6,673
2250,device_05,2025-11-12 17:06:25.085598,0,0,146,22.8,48.4,458.2,389
2251,device_02,2025-11-12 17:06:45.03835,0,0,1056,26.4,36,706.5,686
2252,device_01,2025-11-12 17:06:51.34817,0,0,42,25.4,38,650.6,656
2253,device_03,2025-11-12 17:07:00.714694,0,0,78,25.4,39,620.9,597
2254,device_04,2025-11-12 17:07:24.274456,0,0,4,24.8,43,695.2,674
2255,device_05,2025-11-12 17:07:25.155549,0,0,147,22.7,48.5,463.7,392
2256,device_02,2025-11-12 17:07:44.955204,0,0,1051,26.2,36,701.7,683
2257,device_01,2025-11-12 17:07:51.222401,0,0,44,25.5,38,651.5,658
2258,device_03,2025-11-12 17:08:01.07555,0,0,77,25.5,39,623.7,596
2259,device_04,2025-11-12 17:08:23.601947,0,0,6,24.8,43,692.5,673
2260,device_05,2025-11-12 17:08:25.033067,0,0,146,22.7,48.5,457.6,385
2261,device_02,2025-11-12 17:08:44.933365,0,0,1052,26.3,36,704.3,682
2262,device_01,2025-11-12 17:08:51.787412,0,0,43,25.4,38,653.1,659
2263,device_03,2025-11-12 17:09:00.713334,0,0,77,25.5,39,623,597
2264,device_04,2025-11-12 17:09:24.167736,0,0,5,24.8,43,696.7,675
2265,device_05,2025-11-12 17:09:25.129085,0,0,145,22.7,48.5,459.4,388
2266,device_02,2025-11-12 17:09:44.945351,0,0,1051,26.4,36,700.3,683
2267,device_01,2025-11-12 17:09:51.155138,0,0,43,25.3,38,650.6,658
2268,device_03,2025-11-12 17:10:00.780722,0,0,77,25.4,39,622.7,597
2269,device_04,2025-11-12 17:10:23.562787,0,0,5,24.8,43,695.3,672
2270,device_05,2025-11-12 17:10:24.975424,0,0,144,22.7,48.5,457.8,388
2271,device_02,2025-11-12 17:10:45.146004,0,0,1055,26.3,36,705.1,685
2272,device_01,2025-11-12 17:10:51.158951,0,0,44,25.5,38,653.3,658
2273,device_03,2025-11-12 17:11:00.690403,0,0,76,25.6,39,622.5,595
2274,device_04,2025-11-12 17:11:23.652555,0,0,5,24.8,43,695.9,675
2275,device_05,2025-11-12 17:11:25.260683,0,0,146,22.7,48.5,460.2,390
2276,device_02,2025-11-12 17:11:44.903761,0,0,1054,26.4,36,705.2,686
2277,device_01,2025-11-12 17:11:51.128108,0,0,42,25.4,38,649.4,656
2278,device_03,2025-11-12 17:12:00.655087,0,0,77,25.4,39,621.6,597
2279,device_04,2025-11-12 17:12:23.598514,0,0,5,24.8,43,694.3,670
2280,device_05,2025-11-12 17:12:24.976947,0,0,147,22.7,48.4,462,392
2281,device_02,2025-11-12 17:12:44.877447,0,0,1053,26.4,36,705.4,687
2282,device_01,2025-11-12 17:12:51.318607,0,0,43,25.5,38,650.5,655
2283,device_03,2025-11-12 17:13:00.704857,0,0,76,25.4,39,619.7,593
2284,device_04,2025-11-12 17:13:23.887587,0,0,5,24.8,43,693.4,673
2285,device_05,2025-11-12 17:13:25.147319,0,0,145,22.7,48.4,461.3,391
2286,device_02,2025-11-12 17:13:44.89197,0,0,1053,26.5,36,706.3,685
2287,device_01,2025-11-12 17:13:51.18268,0,0,43,25.5,38,649.2,655
2288,device_03,2025-11-12 17:14:01.211316,0,0,76,25.6,39,621.7,594
2289,device_04,2025-11-12 17:14:23.818768,0,0,5,24.8,43,689.3,666
2290,device_05,2025-11-12 17:14:25.050439,0,0,146,22.7,48.3,460.6,391
2291,device_02,2025-11-12 17:14:45.001082,0,0,1051,26.6,36,705.2,687
2292,device_01,2025-11-12 17:14:51.190235,0,0,43,25.5,38,649.4,655
2293,device_03,2025-11-12 17:15:00.795952,0,0,77,25.5,39,621.3,596
2294,device_04,2025-11-12 17:15:24.085625,0,0,5,24.8,43,690,668
2295,device_05,2025-11-12 17:15:25.206113,0,0,147,22.7,48.3,459.1,390
2296,device_02,2025-11-12 17:15:44.904045,0,0,1051,26.5,36,705.7,685
2297,device_01,2025-11-12 17:15:51.213902,0,0,43,25.5,38,649.5,654
2298,device_03,2025-11-12 17:16:00.721332,0,0,76,25.5,39,619.2,594
2299,device_04,2025-11-12 17:16:23.756435,0,0,4,24.8,42.4,689.9,669
2300,device_05,2025-11-12 17:16:25.066699,0,0,144,22.7,48.3,457.3,386
2301,device_02,2025-11-12 17:16:44.91175,0,0,1051,26.5,36,704.1,685
2302,device_01,2025-11-12 17:16:51.110841,0,0,43,25.5,38,647.6,653
2303,device_03,2025-11-12 17:17:00.770169,0,0,76,25.3,39,622,594
2304,device_04,2025-11-12 17:17:23.513648,0,0,5,24.8,42,692.5,671
2305,device_05,2025-11-12 17:17:24.929278,0,0,145,22.6,48.3,460.3,389
2306,device_02,2025-11-12 17:17:44.875261,0,0,1050,26.4,36,704.3,686
2307,device_01,2025-11-12 17:17:51.122753,0,0,42,25.5,38,648.2,654
2308,device_03,2025-11-12 17:18:00.683559,0,0,75,25.2,38.4,618.6,592
2309,device_04,2025-11-12 17:18:24.085784,0,0,4,24.8,42,690.1,669
2310,device_05,2025-11-12 17:18:25.064716,0,0,146,22.6,48.3,456.9,387
2311,device_02,2025-11-12 17:18:45.551284,0,0,1052,26.5,36,702.9,684
2312,device_01,2025-11-12 17:18:51.198081,11,11,43,25.4,38,648,653
2313,device_03,2025-11-12 17:19:00.692263,0,0,75,25.3,38,621.1,593
2314,device_04,2025-11-12 17:19:23.687221,0,0,4,24.8,42,690.8,670
2315,device_05,2025-11-12 17:19:24.958419,0,0,145,22.6,48.3,456,386
2316,device_02,2025-11-12 17:19:44.859212,0,0,1049,26.5,36,703.8,684
2317,device_01,2025-11-12 17:19:51.226843,0,0,43,25.3,38,646.4,652
2318,device_03,2025-11-12 17:20:00.660718,0,0,74,25.4,38,618.1,593
2319,device_04,2025-11-12 17:20:23.753331,0,0,4,24.8,42,691.9,669
2320,device_05,2025-11-12 17:20:24.929785,0,0,146,22.6,48.4,459.1,387
2321,device_02,2025-11-12 17:20:45.507432,0,0,1049,26.4,36,704.8,686
2322,device_01,2025-11-12 17:20:52.131407,0,0,42,25.4,38,648,651
2323,device_03,2025-11-12 17:21:01.279594,0,0,74,25.4,38,614.7,586
2324,device_04,2025-11-12 17:21:23.583916,3,3,4,24.8,42.2,690.1,667
2325,device_05,2025-11-12 17:21:25.288813,0,0,145,22.6,48.5,458,387
2326,device_02,2025-11-12 17:21:45.339667,0,0,1047,26.5,36,699.4,679
2327,device_01,2025-11-12 17:21:51.635507,0,0,43,25.3,38,647.7,653
2328,device_03,2025-11-12 17:22:00.966267,0,0,74,25.6,38,615.8,587
2329,device_04,2025-11-12 17:22:23.61171,0,0,5,24.8,43,691.2,667
2330,device_05,2025-11-12 17:22:24.930828,9,9,146,22.6,48.5,457.5,387
2331,device_02,2025-11-12 17:22:45.658846,0,0,1048,26.5,36,702.8,684
2332,device_01,2025-11-12 17:22:51.182261,0,0,43,25.5,38,646.8,652
2333,device_03,2025-11-12 17:23:01.380591,0,0,73,25.5,38,610.3,584
2334,device_04,2025-11-12 17:23:23.56292,0,0,5,24.8,43,688.8,665
2335,device_05,2025-11-12 17:23:25.11091,9,9,146,22.6,48.5,456.5,383
2336,device_02,2025-11-12 17:23:44.936868,0,0,1048,26.4,36,701,680
2337,device_03,2025-11-12 17:24:00.803662,0,0,72,25.6,38,613.1,584
2338,device_04,2025-11-12 17:24:23.600919,0,0,4,24.8,43,686.9,663
2339,device_05,2025-11-12 17:24:24.940357,0,0,145,22.5,48.6,453.6,383
2340,device_02,2025-11-12 17:24:49.792631,0,0,1048,26.4,36,702.8,682
2341,device_04,2025-11-12 17:25:23.576061,0,0,5,24.8,43,686.9,664
2342,device_05,2025-11-12 17:25:25.524245,0,0,144,22.5,48.6,453.2,381
2343,device_05,2025-11-12 17:26:24.914098,0,0,144,22.5,48.7,456.3,384
2344,device_01,2025-11-12 17:28:51.630163,0,0,37,25.6,38,651.5,658
2345,device_01,2025-11-12 17:29:51.228788,0,0,42,25.5,38,645.9,650
2346,device_03,2025-11-12 17:30:00.754335,0,0,65,25.6,38,620.1,592
2347,device_02,2025-11-12 17:30:45.512567,0,0,1050,26.5,36,716,698
2348,device_01,2025-11-12 17:30:51.385114,0,0,42,25.5,38,643.9,647
2349,device_03,2025-11-12 17:31:00.727479,0,0,70,25.5,38,618.7,591
2350,device_04,2025-11-12 17:31:23.519279,0,0,1,24.8,43,690.9,667
2351,device_02,2025-11-12 17:31:44.905685,0,0,1048,26.4,36,700.3,681
2352,device_01,2025-11-12 17:31:51.202032,0,0,43,25.5,38,643.7,647
2353,device_03,2025-11-12 17:32:00.747199,0,0,71,25.5,38,615.9,591
2354,device_04,2025-11-12 17:32:23.60641,0,0,4,24.8,43,688.9,665
2355,device_05,2025-11-12 17:32:25.279991,0,0,137,22.5,48.7,461.2,392
2356,device_02,2025-11-12 17:32:45.480114,0,0,1045,26.5,36,697.7,678
2357,device_01,2025-11-12 17:32:51.163917,0,0,42,25.6,38,641,645
2358,device_03,2025-11-12 17:33:00.814442,0,0,72,25.4,38,616.5,589
2359,device_04,2025-11-12 17:33:24.120154,0,0,4,24.8,43,688.3,666
2360,device_05,2025-11-12 17:33:25.17465,0,0,144,22.5,48.8,458.3,386
2361,device_02,2025-11-12 17:33:44.863271,0,0,1046,26.4,36,701.2,681
2362,device_01,2025-11-12 17:33:51.285517,0,0,42,25.5,38,640.2,644
2363,device_03,2025-11-12 17:34:00.76843,0,0,70,25.3,38,614.9,587
2364,device_04,2025-11-12 17:34:23.517546,0,0,4,24.8,43,689.2,666
2365,device_05,2025-11-12 17:34:24.981434,0,0,145,22.5,48.7,459.4,390
2366,device_02,2025-11-12 17:34:45.036094,0,0,1043,26.3,36,699.4,680
2367,device_01,2025-11-12 17:34:51.180052,0,0,41,25.4,38,642.2,646
2368,device_03,2025-11-12 17:35:01.366904,0,0,71,25.5,38,615.3,589
2369,device_04,2025-11-12 17:35:24.043524,0,0,5,24.8,43,690.2,669
2370,device_05,2025-11-12 17:35:25.358862,0,0,146,22.5,48.7,459.5,391
2371,device_02,2025-11-12 17:35:44.920363,0,64,1045,26.4,36,702.7,681
2372,device_01,2025-11-12 17:35:52.387714,0,0,42,25.4,38,640.3,644
2373,device_03,2025-11-12 17:36:02.493285,0,0,72,25.3,38,612.3,583
2374,device_04,2025-11-12 17:36:23.70062,0,0,4,24.8,43,686.1,662
2375,device_05,2025-11-12 17:36:25.196413,0,0,147,22.5,48.7,457.3,387
2376,device_02,2025-11-12 17:36:45.576111,0,0,1046,25.7,36.6,701.6,681
2377,device_01,2025-11-12 17:36:51.685666,0,0,42,25.5,38,644.6,649
2378,device_03,2025-11-12 17:37:02.557695,0,0,72,25.4,38,619.1,593
2379,device_04,2025-11-12 17:37:23.721634,0,0,4,24.8,43,686.8,663
2380,device_05,2025-11-12 17:37:24.942203,0,0,146,22.5,48.7,457.6,388
2381,device_02,2025-11-12 17:37:45.029012,0,0,1044,25.4,37,700,682
2382,device_01,2025-11-12 17:37:52.415408,0,0,42,25.3,38,643.4,647
2383,device_03,2025-11-12 17:38:01.641815,0,0,73,25.3,38,619.9,592
2384,device_04,2025-11-12 17:38:23.638021,0,0,5,24.8,43,687.4,666
2385,device_05,2025-11-12 17:38:25.014436,6,6,147,22.5,48.8,455.5,385
2386,device_02,2025-11-12 17:38:44.924584,0,0,1045,25.5,37,702.1,680
2387,device_01,2025-11-12 17:38:51.269191,0,0,41,25.4,38,641.2,643
2388,device_03,2025-11-12 17:39:01.34351,0,0,74,25.5,38,620.9,595
2389,device_04,2025-11-12 17:39:23.763058,0,0,4,24.8,43,682.6,659
2390,device_05,2025-11-12 17:39:25.264237,6,6,148,22.5,48.8,457.5,385
2391,device_02,2025-11-12 17:39:44.850584,0,0,1042,25.5,37,692.1,675
2392,device_01,2025-11-12 17:39:51.166697,0,0,41,25.4,38,638.7,640
2393,device_03,2025-11-12 17:40:00.787715,0,0,72,25.5,38,618.8,593
2394,device_04,2025-11-12 17:40:23.539344,0,0,5,24.8,43,688.8,663
2395,device_05,2025-11-12 17:40:24.928477,0,0,145,22.5,48.8,440.3,366
2396,device_02,2025-11-12 17:40:44.873465,0,0,1033,25.5,37,680.1,657
2397,device_01,2025-11-12 17:40:51.167159,0,0,43,25.4,38,641.5,644
2398,device_03,2025-11-12 17:41:00.689352,0,0,72,25.5,38,619.8,596
2399,device_04,2025-11-12 17:41:24.088518,0,0,4,24.8,43,686.4,663
2400,device_05,2025-11-12 17:41:25.490909,0,0,149,22.5,48.8,447,374
2401,device_02,2025-11-12 17:41:44.920308,0,0,1034,25.5,37,683.7,659
2402,device_01,2025-11-12 17:41:51.185339,0,0,42,25.4,38,643.3,648
2403,device_03,2025-11-12 17:42:00.79806,0,0,72,25.6,38,622.7,595
2404,device_04,2025-11-12 17:42:23.738978,0,0,4,24.8,43,687.7,665
2405,device_05,2025-11-12 17:42:24.964364,0,0,150,22.5,48.8,453.3,379
2406,device_02,2025-11-12 17:42:44.873941,0,0,1034,25.4,37,683.1,659
2407,device_01,2025-11-12 17:42:51.208071,0,0,43,25.4,38,642.6,646
2408,device_03,2025-11-12 17:43:00.823017,0,0,73,25.5,38,620.3,595
2409,device_04,2025-11-12 17:43:24.050867,0,0,4,24.8,43,687,664
2410,device_05,2025-11-12 17:43:25.643928,0,0,149,22.5,48.8,445.8,370
2411,device_02,2025-11-12 17:43:44.86024,0,0,1033,25.5,37,680,658
2412,device_01,2025-11-12 17:43:51.235551,0,0,42,25.5,38,643.3,647
2413,device_03,2025-11-12 17:44:00.777448,0,0,71,25.4,38,622.6,597
2414,device_04,2025-11-12 17:44:23.571983,0,0,5,24.7,43,684.4,660
2415,device_05,2025-11-12 17:44:25.321055,0,0,149,22.5,48.8,445.8,369
2416,device_02,2025-11-12 17:44:44.991237,0,0,1035,25.4,37,685.3,661
2417,device_01,2025-11-12 17:44:51.280201,0,0,43,25.5,38,641.7,646
2418,device_03,2025-11-12 17:45:00.819843,0,0,71,25.4,38,621.7,594
2419,device_04,2025-11-12 17:45:23.785207,0,0,4,24.5,43,684.7,662
2420,device_05,2025-11-12 17:45:25.133958,0,0,150,22.5,48.8,446.4,373
2421,device_02,2025-11-12 17:45:45.174054,0,0,1035,25.5,37,686.6,663
2422,device_01,2025-11-12 17:45:51.355574,0,0,43,25.4,38,642.3,645
2423,device_03,2025-11-12 17:46:00.930884,0,0,70,25.2,38,620.7,597
2424,device_04,2025-11-12 17:46:23.575344,0,0,4,24.5,43,687.5,664
2425,device_05,2025-11-12 17:46:25.552641,0,0,152,22.5,48.9,454,385
2426,device_02,2025-11-12 17:46:44.915188,0,0,1034,25.5,37,688.9,661
2427,device_01,2025-11-12 17:46:51.296051,0,0,43,25.4,38,643.1,648
2428,device_03,2025-11-12 17:47:01.017991,0,0,70,25.4,38,621.6,596
2429,device_04,2025-11-12 17:47:24.365709,0,0,5,24.6,43,694.8,673
2430,device_05,2025-11-12 17:47:24.958663,0,0,152,22.5,49,475.8,412
2431,device_02,2025-11-12 17:47:45.123743,0,0,1035,25.4,37,691.3,669
2432,device_01,2025-11-12 17:47:51.21347,0,0,43,25.4,38,647.8,653
2433,device_03,2025-11-12 17:48:00.941083,0,0,70,25.5,38,622.1,596
2434,device_04,2025-11-12 17:48:23.572704,0,0,5,24.8,43,700.4,682
2435,device_05,2025-11-12 17:48:25.182294,0,0,153,22.6,48.9,495.3,434
2436,device_02,2025-11-12 17:48:44.87348,0,0,1032,25.7,37,688,668
2437,device_01,2025-11-12 17:48:51.128973,0,0,44,25.5,38,651.4,657
2438,device_03,2025-11-12 17:49:00.694826,0,0,71,25.4,38,623.5,599
2439,device_04,2025-11-12 17:49:23.56245,0,0,4,24.8,43,705.3,687
2440,device_05,2025-11-12 17:49:25.483067,0,0,153,22.7,48.9,502,441
2441,device_02,2025-11-12 17:49:44.881597,0,0,1036,26.6,37,701.1,680
2442,device_01,2025-11-12 17:49:51.223922,0,0,43,25.4,38,653.7,661
2443,device_03,2025-11-12 17:50:00.705195,0,0,71,25.4,38.2,625.8,599
2444,device_04,2025-11-12 17:50:23.658975,0,0,4,24.8,43,707.7,689
2445,device_05,2025-11-12 17:50:25.17411,0,0,153,22.8,48.8,503.3,443
2446,device_02,2025-11-12 17:50:45.047144,0,0,1034,26.6,37,697.7,679
2447,device_01,2025-11-12 17:50:51.222871,0,0,43,25.3,38,657.8,667
2448,device_03,2025-11-12 17:51:00.701429,0,0,71,25.5,38.9,625.5,600
2449,device_04,2025-11-12 17:51:23.823576,0,0,5,24.8,43,714.6,695
2450,device_05,2025-11-12 17:51:25.534586,0,0,155,22.9,48.8,511.3,453
2451,device_02,2025-11-12 17:51:45.070319,0,0,1035,26.5,37,701.1,680
2452,device_01,2025-11-12 17:51:51.513861,0,0,43,25.7,38,659.3,668
2453,device_03,2025-11-12 17:52:00.822186,0,0,71,25.5,39,626.9,603
2454,device_04,2025-11-12 17:52:23.591141,0,0,4,24.8,43,715.4,701
2455,device_05,2025-11-12 17:52:25.128269,0,0,153,23.1,48.7,514.4,454
2456,device_02,2025-11-12 17:52:45.462862,0,0,1040,26.2,37,709.9,691
2457,device_01,2025-11-12 17:52:51.308525,0,0,42,26.5,38,662.6,670
2458,device_03,2025-11-12 17:53:00.919448,0,0,71,25.4,39,629.7,603
2459,device_04,2025-11-12 17:53:23.821342,0,0,4,24.8,43,717.5,699
2460,device_05,2025-11-12 17:53:24.970061,0,0,156,23.2,48.7,518.1,462
2461,device_02,2025-11-12 17:53:44.912038,0,0,1030,26.5,37,701.6,680
2462,device_01,2025-11-12 17:53:51.290226,0,0,43,26.5,38,664.1,674
2463,device_03,2025-11-12 17:54:00.845911,0,0,70,25.3,39,630.7,606
2464,device_04,2025-11-12 17:54:23.589217,0,0,5,25.1,43,722.9,707
2465,device_05,2025-11-12 17:54:24.950187,0,0,157,23.3,48.6,529.3,474
2466,device_02,2025-11-12 17:54:44.895303,0,0,1036,26.6,37,709.1,690
2467,device_01,2025-11-12 17:54:51.941579,0,0,44,26.4,38,665.6,677
2468,device_03,2025-11-12 17:55:00.738567,0,0,71,25.4,39,631.2,608
2469,device_04,2025-11-12 17:55:23.789552,0,0,5,25.3,43,722.5,707
2470,device_05,2025-11-12 17:55:24.931424,0,0,159,23.4,48.6,531.2,479
2471,device_02,2025-11-12 17:55:44.868143,0,0,1039,26.1,37,712.7,698
2472,device_01,2025-11-12 17:55:51.160849,0,0,44,26.4,38,668.3,681
2473,device_03,2025-11-12 17:56:00.759939,0,0,72,25.4,39,633,609
2474,device_04,2025-11-12 17:56:23.533475,0,0,5,25.3,43,724.7,708
2475,device_05,2025-11-12 17:56:25.13317,0,0,157,23.5,48.6,528.5,472
2476,device_02,2025-11-12 17:56:44.958316,0,0,1031,26.4,37,706.1,684
2477,device_01,2025-11-12 17:56:51.272838,0,0,44,26.5,38,670.6,684
2478,device_03,2025-11-12 17:57:00.941297,0,0,71,25.4,39,634.1,612
2479,device_04,2025-11-12 17:57:23.523244,0,0,4,25.3,43,727.5,714
2480,device_05,2025-11-12 17:57:24.953906,0,0,158,23.6,48.5,529.4,477
2481,device_02,2025-11-12 17:57:44.889426,0,0,1033,26.3,37,710.9,692
2482,device_01,2025-11-12 17:57:51.282806,0,0,43,26.4,38,672.8,685
2483,device_03,2025-11-12 17:58:00.938374,0,0,71,25.3,39,633.8,609
2484,device_04,2025-11-12 17:58:23.624359,0,0,5,25.3,43,728.1,712
2485,device_05,2025-11-12 17:58:24.946529,0,0,158,23.7,48.5,527.1,476
2486,device_02,2025-11-12 17:58:44.89623,0,0,1034,26.3,37,716.6,697
2487,device_01,2025-11-12 17:58:51.710788,0,0,45,26.4,38,675.3,688
2488,device_03,2025-11-12 17:59:00.708544,0,0,71,25.5,39,636.8,613
2489,device_04,2025-11-12 17:59:23.816699,0,0,5,25.3,43,728.7,718
2490,device_05,2025-11-12 17:59:24.984837,0,0,160,23.8,48.4,535.8,479
2491,device_02,2025-11-12 17:59:44.862425,0,0,1035,26.4,37,714.4,696
2492,device_01,2025-11-12 17:59:51.181932,0,0,45,26.4,38,677.1,690
2493,device_03,2025-11-12 18:00:01.108797,0,0,71,25.4,39,636,616
2494,device_04,2025-11-12 18:00:23.556552,0,0,5,25.4,43,733.9,720
2495,device_05,2025-11-12 18:00:25.143698,0,0,160,23.8,48.4,539.8,488
2496,device_02,2025-11-12 18:00:45.418431,0,0,1039,26.4,37.5,724,708
2497,device_01,2025-11-12 18:00:51.204861,0,0,44,26.4,38,678.1,694
2498,device_03,2025-11-12 18:01:01.030078,0,0,72,25.6,39,636.6,612
2499,device_04,2025-11-12 18:01:23.583086,0,0,5,25.8,43,735.6,722
2500,device_05,2025-11-12 18:01:25.117419,0,0,160,23.9,48.4,533.8,480
2501,device_02,2025-11-12 18:01:45.232633,0,0,1034,26.5,38,719.4,701
2502,device_01,2025-11-12 18:01:51.357298,0,0,45,26.4,38,680.3,693
2503,device_03,2025-11-12 18:02:00.719594,0,0,72,26.5,39,638.2,617
2504,device_04,2025-11-12 18:02:23.552711,0,0,5,25.8,43,737.7,726
2505,device_05,2025-11-12 18:02:25.077081,0,0,160,24,48.3,536.1,483
2506,device_02,2025-11-12 18:02:45.099905,0,0,1042,26.5,38,725.8,713
2507,device_01,2025-11-12 18:02:51.127032,4,4,44,26.6,38,681.7,695
2508,device_03,2025-11-12 18:03:00.675864,0,0,72,26.5,39,640.8,621
2509,device_04,2025-11-12 18:03:24.06117,0,0,5,25.8,43,739.1,727
2510,device_05,2025-11-12 18:03:24.966209,0,0,163,24,48.6,549,498
2511,device_02,2025-11-12 18:03:44.856556,0,0,1038,26.3,38,725.9,706
2512,device_01,2025-11-12 18:03:51.328898,4,4,45,26.4,38,682.5,698
2513,device_03,2025-11-12 18:04:00.691312,0,0,73,26.5,39,642.3,621
2514,device_04,2025-11-12 18:04:23.591771,0,0,5,25.8,43.7,745.2,731
2515,device_05,2025-11-12 18:04:24.990704,0,0,162,24.1,48.7,539.2,487
2516,device_02,2025-11-12 18:04:45.139892,0,0,1039,26.4,38,723.8,709
2517,device_01,2025-11-12 18:04:51.253359,0,0,45,27,38,681.7,699
2518,device_03,2025-11-12 18:05:00.943303,0,0,72,26.5,39,645.2,624
2519,device_04,2025-11-12 18:05:23.82388,3,3,5,25.8,44,744,735
2520,device_05,2025-11-12 18:05:24.947372,0,0,163,24.1,48.7,550.1,502
2521,device_02,2025-11-12 18:05:44.895287,0,0,1039,26.5,38,735.4,716
2522,device_01,2025-11-12 18:05:51.259885,0,0,45,27.5,38,685.3,701
2523,device_03,2025-11-12 18:06:00.722774,0,0,72,26.5,39,645.3,625
2524,device_04,2025-11-12 18:06:23.680136,3,3,5,25.8,44,743.6,734
2525,device_05,2025-11-12 18:06:24.936524,0,0,166,24.2,48.6,549.8,503
2526,device_02,2025-11-12 18:06:45.515427,0,0,1039,26.6,38,729.5,711
2527,device_01,2025-11-12 18:06:51.349772,0,0,45,27.5,38,687.1,702
2528,device_03,2025-11-12 18:07:00.86312,0,0,72,26.5,39,646,625
2529,device_04,2025-11-12 18:07:23.546537,0,0,5,25.8,44,746.7,736
2530,device_05,2025-11-12 18:07:24.938169,0,0,166,24.2,48.6,553.1,503
2531,device_02,2025-11-12 18:07:45.292753,0,0,1037,26.4,38,725.8,713
2532,device_01,2025-11-12 18:07:51.346093,0,0,45,27.6,38,686.3,703
2533,device_03,2025-11-12 18:08:00.755409,0,0,71,26.3,39,645.6,624
2534,device_04,2025-11-12 18:08:23.600915,0,0,5,25.8,44,747,737
2535,device_05,2025-11-12 18:08:25.067592,0,0,165,24.3,48.5,547,499
2536,device_02,2025-11-12 18:08:45.164226,0,0,1041,26.5,38,733.9,722
2537,device_01,2025-11-12 18:08:51.512127,0,0,46,27.6,38,687.6,705
2538,device_03,2025-11-12 18:09:00.95443,2,3,72,26.6,39,648.8,628
2539,device_04,2025-11-12 18:09:24.197711,0,0,5,25.8,44,748.7,737
2540,device_05,2025-11-12 18:09:24.960275,0,0,164,24.3,48.5,547.1,494
2541,device_02,2025-11-12 18:09:45.96144,0,0,1039,26.6,38,733.2,720
2542,device_01,2025-11-12 18:09:51.258953,0,0,45,27.6,38,688.3,705
2543,device_03,2025-11-12 18:10:00.910174,2,2,70,26.5,39.1,641.2,617
2544,device_04,2025-11-12 18:10:23.610954,0,0,6,25.8,44,747.5,735
2545,device_05,2025-11-12 18:10:24.922106,0,0,163,24.3,48.6,539.6,488
2546,device_02,2025-11-12 18:10:45.218062,0,0,1045,26.5,38,741.5,734
2547,device_01,2025-11-12 18:10:51.490565,0,0,45,27.5,38,690.3,707
2548,device_03,2025-11-12 18:11:01.310703,0,0,72,26.4,39.8,652.6,634
2549,device_04,2025-11-12 18:11:24.227157,0,0,5,26.2,44,748.1,740
2550,device_05,2025-11-12 18:11:25.612777,0,0,164,24.4,48.6,544.5,496
2551,device_02,2025-11-12 18:11:45.826011,0,0,1043,26.4,38,741.1,728
2552,device_01,2025-11-12 18:11:51.150233,0,0,45,27.3,38,688.9,706
2553,device_03,2025-11-12 18:12:00.793307,0,0,73,26.5,40,648.4,626
2554,device_04,2025-11-12 18:12:23.589657,0,0,6,26.2,44,752.4,743
2555,device_05,2025-11-12 18:12:24.983065,0,0,166,24.4,48.6,553.9,506
2556,device_02,2025-11-12 18:12:45.00392,0,0,1034,26.6,38.9,730.6,714
2557,device_01,2025-11-12 18:12:51.112759,0,0,46,27.4,38,691.3,709
2558,device_03,2025-11-12 18:13:00.690529,0,0,73,26.4,40,651,631
2559,device_04,2025-11-12 18:13:24.177836,0,0,6,26.2,44,751.5,740
2560,device_05,2025-11-12 18:13:24.990356,0,0,167,24.5,48.7,550.4,504
2561,device_02,2025-11-12 18:13:45.211624,0,0,1040,26.3,39,741.3,728
2562,device_01,2025-11-12 18:13:51.424761,0,0,45,27.5,38,691.4,709
2563,device_03,2025-11-12 18:14:00.801433,0,0,73,26.3,40,652.2,635
2564,device_04,2025-11-12 18:14:23.755736,0,0,6,26.2,44,751.2,743
2565,device_05,2025-11-12 18:14:24.979057,0,0,167,24.5,48.7,555.1,504
2566,device_02,2025-11-12 18:14:45.721436,0,0,1041,26.5,39,735.4,724
2567,device_01,2025-11-12 18:14:51.29581,4,4,45,27.5,38,692.8,711
2568,device_03,2025-11-12 18:15:01.416525,0,0,74,26.4,40,651.6,634
2569,device_04,2025-11-12 18:15:23.769883,0,0,6,26.2,44,752.2,744
2570,device_05,2025-11-12 18:15:25.315495,0,0,166,24.5,48.7,550.8,503
2571,device_02,2025-11-12 18:15:44.898302,0,0,1049,26.4,39,760,746
2572,device_01,2025-11-12 18:15:51.402326,0,0,45,27.4,38,694.2,711
2573,device_03,2025-11-12 18:16:00.727591,0,0,73,26.5,40,652,634
2574,device_04,2025-11-12 18:16:23.608672,0,0,6,26.2,44,754.2,747
2575,device_05,2025-11-12 18:16:24.945971,0,0,168,24.6,48.6,560.3,512
2576,device_02,2025-11-12 18:16:44.886605,0,0,1040,26.2,39,744.1,732
2577,device_01,2025-11-12 18:16:51.114664,0,0,45,27.5,38,693.7,712
2578,device_03,2025-11-12 18:17:00.786441,0,0,73,26.5,40,651.2,633
2579,device_04,2025-11-12 18:17:23.602411,1,1,6,26.2,44,756.9,749
2580,device_05,2025-11-12 18:17:25.205908,0,0,168,24.6,48.6,554.9,506
2581,device_02,2025-11-12 18:17:45.335593,0,0,1041,26.4,39,749.4,735
2582,device_01,2025-11-12 18:17:51.294096,0,0,46,27.5,38,694.7,713
2583,device_03,2025-11-12 18:18:00.805046,0,0,72,26.3,40,649.1,627
2584,device_04,2025-11-12 18:18:23.59322,0,0,5,26.2,44,753.1,743
2585,device_05,2025-11-12 18:18:24.961556,0,0,168,24.6,48.6,557.2,511
2586,device_02,2025-11-12 18:18:44.892566,0,0,1038,26.5,39,740.3,728
2587,device_01,2025-11-12 18:18:51.203839,0,0,46,27.3,38,695.5,715
2588,device_03,2025-11-12 18:19:01.115824,0,0,73,26.2,40,656.2,640
2589,device_04,2025-11-12 18:19:23.584543,0,0,5,26.2,44,755,745
2590,device_05,2025-11-12 18:19:24.968353,0,0,169,24.6,48.7,555.1,510
2591,device_02,2025-11-12 18:19:45.42432,0,0,1038,26.3,39,742.9,733
2592,device_01,2025-11-12 18:19:51.307632,0,0,45,27.4,38,696.6,715
2593,device_03,2025-11-12 18:20:00.811532,2,2,73,26.4,40,655.5,637
2594,device_04,2025-11-12 18:20:23.563305,0,0,6,26.2,44,755.9,745
2595,device_05,2025-11-12 18:20:25.166303,0,0,167,24.6,48.7,543.6,489
2596,device_02,2025-11-12 18:20:44.910176,0,0,1043,26.5,39,745.8,739
2597,device_01,2025-11-12 18:20:51.073588,0,0,46,27.5,38,696.6,715
2598,device_03,2025-11-12 18:21:00.777758,2,2,72,26.5,40,649.5,629
2599,device_04,2025-11-12 18:21:23.917672,0,0,6,26.2,44,753.7,745
2600,device_05,2025-11-12 18:21:25.175825,0,0,171,24.6,48.7,553.2,508
2601,device_02,2025-11-12 18:21:45.168952,0,0,1038,26.5,39,744,728
2602,device_01,2025-11-12 18:21:51.308196,0,0,45,27.5,38,696.7,716
2603,device_03,2025-11-12 18:22:00.861216,0,0,73,26.4,40,655.7,640
2604,device_04,2025-11-12 18:22:23.692947,0,0,6,26.2,44,755.5,751
2605,device_05,2025-11-12 18:22:24.992546,0,0,171,24.7,48.8,560,512
2606,device_02,2025-11-12 18:22:45.286979,0,0,1043,26.5,39,742.7,733
2607,device_01,2025-11-12 18:22:51.834869,0,0,45,27.4,38,698.3,717
2608,device_03,2025-11-12 18:23:00.922826,0,0,71,26.4,40,646.1,625
2609,device_04,2025-11-12 18:23:23.706475,0,0,6,26.2,44,756.4,747
2610,device_05,2025-11-12 18:23:24.984567,2,4,175,24.7,48.7,559,512
2611,device_02,2025-11-12 18:23:45.173212,0,0,1040,26.5,39,746.3,735
2612,device_03,2025-11-12 18:24:01.161166,0,0,74,26.6,40,647.7,630
2613,device_04,2025-11-12 18:24:24.441405,0,0,7,26.2,44,754.2,746
2614,device_05,2025-11-12 18:24:25.153497,0,0,176,24.7,48.7,560.3,513
2615,device_02,2025-11-12 18:24:45.4945,0,0,1042,26.4,39,748.1,735
2616,device_04,2025-11-12 18:25:24.499356,0,0,7,26.2,44,760.3,752
2617,device_05,2025-11-12 18:25:25.056893,0,0,174,24.7,48.7,556.3,508
2618,device_05,2025-11-12 18:26:26.158716,0,0,174,24.7,48.8,560.3,511
2619,device_01,2025-11-12 18:28:51.921447,0,0,40,27.5,38,706.8,729
2620,device_01,2025-11-12 18:29:51.207517,0,0,46,27.5,38,704,722
2621,device_03,2025-11-12 18:30:01.424168,0,0,65,26.5,40,657.7,641
2622,device_02,2025-11-12 18:30:45.459111,0,0,1048,26.5,40,770.2,762
2623,device_01,2025-11-12 18:30:51.329245,0,0,45,27.5,38,703,724
2624,device_03,2025-11-12 18:31:01.043143,0,0,71,26.4,40,660.8,645
2625,device_04,2025-11-12 18:31:23.789169,0,0,3,26.3,44,764,759
2626,device_02,2025-11-12 18:31:45.445947,0,0,1042,26.3,40,752.4,742
2627,device_01,2025-11-12 18:31:51.261049,0,0,46,27.4,38.8,702.4,723
2628,device_03,2025-11-12 18:32:00.857218,0,0,74,26.5,40,665.2,649
2629,device_04,2025-11-12 18:32:23.853105,0,0,6,26.6,44,764.2,757
2630,device_05,2025-11-12 18:32:24.981941,0,0,163,24.8,49.1,561.6,517
2631,device_02,2025-11-12 18:32:45.826249,0,0,1042,26.4,40,753.1,745
2632,device_01,2025-11-12 18:32:51.142178,0,0,47,27.5,38.9,703.5,726
2633,device_03,2025-11-12 18:33:00.831509,0,0,73,26.4,40,662.6,647
2634,device_04,2025-11-12 18:33:23.624413,0,0,7,26.7,44,762.6,758
2635,device_05,2025-11-12 18:33:24.9701,0,0,171,24.8,49.1,561.7,516
2636,device_02,2025-11-12 18:33:45.154328,0,0,1041,26.6,40,754.6,744
2637,device_01,2025-11-12 18:33:51.697367,0,0,46,27.5,39,704.8,726
2638,device_03,2025-11-12 18:34:00.817644,0,0,74,26.5,40,660.1,646
2639,device_04,2025-11-12 18:34:23.831245,0,0,7,26.7,44,762.2,754
2640,device_05,2025-11-12 18:34:25.075525,5,5,172,24.9,49.1,559.7,512
2641,device_02,2025-11-12 18:34:45.500912,0,0,1042,26.4,40,755.6,746
2642,device_01,2025-11-12 18:34:51.22463,0,0,46,28.4,38.2,704.2,726
2643,device_03,2025-11-12 18:35:01.36922,0,0,73,26.5,40,661,645
2644,device_04,2025-11-12 18:35:23.693722,0,0,6,26.7,44,764.3,757
2645,device_05,2025-11-12 18:35:25.498188,0,0,175,24.9,49.2,563,517
2646,device_02,2025-11-12 18:35:45.617054,0,0,1042,26.5,40,755.5,746
2647,device_01,2025-11-12 18:35:51.219815,0,0,46,28.6,38,704.6,725
2648,device_03,2025-11-12 18:36:00.960252,0,0,75,26.4,40,665.7,651
2649,device_04,2025-11-12 18:36:23.655851,0,0,7,26.7,44.7,764.2,757
2650,device_05,2025-11-12 18:36:25.174051,0,0,176,24.9,49.2,561.8,516
2651,device_02,2025-11-12 18:36:45.540934,0,0,1043,26.9,40,752.4,745
2652,device_01,2025-11-12 18:36:51.333522,0,0,46,28.5,38,704.5,727
2653,device_03,2025-11-12 18:37:00.86681,0,0,74,26.3,40,667,649
2654,device_04,2025-11-12 18:37:23.901148,0,0,7,26.7,45,763.7,753
2655,device_05,2025-11-12 18:37:24.999187,0,0,177,24.9,49.2,570.2,530
2656,device_02,2025-11-12 18:37:44.915736,0,0,1043,27.3,40,752.6,746
2657,device_01,2025-11-12 18:37:51.222288,0,0,46,28.4,38,705,727
2658,device_03,2025-11-12 18:38:01.098515,0,0,75,26.5,40,666.4,650
2659,device_04,2025-11-12 18:38:23.715087,0,0,6,26.7,45,760.5,755
2660,device_05,2025-11-12 18:38:25.207741,0,0,176,24.9,49.3,566.8,522
2661,device_02,2025-11-12 18:38:45.604544,0,0,1039,27.4,40,754.8,742
2662,device_01,2025-11-12 18:38:51.143797,0,0,46,28.5,38,705.4,726
2663,device_03,2025-11-12 18:39:00.892197,0,0,73,26.4,40,661.8,647
2664,device_04,2025-11-12 18:39:23.950958,0,0,7,26.7,45,764.4,757
2665,device_05,2025-11-12 18:39:25.265832,3,3,177,24.9,49.3,567,520
2666,device_02,2025-11-12 18:39:45.679128,0,0,1045,27.5,40,755.4,746
2667,device_01,2025-11-12 18:39:51.122762,0,0,46,28.4,38,704.4,727
2668,device_03,2025-11-12 18:40:00.976749,0,0,75,26.5,40,664.5,648
2669,device_04,2025-11-12 18:40:23.71558,0,0,8,26.7,45,762.8,755
2670,device_05,2025-11-12 18:40:25.120098,3,3,176,25,49.4,566.4,517
2671,device_02,2025-11-12 18:40:45.300654,0,0,1042,27.5,40,757.2,749
2672,device_01,2025-11-12 18:40:51.177727,0,0,48,28.4,38,706.2,728
2673,device_03,2025-11-12 18:41:01.086488,0,0,75,26.5,40,668.3,653
2674,device_04,2025-11-12 18:41:24.356855,0,0,7,26.7,45,761.7,757
2675,device_05,2025-11-12 18:41:25.215106,0,0,178,25,49.5,569.7,528
2676,device_02,2025-11-12 18:41:45.114705,0,0,1044,27.6,40,756.8,747
2677,device_01,2025-11-12 18:41:51.676115,0,0,47,28.4,38,705.4,728
2678,device_03,2025-11-12 18:42:01.54687,0,0,75,26.5,40,667,653
2679,device_04,2025-11-12 18:42:23.715075,0,0,7,26.7,45,762.9,755
2680,device_05,2025-11-12 18:42:26.116586,0,0,177,25,49.5,562.5,515
2681,device_02,2025-11-12 18:42:45.611334,0,0,1048,27.3,40,768.1,761
2682,device_01,2025-11-12 18:42:51.215306,0,0,47,28.5,38,706.2,728
2683,device_03,2025-11-12 18:43:01.147692,0,0,73,26.5,40,667.3,652
2684,device_04,2025-11-12 18:43:24.096344,0,0,7,26.7,45,762.3,753
2685,device_05,2025-11-12 18:43:25.847527,0,0,177,25,49.5,564.8,517
2686,device_02,2025-11-12 18:43:44.918049,0,0,1044,27.4,40,763.9,753
2687,device_01,2025-11-12 18:43:51.385822,0,0,47,28.5,38,706.5,728
2688,device_03,2025-11-12 18:44:02.471879,0,0,73,26.5,40,668.4,654
2689,device_04,2025-11-12 18:44:23.840949,0,0,7,26.7,45,762.1,758
2690,device_05,2025-11-12 18:44:25.400189,0,0,178,25,49.6,567.9,523
2691,device_02,2025-11-12 18:44:45.196988,0,0,1041,27.5,40,758.4,752
2692,device_01,2025-11-12 18:44:51.953792,0,0,47,28.3,38.2,705.4,727
2693,device_03,2025-11-12 18:45:04.952053,0,0,74,26.4,40,667.2,652
2694,device_04,2025-11-12 18:45:23.848085,0,0,7,26.7,45,765.7,760
2695,device_05,2025-11-12 18:45:26.162399,0,0,177,25,49.7,566.8,516
2696,device_02,2025-11-12 18:45:45.188228,0,0,1044,27.5,40,763.3,755
2697,device_01,2025-11-12 18:45:51.439769,0,0,47,28.6,38.8,707.7,731
2698,device_03,2025-11-12 18:46:01.775357,0,0,74,26.4,40.2,668.4,652
2699,device_04,2025-11-12 18:46:24.481208,0,0,7,26.7,45,765.2,759
2700,device_05,2025-11-12 18:46:25.305006,0,0,179,25,49.7,564.7,523
2701,device_02,2025-11-12 18:46:45.605661,0,0,1046,27.5,40,761.3,755
2702,device_01,2025-11-12 18:46:51.463227,0,0,46,28.3,39,708.8,731
2703,device_03,2025-11-12 18:47:01.353053,0,0,75,26.4,41,667.3,654
2704,device_04,2025-11-12 18:47:24.329509,0,0,7,26.7,45,765.4,760
2705,device_05,2025-11-12 18:47:26.332189,0,0,177,25,49.7,564.8,513
2706,device_02,2025-11-12 18:47:45.852422,0,0,1039,27.5,40,760.5,748
2707,device_01,2025-11-12 18:47:51.943566,0,0,47,28.4,39,710.1,734
2708,device_03,2025-11-12 18:48:03.809189,0,0,72,26.5,41,668.6,653
2709,device_04,2025-11-12 18:48:23.79424,0,0,7,26.7,45,766.8,760
2710,device_05,2025-11-12 18:48:26.367862,0,0,179,25,49.8,565.7,517
2711,device_02,2025-11-12 18:48:45.857239,0,0,1046,27.5,40,764.2,758
2712,device_01,2025-11-12 18:48:51.335272,0,0,46,28.5,39,707.7,731
2713,device_03,2025-11-12 18:49:02.680907,0,0,73,26.4,41,667.6,650
2714,device_04,2025-11-12 18:49:24.48098,0,0,7,26.7,45,766.3,761
2715,device_05,2025-11-12 18:49:25.824878,0,0,177,25,49.8,557.5,512
2716,device_02,2025-11-12 18:49:44.943776,0,0,1047,27.6,40,765.6,760
2717,device_01,2025-11-12 18:49:51.214127,0,0,47,28.3,39,709.5,732
2718,device_03,2025-11-12 18:50:02.273262,0,0,73,26.4,41,669.5,657
2719,device_04,2025-11-12 18:50:24.10746,0,0,7,26.7,45,767.4,764
2720,device_05,2025-11-12 18:50:25.594705,0,0,180,25,49.9,566.2,523
2721,device_02,2025-11-12 18:50:45.734638,0,0,1039,27.5,40,757.9,749
2722,device_01,2025-11-12 18:50:51.919126,0,0,47,28.4,39,708.8,732
2723,device_03,2025-11-12 18:51:02.365893,0,0,74,26.4,41,669.3,655
2724,device_04,2025-11-12 18:51:23.918827,0,0,7,26.7,45,768.8,761
2725,device_05,2025-11-12 18:51:25.813632,0,0,180,25,49.9,565.4,522
2726,device_02,2025-11-12 18:51:45.98776,0,0,1044,27.5,40,767.8,759
2727,device_01,2025-11-12 18:51:51.370428,0,0,47,28.4,39,708.8,731
2728,device_03,2025-11-12 18:52:02.002523,0,0,75,26.4,41,671.5,656
2729,device_04,2025-11-12 18:52:23.993954,0,0,7,26.7,45,767,763
2730,device_05,2025-11-12 18:52:25.593673,0,0,179,25.1,49.9,568.5,524
2731,device_02,2025-11-12 18:52:45.417629,0,0,1047,27.5,40,769.6,764
2732,device_01,2025-11-12 18:52:51.448393,0,0,47,28.5,39,709.5,732
2733,device_03,2025-11-12 18:53:01.066668,0,0,73,26.5,41,671.9,658
2734,device_04,2025-11-12 18:53:23.868923,0,0,7,26.7,45,769.3,764
2735,device_05,2025-11-12 18:53:25.412083,0,0,179,25.1,49.9,564.5,513
2736,device_02,2025-11-12 18:53:45.223362,0,0,1046,27.5,40,763.2,761
2737,device_01,2025-11-12 18:53:54.736897,0,0,47,28.4,39,708.7,731
2738,device_03,2025-11-12 18:54:02.278737,0,0,74,26.4,41,668.4,655
2739,device_04,2025-11-12 18:54:23.971224,0,0,7,26.7,45,768.8,764
2740,device_05,2025-11-12 18:54:25.300287,0,0,179,25.1,50,568.1,520
2741,device_02,2025-11-12 18:54:45.513741,0,0,1044,27.5,40,766.3,761
2742,device_01,2025-11-12 18:54:51.475412,0,0,47,28.4,39,707,730
2743,device_03,2025-11-12 18:55:01.808281,0,0,73,26.3,41,667.9,652
2744,device_04,2025-11-12 18:55:23.938613,0,0,8,26.7,45.7,769.9,766
2745,device_05,2025-11-12 18:55:25.383633,0,0,180,25.1,50,568.9,520
2746,device_02,2025-11-12 18:55:45.988997,0,0,1040,27.5,40,761.9,754
2747,device_01,2025-11-12 18:55:51.523488,0,0,46,28.5,39,708.5,732
2748,device_03,2025-11-12 18:56:01.994412,0,0,73,26.5,41,667.1,655
2749,device_04,2025-11-12 18:56:24.14648,0,0,8,26.7,46,771.3,766
2750,device_05,2025-11-12 18:56:25.311747,0,0,181,25.1,50.1,575.1,529
2751,device_02,2025-11-12 18:56:45.097663,0,0,1047,27.5,40,769.7,765
2752,device_01,2025-11-12 18:56:51.239209,0,0,46,28.5,39,710.4,734
2753,device_03,2025-11-12 18:57:00.946527,0,0,74,26.5,41,671,656
2754,device_04,2025-11-12 18:57:23.614637,0,0,7,26.7,46,770.9,767
2755,device_05,2025-11-12 18:57:25.422516,0,0,180,25.1,50.1,566.2,520
2756,device_02,2025-11-12 18:57:45.068211,0,0,1046,27.5,40,766.6,763
2757,device_01,2025-11-12 18:57:52.013429,0,0,47,28.5,39,710.6,733
2758,device_03,2025-11-12 18:58:01.263286,0,0,74,26.5,41,668.5,651
2759,device_04,2025-11-12 18:58:23.994688,0,0,7,26.7,46,770.7,768
2760,device_05,2025-11-12 18:58:25.165592,0,0,180,25.1,50.2,558.8,512
2761,device_02,2025-11-12 18:58:45.288808,0,0,1046,27.4,40.8,772.9,766
2762,device_01,2025-11-12 18:58:51.310229,0,0,47,28.4,39,709.9,733
2763,device_03,2025-11-12 18:59:00.787948,0,0,73,26.3,41,665.7,652
2764,device_04,2025-11-12 18:59:23.866793,0,0,7,26.7,46,768.4,763
2765,device_05,2025-11-12 18:59:24.982651,0,0,182,25.1,50.3,567.3,524
2766,device_02,2025-11-12 18:59:45.126004,0,0,1048,27.6,41,775.6,767
2767,device_01,2025-11-12 18:59:51.80123,0,0,47,28.5,39,710.9,735
2768,device_03,2025-11-12 19:00:02.978643,0,0,75,26.4,41,670.4,654
2769,device_04,2025-11-12 19:00:24.283628,0,0,8,26.7,46,770.2,765
2770,device_05,2025-11-12 19:00:25.223429,0,0,182,25.1,50.3,564.2,519
2771,device_02,2025-11-12 19:00:45.102926,0,0,1048,27.5,41,768.3,767
2772,device_01,2025-11-12 19:00:51.377157,0,0,47,28.4,39,711.4,735
2773,device_03,2025-11-12 19:01:01.218964,0,0,74,26.5,41,670,655
2774,device_04,2025-11-12 19:01:24.464545,0,0,8,26.7,46,770,768
2775,device_05,2025-11-12 19:01:25.213106,0,0,181,25.1,50.3,562.8,522
2776,device_02,2025-11-12 19:01:45.968284,0,0,1046,27.4,41,769.3,762
2777,device_01,2025-11-12 19:01:51.437211,0,0,46,28.4,39,711.3,735
2778,device_03,2025-11-12 19:02:01.338487,0,0,73,26.5,41,670.2,655
2779,device_04,2025-11-12 19:02:23.650976,0,0,8,26.7,46,771.6,765
2780,device_05,2025-11-12 19:02:25.178095,5,5,182,25.1,50.4,565.6,519
2781,device_02,2025-11-12 19:02:44.974599,0,0,1046,27.3,41,772.2,766
2782,device_01,2025-11-12 19:02:51.296033,0,0,47,28.4,39,711.1,735
2783,device_03,2025-11-12 19:03:01.157658,0,0,72,26.4,41,668.8,653
2784,device_04,2025-11-12 19:03:23.839733,0,0,7,26.7,46,771,766
2785,device_05,2025-11-12 19:03:25.172941,0,0,181,25.1,50.4,565.1,517
2786,device_02,2025-11-12 19:03:45.867955,0,0,1041,27.4,41,764.4,759
2787,device_01,2025-11-12 19:03:51.846186,5,5,46,28.3,39,711.3,735
2788,device_03,2025-11-12 19:04:01.722964,0,0,74,26.4,41,668.7,655
2789,device_04,2025-11-12 19:04:23.678355,0,0,7,26.7,46,771.8,767
2790,device_05,2025-11-12 19:04:25.514741,0,0,184,25.1,50.5,569.2,528
2791,device_02,2025-11-12 19:04:45.33254,0,0,1043,27.4,41,771.9,765
2792,device_01,2025-11-12 19:04:51.213115,0,0,46,28.5,39,710.2,733
2793,device_03,2025-11-12 19:05:01.454339,0,0,74,26.4,41,666.5,652
2794,device_04,2025-11-12 19:05:23.645496,0,0,8,26.7,46,772.2,765
2795,device_05,2025-11-12 19:05:25.054602,0,0,184,25.1,50.5,573.5,530
2796,device_02,2025-11-12 19:05:45.283112,0,0,1046,27.7,41,768.5,766
2797,device_01,2025-11-12 19:05:51.185188,0,0,46,28.4,39,711.5,735
2798,device_03,2025-11-12 19:06:02.380475,0,0,72,26.4,41,671.2,656
2799,device_04,2025-11-12 19:06:23.682586,2,2,8,26.7,46,771.3,769
2800,device_05,2025-11-12 19:06:25.008425,0,0,184,25.2,50.6,568.9,522
2801,device_02,2025-11-12 19:06:45.266663,0,0,1047,27.5,41,777.8,771
2802,device_01,2025-11-12 19:06:51.195041,0,0,47,28.5,39,711.5,735
2803,device_03,2025-11-12 19:07:00.98869,0,0,74,26.4,41,671.2,660
2804,device_04,2025-11-12 19:07:23.702967,0,0,8,26.7,46,773.2,769
2805,device_05,2025-11-12 19:07:25.012234,0,0,183,25.2,50.6,569.2,526
2806,device_02,2025-11-12 19:07:45.57169,0,0,1046,27.5,41,776.7,773
2807,device_01,2025-11-12 19:07:51.255687,0,0,47,28.6,39,711.5,735
2808,device_03,2025-11-12 19:08:00.943652,0,0,75,26.5,41,673.3,657
2809,device_04,2025-11-12 19:08:23.628175,0,0,7,26.7,46,772.4,769
2810,device_05,2025-11-12 19:08:25.016289,0,0,185,25.2,50.7,571.6,531
2811,device_02,2025-11-12 19:08:45.753128,0,0,1049,27.5,41,775.5,772
2812,device_01,2025-11-12 19:08:51.228141,0,0,47,28.5,39,710.9,735
2813,device_03,2025-11-12 19:09:00.946068,0,0,74,26.4,41,673.4,659
2814,device_04,2025-11-12 19:09:23.742346,0,0,7,26.7,46,773.2,767
2815,device_05,2025-11-12 19:09:24.973427,0,0,183,25.2,50.7,572.2,525
2816,device_02,2025-11-12 19:09:45.626435,0,0,1044,27.5,41,774.4,767
2817,device_01,2025-11-12 19:09:51.495415,6,7,47,28.5,39,711.1,737
2818,device_03,2025-11-12 19:10:00.851762,0,0,73,26.7,41,673.1,660
2819,device_04,2025-11-12 19:10:23.927413,0,0,7,26.7,46,771.6,766
2820,device_05,2025-11-12 19:10:25.206829,0,0,185,25.2,50.8,572,530
2821,device_02,2025-11-12 19:10:45.79582,0,0,1048,27.4,41,776.4,774
2822,device_01,2025-11-12 19:10:51.310961,0,0,48,28.5,39,713.1,736
2823,device_03,2025-11-12 19:11:00.808527,0,0,74,26.5,41,672.3,658
2824,device_04,2025-11-12 19:11:23.611728,0,0,8,26.7,46,773.9,770
2825,device_05,2025-11-12 19:11:25.634288,0,0,185,25.2,50.8,578.7,534
2826,device_02,2025-11-12 19:11:45.769601,0,0,1043,27.6,41,765.6,762
2827,device_01,2025-11-12 19:11:51.37297,0,0,48,28.5,39,712.2,735
2828,device_03,2025-11-12 19:12:00.970605,0,0,74,26.6,41,672.5,660
2829,device_04,2025-11-12 19:12:23.633502,3,3,8,26.7,46,772.8,767
2830,device_05,2025-11-12 19:12:25.051428,0,0,184,25.2,50.9,568.6,520
2831,device_02,2025-11-12 19:12:45.795975,0,0,1053,27.5,41,784.1,783
2832,device_01,2025-11-12 19:12:51.11356,0,0,47,28.5,39,711,736
2833,device_03,2025-11-12 19:13:00.716936,0,0,74,26.4,41,673.4,659
2834,device_04,2025-11-12 19:13:23.844144,0,0,8,26.7,46,770.2,763
2835,device_05,2025-11-12 19:13:25.44109,0,0,186,25.2,51.1,550.5,503
2836,device_02,2025-11-12 19:13:44.91906,0,0,1044,27.5,41,769.1,763
2837,device_01,2025-11-12 19:13:51.345328,0,0,47,28.3,39.9,710.1,736
2838,device_03,2025-11-12 19:14:00.724351,0,0,73,26.8,41.2,672,659
2839,device_04,2025-11-12 19:14:23.62941,0,0,8,26.7,47,761.8,755
2840,device_05,2025-11-12 19:14:24.992044,0,0,188,25.2,51.4,526.6,474
2841,device_02,2025-11-12 19:14:45.364254,0,0,1041,27.4,41.3,763.2,754
2842,device_01,2025-11-12 19:14:51.219716,0,0,48,28.4,40,709.2,732
2843,device_03,2025-11-12 19:15:00.72134,0,0,73,26.4,42,670.9,657
2844,device_04,2025-11-12 19:15:23.601286,0,0,8,26.7,47,748.5,741
2845,device_05,2025-11-12 19:15:25.547727,0,0,186,25.1,51.4,511.3,452
2846,device_02,2025-11-12 19:15:45.10722,0,0,1047,27.4,41.7,762.6,757
2847,device_01,2025-11-12 19:15:51.129981,6,6,46,28.4,40,705.6,726
2848,device_03,2025-11-12 19:16:01.198616,0,0,73,26.3,42,669.8,654
2849,device_04,2025-11-12 19:16:23.774963,0,0,9,26.7,47,746.7,736
2850,device_05,2025-11-12 19:16:25.295343,0,0,187,25,51.4,513.6,455
2851,device_02,2025-11-12 19:16:45.564244,0,0,1046,27.6,41.7,762,753
2852,device_01,2025-11-12 19:16:51.252479,0,0,47,28.5,40,702.6,722
2853,device_03,2025-11-12 19:17:00.778578,0,0,73,26.5,42,668.6,653
2854,device_04,2025-11-12 19:17:23.785717,0,0,8,26.7,47,738.7,728
2855,device_05,2025-11-12 19:17:25.352198,0,0,185,24.9,51.4,497.6,437
2856,device_02,2025-11-12 19:17:44.883274,0,0,1049,27.4,41.1,761.1,751
2857,device_01,2025-11-12 19:17:51.107466,0,0,48,28.4,40,698.7,719
2858,device_03,2025-11-12 19:18:00.927623,0,0,72,26.5,42,665.1,648
2859,device_04,2025-11-12 19:18:23.795884,6,6,8,26.7,47,735.8,724
2860,device_05,2025-11-12 19:18:25.289838,0,0,184,24.7,51.3,493.3,426
2861,device_02,2025-11-12 19:18:45.180903,0,0,1047,27.5,41,746.5,738
2862,device_01,2025-11-12 19:18:51.643796,0,0,47,28.4,40,694.5,714
2863,device_03,2025-11-12 19:19:01.447319,0,0,73,26.4,42,662,646
2864,device_04,2025-11-12 19:19:23.639482,0,0,8,26.7,47,730.8,718
2865,device_05,2025-11-12 19:19:25.006319,0,0,184,24.6,51.3,488,423
2866,device_02,2025-11-12 19:19:44.91492,0,0,1043,27.5,41,741.5,731
2867,device_01,2025-11-12 19:19:51.189178,0,0,46,27.8,40,693.6,711
2868,device_03,2025-11-12 19:20:00.758563,0,0,72,26.2,42,661.8,645
2869,device_04,2025-11-12 19:20:23.808319,0,0,7,26.7,47,731.3,718
2870,device_05,2025-11-12 19:20:25.820114,0,0,184,24.5,51.2,494.9,432
2871,device_02,2025-11-12 19:20:45.622175,0,0,1044,27.4,41,744.4,732
2872,device_01,2025-11-12 19:20:51.137174,0,0,47,27.3,40,691.2,708
2873,device_03,2025-11-12 19:21:00.797257,0,0,72,26.3,41.7,657.8,640
2874,device_04,2025-11-12 19:21:23.681754,0,0,9,26.5,46,729,713
2875,device_05,2025-11-12 19:21:24.982803,0,0,183,24.4,51.1,484.1,419
2876,device_02,2025-11-12 19:21:45.571833,0,0,1043,26.4,41,739.1,727
2877,device_01,2025-11-12 19:21:51.243195,0,0,45,27.6,40,688.3,705
2878,device_03,2025-11-12 19:22:01.489298,0,0,72,26.5,41,658.6,642
2879,device_04,2025-11-12 19:22:23.656829,0,0,8,26.2,46,723.6,710
2880,device_05,2025-11-12 19:22:25.332201,0,0,182,24.3,51.2,479,415
2881,device_02,2025-11-12 19:22:45.266061,0,0,1045,26.5,41,742,729
2882,device_01,2025-11-12 19:22:51.155914,0,0,46,27.5,40,686.5,703
2883,device_03,2025-11-12 19:23:00.904095,0,0,72,26.5,41,656.9,640
2884,device_04,2025-11-12 19:23:24.433563,0,0,7,26.2,46,722.9,708
2885,device_05,2025-11-12 19:23:25.008037,0,0,181,24.2,51.2,476.7,414
2886,device_02,2025-11-12 19:23:44.880566,0,0,1042,26.4,41,733.9,721
2887,device_03,2025-11-12 19:24:00.80155,0,0,70,26.3,41,654.9,637
2888,device_04,2025-11-12 19:24:23.6502,0,0,8,26.2,46,719.7,703
2889,device_05,2025-11-12 19:24:24.984431,0,0,181,24,51.2,479.3,410
2890,device_02,2025-11-12 19:24:44.903332,0,0,1043,26.4,41,733.8,723
2891,device_04,2025-11-12 19:25:24.250413,0,0,7,26.2,46,719,702
2892,device_05,2025-11-12 19:25:25.624798,0,0,182,24,51.2,478.1,415
2893,device_05,2025-11-12 19:26:25.25037,0,0,180,23.9,51.1,472.3,402
2894,device_01,2025-11-12 19:28:51.315931,0,0,39,27.3,40,680.6,696
2895,device_01,2025-11-12 19:29:51.151515,0,0,44,26.6,40,675.3,688
2896,device_03,2025-11-12 19:30:00.876901,0,0,61,26.4,41,652,632
2897,device_02,2025-11-12 19:30:45.671066,0,0,1047,26.5,40,747.1,735
2898,device_01,2025-11-12 19:30:51.245657,0,0,45,26.5,40,674.8,687
2899,device_03,2025-11-12 19:31:00.79363,0,0,64,26.5,41,646.9,626
2900,device_04,2025-11-12 19:31:23.842271,0,0,3,25.8,45,712.5,697
2901,device_02,2025-11-12 19:31:45.013631,0,0,1033,26.4,40,719.8,702
2902,device_01,2025-11-12 19:31:51.147263,0,0,45,26.4,40,672.7,684
2903,device_03,2025-11-12 19:32:00.750166,4,4,64,26.6,41,644.8,625
2904,device_04,2025-11-12 19:32:23.962731,0,0,6,25.8,45,709.2,690
2905,device_05,2025-11-12 19:32:25.233855,0,0,166,23.5,50.9,473.3,408
2906,device_02,2025-11-12 19:32:45.027435,0,0,1033,26.5,40,724.2,705
2907,device_01,2025-11-12 19:32:51.554948,0,0,45,26.5,40,670.8,683
2908,device_03,2025-11-12 19:33:00.794969,0,0,65,26.5,41,641.4,618
2909,device_04,2025-11-12 19:33:23.778338,0,0,6,25.8,45,705.5,687
2910,device_05,2025-11-12 19:33:25.191,0,0,173,23.4,50.9,461.8,393
2911,device_02,2025-11-12 19:33:45.046411,0,0,1040,26.4,40,727.1,714
2912,device_01,2025-11-12 19:33:51.352838,0,0,45,26.6,40,668.6,679
2913,device_03,2025-11-12 19:34:00.946232,0,0,66,26.5,41,643.3,622
2914,device_04,2025-11-12 19:34:24.292967,0,0,6,25.8,45,702,682
2915,device_05,2025-11-12 19:34:25.193411,0,0,174,23.4,50.7,454.6,384
2916,device_02,2025-11-12 19:34:45.995168,0,0,1041,26.4,40,724.9,712
2917,device_01,2025-11-12 19:34:51.181653,0,0,45,26.5,39.9,666.5,676
2918,device_03,2025-11-12 19:35:00.940149,0,0,66,26.4,40.2,641.9,619
2919,device_04,2025-11-12 19:35:23.733024,0,0,7,25.8,45,699.6,680
2920,device_05,2025-11-12 19:35:25.011332,0,0,174,23.3,50.7,458.1,386
2921,device_02,2025-11-12 19:35:45.065161,0,0,1034,26.2,40,718.7,704
2922,device_01,2025-11-12 19:35:51.114833,0,0,44,26.4,39,664.6,674
2923,device_03,2025-11-12 19:36:00.84702,0,0,65,26.5,40,640.1,616
2924,device_04,2025-11-12 19:36:23.682446,0,0,6,25.3,45,698.4,677
2925,device_05,2025-11-12 19:36:25.407165,0,0,174,23.2,50.8,454.6,384
2926,device_02,2025-11-12 19:36:45.553894,0,0,1039,26.4,40,722.9,707
2927,device_01,2025-11-12 19:36:51.386989,0,0,45,26.4,39,663.9,675
2928,device_03,2025-11-12 19:37:00.780245,0,0,65,26.4,40,637.1,617
2929,device_04,2025-11-12 19:37:23.816135,0,0,6,25.3,45,695.7,678
2930,device_05,2025-11-12 19:37:25.008327,0,0,175,23.2,50.8,450.4,380
2931,device_02,2025-11-12 19:37:44.96033,0,0,1040,26.4,40,728.9,714
2932,device_01,2025-11-12 19:37:51.137542,0,0,45,26.5,39,663.3,675
2933,device_03,2025-11-12 19:38:00.75764,0,0,64,26.3,40.1,633.3,611
2934,device_04,2025-11-12 19:38:23.679101,0,0,7,25.3,44.3,698.4,678
2935,device_05,2025-11-12 19:38:25.015677,0,0,174,23.2,50.7,455.6,388
2936,device_02,2025-11-12 19:38:45.203527,0,0,1036,26.3,40,718.8,704
2937,device_01,2025-11-12 19:38:51.133226,0,0,45,26.5,39,663.6,672
2938,device_03,2025-11-12 19:39:00.806659,0,0,65,25.4,41,635.6,614
2939,device_04,2025-11-12 19:39:24.275569,0,0,7,25.3,44,693.1,672
2940,device_05,2025-11-12 19:39:24.995984,0,0,175,23.1,50.7,457.9,387
2941,device_02,2025-11-12 19:39:44.929372,0,0,1035,26.5,40,717.9,701
2942,device_01,2025-11-12 19:39:51.277484,0,0,43,26.3,39,660.7,670
2943,device_03,2025-11-12 19:40:01.011614,0,0,65,25.4,40.3,637,614
2944,device_04,2025-11-12 19:40:23.768981,0,0,6,25.3,44,689.7,669
2945,device_05,2025-11-12 19:40:25.07347,0,0,173,23.1,50.7,451.9,379
2946,device_02,2025-11-12 19:40:45.461366,0,0,1035,26.2,40,714,699
2947,device_01,2025-11-12 19:40:51.123112,0,0,43,26.5,39,659,667
2948,device_03,2025-11-12 19:41:00.902598,0,0,66,25.3,40,635.2,611
2949,device_04,2025-11-12 19:41:24.299946,0,0,6,25.3,44,693.4,672
2950,device_05,2025-11-12 19:41:25.056597,0,0,174,23,51,453.3,382
2951,device_02,2025-11-12 19:41:45.140149,0,0,1036,26.4,40,717.9,700
2952,device_01,2025-11-12 19:41:51.137331,0,0,45,26.4,39,659.4,669
2953,device_03,2025-11-12 19:42:01.028327,0,0,65,25.3,40,635.8,613
2954,device_04,2025-11-12 19:42:23.850895,0,0,6,25.3,44.2,696.5,676
2955,device_05,2025-11-12 19:42:25.076246,0,0,175,23,51.3,471.6,405
2956,device_02,2025-11-12 19:42:45.487278,0,0,1034,26.5,40,717.8,703
2957,device_01,2025-11-12 19:42:51.432196,6,7,45,26.5,39.3,661.8,670
2958,device_03,2025-11-12 19:43:00.789763,0,0,64,25.5,40,634.9,611
2959,device_04,2025-11-12 19:43:24.387581,0,0,6,25.3,45,705.7,685
2960,device_05,2025-11-12 19:43:25.280561,0,0,175,23.1,51.3,485.4,423
2961,device_02,2025-11-12 19:43:45.395579,0,0,1030,26.3,40,716.3,699
2962,device_01,2025-11-12 19:43:51.161565,0,0,45,26.4,40,664.6,675
2963,device_03,2025-11-12 19:44:01.796605,0,0,66,25.5,40.8,632.5,609
2964,device_04,2025-11-12 19:44:23.715287,0,0,6,25.3,45,709.8,691
2965,device_05,2025-11-12 19:44:25.035292,0,0,176,23.2,51.3,490.3,430
2966,device_02,2025-11-12 19:44:44.93197,0,0,1031,26.5,40,723.4,702
2967,device_01,2025-11-12 19:44:51.407112,0,0,44,26.5,40,667.4,680
2968,device_03,2025-11-12 19:45:00.779013,0,0,65,25.4,41,636.5,614
2969,device_04,2025-11-12 19:45:23.868711,3,3,6,25.3,45,713.2,696
2970,device_05,2025-11-12 19:45:25.067716,0,0,177,23.2,51.4,507.6,448
2971,device_02,2025-11-12 19:45:44.923017,0,0,1036,26.3,40,727.5,715
2972,device_01,2025-11-12 19:45:51.219065,0,0,45,26.5,40,671.1,682
2973,device_03,2025-11-12 19:46:00.966221,0,0,65,25.3,41,636.3,614
2974,device_04,2025-11-12 19:46:23.709848,0,0,7,25.3,45,716.8,700
2975,device_05,2025-11-12 19:46:25.313606,3,3,178,23.3,51.3,514.5,457
2976,device_02,2025-11-12 19:46:45.903056,0,0,1033,26.5,40,726.3,713
2977,device_01,2025-11-12 19:46:51.242537,0,0,45,26.4,40,672.3,685
2978,device_03,2025-11-12 19:47:05.940159,0,0,65,25.4,41,634.3,611
2979,device_04,2025-11-12 19:47:23.69713,0,0,6,25.3,45,721.2,705
2980,device_05,2025-11-12 19:47:25.225682,3,3,178,23.5,51.3,516.6,458
2981,device_02,2025-11-12 19:47:44.937356,0,0,1028,26.4,40,729,712
2982,device_01,2025-11-12 19:47:51.172539,0,0,45,26.4,40,673.6,686
2983,device_03,2025-11-12 19:48:00.935589,0,0,66,25.5,41,636.1,614
2984,device_04,2025-11-12 19:48:23.880343,0,0,7,25.3,45,719,701
2985,device_05,2025-11-12 19:48:25.192929,0,0,178,23.5,51.3,516.9,457
2986,device_02,2025-11-12 19:48:44.958177,0,0,1039,26.5,40,738.1,727
2987,device_01,2025-11-12 19:48:51.842496,0,0,46,26.2,40,677.1,691
2988,device_03,2025-11-12 19:49:00.878,0,0,65,25.5,41,638.3,617
2989,device_04,2025-11-12 19:49:24.253833,0,0,7,25.3,45,722.9,705
2990,device_05,2025-11-12 19:49:25.215261,0,0,179,23.6,51.2,519.7,467
2991,device_02,2025-11-12 19:49:44.940997,0,0,1033,26.4,40,735,721
2992,device_01,2025-11-12 19:49:51.222167,0,0,45,26.4,40,678.9,693
2993,device_03,2025-11-12 19:50:01.050221,0,0,66,25.4,41,638.4,616
2994,device_04,2025-11-12 19:50:23.847518,0,0,6,25.7,45,724.5,709
2995,device_05,2025-11-12 19:50:25.094168,0,0,181,23.7,51.1,525.2,466
2996,device_02,2025-11-12 19:50:45.439498,0,0,1034,26.4,40,739.8,725
2997,device_01,2025-11-12 19:50:51.179838,0,0,46,26.4,40,681,695
2998,device_03,2025-11-12 19:51:00.967785,0,0,65,26.5,41,639.5,619
2999,device_04,2025-11-12 19:51:24.214865,0,0,6,25.8,45,726.5,715
3000,device_05,2025-11-12 19:51:25.147714,0,0,180,23.8,51,529.1,470
3001,device_02,2025-11-12 19:51:44.978069,0,0,1033,26.5,40,735.7,721
3002,device_01,2025-11-12 19:51:51.224559,0,0,45,26.4,40,680.5,696
3003,device_03,2025-11-12 19:52:00.823299,0,0,66,26.4,41,642,618
3004,device_04,2025-11-12 19:52:23.733084,0,0,7,25.8,45,729.6,715
3005,device_05,2025-11-12 19:52:25.052999,0,0,181,23.9,51,534.9,482
3006,device_02,2025-11-12 19:52:45.500026,0,0,1033,26.5,40,740.1,725
3007,device_01,2025-11-12 19:52:51.112264,0,0,45,26.5,40,682.8,698
3008,device_03,2025-11-12 19:53:01.069433,0,0,66,26.4,41,642.5,620
3009,device_04,2025-11-12 19:53:24.311975,0,0,7,25.8,45,732.2,722
3010,device_05,2025-11-12 19:53:25.266003,0,0,180,23.9,51,526.7,473
3011,device_02,2025-11-12 19:53:44.88973,0,0,1034,26.4,40,743.4,729
3012,device_01,2025-11-12 19:53:51.260433,0,0,45,26.9,40,684,699
3013,device_03,2025-11-12 19:54:00.883093,0,0,66,26.6,41,641.5,622
3014,device_04,2025-11-12 19:54:23.649557,0,0,6,25.8,45,733.6,720
3015,device_05,2025-11-12 19:54:25.037222,0,0,180,24,51,528.7,475
3016,device_02,2025-11-12 19:54:44.950981,0,0,1038,26.4,40,743.2,733
3017,device_01,2025-11-12 19:54:51.778554,0,0,46,27.3,40,684.5,700
3018,device_03,2025-11-12 19:55:00.767584,0,0,65,26.5,41,637.8,617
3019,device_04,2025-11-12 19:55:24.289473,0,0,7,25.8,45,736.4,726
3020,device_05,2025-11-12 19:55:25.02157,0,0,181,24.1,50.9,527.2,475
3021,device_02,2025-11-12 19:55:44.896622,0,0,1033,26.4,40,743.8,730
3022,device_01,2025-11-12 19:55:51.272089,0,0,46,27.6,40,685.5,703
3023,device_03,2025-11-12 19:56:00.934197,0,0,64,26.4,41,641.4,617
3024,device_04,2025-11-12 19:56:23.715001,0,0,8,25.8,45,737.8,726
3025,device_05,2025-11-12 19:56:25.090792,0,0,181,24.2,50.8,531.9,478
3026,device_02,2025-11-12 19:56:45.457728,0,0,1039,26.3,40,749.2,740
3027,device_01,2025-11-12 19:56:51.216482,0,0,47,27.6,40,686.9,704
3028,device_03,2025-11-12 19:57:00.970937,0,0,68,26.4,41,646,626
3029,device_04,2025-11-12 19:57:23.733795,0,0,7,25.8,45,737.9,726
3030,device_05,2025-11-12 19:57:25.241173,4,4,182,24.2,50.8,536.6,489
3031,device_02,2025-11-12 19:57:44.922569,0,0,1031,26.4,40.8,742.3,731
3032,device_01,2025-11-12 19:57:51.089719,0,0,46,27.4,40,687,703
3033,device_03,2025-11-12 19:58:00.961428,0,0,66,26.5,41,646.4,622
3034,device_04,2025-11-12 19:58:23.6204,0,0,7,26,45,740.8,727
3035,device_05,2025-11-12 19:58:25.230032,4,4,183,24.2,50.8,537.4,486
3036,device_02,2025-11-12 19:58:45.011951,0,0,1036,26.5,41,747.6,736
3037,device_01,2025-11-12 19:58:51.325651,0,0,46,27.4,40,688.6,705
3038,device_03,2025-11-12 19:59:01.13754,0,0,67,26.4,41,648.2,627
3039,device_04,2025-11-12 19:59:24.185128,0,0,7,26.2,45,738.6,727
3040,device_05,2025-11-12 19:59:25.256322,0,0,183,24.3,50.6,533.1,480
3041,device_02,2025-11-12 19:59:44.910619,0,0,1041,26.4,41,750.3,743
3042,device_01,2025-11-12 19:59:51.034471,0,0,46,27.4,40,689.8,707
3043,device_03,2025-11-12 20:00:01.004323,0,0,66,26.6,41,647.3,627
3044,device_04,2025-11-12 20:00:23.68451,0,0,7,26.2,45,737.2,726
3045,device_05,2025-11-12 20:00:25.065267,0,0,183,24.3,50.6,537.6,489
3046,device_02,2025-11-12 20:00:44.888893,0,0,1037,26.3,41,746.8,742
3047,device_01,2025-11-12 20:00:51.294048,0,0,46,27.5,40,689.4,707
3048,device_03,2025-11-12 20:01:00.781258,0,0,67,26.6,41,646.4,624
3049,device_04,2025-11-12 20:01:23.698369,0,0,7,26.2,45,738.7,729
3050,device_05,2025-11-12 20:01:25.065003,0,0,183,24.4,50.6,536.6,486
3051,device_02,2025-11-12 20:01:44.891652,0,0,1036,26.6,41,747.4,735
3052,device_01,2025-11-12 20:01:51.25103,0,0,46,27.2,40,690.4,708
3053,device_03,2025-11-12 20:02:00.890717,0,0,67,26.5,41,649.3,630
3054,device_04,2025-11-12 20:02:23.657944,0,0,7,26.2,45.5,743.1,731
3055,device_05,2025-11-12 20:02:25.013345,0,0,186,24.4,50.6,544.3,496
3056,device_02,2025-11-12 20:02:44.863854,0,0,1037,26.5,41,744.4,737
3057,device_01,2025-11-12 20:02:51.052815,0,0,46,27.5,40,691.3,709
3058,device_03,2025-11-12 20:03:00.745663,0,0,66,26.5,41,649.4,630
3059,device_04,2025-11-12 20:03:23.88377,0,0,8,26.2,46,739.7,731
3060,device_05,2025-11-12 20:03:25.002974,0,0,184,24.5,50.6,538.5,487
3061,device_02,2025-11-12 20:03:45.434827,0,0,1040,26.3,41,755.8,744
3062,device_01,2025-11-12 20:03:51.097067,0,0,46,27.5,40,691,708
3063,device_03,2025-11-12 20:04:00.744318,0,0,67,26.5,41,648.5,630
3064,device_04,2025-11-12 20:04:23.616931,0,0,7,26.2,46,739.4,729
3065,device_05,2025-11-12 20:04:25.135409,0,0,184,24.5,50.6,538.4,487
3066,device_02,2025-11-12 20:04:44.91644,0,0,1040,26.4,41,752.9,745
3067,device_01,2025-11-12 20:04:51.161581,0,0,46,27.7,40,692.9,710
3068,device_03,2025-11-12 20:05:00.761011,0,0,65,26.4,41,644.3,624
3069,device_04,2025-11-12 20:05:23.676729,0,0,7,26.2,46,746.3,733
3070,device_05,2025-11-12 20:05:25.015472,0,0,185,24.5,50.6,546.7,497
3071,device_02,2025-11-12 20:05:45.45375,0,0,1037,26.4,41,750.2,745
3072,device_01,2025-11-12 20:05:51.029431,0,0,46,27.2,40,692.9,711
3073,device_03,2025-11-12 20:06:01.348706,0,0,68,26.5,41,649.2,631
3074,device_04,2025-11-12 20:06:23.867186,0,0,7,26.2,46,740.3,727
3075,device_05,2025-11-12 20:06:25.217435,0,0,183,24.5,50.6,538.4,482
3076,device_02,2025-11-12 20:06:45.026326,0,0,1046,26.4,41,764.9,756
3077,device_01,2025-11-12 20:06:51.158709,0,0,46,27.5,40,692.8,710
3078,device_03,2025-11-12 20:07:00.95563,0,0,68,26.5,41,651,632
3079,device_04,2025-11-12 20:07:23.766236,0,0,7,26.2,46,743.7,733
3080,device_05,2025-11-12 20:07:25.046141,0,0,184,24.6,50.5,546.9,494
3081,device_02,2025-11-12 20:07:44.874931,0,0,1038,26.4,41,751,743
3082,device_01,2025-11-12 20:07:51.099538,0,0,47,27.5,40,692.2,709
3083,device_03,2025-11-12 20:08:01.364439,0,0,66,26.3,41,649,630
3084,device_04,2025-11-12 20:08:23.804231,0,0,8,26.2,46,745.6,734
3085,device_05,2025-11-12 20:08:25.047428,0,0,182,24.6,50.5,542,487
3086,device_02,2025-11-12 20:08:44.881371,0,0,1037,26.5,41,756.9,746
3087,device_01,2025-11-12 20:08:51.132277,0,0,45,27.3,40,693,712
3088,device_03,2025-11-12 20:09:00.766959,0,0,66,26.4,41,648.8,628
3089,device_04,2025-11-12 20:09:23.638977,0,0,7,26.2,46,743.9,733
3090,device_05,2025-11-12 20:09:24.984083,0,0,184,24.6,50.5,543.5,492
3091,device_02,2025-11-12 20:09:45.457789,0,0,1033,26.5,41,748.6,735
3092,device_01,2025-11-12 20:09:51.025671,0,0,45,27.3,40,694.2,714
3093,device_03,2025-11-12 20:10:00.714516,0,0,67,26.5,41,652.6,633
3094,device_04,2025-11-12 20:10:24.21383,0,0,8,26.2,46,746.7,737
3095,device_05,2025-11-12 20:10:24.978065,0,0,186,24.6,50.6,542.9,494
3096,device_02,2025-11-12 20:10:45.047244,0,0,1037,26.5,41,752,744
3097,device_01,2025-11-12 20:10:51.356667,0,0,46,27.7,40,695.6,714
3098,device_03,2025-11-12 20:11:00.722315,0,0,68,26.6,41,652.1,634
3099,device_04,2025-11-12 20:11:23.682802,0,0,7,26.2,46,745.8,735
3100,device_05,2025-11-12 20:11:25.004215,0,0,183,24.6,50.6,536.9,488
3101,device_02,2025-11-12 20:11:44.959611,0,0,1043,26.4,41,760.7,753
3102,device_01,2025-11-12 20:11:51.359164,0,0,46,27.7,40,695.7,714
3103,device_03,2025-11-12 20:12:00.793468,0,0,67,26.5,41,649.3,631
3104,device_04,2025-11-12 20:12:24.357703,0,0,8,26.2,46,745,737
3105,device_05,2025-11-12 20:12:25.199077,0,0,187,24.6,50.6,546.5,496
3106,device_02,2025-11-12 20:12:45.434743,0,0,1037,26.4,41,757.2,750
3107,device_01,2025-11-12 20:12:51.334833,0,0,45,27.5,40,696,714
3108,device_03,2025-11-12 20:13:00.853894,0,0,67,26.4,41,652.9,633
3109,device_04,2025-11-12 20:13:23.659829,0,0,8,26.2,46,749.3,740
3110,device_05,2025-11-12 20:13:24.962228,0,0,187,24.7,50.6,549.5,500
3111,device_02,2025-11-12 20:13:44.863721,0,0,1040,26.6,41,758.4,751
3112,device_01,2025-11-12 20:13:51.05644,0,0,46,27.6,40,696.8,715
3113,device_03,2025-11-12 20:14:00.794352,0,0,66,26.5,41,653.5,638
3114,device_04,2025-11-12 20:14:24.171758,0,0,8,26.2,46,748.8,739
3115,device_05,2025-11-12 20:14:25.271463,0,0,189,24.7,50.7,551.5,499
3116,device_02,2025-11-12 20:14:45.718084,0,0,1039,26.6,41,756.7,751
3117,device_01,2025-11-12 20:14:51.013988,0,0,47,27.2,40,695.8,715
3118,device_03,2025-11-12 20:15:00.80273,0,0,68,26.5,41,656.2,637
3119,device_04,2025-11-12 20:15:23.591774,0,0,8,26.2,46,749.5,740
3120,device_05,2025-11-12 20:15:25.196158,0,0,197,24.7,50.7,547.7,498
3121,device_02,2025-11-12 20:15:45.202852,0,0,1038,26.5,41,755.9,750
3122,device_01,2025-11-12 20:15:51.044147,0,0,47,27.3,40,696.8,716
3123,device_03,2025-11-12 20:16:00.761092,3,3,70,26.4,41,655.5,639
3124,device_04,2025-11-12 20:16:23.838918,0,0,8,26.2,46,749.4,740
3125,device_05,2025-11-12 20:16:25.003941,0,0,195,24.7,50.8,550.4,502
3126,device_02,2025-11-12 20:16:44.910825,0,0,1039,26.5,41,765.8,757
3127,device_01,2025-11-12 20:16:51.658532,0,0,46,27.4,40,697,718
3128,device_03,2025-11-12 20:17:00.771688,0,0,70,26.5,41,656.5,638
3129,device_04,2025-11-12 20:17:23.613629,0,0,9,26.2,46,750.3,741
3130,device_05,2025-11-12 20:17:24.983343,0,0,192,24.7,50.8,543.7,491
3131,device_02,2025-11-12 20:17:44.870186,0,0,1042,26.4,41,765.3,759
3132,device_01,2025-11-12 20:17:51.081855,0,0,47,27.4,40,697.7,718
3133,device_03,2025-11-12 20:18:00.718351,0,0,69,26.5,41,656.2,638
3134,device_04,2025-11-12 20:18:23.964986,0,0,8,26.2,46,751.8,743
3135,device_05,2025-11-12 20:18:25.15607,0,0,190,24.7,50.9,542.8,492
3136,device_02,2025-11-12 20:18:45.403118,0,0,1036,26.5,41,759.5,748
3137,device_01,2025-11-12 20:18:51.075072,0,0,47,27.6,40,698.4,718
3138,device_03,2025-11-12 20:19:00.861398,0,0,69,26.4,41,657.2,637
3139,device_04,2025-11-12 20:19:23.766363,0,0,8,26.2,46,751.3,739
3140,device_05,2025-11-12 20:19:24.993122,0,0,193,24.8,50.8,557.9,511
3141,device_02,2025-11-12 20:19:44.830237,0,0,1042,26.5,41,761.1,756
3142,device_01,2025-11-12 20:19:51.029699,0,0,45,27.4,40,696.6,716
3143,device_03,2025-11-12 20:20:00.872966,0,0,69,26.6,41,656.7,640
3144,device_04,2025-11-12 20:20:24.515792,0,0,8,26.2,46,750.8,743
3145,device_05,2025-11-12 20:20:25.241171,0,0,192,24.8,50.8,547.2,496
3146,device_02,2025-11-12 20:20:45.950782,0,0,1041,26.5,41,763.1,755
3147,device_01,2025-11-12 20:20:50.994421,0,0,46,27.5,40,697.7,717
3148,device_03,2025-11-12 20:21:00.773147,0,0,70,26.4,41,655.5,639
3149,device_04,2025-11-12 20:21:23.64436,0,0,9,26.2,46,749.5,743
3150,device_05,2025-11-12 20:21:25.189629,0,0,195,24.8,50.8,553.5,507
3151,device_02,2025-11-12 20:21:44.923789,0,0,1037,26.4,41,762,753
3152,device_01,2025-11-12 20:21:51.041954,5,5,47,27.4,40,698.5,717
3153,device_03,2025-11-12 20:22:00.747531,4,4,69,26.4,41,656.6,640
3154,device_04,2025-11-12 20:22:23.855126,0,0,8,26.3,46,752.5,742
3155,device_05,2025-11-12 20:22:24.986059,0,0,195,24.8,50.9,550.1,501
3156,device_02,2025-11-12 20:22:44.862843,0,0,1038,26.6,41,764.6,757
3157,device_01,2025-11-12 20:22:51.644285,5,5,47,27.6,40,698.5,718
3158,device_03,2025-11-12 20:23:00.910832,0,0,70,26.4,41,655.8,639
3159,device_04,2025-11-12 20:23:23.837696,0,0,8,26.5,46,750.8,742
3160,device_05,2025-11-12 20:23:25.494996,0,0,194,24.8,51,545.1,492
3161,device_02,2025-11-12 20:23:44.82579,0,0,1039,26.6,41,762.1,753
3162,device_03,2025-11-12 20:24:00.841762,0,0,70,26.4,41,654,635
3163,device_04,2025-11-12 20:24:23.85566,2,2,8,26.7,46,750.4,743
3164,device_05,2025-11-12 20:24:25.022628,0,0,194,24.8,51,545.6,490
3165,device_02,2025-11-12 20:24:45.423694,0,0,1041,26.5,41,763,756
3166,device_04,2025-11-12 20:25:23.597731,2,2,9,26.7,46,750.3,741
3167,device_05,2025-11-12 20:25:25.260356,0,0,196,24.8,51,551.3,503
3168,device_05,2025-11-12 20:26:25.628276,0,0,196,24.8,51,552.7,504
3169,device_01,2025-11-12 20:28:51.525087,0,0,41,27.6,40,706.2,730
3170,device_01,2025-11-12 20:29:51.284532,0,0,46,27.5,40,701.8,722
3171,device_03,2025-11-12 20:30:00.910792,0,0,62,26.5,42,657.3,643
3172,device_02,2025-11-12 20:30:45.310317,0,0,1049,26.4,42,782.7,782
3173,device_01,2025-11-12 20:30:51.686291,0,0,46,27.3,40,701.3,723
3174,device_03,2025-11-12 20:31:01.095698,0,0,67,26.5,42,658.2,638
3175,device_04,2025-11-12 20:31:23.651046,0,0,5,26.7,47,754.4,747
3176,device_02,2025-11-12 20:31:45.364235,0,0,1040,26.5,42,764,757
3177,device_01,2025-11-12 20:31:51.349865,0,0,46,27.7,40,702.6,722
3178,device_03,2025-11-12 20:32:00.815742,0,0,67,26.4,42,654.1,638
3179,device_04,2025-11-12 20:32:23.621145,0,0,9,26.7,47,754.4,745
3180,device_05,2025-11-12 20:32:25.020182,0,0,186,24.8,51.3,551.9,504
3181,device_02,2025-11-12 20:32:45.084592,0,0,1039,26.5,42,766,758
3182,device_01,2025-11-12 20:32:51.036286,0,0,46,27.5,40,700.9,721
3183,device_03,2025-11-12 20:33:00.896433,0,0,69,26.5,42,657.7,643
3184,device_04,2025-11-12 20:33:23.654906,0,0,9,26.7,47,753.4,745
3185,device_05,2025-11-12 20:33:25.264006,0,0,194,24.9,51.3,553.3,506
3186,device_02,2025-11-12 20:33:44.846094,0,0,1042,26.5,42,766.3,762
3187,device_01,2025-11-12 20:33:51.204654,0,0,46,27.8,40,702.1,723
3188,device_03,2025-11-12 20:34:00.883308,0,0,69,26.5,42,660.4,642
3189,device_04,2025-11-12 20:34:23.722246,0,0,9,26.7,47,755.5,745
3190,device_05,2025-11-12 20:34:24.98051,0,0,195,24.9,51.3,555.2,504
3191,device_02,2025-11-12 20:34:45.094342,0,0,1040,26.4,42,763.4,756
3192,device_01,2025-11-12 20:34:51.118444,0,0,46,28.3,40,701.7,722
3193,device_03,2025-11-12 20:35:01.487865,0,0,69,26.6,42,660,642
3194,device_04,2025-11-12 20:35:23.628112,0,0,9,26.7,47,753.9,745
3195,device_05,2025-11-12 20:35:25.13925,0,0,196,24.9,51.4,555.2,509
3196,device_02,2025-11-12 20:35:44.848954,0,0,1036,26.4,42,765.3,755
3197,device_01,2025-11-12 20:35:51.004746,0,0,46,28.2,40,698.8,720
3198,device_03,2025-11-12 20:36:01.261349,0,0,71,26.4,42,659,642
3199,device_04,2025-11-12 20:36:24.031565,0,0,9,26.7,47,754,747
3200,device_05,2025-11-12 20:36:25.531998,0,0,196,24.9,51.4,554.2,500
3201,device_02,2025-11-12 20:36:45.482013,0,0,1048,26.4,42,777.2,772
3202,device_01,2025-11-12 20:36:51.088089,0,0,47,28.5,40,701.4,723
3203,device_03,2025-11-12 20:37:00.749695,0,0,71,26.5,42,660.6,643
3204,device_04,2025-11-12 20:37:23.706856,0,0,9,26.7,47,754.3,747
3205,device_05,2025-11-12 20:37:25.391368,0,0,196,24.9,51.4,555.4,503
3206,device_02,2025-11-12 20:37:44.949986,0,0,1037,26.6,42,766.7,760
3207,device_01,2025-11-12 20:37:51.021606,0,0,47,28.4,40,701.8,724
3208,device_03,2025-11-12 20:38:02.006839,0,0,70,26.4,42,657.8,638
3209,device_04,2025-11-12 20:38:23.709316,0,0,10,26.7,47,754.5,745
3210,device_05,2025-11-12 20:38:25.326813,0,0,195,24.9,51.5,543.1,494
3211,device_02,2025-11-12 20:38:45.449636,0,0,1042,26.7,42,769.5,765
3212,device_01,2025-11-12 20:38:51.051952,5,5,46,28.4,40,702.6,725
3213,device_03,2025-11-12 20:39:01.151476,0,0,71,26.3,42,659.5,645
3214,device_04,2025-11-12 20:39:23.759052,0,0,9,26.7,47,752.8,746
3215,device_05,2025-11-12 20:39:24.986985,0,0,196,24.9,51.5,551.6,498
3216,device_02,2025-11-12 20:39:44.841506,0,0,1036,26.6,42,769,759
3217,device_01,2025-11-12 20:39:51.28971,0,0,47,28.4,40,703.3,724
3218,device_03,2025-11-12 20:40:00.911892,0,0,71,26.5,42,660.5,644
3219,device_04,2025-11-12 20:40:23.67694,0,0,8,26.7,47,754.3,747
3220,device_05,2025-11-12 20:40:25.104208,0,0,198,24.9,51.6,555.5,508
3221,device_02,2025-11-12 20:40:45.057345,0,0,1040,26.5,42,763,756
3222,device_01,2025-11-12 20:40:51.080225,0,0,47,28.3,40,704.1,725
3223,device_03,2025-11-12 20:41:00.715842,0,0,69,26.5,42,659.3,642
3224,device_04,2025-11-12 20:41:23.644449,3,3,9,26.7,47,755.6,747
3225,device_05,2025-11-12 20:41:25.137235,0,0,198,24.9,51.6,557.6,509
3226,device_02,2025-11-12 20:41:45.13395,0,0,1041,26.4,42,765.3,759
3227,device_01,2025-11-12 20:41:51.574774,0,0,47,28.4,40,703.7,725
3228,device_03,2025-11-12 20:42:01.022731,0,0,70,26.4,42,658.2,641
3229,device_04,2025-11-12 20:42:23.694163,0,0,9,26.7,47,756,750
3230,device_05,2025-11-12 20:42:25.002698,0,0,198,24.9,51.6,564.3,520
3231,device_02,2025-11-12 20:42:45.078872,0,0,1039,26.6,42,769.4,761
3232,device_01,2025-11-12 20:42:51.162844,0,0,47,28.5,40,704.3,725
3233,device_03,2025-11-12 20:43:01.370205,2,2,70,26.4,42,660.1,641
3234,device_04,2025-11-12 20:43:23.620563,0,0,9,26.7,47,756.3,749
3235,device_05,2025-11-12 20:43:25.212993,0,0,198,24.9,51.6,552.5,504
3236,device_02,2025-11-12 20:43:45.056339,0,0,1039,26.4,42,769,765
3237,device_01,2025-11-12 20:43:51.546874,0,0,47,28.5,40,704.8,725
3238,device_03,2025-11-12 20:44:00.745283,2,3,70,26.3,42,658.8,642
3239,device_04,2025-11-12 20:44:23.84289,0,0,9,26.7,47,758.3,750
3240,device_05,2025-11-12 20:44:25.15315,0,0,198,25,51.7,553.6,503
3241,device_02,2025-11-12 20:44:44.943641,0,0,1038,26.6,42,767.4,762
3242,device_01,2025-11-12 20:44:51.230409,0,0,47,28.4,40,704,725
3243,device_03,2025-11-12 20:45:00.930775,0,0,69,26.4,42,659,641
3244,device_04,2025-11-12 20:45:23.662873,0,0,9,26.7,47,757.5,751
3245,device_05,2025-11-12 20:45:25.055691,0,0,199,25,51.7,560.8,515
3246,device_02,2025-11-12 20:45:45.37854,0,0,1038,26.6,42,768.7,763
3247,device_01,2025-11-12 20:45:51.070397,0,0,47,28.5,40,704.6,725
3248,device_03,2025-11-12 20:46:00.994901,0,0,70,26.5,42,657.9,643
3249,device_04,2025-11-12 20:46:23.665826,0,0,9,26.7,47,757.3,750
3250,device_05,2025-11-12 20:46:25.004625,0,0,200,25,51.8,561.9,514
3251,device_02,2025-11-12 20:46:45.440658,0,0,1040,26.8,42,770.1,764
3252,device_01,2025-11-12 20:46:51.105312,0,0,47,28.5,40,704.4,726
3253,device_03,2025-11-12 20:47:00.831062,0,0,69,26.4,42,659.7,643
3254,device_04,2025-11-12 20:47:23.628988,0,0,10,26.7,47,759.2,752
3255,device_05,2025-11-12 20:47:25.066925,3,3,198,25,51.8,557.1,509
3256,device_02,2025-11-12 20:47:45.067795,0,0,1039,27.6,42,774.3,768
3257,device_01,2025-11-12 20:47:51.145658,0,0,47,28.6,40,704.1,727
3258,device_03,2025-11-12 20:48:00.75373,0,0,70,26.5,42,656.8,639
3259,device_04,2025-11-12 20:48:23.612152,0,0,9,26.7,47,758.3,751
3260,device_05,2025-11-12 20:48:25.211823,0,0,199,25,51.9,564.1,514
3261,device_02,2025-11-12 20:48:45.438332,0,0,1040,27.5,42,769.6,767
3262,device_01,2025-11-12 20:48:51.007655,0,0,46,28.4,40,705,726
3263,device_03,2025-11-12 20:49:00.784016,0,0,70,26.3,42,658.6,644
3264,device_04,2025-11-12 20:49:23.664415,0,0,10,26.7,47,759.6,750
3265,device_05,2025-11-12 20:49:25.008841,0,0,198,25,51.9,558.9,507
3266,device_02,2025-11-12 20:49:44.843769,0,0,1045,27.4,42,779.7,777
3267,device_01,2025-11-12 20:49:51.23083,0,0,48,28.5,40,705.1,727
3268,device_03,2025-11-12 20:50:00.883014,0,0,70,26.3,42,660.2,643
3269,device_04,2025-11-12 20:50:23.790656,0,0,8,26.7,47,758.9,752
3270,device_05,2025-11-12 20:50:25.406818,0,0,198,25,52,555.5,509
3271,device_02,2025-11-12 20:50:45.43399,0,0,1040,27.5,42,773.1,769
3272,device_01,2025-11-12 20:50:51.259367,0,0,46,28.5,40,706.1,728
3273,device_03,2025-11-12 20:51:01.366775,0,0,71,26.5,42,660.7,646
3274,device_04,2025-11-12 20:51:23.706277,0,0,9,26.7,47,756.8,751
3275,device_05,2025-11-12 20:51:25.017525,0,0,199,25,52,561.7,512
3276,device_02,2025-11-12 20:51:44.842964,0,0,1044,27.6,42,777.9,774
3277,device_01,2025-11-12 20:51:51.18208,0,0,47,28.4,40,705.8,728
3278,device_03,2025-11-12 20:52:01.074434,0,0,69,26.4,42,659.7,646
3279,device_04,2025-11-12 20:52:23.645608,0,0,9,26.7,47,759.2,751
3280,device_05,2025-11-12 20:52:25.048618,0,0,199,25,52,557.8,506
3281,device_02,2025-11-12 20:52:45.523771,0,0,1040,27.5,42,770.2,766
3282,device_01,2025-11-12 20:52:51.113442,0,0,47,28.5,40,705.6,728
3283,device_03,2025-11-12 20:53:01.14612,0,0,70,26.6,42,661.2,645
3284,device_04,2025-11-12 20:53:23.700263,0,0,8,26.7,47,758.3,750
3285,device_05,2025-11-12 20:53:25.185519,3,3,201,25,52.1,561.2,516
3286,device_02,2025-11-12 20:53:45.213025,0,0,1038,27.6,42,775.2,768
3287,device_01,2025-11-12 20:53:51.047866,0,0,47,28.4,40,705.9,728
3288,device_03,2025-11-12 20:54:00.817896,3,3,70,26.4,42,662.1,644
3289,device_04,2025-11-12 20:54:23.633056,0,0,9,26.7,47,759.8,753
3290,device_05,2025-11-12 20:54:25.459867,0,0,201,25,52.2,559.4,511
3291,device_02,2025-11-12 20:54:45.506943,0,0,1037,27.4,42,772.6,763
3292,device_01,2025-11-12 20:54:51.129641,0,0,48,28.4,40,706.8,729
3293,device_03,2025-11-12 20:55:00.729941,3,3,71,26.6,42,663.3,647
3294,device_04,2025-11-12 20:55:23.629135,0,0,9,26.7,47.9,758.9,751
3295,device_05,2025-11-12 20:55:25.681712,0,0,200,25,52.2,561.9,513
3296,device_02,2025-11-12 20:55:45.052679,0,0,1040,27.5,42,773.3,767
3297,device_01,2025-11-12 20:55:51.107001,0,0,47,28.4,40,706,729
3298,device_03,2025-11-12 20:56:01.542501,0,0,69,26.3,42,659.7,642
3299,device_04,2025-11-12 20:56:23.633206,0,0,9,26.7,48,760.2,754
3300,device_05,2025-11-12 20:56:25.046323,0,0,199,25,52.3,561.4,515
3301,device_02,2025-11-12 20:56:45.450395,0,0,1045,27.5,42,777.3,776
3302,device_01,2025-11-12 20:56:51.052392,0,0,47,28.4,40,707.1,729
3303,device_03,2025-11-12 20:57:00.772567,0,0,70,26.5,42,662.9,645
3304,device_04,2025-11-12 20:57:23.741896,0,0,9,26.7,48,759.2,754
3305,device_05,2025-11-12 20:57:25.186407,0,0,202,25,52.3,563.2,517
3306,device_02,2025-11-12 20:57:44.84809,0,0,1041,27.3,42,776.9,773
3307,device_01,2025-11-12 20:57:51.02797,0,0,48,28.5,40,706.4,729
3308,device_03,2025-11-12 20:58:00.930666,0,0,69,26.3,42,663,647
3309,device_04,2025-11-12 20:58:23.642286,0,0,9,26.7,48,760.2,752
3310,device_05,2025-11-12 20:58:25.11922,3,3,200,25,52.4,554.2,509
3311,device_02,2025-11-12 20:58:45.487403,0,0,1042,27.5,42,776.2,773
3312,device_01,2025-11-12 20:58:51.268973,0,0,47,28.4,40,706.9,729
3313,device_03,2025-11-12 20:59:00.815903,0,0,69,26.6,42.5,663.5,646
3314,device_04,2025-11-12 20:59:23.628397,0,0,9,26.7,48,759,753
3315,device_05,2025-11-12 20:59:25.054601,4,4,201,25,52.4,565.9,519
3316,device_02,2025-11-12 20:59:45.067123,0,0,1038,27.6,42.7,773.2,769
3317,device_01,2025-11-12 20:59:51.703082,0,0,47,28.4,40,707.4,729
3318,device_03,2025-11-12 21:00:01.059306,0,0,70,26.4,43,662.6,647
3319,device_04,2025-11-12 21:00:23.655634,0,0,9,26.7,48,760.2,753
3320,device_05,2025-11-12 21:00:25.313296,0,0,201,25,52.4,559.2,513
3321,device_02,2025-11-12 21:00:45.006425,0,0,1041,27.4,43,775.3,769
3322,device_01,2025-11-12 21:00:51.256428,0,0,47,28.5,40,706.5,729
3323,device_03,2025-11-12 21:01:00.781485,0,0,70,26.5,43,660,644
3324,device_04,2025-11-12 21:01:23.800662,0,0,9,26.7,48,758.4,750
3325,device_05,2025-11-12 21:01:25.352649,0,0,202,25,52.5,558.8,515
3326,device_02,2025-11-12 21:01:45.126671,0,0,1041,27.4,43,777.6,774
3327,device_01,2025-11-12 21:01:51.044484,0,0,47,28.4,40,705.8,727
3328,device_03,2025-11-12 21:02:00.91041,0,0,71,26.5,43,660.7,642
3329,device_04,2025-11-12 21:02:23.75575,0,0,9,26.7,48,759.4,751
3330,device_05,2025-11-12 21:02:24.995612,0,0,201,25,52.5,565.1,516
3331,device_02,2025-11-12 21:02:45.525525,0,0,1045,27.3,43,778.1,778
3332,device_01,2025-11-12 21:02:51.031722,0,0,47,28.5,40,706.5,726
3333,device_03,2025-11-12 21:03:00.751584,0,0,70,26.4,43,662.2,648
3334,device_04,2025-11-12 21:03:23.721075,0,0,9,26.7,48,761,749
3335,device_05,2025-11-12 21:03:24.983888,0,0,201,25,52.6,569.2,522
3336,device_02,2025-11-12 21:03:44.866324,0,0,1040,27.6,43,776.3,770
3337,device_01,2025-11-12 21:03:51.204111,0,0,48,28.5,40.8,706.5,729
3338,device_03,2025-11-12 21:04:00.894025,0,0,69,26.4,43,663.7,647
3339,device_04,2025-11-12 21:04:23.676838,0,0,8,26.7,48,759.2,752
3340,device_05,2025-11-12 21:04:25.256409,0,0,201,25,52.6,564.3,519
3341,device_02,2025-11-12 21:04:45.502668,0,0,1045,27.5,43,785.8,784
3342,device_01,2025-11-12 21:04:51.036246,0,0,47,28.4,41,705.4,729
3343,device_03,2025-11-12 21:05:00.798888,2,2,71,26.5,43,664.5,646
3344,device_04,2025-11-12 21:05:23.699278,0,0,9,26.7,48,757.9,751
3345,device_05,2025-11-12 21:05:25.012833,0,0,201,25,52.6,557.7,511
3346,device_02,2025-11-12 21:05:45.263285,0,0,1046,27.5,43,782.2,781
3347,device_01,2025-11-12 21:05:51.031282,0,0,48,28.4,41,708.2,731
3348,device_03,2025-11-12 21:06:00.981219,0,0,69,26.6,43,660.7,646
3349,device_04,2025-11-12 21:06:23.952741,0,0,9,26.7,48,759,751
3350,device_05,2025-11-12 21:06:25.061412,0,0,201,25.1,52.7,563.1,517
3351,device_02,2025-11-12 21:06:45.517598,0,0,1038,27.4,43,773,767
3352,device_01,2025-11-12 21:06:50.983618,0,0,48,28.4,41,709,731
3353,device_03,2025-11-12 21:07:00.79994,0,0,70,26.5,43,665.2,650
3354,device_04,2025-11-12 21:07:23.878024,0,0,10,26.7,48,758.6,750
3355,device_05,2025-11-12 21:07:25.145939,0,0,200,25,52.7,562.8,513
3356,device_02,2025-11-12 21:07:45.396278,0,0,1040,27.4,43,779.4,775
3357,device_01,2025-11-12 21:07:51.194538,0,0,47,28.4,41,708.3,731
3358,device_03,2025-11-12 21:08:01.014568,0,0,71,26.5,43,662.4,646
3359,device_04,2025-11-12 21:08:23.654935,0,0,9,26.7,48,759.3,753
3360,device_05,2025-11-12 21:08:24.999255,0,0,202,25.1,52.7,565.7,518
3361,device_02,2025-11-12 21:08:44.871699,0,0,1041,27.4,43,772,771
3362,device_01,2025-11-12 21:08:51.720661,0,0,47,28.4,41,708.6,729
3363,device_03,2025-11-12 21:09:00.909772,0,0,69,26.3,43,660.5,643
3364,device_04,2025-11-12 21:09:23.707699,0,0,9,26.7,48,760.9,752
3365,device_05,2025-11-12 21:09:25.018712,0,0,202,25.1,52.8,563.9,521
3366,device_02,2025-11-12 21:09:45.012189,0,0,1037,27.4,43,772.4,768
3367,device_01,2025-11-12 21:09:50.974032,0,0,47,28.5,41,707.5,731
3368,device_03,2025-11-12 21:10:00.903018,0,0,70,26.5,43,661.7,645
3369,device_04,2025-11-12 21:10:23.768468,0,0,8,26.7,48,760.7,756
3370,device_05,2025-11-12 21:10:25.187629,0,0,202,25.1,52.8,563.3,513
3371,device_02,2025-11-12 21:10:45.454231,0,0,1042,27.5,43,780.7,773
3372,device_01,2025-11-12 21:10:51.109104,0,0,47,28.6,41,708.7,731
3373,device_03,2025-11-12 21:11:00.834728,0,0,69,26.4,43,661.4,642
3374,device_04,2025-11-12 21:11:23.693498,0,0,9,26.7,48,759,750
3375,device_05,2025-11-12 21:11:24.980791,0,0,201,25.1,52.8,553.6,502
3376,device_02,2025-11-12 21:11:44.851987,0,0,1041,27.4,43,773.9,771
3377,device_01,2025-11-12 21:11:51.528109,0,0,48,28.6,41,707.9,731
3378,device_03,2025-11-12 21:12:00.893242,0,0,70,26.2,43,662.8,649
3379,device_04,2025-11-12 21:12:23.679068,0,0,9,26.7,48,759.1,750
3380,device_05,2025-11-12 21:12:24.971524,0,0,201,25.1,52.9,556.7,509
3381,device_02,2025-11-12 21:12:45.434848,0,0,1042,27.4,43,779.9,775
3382,device_01,2025-11-12 21:12:50.972766,0,0,46,28.4,41,707.9,732
3383,device_03,2025-11-12 21:13:00.742562,0,0,69,26.5,43,656.1,638
3384,device_04,2025-11-12 21:13:23.719735,0,0,9,26.7,48,757.5,750
3385,device_05,2025-11-12 21:13:25.000664,0,0,202,25.1,52.9,560.3,513
3386,device_02,2025-11-12 21:13:45.555746,0,0,1043,27.4,43,784.5,780
3387,device_01,2025-11-12 21:13:51.195402,0,0,48,28.6,41,708.6,731
3388,device_03,2025-11-12 21:14:00.759939,0,0,69,26.3,43,665,648
3389,device_04,2025-11-12 21:14:23.730545,0,0,9,26.7,48,756.8,748
3390,device_05,2025-11-12 21:14:24.994729,0,0,203,25.1,52.9,550.7,505
3391,device_02,2025-11-12 21:14:44.951708,0,0,1038,27.5,43,776.3,770
3392,device_01,2025-11-12 21:14:51.78393,0,0,47,28.4,41,706.6,730
3393,device_03,2025-11-12 21:15:00.863649,0,0,69,26.3,43,657.4,639
3394,device_04,2025-11-12 21:15:23.807132,0,0,9,26.7,48,752.2,743
3395,device_05,2025-11-12 21:15:25.014711,0,0,202,25.1,53,548.2,499
3396,device_02,2025-11-12 21:15:45.690842,0,0,1039,27.5,43,774.3,766
3397,device_01,2025-11-12 21:15:51.016658,0,0,49,28.4,41,708.3,730
3398,device_03,2025-11-12 21:16:00.850001,0,0,69,26.4,43,657.1,638
3399,device_04,2025-11-12 21:16:23.693857,0,0,10,26.7,48,756,749
3400,device_05,2025-11-12 21:16:25.003475,0,0,202,25.1,53,557.9,508
3401,device_02,2025-11-12 21:16:45.024019,0,0,1043,27.5,43,779,776
3402,device_01,2025-11-12 21:16:51.030604,0,0,47,28.4,41,707.6,730
3403,device_03,2025-11-12 21:17:01.012946,0,0,70,26.6,43,661.3,643
3404,device_04,2025-11-12 21:17:23.812036,0,0,10,26.7,48,756.7,751
3405,device_05,2025-11-12 21:17:25.236104,0,0,203,25.1,53.1,556.6,509
3406,device_02,2025-11-12 21:17:44.858406,0,0,1041,27.5,43,778.6,773
3407,device_01,2025-11-12 21:17:51.007041,0,0,48,28.3,41,707,730
3408,device_03,2025-11-12 21:18:00.903147,0,0,71,26.4,43,659.5,643
3409,device_04,2025-11-12 21:18:23.69154,0,0,10,26.7,48,755.9,751
3410,device_05,2025-11-12 21:18:25.000957,0,0,205,25.1,53.1,563.5,515
3411,device_02,2025-11-12 21:18:45.534994,0,0,1040,27.6,44,772.7,768
3412,device_01,2025-11-12 21:18:51.055747,0,0,47,28.5,41,708.3,731
3413,device_03,2025-11-12 21:19:01.349998,0,0,68,26.2,43,654.7,637
3414,device_04,2025-11-12 21:19:23.720552,0,0,10,26.7,48,754.7,748
3415,device_05,2025-11-12 21:19:25.036521,0,0,202,25.1,53.2,551.4,501
3416,device_02,2025-11-12 21:19:44.887621,0,0,1046,27.4,44,776.6,776
3417,device_01,2025-11-12 21:19:51.014416,0,0,48,28.5,41,708.1,731
3418,device_03,2025-11-12 21:20:00.765285,0,0,71,26.5,43,660.8,644
3419,device_04,2025-11-12 21:20:23.778415,0,0,10,26.7,48,755.5,747
3420,device_05,2025-11-12 21:20:25.007172,0,0,201,25.1,53.2,544.2,491
3421,device_02,2025-11-12 21:20:45.498686,0,0,1045,27.3,44,782.5,778
3422,device_01,2025-11-12 21:20:51.083232,0,0,48,28.5,41,708.2,731
3423,device_03,2025-11-12 21:21:00.768583,0,0,69,26.4,43,655.6,634
3424,device_04,2025-11-12 21:21:23.860835,0,0,9,26.7,48,755.5,749
3425,device_05,2025-11-12 21:21:25.523605,4,4,204,25.1,53.3,551.3,499
3426,device_02,2025-11-12 21:21:44.877428,0,0,1041,27.5,44,775.2,766
3427,device_01,2025-11-12 21:21:51.043193,0,0,48,28.5,41,708.6,731
3428,device_03,2025-11-12 21:22:00.780658,0,0,71,26.4,43,654.2,635
3429,device_04,2025-11-12 21:22:23.670223,0,0,10,26.7,48,754.7,747
3430,device_05,2025-11-12 21:22:24.97963,0,0,204,25.1,53.3,552.6,503
3431,device_02,2025-11-12 21:22:44.988031,0,0,1043,27.4,44,777.2,771
3432,device_01,2025-11-12 21:22:51.593212,5,5,48,28.4,41,709.3,730
3433,device_03,2025-11-12 21:23:00.74662,0,0,69,26.5,43,654.6,635
3434,device_04,2025-11-12 21:23:23.787519,0,0,10,26.7,48,755.8,747
3435,device_05,2025-11-12 21:23:25.060694,0,0,205,25.1,53.3,553.8,508
3436,device_02,2025-11-12 21:23:45.126078,0,0,1043,27.4,44,773.1,770
3437,device_03,2025-11-12 21:24:01.450057,0,0,71,26.5,43,656.9,640
3438,device_04,2025-11-12 21:24:23.802538,0,0,10,26.7,48,753.2,746
3439,device_05,2025-11-12 21:24:25.568668,0,0,204,25.1,53.4,551.4,502
3440,device_02,2025-11-12 21:24:45.509663,0,0,1041,27.5,44,781.1,772
3441,device_04,2025-11-12 21:25:23.717938,2,2,9,26.7,48,754.3,746
3442,device_05,2025-11-12 21:25:25.044912,0,0,208,25.1,53.2,557.6,505
3443,device_05,2025-11-12 21:26:25.387392,0,0,208,25.1,53.1,556.2,502
3444,device_01,2025-11-12 21:28:51.247263,0,0,42,28.5,41,715.1,740
3445,device_01,2025-11-12 21:29:51.175662,0,0,48,28.4,41,710.4,732
3446,device_03,2025-11-12 21:30:00.989272,0,0,63,26.5,43,659.8,643
3447,device_02,2025-11-12 21:30:44.956041,0,0,1049,27.6,44,796.3,795
3448,device_01,2025-11-12 21:30:51.157033,0,0,48,28.4,41,708.4,733
3449,device_03,2025-11-12 21:31:00.833226,0,0,67,26.3,43,660.8,645
3450,device_04,2025-11-12 21:31:23.956749,0,0,7,26.7,48,760,751
3451,device_02,2025-11-12 21:31:44.895902,0,0,1043,27.5,44,776.8,772
3452,device_01,2025-11-12 21:31:51.011741,0,0,48,28.3,41,710.4,732
3453,device_03,2025-11-12 21:32:01.589686,0,0,67,26.4,43.6,658.4,643
3454,device_04,2025-11-12 21:32:23.738874,0,0,9,26.7,48.7,757.7,751
3455,device_05,2025-11-12 21:32:24.996346,0,0,195,25.1,53.5,560.9,512
3456,device_02,2025-11-12 21:32:45.519233,0,0,1042,27.6,44,777.3,775
3457,device_01,2025-11-12 21:32:51.006114,0,0,48,28.5,41,709.9,735
3458,device_03,2025-11-12 21:33:01.054746,0,0,70,26.4,44,659,642
3459,device_04,2025-11-12 21:33:24.116154,0,0,10,26.7,49,758.3,751
3460,device_05,2025-11-12 21:33:25.228159,0,0,203,25.1,53.6,561.7,511
3461,device_02,2025-11-12 21:33:45.022246,0,0,1040,27.5,44,779.1,772
3462,device_01,2025-11-12 21:33:50.950618,4,4,48,28.5,41,710.3,733
3463,device_03,2025-11-12 21:34:00.918278,0,0,70,26.6,44,657.7,641
3464,device_04,2025-11-12 21:34:23.69475,0,0,10,26.7,49,758.2,750
3465,device_05,2025-11-12 21:34:25.063802,0,0,207,25.1,53.6,560.5,511
3466,device_02,2025-11-12 21:34:44.898576,0,0,1041,27.6,44,778,771
3467,device_01,2025-11-12 21:34:50.985481,0,0,48,28.3,41,709.9,732
3468,device_03,2025-11-12 21:35:00.762795,0,0,71,26.5,44,661.7,648
3469,device_04,2025-11-12 21:35:23.694901,0,0,11,26.7,49,756.3,750
3470,device_05,2025-11-12 21:35:25.34765,0,0,208,25.1,53.8,556.9,511
3471,device_02,2025-11-12 21:35:45.033274,0,0,1039,27.5,44,772.3,765
3472,device_01,2025-11-12 21:35:51.601953,0,0,48,28.5,41,710.2,733
3473,device_03,2025-11-12 21:36:00.798646,0,0,70,26.5,44,663.7,650
3474,device_04,2025-11-12 21:36:23.691451,5,5,10,26.7,49,757.7,750
3475,device_05,2025-11-12 21:36:25.031223,0,0,205,25.1,53.8,554.4,502
3476,device_02,2025-11-12 21:36:44.884726,0,0,1042,27.6,44,777.5,771
3477,device_01,2025-11-12 21:36:51.074424,0,0,48,28.4,41,710,732
3478,device_03,2025-11-12 21:37:00.897699,0,0,71,26.3,44,660.7,647
3479,device_04,2025-11-12 21:37:23.909571,0,0,10,26.7,49,758.1,749
3480,device_05,2025-11-12 21:37:25.036961,0,0,208,25.1,53.9,556.9,505
3481,device_02,2025-11-12 21:37:45.445162,0,0,1045,27.6,44,779.5,776
3482,device_01,2025-11-12 21:37:51.017545,0,0,48,28.4,41,710.1,734
3483,device_03,2025-11-12 21:38:00.789898,0,0,71,26.5,44,664.5,649
3484,device_04,2025-11-12 21:38:23.720551,0,0,11,26.7,49,755.5,748
3485,device_05,2025-11-12 21:38:25.02265,0,0,207,25.1,53.9,551.8,499
3486,device_02,2025-11-12 21:38:45.107983,0,0,1048,27.4,44,780.7,779
3487,device_01,2025-11-12 21:38:50.954038,0,0,48,28.5,41,710.2,732
3488,device_03,2025-11-12 21:39:00.926057,0,0,72,26.5,44,663.2,649
3489,device_04,2025-11-12 21:39:24.30716,0,0,10,26.7,49,755.4,748
3490,device_05,2025-11-12 21:39:25.110182,0,0,209,25.1,54,548.4,503
3491,device_02,2025-11-12 21:39:45.662081,0,0,1046,27.4,44,778.2,775
3492,device_01,2025-11-12 21:39:50.965403,5,5,49,28.4,41.3,710.4,734
3493,device_03,2025-11-12 21:40:01.194589,0,0,71,26.5,44,664.4,648
3494,device_04,2025-11-12 21:40:23.670513,0,0,10,26.7,49,758.6,749
3495,device_05,2025-11-12 21:40:25.116704,0,0,211,25.1,54,561.2,515
3496,device_02,2025-11-12 21:40:44.847314,0,0,1045,27.4,44,776.8,775
3497,device_01,2025-11-12 21:40:50.988045,0,0,47,28.3,42,711.2,734
3498,device_03,2025-11-12 21:41:00.824757,0,0,72,26.4,44,664.5,648
3499,device_04,2025-11-12 21:41:23.804423,0,0,11,26.7,49,757.9,750
3500,device_05,2025-11-12 21:41:25.29703,0,0,210,25.1,54.1,557.2,514
3501,device_02,2025-11-12 21:41:45.555314,0,0,1046,27.4,44.2,776.2,775
3502,device_01,2025-11-12 21:41:51.505881,0,0,48,28.4,42,711.3,733
3503,device_03,2025-11-12 21:42:00.767193,0,0,73,26.4,44,663.4,649
3504,device_04,2025-11-12 21:42:23.700773,4,4,10,26.7,49,757.9,749
3505,device_05,2025-11-12 21:42:25.195013,0,0,211,25.1,54.2,561.9,518
3506,device_02,2025-11-12 21:42:44.861275,0,0,1042,27.4,45,780.5,776
3507,device_01,2025-11-12 21:42:50.985048,0,0,49,28.5,42,711.1,734
3508,device_03,2025-11-12 21:43:00.823497,0,0,72,26.4,44,662.4,647
3509,device_04,2025-11-12 21:43:23.775838,0,0,10,26.7,49,758,751
3510,device_05,2025-11-12 21:43:25.987233,0,0,212,25.1,54.3,562,516
3511,device_02,2025-11-12 21:43:45.094207,0,0,1045,27.5,45,783.4,780
3512,device_01,2025-11-12 21:43:51.068175,0,0,48,28.5,42,710.9,732
3513,device_03,2025-11-12 21:44:00.776757,0,0,72,26.5,44,663.6,649
3514,device_04,2025-11-12 21:44:23.692553,0,0,10,26.7,49,757.2,751
3515,device_05,2025-11-12 21:44:25.058901,0,0,210,25.1,54.5,553.6,501
3516,device_02,2025-11-12 21:44:44.885091,0,0,1040,27.5,45,778.4,773
3517,device_01,2025-11-12 21:44:51.021505,0,0,48,28.4,42,710.9,733
3518,device_03,2025-11-12 21:45:00.827237,0,0,72,26.4,44,664.1,649
3519,device_04,2025-11-12 21:45:23.740117,0,0,11,26.7,49,759.2,748
3520,device_05,2025-11-12 21:45:25.446158,0,0,213,25.1,54.6,558,510
3521,device_02,2025-11-12 21:45:44.977691,0,0,1045,27.5,45,781.1,779
3522,device_01,2025-11-12 21:45:51.534302,0,0,49,28.5,42,713,736
3523,device_03,2025-11-12 21:46:03.486711,0,0,71,26.6,44,665.6,649
3524,device_04,2025-11-12 21:46:23.789697,0,0,10,26.7,49,760,753
3525,device_05,2025-11-12 21:46:25.228054,0,0,213,25.1,54.7,567,521
3526,device_02,2025-11-12 21:46:45.207781,0,0,1040,27.4,45,776.8,771
3527,device_01,2025-11-12 21:46:50.985178,0,0,48,28.5,42,712.1,737
3528,device_03,2025-11-12 21:47:00.862343,0,0,73,26.5,44,666.1,651
3529,device_04,2025-11-12 21:47:23.702659,0,0,11,26.7,49,760.3,750
3530,device_05,2025-11-12 21:47:25.185746,0,0,214,25.1,54.9,558.7,511
3531,device_02,2025-11-12 21:47:45.55281,0,0,1042,27.6,45,775.4,772
3532,device_01,2025-11-12 21:47:50.978601,0,0,48,28.6,42,711.8,736
3533,device_03,2025-11-12 21:48:01.464006,0,0,73,26.4,44,665.4,650
3534,device_04,2025-11-12 21:48:23.664242,0,0,12,26.7,49,757.6,750
3535,device_05,2025-11-12 21:48:25.124832,0,0,214,25.1,55,555.1,507
3536,device_02,2025-11-12 21:48:45.320019,0,0,1045,27.4,45,783.8,779
3537,device_01,2025-11-12 21:48:50.961886,0,0,48,28.5,42,709.3,732
3538,device_03,2025-11-12 21:49:01.359588,0,0,68,26.3,44,653,636
3539,device_04,2025-11-12 21:49:24.021469,0,0,11,26.7,49,757.6,751
3540,device_05,2025-11-12 21:49:25.260614,0,0,215,25.1,55.1,554,510
3541,device_02,2025-11-12 21:49:45.670512,0,0,1042,27.4,45,777.3,770
3542,device_01,2025-11-12 21:49:51.243606,0,0,48,28.4,42,712.4,737
3543,device_03,2025-11-12 21:50:03.666615,0,0,72,26.5,44.9,655.4,638
3544,device_04,2025-11-12 21:50:24.007957,0,0,12,26.7,49,759.6,753
3545,device_05,2025-11-12 21:50:25.833912,0,0,212,25.1,55.2,550,500
3546,device_02,2025-11-12 21:50:45.106985,0,0,1045,27.5,45,782.4,778
3547,device_01,2025-11-12 21:50:51.094892,0,0,48,28.5,42,713.7,739
3548,device_03,2025-11-12 21:51:00.796869,0,0,73,26.5,45,655.9,638
3549,device_04,2025-11-12 21:51:23.828084,0,0,11,26.7,49,757.8,752
3550,device_05,2025-11-12 21:51:25.0985,0,0,217,25.1,55.3,560.4,513
3551,device_02,2025-11-12 21:51:45.458123,0,0,1043,27.4,45.3,777.5,776
3552,device_01,2025-11-12 21:51:50.961566,0,0,48,28.6,42,713.4,739
3553,device_03,2025-11-12 21:52:00.997349,0,0,74,26.5,45,655.4,636
3554,device_04,2025-11-12 21:52:23.823043,0,0,11,26.7,49.5,758.2,753
3555,device_05,2025-11-12 21:52:25.265113,0,0,212,25.1,55.5,543.7,492
3556,device_02,2025-11-12 21:52:44.857791,0,0,1045,27.4,46,778.9,777
3557,device_01,2025-11-12 21:52:51.179475,0,0,49,28.3,42.3,714.6,738
3558,device_03,2025-11-12 21:53:00.823377,6,6,77,26.5,45,657.6,639
3559,device_04,2025-11-12 21:53:23.930974,0,0,11,26.7,50,761.6,754
3560,device_05,2025-11-12 21:53:25.028371,0,0,215,25.1,55.6,552.7,505
3561,device_02,2025-11-12 21:53:45.458541,0,0,1045,27.3,46,783.8,781
3562,device_01,2025-11-12 21:53:51.406752,0,0,49,28.6,43,714.4,737
3563,device_03,2025-11-12 21:54:00.912223,6,7,76,26.5,45,656.9,640
3564,device_04,2025-11-12 21:54:23.665408,0,0,11,26.7,50,760,756
3565,device_05,2025-11-12 21:54:25.195316,0,0,216,25,55.8,553.5,506
3566,device_02,2025-11-12 21:54:45.127251,0,0,1049,27.4,46,785.3,783
3567,device_01,2025-11-12 21:54:51.001706,0,0,48,28.4,43,713.4,737
3568,device_03,2025-11-12 21:55:00.862712,0,0,75,26.5,45,657.5,640
3569,device_04,2025-11-12 21:55:23.710693,0,0,11,26.7,50,760.7,754
3570,device_05,2025-11-12 21:55:25.270261,0,0,215,25,56,547.2,500
3571,device_02,2025-11-12 21:55:45.491998,0,0,1044,27.3,46,781.4,777
3572,device_01,2025-11-12 21:55:51.515418,0,0,48,28.5,43,714.2,738
3573,device_03,2025-11-12 21:56:00.797003,0,0,78,26.5,45,658.2,642
3574,device_04,2025-11-12 21:56:23.664295,0,0,11,26.7,50,759.2,754
3575,device_05,2025-11-12 21:56:25.391802,0,0,215,25,56.1,553.6,500
3576,device_02,2025-11-12 21:56:45.160249,0,0,1048,27.5,46,787.4,783
3577,device_01,2025-11-12 21:56:50.946036,0,0,49,28.5,43,713.9,741
3578,device_03,2025-11-12 21:57:01.017022,0,0,77,26.3,45,658.8,642
3579,device_04,2025-11-12 21:57:23.80316,0,0,11,26.7,50,758.9,753
3580,device_05,2025-11-12 21:57:25.174327,0,0,218,25,56.3,563,516
3581,device_02,2025-11-12 21:57:45.09058,0,0,1047,27.4,46,780.4,780
3582,device_01,2025-11-12 21:57:51.560442,0,0,50,28.4,43,716,742
3583,device_03,2025-11-12 21:58:01.003083,0,0,77,26.5,45,658.1,642
3584,device_04,2025-11-12 21:58:23.741889,0,0,11,26.7,50,763.3,757
3585,device_05,2025-11-12 21:58:25.044999,0,0,217,25,56.3,559,516
3586,device_02,2025-11-12 21:58:44.946703,0,0,1044,27.4,46,783.8,780
3587,device_01,2025-11-12 21:58:50.949101,0,0,49,28.5,43,718.1,744
3588,device_03,2025-11-12 21:59:00.831946,9,10,78,26.4,45.5,661.2,644
3589,device_04,2025-11-12 21:59:23.683803,0,0,12,26.7,50.2,767.5,761
3590,device_05,2025-11-12 21:59:25.196203,0,0,217,25,56.4,554.6,509
3591,device_02,2025-11-12 21:59:45.12798,0,0,1048,27.5,46.1,781.1,781
3592,device_01,2025-11-12 21:59:51.560498,0,0,49,28.4,43,718.6,743
3593,device_03,2025-11-12 22:00:03.156746,0,0,78,26.3,46,661.1,644
3594,device_04,2025-11-12 22:00:23.729854,0,0,11,26.7,51,765.1,760
3595,device_05,2025-11-12 22:00:25.043429,0,0,216,25.1,56.6,559.8,508
3596,device_02,2025-11-12 22:00:44.842148,0,0,1044,27.3,47,782.3,777
3597,device_01,2025-11-12 22:00:51.023716,0,0,48,28.5,43,719.1,746
3598,device_03,2025-11-12 22:01:00.948984,0,0,78,26.3,46,661.9,643
3599,device_04,2025-11-12 22:01:23.753452,0,0,11,26.7,51,767,759
3600,device_05,2025-11-12 22:01:24.999208,0,0,218,25.1,56.7,565.4,516
3601,device_02,2025-11-12 22:01:45.098662,0,0,1050,27.5,47,793.9,793
3602,device_01,2025-11-12 22:01:50.963647,8,8,49,28.4,43,719.8,744
3603,device_03,2025-11-12 22:02:01.380932,0,0,78,26.4,46,661.5,646
3604,device_04,2025-11-12 22:02:23.814005,0,0,11,26.7,51,767,761
3605,device_05,2025-11-12 22:02:25.042648,0,0,220,25.1,56.8,558.5,514
3606,device_02,2025-11-12 22:02:45.010423,0,0,1055,27.5,47,798.2,802
3607,device_01,2025-11-12 22:02:50.971952,0,0,50,28.5,44,720.3,747
3608,device_03,2025-11-12 22:03:00.962198,0,0,78,26.3,46,663.2,647
3609,device_04,2025-11-12 22:03:23.753656,0,0,12,26.7,51,766.8,764
3610,device_05,2025-11-12 22:03:25.22778,0,0,219,25,56.9,560.9,515
3611,device_02,2025-11-12 22:03:45.839242,0,0,1050,27.3,47,791.7,787
3612,device_01,2025-11-12 22:03:51.515891,0,0,49,28.6,44,719.2,745
3613,device_03,2025-11-12 22:04:00.930047,0,0,79,26.4,46,663.2,646
3614,device_04,2025-11-12 22:04:23.661863,13,13,12,26.7,51,767.8,762
3615,device_05,2025-11-12 22:04:25.074691,0,0,222,25,57,567.2,524
3616,device_02,2025-11-12 22:04:44.848132,0,0,1045,27.5,47,780.3,779
3617,device_01,2025-11-12 22:04:50.975227,0,0,49,28.6,44,720.7,747
3618,device_03,2025-11-12 22:05:00.813203,0,0,79,26.5,46,661.1,642
3619,device_04,2025-11-12 22:05:24.034944,0,0,12,26.7,51,766.9,761
3620,device_05,2025-11-12 22:05:25.039878,20,20,223,25,56.7,575.3,531
3621,device_02,2025-11-12 22:05:45.518121,0,0,1055,27.5,47,803.8,807
3622,device_01,2025-11-12 22:05:51.113154,0,0,48,28.6,44,720.6,747
3623,device_03,2025-11-12 22:06:00.791044,0,0,80,26.6,46,661.3,644
3624,device_04,2025-11-12 22:06:23.716837,0,0,12,26.7,51,768.3,763
3625,device_05,2025-11-12 22:06:25.296551,20,20,222,25,56.8,567,522
3626,device_02,2025-11-12 22:06:44.912129,0,0,1049,27.6,47,793.2,790
3627,device_01,2025-11-12 22:06:50.957878,0,0,49,28.5,44,719.9,745
3628,device_03,2025-11-12 22:07:00.85972,0,0,79,26.3,46,660.2,644
3629,device_04,2025-11-12 22:07:23.725411,0,0,12,26.7,51,766.2,760
3630,device_05,2025-11-12 22:07:25.269459,0,0,222,25,56.2,562.3,515
3631,device_02,2025-11-12 22:07:45.554604,0,0,1045,27.5,47,787.6,783
3632,device_01,2025-11-12 22:07:50.966353,0,0,49,28.3,43.1,716.6,742
3633,device_03,2025-11-12 22:08:01.444225,0,0,80,26.4,46,659.6,643
3634,device_04,2025-11-12 22:08:23.688708,0,0,12,26.7,50.9,765.9,762
3635,device_05,2025-11-12 22:08:25.037921,0,0,225,25,55.8,571.5,527
3636,device_02,2025-11-12 22:08:44.896604,0,0,1048,27.4,47,785.7,787
3637,device_01,2025-11-12 22:08:50.962967,0,0,49,28.5,43,715.7,741
3638,device_03,2025-11-12 22:09:03.631244,0,0,81,26.3,46,659,640
3639,device_04,2025-11-12 22:09:23.843784,0,0,12,26.7,50,767.2,762
3640,device_05,2025-11-12 22:09:25.014062,0,0,223,25.1,55.9,573.1,526
3641,device_02,2025-11-12 22:09:45.6957,0,0,1047,27.5,47,783.6,782
3642,device_01,2025-11-12 22:09:51.288419,0,0,49,28.4,43,716.1,742
3643,device_03,2025-11-12 22:10:00.960333,0,0,80,26.5,46,657.2,642
3644,device_04,2025-11-12 22:10:23.690811,0,0,12,26.7,50.8,765.8,760
3645,device_05,2025-11-12 22:10:25.190409,0,0,222,25.1,56.4,565.4,523
3646,device_02,2025-11-12 22:10:45.242808,0,0,1049,27.5,47,787.4,789
3647,device_01,2025-11-12 22:10:51.012915,0,0,49,28.5,43.1,718.1,744
3648,device_03,2025-11-12 22:11:00.905453,0,0,79,26.4,46,660.8,644
3649,device_04,2025-11-12 22:11:23.710156,0,0,11,26.7,51,766.9,761
3650,device_05,2025-11-12 22:11:25.343392,0,0,222,25.1,56.5,571,529
3651,device_02,2025-11-12 22:11:45.294043,0,0,1052,27.5,47,797.6,796
3652,device_01,2025-11-12 22:11:51.510573,0,0,49,28.5,43.9,719.8,745
3653,device_03,2025-11-12 22:12:00.826412,0,0,77,26.4,46,660.3,643
3654,device_04,2025-11-12 22:12:23.681442,0,0,11,26.7,51,767.1,758
3655,device_05,2025-11-12 22:12:25.213366,0,0,223,25.1,56.7,569.5,525
3656,device_02,2025-11-12 22:12:44.881949,0,0,1054,27.4,47,794.7,797
3657,device_01,2025-11-12 22:12:50.932758,0,0,48,28.5,44,719,745
3658,device_03,2025-11-12 22:13:00.826702,0,0,78,26.5,46,662.7,647
3659,device_04,2025-11-12 22:13:23.667312,0,0,12,26.7,51,767,763
3660,device_05,2025-11-12 22:13:25.005683,0,0,223,25.1,56.8,570,525
3661,device_02,2025-11-12 22:13:45.288599,0,0,1044,27.4,47,786.8,783
3662,device_01,2025-11-12 22:13:51.031347,0,0,49,28.6,44,718.9,746
3663,device_03,2025-11-12 22:14:00.972859,0,0,78,26.4,46,661.3,644
3664,device_04,2025-11-12 22:14:23.964542,0,0,11,26.7,51,767.3,762
3665,device_05,2025-11-12 22:14:25.043707,0,0,220,25.1,56.9,563.7,514
3666,device_02,2025-11-12 22:14:44.896568,0,0,1046,27.2,47,792.5,789
3667,device_01,2025-11-12 22:14:51.009773,0,0,49,28.6,44,721,748
3668,device_03,2025-11-12 22:15:00.794768,0,0,79,26.4,46,661.9,646
3669,device_04,2025-11-12 22:15:23.721102,0,0,12,26.7,51,767.6,762
3670,device_05,2025-11-12 22:15:25.238298,0,0,222,25.1,57.1,562.8,516
3671,device_02,2025-11-12 22:15:45.146665,0,0,1047,27.3,47,788.1,784
3672,device_01,2025-11-12 22:15:50.967495,0,0,49,28.5,44,721.2,747
3673,device_03,2025-11-12 22:16:00.810618,0,0,79,27.5,46,662.8,649
3674,device_04,2025-11-12 22:16:23.696878,0,0,12,26.7,51,767.2,762
3675,device_05,2025-11-12 22:16:25.690856,19,19,224,25.1,57.2,570.9,527
3676,device_02,2025-11-12 22:16:44.98531,1,1,1056,27.4,47.7,798.1,802
3677,device_01,2025-11-12 22:16:50.977563,0,0,50,28.3,44,722.8,748
3678,device_03,2025-11-12 22:17:00.982286,0,0,79,27.4,46,664.5,647
3679,device_04,2025-11-12 22:17:23.734663,0,0,12,26.7,51,768.9,763
3680,device_05,2025-11-12 22:17:25.255517,19,19,223,25.1,57.2,566.1,517
3681,device_02,2025-11-12 22:17:45.075776,0,0,1055,27.5,47.9,798,800
3682,device_01,2025-11-12 22:17:50.98441,0,0,49,28.5,44,720.3,748
3683,device_03,2025-11-12 22:18:00.820017,0,0,80,27.5,46,661.4,646
3684,device_04,2025-11-12 22:18:23.769044,0,0,12,26.7,51,766.2,762
3685,device_05,2025-11-12 22:18:25.698826,0,0,222,25.1,57.4,551.4,503
3686,device_02,2025-11-12 22:18:45.208258,0,0,1053,27.4,48,799.5,796
3687,device_01,2025-11-12 22:18:51.012391,0,0,50,28.5,44,721.2,747
3688,device_03,2025-11-12 22:19:01.05285,0,0,79,27.5,46,663.5,649
3689,device_04,2025-11-12 22:19:23.706931,0,0,12,26.7,52,766.1,763
3690,device_05,2025-11-12 22:19:25.048922,0,0,224,25.1,57.4,564.5,518
3691,device_02,2025-11-12 22:19:44.875764,0,0,1050,27.6,48,790,793
3692,device_01,2025-11-12 22:19:51.000957,0,0,49,28.4,44,721.2,748
3693,device_03,2025-11-12 22:20:02.384262,0,0,80,27.4,46,667.2,653
3694,device_04,2025-11-12 22:20:23.692347,0,0,12,26.7,52,765,760
3695,device_05,2025-11-12 22:20:25.033089,0,0,223,25.1,57.5,556.1,508
3696,device_02,2025-11-12 22:20:45.039787,0,0,1048,27.5,48,791.5,788
3697,device_01,2025-11-12 22:20:50.989008,0,0,50,28.5,44,722.2,748
3698,device_03,2025-11-12 22:21:00.816556,12,13,80,27.5,46,664.7,650
3699,device_04,2025-11-12 22:21:23.683465,0,0,11,26.7,52,766.6,760
3700,device_05,2025-11-12 22:21:25.35319,0,0,226,25.1,57.6,570,528
3701,device_02,2025-11-12 22:21:45.090248,2,2,1050,27.4,48,787.2,787
3702,device_01,2025-11-12 22:21:50.946979,0,0,49,28.6,44,721.3,748
3703,device_03,2025-11-12 22:22:00.774622,0,0,78,27.4,46,665.3,649
3704,device_04,2025-11-12 22:22:23.687617,0,0,12,26.7,52,766.6,761
3705,device_05,2025-11-12 22:22:25.010161,0,0,222,25.1,57.7,552.4,505
3706,device_02,2025-11-12 22:22:45.025878,2,2,1049,27.5,48,789.2,787
3707,device_01,2025-11-12 22:22:50.978927,0,0,49,28.4,44,722.1,748
3708,device_03,2025-11-12 22:23:00.767587,0,0,80,27.5,46,664.5,647
3709,device_04,2025-11-12 22:23:23.732102,0,0,12,26.7,52,767.5,760
3710,device_05,2025-11-12 22:23:24.998925,0,0,225,25.1,57.8,568.3,518
3711,device_02,2025-11-12 22:23:45.073554,0,0,1049,27.4,48,790.6,788
3712,device_03,2025-11-12 22:24:01.371255,0,0,78,27.5,46.4,663.7,649
3713,device_04,2025-11-12 22:24:23.84735,0,0,12,26.7,52,766.3,761
3714,device_05,2025-11-12 22:24:25.291606,0,0,227,25.1,57.8,578.3,535
3715,device_02,2025-11-12 22:24:45.115885,0,0,1054,27.6,48,796.5,796
3716,device_04,2025-11-12 22:25:23.734437,0,0,12,26.7,52,768,761
3717,device_05,2025-11-12 22:25:26.066428,0,0,224,25.1,57.9,567.6,518
3718,device_05,2025-11-12 22:26:25.055957,0,0,226,25.1,57.9,565.5,523
3719,device_01,2025-11-12 22:28:51.205231,0,0,44,28.4,45,727.8,758
3720,device_01,2025-11-12 22:29:50.932504,0,0,50,28.4,45,724.1,751
3721,device_03,2025-11-12 22:30:01.331614,0,0,71,27.6,47,665.7,651
3722,device_02,2025-11-12 22:30:45.108573,0,0,1059,27.7,49,813.9,817
3723,device_01,2025-11-12 22:30:51.593092,0,0,49,28.4,45,723.8,750
3724,device_03,2025-11-12 22:31:00.866468,0,0,76,27.5,47,664.9,649
3725,device_04,2025-11-12 22:31:23.813355,0,0,9,26.7,52,769.5,764
3726,device_02,2025-11-12 22:31:44.909025,0,0,1053,27.5,49,789.5,792
3727,device_01,2025-11-12 22:31:51.681049,0,0,50,28.3,45,723.6,751
3728,device_03,2025-11-12 22:32:00.944845,0,0,77,27.5,47,662.7,647
3729,device_04,2025-11-12 22:32:23.828778,0,0,12,26.7,52,764.7,758
3730,device_05,2025-11-12 22:32:25.065652,0,0,212,25.2,58.2,566.4,524
3731,device_02,2025-11-12 22:32:44.998303,0,0,1051,27.5,49,794.7,794
3732,device_01,2025-11-12 22:32:51.796832,0,0,50,28.5,45,722.4,751
3733,device_03,2025-11-12 22:33:00.812174,0,0,78,27.5,47,663.9,649
3734,device_04,2025-11-12 22:33:23.714538,0,0,12,26.7,52.2,766,761
3735,device_05,2025-11-12 22:33:25.116296,0,0,221,25.2,58.2,565.3,517
3736,device_02,2025-11-12 22:33:44.863195,0,0,1052,27.5,49,794.4,793
3737,device_01,2025-11-12 22:33:50.947019,0,0,49,28.5,45,723.1,751
3738,device_03,2025-11-12 22:34:01.515192,0,0,78,27.4,47,664.2,646
3739,device_04,2025-11-12 22:34:23.988803,0,0,12,26.7,53,767.5,760
3740,device_05,2025-11-12 22:34:25.257146,0,0,225,25.3,58.1,572,529
3741,device_02,2025-11-12 22:34:44.91518,0,0,1058,27.5,49,804.3,805
3742,device_01,2025-11-12 22:34:50.991026,0,0,50,28.4,45,723.2,750
3743,device_03,2025-11-12 22:35:01.409779,0,0,79,27.4,47,664.1,647
3744,device_04,2025-11-12 22:35:23.740202,0,0,13,26.7,53,767.8,761
3745,device_05,2025-11-12 22:35:25.475397,0,0,225,25.3,58,569.9,530
3746,device_02,2025-11-12 22:35:45.51224,0,0,1051,27.5,49,794.9,793
3747,device_01,2025-11-12 22:35:50.98206,0,0,50,28.5,45,723.9,752
3748,device_03,2025-11-12 22:36:01.503282,0,0,79,27.5,47,663.5,648
3749,device_04,2025-11-12 22:36:23.78671,0,0,12,26.8,53,767.1,763
3750,device_05,2025-11-12 22:36:25.01574,0,0,227,25.4,57.9,572.4,530
3751,device_02,2025-11-12 22:36:44.861965,0,0,1051,27.6,49,791.1,791
3752,device_01,2025-11-12 22:36:50.982651,0,0,50,28.3,45,723,750
3753,device_03,2025-11-12 22:37:01.407258,0,0,79,27.4,47,663.8,648
3754,device_04,2025-11-12 22:37:23.786268,0,0,14,27,53,768,761
3755,device_05,2025-11-12 22:37:25.026411,0,0,225,25.5,57.7,566,524
3756,device_02,2025-11-12 22:37:44.837278,0,0,1052,27.5,49,794.6,794
3757,device_01,2025-11-12 22:37:50.944666,0,0,50,28.5,45,724.1,751
3758,device_03,2025-11-12 22:38:00.807072,0,0,79,27.7,47,663.8,648
3759,device_04,2025-11-12 22:38:23.879905,0,0,12,27.1,53,767.6,764
3760,device_05,2025-11-12 22:38:25.020756,0,0,227,25.5,57.6,578,533
3761,device_02,2025-11-12 22:38:45.553059,0,0,1055,27.4,49,792.8,793
3762,device_01,2025-11-12 22:38:51.651215,0,0,50,28.4,45,724,752
3763,device_03,2025-11-12 22:39:00.809965,0,0,79,27.5,47,665.4,647
3764,device_04,2025-11-12 22:39:23.712242,0,0,12,27.1,53,768.3,762
3765,device_05,2025-11-12 22:39:25.421745,0,0,227,25.5,57.5,573.6,530
3766,device_02,2025-11-12 22:39:44.820984,0,0,1053,27.6,49,794.7,797
3767,device_01,2025-11-12 22:39:50.961015,0,0,50,28.5,45,724.2,750
3768,device_03,2025-11-12 22:40:00.999993,0,0,80,27.4,47,664.1,647
3769,device_04,2025-11-12 22:40:23.785901,0,0,13,27.1,53,768.5,763
3770,device_05,2025-11-12 22:40:25.013265,0,0,226,25.5,57.5,569.2,529
3771,device_02,2025-11-12 22:40:45.81577,0,0,1056,27.3,49,798.1,799
3772,device_01,2025-11-12 22:40:51.156622,0,0,49,28.6,45,721.8,748
3773,device_03,2025-11-12 22:41:00.807101,0,0,78,27.5,47,662.7,648
3774,device_04,2025-11-12 22:41:23.83691,0,0,13,27.1,53,767.8,762
3775,device_05,2025-11-12 22:41:25.484785,0,0,227,25.5,57.5,580.1,537
3776,device_02,2025-11-12 22:41:44.89092,0,0,1058,27.3,49,807.4,807
3777,device_01,2025-11-12 22:41:51.086964,0,0,50,28.3,45,724,750
3778,device_03,2025-11-12 22:42:00.898593,0,0,79,27.3,47,662.8,645
3779,device_04,2025-11-12 22:42:23.764195,0,0,12,27.1,53,769.5,763
3780,device_05,2025-11-12 22:42:25.189071,0,0,224,25.5,57.6,562.2,513
3781,device_02,2025-11-12 22:42:45.559469,0,0,1051,27.3,49,787.9,786
3782,device_01,2025-11-12 22:42:51.531904,0,0,50,28.5,45,722.7,749
3783,device_03,2025-11-12 22:43:01.34314,0,0,79,27.6,47,661.9,646
3784,device_04,2025-11-12 22:43:23.881922,0,0,12,27.1,53,768.4,763
3785,device_05,2025-11-12 22:43:25.043669,0,0,227,25.5,57.7,572.6,528
3786,device_02,2025-11-12 22:43:44.906571,0,1,1054,27.3,49,797.9,799
3787,device_01,2025-11-12 22:43:51.070584,0,0,49,28.6,45,723.9,751
3788,device_03,2025-11-12 22:44:01.360161,0,0,81,27.2,47,666.5,650
3789,device_04,2025-11-12 22:44:23.765331,0,0,14,27.1,53,767.6,761
3790,device_05,2025-11-12 22:44:25.722558,0,0,226,25.5,57.7,570.8,527
3791,device_02,2025-11-12 22:44:45.280473,0,0,1055,27.4,49.7,800.8,801
3792,device_01,2025-11-12 22:44:51.086777,0,0,50,28.5,45,723.4,750
3793,device_03,2025-11-12 22:45:01.02716,0,0,80,27.4,47.2,667,652
3794,device_04,2025-11-12 22:45:23.807462,0,0,12,27.1,53,763.9,759
3795,device_05,2025-11-12 22:45:25.09151,0,0,226,25.5,57.7,569.7,525
3796,device_02,2025-11-12 22:45:44.870536,0,0,1056,27.2,50,798.5,801
3797,device_01,2025-11-12 22:45:51.031262,10,12,52,28.5,45,723,750
3798,device_03,2025-11-12 22:46:01.666897,0,0,80,27.4,47.9,666.9,651
3799,device_04,2025-11-12 22:46:23.779305,0,0,14,27.1,53,766.7,760
3800,device_05,2025-11-12 22:46:25.237773,0,0,228,25.5,57.9,573.4,529
3801,device_02,2025-11-12 22:46:45.431863,0,0,1052,27.4,50,797.2,796
3802,device_01,2025-11-12 22:46:50.964029,10,12,53,28.5,45,718.9,744
3803,device_03,2025-11-12 22:47:00.884848,0,0,80,27.4,48,666.9,654
3804,device_04,2025-11-12 22:47:23.899944,0,0,13,27.1,53,766.3,762
3805,device_05,2025-11-12 22:47:25.089576,0,0,230,25.4,58.1,577.3,533
3806,device_02,2025-11-12 22:47:45.526971,0,0,1055,27.5,50,799,802
3807,device_01,2025-11-12 22:47:50.944824,0,0,55,28.5,45.7,722.7,751
3808,device_03,2025-11-12 22:48:01.227895,0,0,80,27.5,48,667.6,653
3809,device_05,2025-11-12 22:48:25.092682,0,0,232,25.4,58.2,586.4,551
3810,device_04,2025-11-12 22:48:25.469772,10,10,14,27.1,53,766.7,760
3811,device_02,2025-11-12 22:48:44.888973,0,0,1060,27.4,50,804.3,807
3812,device_01,2025-11-12 22:48:51.209779,0,0,54,28.5,46,721.7,748
3813,device_03,2025-11-12 22:49:02.08941,0,0,80,27.5,48,665.8,652
3814,device_04,2025-11-12 22:49:23.944244,10,10,15,27.1,53,771.5,768
3815,device_05,2025-11-12 22:49:25.157424,0,0,231,25.4,58.3,579.4,539
3816,device_02,2025-11-12 22:49:44.93224,0,0,1059,27.5,50,807.4,811
3817,device_01,2025-11-12 22:49:50.961727,0,0,54,28.5,46,724.5,754
3818,device_03,2025-11-12 22:50:00.939008,0,0,80,27.5,48,668.4,654
3819,device_04,2025-11-12 22:50:24.125669,0,0,14,27.1,53,771.1,769
3820,device_05,2025-11-12 22:50:25.235757,0,0,229,25.4,58.3,577.1,531
3821,device_02,2025-11-12 22:50:45.133331,0,0,1055,27.4,50,803.8,805
3822,device_01,2025-11-12 22:50:51.080098,0,0,54,28.6,46,723.8,748
3823,device_03,2025-11-12 22:51:01.508782,0,0,80,27.6,48,667.3,656
3824,device_04,2025-11-12 22:51:24.44036,0,0,15,27.1,53,773,768
3825,device_05,2025-11-12 22:51:25.38379,0,0,229,25.4,58.4,581.9,538
3826,device_02,2025-11-12 22:51:45.133265,0,0,1057,27.6,50,809.6,811
3827,device_01,2025-11-12 22:51:51.005409,0,0,54,28.5,46,723.2,749
3828,device_03,2025-11-12 22:52:01.533619,0,0,81,27.6,48,664.3,650
3829,device_04,2025-11-12 22:52:24.390207,0,0,13,27.1,53,773.9,770
3830,device_05,2025-11-12 22:52:25.075289,0,0,228,25.4,58.4,581.3,537
3831,device_02,2025-11-12 22:52:45.623071,0,0,1047,27.4,50,789.1,784
3832,device_01,2025-11-12 22:52:50.934287,0,0,53,28.5,46,718.2,743
3833,device_03,2025-11-12 22:53:00.875746,0,0,80,27.5,48,671.2,657
3834,device_04,2025-11-12 22:53:23.775125,0,0,14,27.1,53,772.4,765
3835,device_05,2025-11-12 22:53:25.301263,0,0,233,25.4,58.5,578.1,535
3836,device_02,2025-11-12 22:53:44.906959,0,0,1043,27.4,50,781.2,779
3837,device_01,2025-11-12 22:53:50.970901,0,0,55,28.5,46,725.3,753
3838,device_03,2025-11-12 22:54:00.895778,0,0,81,27.4,48,671,655
3839,device_04,2025-11-12 22:54:24.141797,0,0,15,27.1,53,777.6,773
3840,device_05,2025-11-12 22:54:25.075567,0,0,237,25.4,58.5,579.9,535
3841,device_02,2025-11-12 22:54:45.167439,0,0,1045,27.5,50,781.4,781
3842,device_01,2025-11-12 22:54:51.117584,0,0,55,28.5,46,728.2,757
3843,device_03,2025-11-12 22:55:03.187557,0,0,81,27.3,48,669,653
3844,device_04,2025-11-12 22:55:24.556297,0,0,15,27.1,53,778.3,776
3845,device_05,2025-11-12 22:55:25.467128,0,0,238,25.5,58.5,580.3,539
3846,device_02,2025-11-12 22:55:44.897273,0,0,1041,27.4,50,780.1,776
3847,device_01,2025-11-12 22:55:50.970165,0,0,55,28.4,46,727.6,757
3848,device_04,2025-11-12 22:56:23.77284,0,0,15,27.1,53,775.3,771
3849,device_05,2025-11-12 22:56:25.177962,0,0,241,25.5,58.6,583.7,541
3850,device_02,2025-11-12 22:56:44.890264,0,0,1047,27.6,50,788.4,789
3851,device_01,2025-11-12 22:56:51.274581,0,0,56,28.4,46,730.3,761
3852,device_03,2025-11-12 22:57:01.133817,0,0,81,27.2,48,664.1,651
3853,device_04,2025-11-12 22:57:23.961315,0,0,16,27.1,53,777.1,775
3854,device_05,2025-11-12 22:57:25.130299,0,0,239,25.5,58.6,580.7,536
3855,device_02,2025-11-12 22:57:45.020967,0,0,1044,27.5,50,781.8,781
3856,device_01,2025-11-12 22:57:51.129309,8,8,55,28.5,46,729.3,758
3857,device_03,2025-11-12 22:58:01.265851,0,0,82,27.3,48,668.4,656
3858,device_04,2025-11-12 22:58:23.858423,0,0,16,27.1,53,776.3,777
3859,device_05,2025-11-12 22:58:25.224778,0,0,242,25.5,58.7,588,548
3860,device_02,2025-11-12 22:58:44.972899,0,0,1044,27.4,50,783.5,782
3861,device_01,2025-11-12 22:58:51.226559,0,0,56,28.4,46,730.7,760
3862,device_03,2025-11-12 22:59:04.425477,0,0,81,27.5,48,668.5,652
3863,device_04,2025-11-12 22:59:23.792917,0,0,15,27.1,53,778.7,774
3864,device_05,2025-11-12 22:59:25.270254,0,0,243,25.5,58.7,587.1,547
3865,device_02,2025-11-12 22:59:45.485892,0,0,1047,27.4,50.3,787.2,791
3866,device_01,2025-11-12 22:59:51.188142,0,0,56,28.5,46,731.1,759
3867,device_03,2025-11-12 23:00:01.281502,9,11,81,27.3,48,671.5,658
3868,device_04,2025-11-12 23:00:23.960645,9,10,15,27.1,53,778.8,776
3869,device_05,2025-11-12 23:00:25.135087,0,0,243,25.5,58.8,586.4,546
3870,device_02,2025-11-12 23:00:44.905757,0,0,1041,27.4,51,787.2,781
3871,device_01,2025-11-12 23:00:51.513347,0,0,55,28.5,46,730.4,761
3872,device_03,2025-11-12 23:01:01.519164,0,0,83,27.4,48,671.9,659
3873,device_04,2025-11-12 23:01:23.999696,0,0,16,27.1,53.6,780.3,778
3874,device_05,2025-11-12 23:01:25.079144,0,0,244,25.5,59,591,552
3875,device_02,2025-11-12 23:01:45.010331,0,0,1043,27.5,51,784.9,787
3876,device_01,2025-11-12 23:01:51.340829,0,0,55,28.5,46,731.2,761
3877,device_03,2025-11-12 23:02:01.675573,0,0,82,27.5,48,670.5,656
3878,device_04,2025-11-12 23:02:23.797621,0,0,14,27.1,54,780.7,778
3879,device_05,2025-11-12 23:02:25.490502,0,0,243,25.5,59,589.6,550
3880,device_02,2025-11-12 23:02:45.124554,0,0,1043,27.3,51,789.1,787
3881,device_01,2025-11-12 23:02:51.099195,0,0,55,28.5,46,732.4,760
3882,device_03,2025-11-12 23:03:01.133944,0,0,82,27.4,48,673.1,655
3883,device_04,2025-11-12 23:03:23.932986,0,0,14,27.1,54,780.4,779
3884,device_05,2025-11-12 23:03:25.106833,0,0,243,25.5,59.2,588.8,548
3885,device_02,2025-11-12 23:03:45.028622,0,0,1040,27.4,51,786.5,783
3886,device_01,2025-11-12 23:03:51.114104,0,0,57,28.5,46,731.9,762
3887,device_03,2025-11-12 23:04:01.466715,0,0,82,27.5,48,673.2,657
3888,device_04,2025-11-12 23:04:24.062162,0,0,16,27.1,54,781.7,780
3889,device_05,2025-11-12 23:04:25.395441,0,0,244,25.5,59.4,591.4,550
3890,device_02,2025-11-12 23:04:45.125829,0,0,1045,27.5,51,790.3,791
3891,device_01,2025-11-12 23:04:51.558737,0,0,56,28.5,46,733.7,763
3892,device_03,2025-11-12 23:05:05.146274,9,9,82,27.5,48.7,674,661
3893,device_04,2025-11-12 23:05:23.916853,0,0,15,27.1,54,783.3,780
3894,device_05,2025-11-12 23:05:25.388794,0,0,244,25.5,59.4,590.8,551
3895,device_02,2025-11-12 23:05:44.910057,0,0,1047,27.5,51,792.4,789
3896,device_01,2025-11-12 23:05:51.07712,0,0,56,28.3,46,731.9,763
3897,device_03,2025-11-12 23:06:02.03909,9,9,82,27.3,49,672.5,654
3898,device_04,2025-11-12 23:06:24.042649,0,0,14,27.1,54,781.8,779
3899,device_05,2025-11-12 23:06:25.134103,10,10,243,25.6,59.4,588.5,547
3900,device_02,2025-11-12 23:06:45.425667,0,0,1043,27.4,51,790.6,793
3901,device_01,2025-11-12 23:06:51.786798,0,0,57,28.5,46,732.2,763
3902,device_03,2025-11-12 23:07:01.32982,0,0,82,27.5,49,675.1,663
3903,device_04,2025-11-12 23:07:23.797883,0,0,15,27.1,54,783.8,781
3904,device_05,2025-11-12 23:07:25.228408,0,0,245,25.6,59.5,591.6,550
3905,device_02,2025-11-12 23:07:44.976021,0,0,1044,27.5,51,796,794
3906,device_01,2025-11-12 23:07:51.150151,0,0,56,28.5,46,734,763
3907,device_03,2025-11-12 23:08:01.447542,0,0,81,27.7,49,675.1,662
3908,device_04,2025-11-12 23:08:23.768075,0,0,15,27.1,54,782.3,779
3909,device_05,2025-11-12 23:08:25.101731,0,0,244,25.6,59.5,591.5,553
3910,device_02,2025-11-12 23:08:45.108299,0,0,1047,27.5,51,799.8,799
3911,device_01,2025-11-12 23:08:51.501862,0,0,56,28.4,46,733.6,764
3912,device_03,2025-11-12 23:09:00.919597,0,0,83,27.4,49,675.5,661
3913,device_04,2025-11-12 23:09:23.77003,0,0,14,27.1,54,783.6,782
3914,device_05,2025-11-12 23:09:25.219264,0,0,244,25.6,59.5,591.6,553
3915,device_02,2025-11-12 23:09:44.89112,0,0,1046,27.5,51,794.5,794
3916,device_01,2025-11-12 23:09:50.998489,0,0,57,28.5,46,734.4,765
3917,device_03,2025-11-12 23:10:00.957822,0,0,82,27.2,49,676.4,663
3918,device_04,2025-11-12 23:10:23.945917,0,0,15,27.1,54,784.4,781
3919,device_05,2025-11-12 23:10:25.135103,0,0,245,25.7,59.5,591.5,552
3920,device_02,2025-11-12 23:10:45.115905,0,0,1048,27.3,51,797.3,796
3921,device_01,2025-11-12 23:10:51.137959,0,0,57,28.4,46,734.7,766
3922,device_03,2025-11-12 23:11:01.140277,0,0,82,27.5,49,676.2,662
3923,device_04,2025-11-12 23:11:23.932649,0,0,15,27.1,54,784.9,781
3924,device_05,2025-11-12 23:11:25.080229,0,0,244,25.7,59.5,592,553
3925,device_02,2025-11-12 23:11:45.037262,0,0,1046,27.4,51,796.2,799
3926,device_01,2025-11-12 23:11:51.017697,0,0,56,28.3,46,734.7,765
3927,device_03,2025-11-12 23:12:01.044092,0,0,81,27.5,49,671.7,659
3928,device_04,2025-11-12 23:12:23.877041,0,0,15,27.1,54,786.2,784
3929,device_05,2025-11-12 23:12:25.104717,13,13,245,25.7,59.5,592.9,554
3930,device_02,2025-11-12 23:12:45.131355,0,0,1051,27.4,51,802.4,804
3931,device_01,2025-11-12 23:12:51.764917,0,0,57,28.2,46,736.3,766
3932,device_03,2025-11-12 23:13:00.855257,0,0,82,27.2,49,674.8,661
3933,device_04,2025-11-12 23:13:23.800879,0,0,15,27.1,54,787.1,785
3934,device_05,2025-11-12 23:13:25.382376,0,0,245,25.7,59.5,594.5,555
3935,device_02,2025-11-12 23:13:45.052623,0,0,1046,27.4,51,799.7,801
3936,device_01,2025-11-12 23:13:51.022573,0,0,56,28.4,46.2,736,767
3937,device_03,2025-11-12 23:14:00.915295,0,0,82,27.4,49,676.9,663
3938,device_04,2025-11-12 23:14:23.810644,0,0,15,27.1,54,785.3,785
3939,device_05,2025-11-12 23:14:25.152227,0,0,243,25.7,59.5,594.2,556
3940,device_02,2025-11-12 23:14:45.532483,0,0,1047,27.5,51,801.9,802
3941,device_01,2025-11-12 23:14:51.18971,0,0,56,28.5,46.7,736.8,768
3942,device_03,2025-11-12 23:15:01.048675,0,0,82,27.5,49,676.3,665
3943,device_04,2025-11-12 23:15:23.806286,0,0,14,27.1,54,788.3,787
3944,device_05,2025-11-12 23:15:25.14604,0,0,244,25.8,59.4,596.2,555
3945,device_02,2025-11-12 23:15:45.032531,0,0,1050,27.4,51,803.2,805
3946,device_01,2025-11-12 23:15:51.025765,0,0,56,28.5,46.7,737,769
3947,device_03,2025-11-12 23:16:00.914987,0,0,81,27.5,49,677.4,666
3948,device_04,2025-11-12 23:16:23.816456,0,0,15,27.1,54,788.5,787
3949,device_05,2025-11-12 23:16:25.084691,0,0,244,25.8,59.4,596.1,556
3950,device_02,2025-11-12 23:16:45.616104,0,0,1046,27.5,51.1,798.2,802
3951,device_01,2025-11-12 23:16:51.494319,0,0,56,29.4,46.1,737,766
3952,device_03,2025-11-12 23:17:00.974322,0,0,80,27.5,49,678.6,664
3953,device_04,2025-11-12 23:17:23.909247,0,0,15,27.1,54,788,786
3954,device_05,2025-11-12 23:17:25.11691,11,13,243,25.8,59.3,594.9,556
3955,device_02,2025-11-12 23:17:44.908066,0,0,1046,27.5,51.2,800.9,800
3956,device_01,2025-11-12 23:17:51.338681,0,0,57,29.4,46,736.9,770
3957,device_03,2025-11-12 23:18:01.190433,0,0,80,27.5,49,678.4,666
3958,device_04,2025-11-12 23:18:23.811574,0,0,16,27.2,54,788.4,786
3959,device_05,2025-11-12 23:18:25.140678,11,13,243,25.8,59.2,598.1,558
3960,device_02,2025-11-12 23:18:45.447196,0,0,1050,27.3,51.1,802.6,807
3961,device_01,2025-11-12 23:18:51.10053,0,0,56,29.5,46,737.1,767
3962,device_03,2025-11-12 23:19:01.216494,0,0,80,27.5,49,677.2,666
3963,device_04,2025-11-12 23:19:24.047969,0,0,16,27.4,54,789.6,788
3964,device_05,2025-11-12 23:19:25.329135,0,0,240,25.8,59.2,594.8,556
3965,device_02,2025-11-12 23:19:44.986924,0,0,1049,27.4,51,803.5,807
3966,device_01,2025-11-12 23:19:51.015132,0,0,55,29.5,46,738.1,770
3967,device_03,2025-11-12 23:20:00.997238,0,0,81,27.7,49,676.4,663
3968,device_04,2025-11-12 23:20:24.093403,0,0,16,27.6,54,789.7,790
3969,device_05,2025-11-12 23:20:25.362799,0,0,244,25.8,59.3,596,556
3970,device_02,2025-11-12 23:20:45.181183,0,0,1050,27.6,51.1,808,810
3971,device_01,2025-11-12 23:20:51.025293,0,0,57,29.4,46,739.1,770
3972,device_03,2025-11-12 23:21:01.097188,0,0,80,27.4,49,677.9,666
3973,device_04,2025-11-12 23:21:23.845478,0,0,14,27.6,54,785.2,786
3974,device_05,2025-11-12 23:21:25.312423,0,0,245,25.8,59.3,600.1,563
3975,device_02,2025-11-12 23:21:44.90513,0,0,1047,27.4,51.8,801.9,804
3976,device_01,2025-11-12 23:21:50.948081,0,0,57,29.3,46,738.2,770
3977,device_03,2025-11-12 23:22:01.439,9,9,80,27.4,49,679.4,668
3978,device_04,2025-11-12 23:22:23.836043,0,0,14,27.6,54,786.7,787
3979,device_05,2025-11-12 23:22:25.147881,0,0,243,25.8,59.3,597.1,558
3980,device_02,2025-11-12 23:22:45.061085,0,0,1046,27.5,52,802.7,805
3981,device_01,2025-11-12 23:22:51.547848,0,0,56,29.2,46,736.9,769
3982,device_03,2025-11-12 23:23:00.912488,0,0,80,27.5,49,678.9,665
3983,device_04,2025-11-12 23:23:23.80932,0,0,16,27.6,54,788.9,789
3984,device_05,2025-11-12 23:23:25.251363,0,0,246,25.9,59.3,598.9,559
3985,device_02,2025-11-12 23:23:45.064918,0,0,1050,27.5,52,803,808
3986,device_03,2025-11-12 23:24:00.874755,0,0,81,27.7,49,680.5,667
3987,device_04,2025-11-12 23:24:23.853064,0,0,15,27.6,54,792,789
3988,device_05,2025-11-12 23:24:25.208426,0,0,245,25.9,59.3,597.8,560
3989,device_02,2025-11-12 23:24:44.917254,0,0,1049,27.6,52,806.7,807
3990,device_04,2025-11-12 23:25:23.848141,0,0,16,27.6,54,792,789
3991,device_05,2025-11-12 23:25:25.129433,0,0,243,25.9,59.3,598.2,560
3992,device_05,2025-11-12 23:26:25.600855,0,0,244,25.9,59.4,597,557
3993,device_01,2025-11-12 23:28:51.017512,0,0,50,29.4,46,746.3,780
3994,device_01,2025-11-12 23:29:50.943638,0,0,55,29.5,46,741.3,775
3995,device_03,2025-11-12 23:30:00.902207,0,0,71,27.5,49,683.9,672
3996,device_02,2025-11-12 23:30:45.521334,0,0,1056,27.6,52,826.2,833
3997,device_01,2025-11-12 23:30:50.947536,0,0,56,29.3,46,741,773
3998,device_03,2025-11-12 23:31:01.059677,0,0,76,27.5,49,683.4,673
3999,device_04,2025-11-12 23:31:23.820519,0,0,13,27.6,54,793,794
4000,device_02,2025-11-12 23:31:44.896214,0,0,1049,27.5,52,807.9,814
4001,device_01,2025-11-12 23:31:51.043834,0,0,56,29.3,46,741.6,774
4002,device_03,2025-11-12 23:32:00.934214,9,9,79,27.3,49,683.2,673
4003,device_04,2025-11-12 23:32:23.760918,0,0,15,27.6,54,792.2,790
4004,device_05,2025-11-12 23:32:25.173284,0,0,232,26,59.2,599.9,561
4005,device_02,2025-11-12 23:32:44.930996,0,0,1049,27.5,52,806.8,808
4006,device_01,2025-11-12 23:32:51.196632,0,0,56,29.6,46,740,772
4007,device_03,2025-11-12 23:33:00.883552,0,0,78,27.3,49,683.2,673
4008,device_04,2025-11-12 23:33:24.123616,0,0,15,27.6,54,791.8,790
4009,device_05,2025-11-12 23:33:25.115808,0,0,240,26,59.2,601.7,565
4010,device_02,2025-11-12 23:33:45.047876,0,0,1046,27.6,52,805.6,807
4011,device_01,2025-11-12 23:33:51.473441,0,0,56,29.5,46,742.1,774
4012,device_03,2025-11-12 23:34:00.937406,0,0,80,27.4,49,683.5,670
4013,device_04,2025-11-12 23:34:23.862926,0,0,15,27.6,54,791.2,790
4014,device_05,2025-11-12 23:34:25.170013,0,0,243,26,59.2,603.6,567
4015,device_02,2025-11-12 23:34:45.048804,0,0,1048,27.4,52,807.9,810
4016,device_01,2025-11-12 23:34:51.635582,0,0,55,29.2,46,740.2,773
4017,device_03,2025-11-12 23:35:01.04767,0,0,80,27.3,49,685.2,674
4018,device_04,2025-11-12 23:35:23.900186,0,0,15,27.6,54,794.1,792
4019,device_05,2025-11-12 23:35:25.810164,0,0,244,26.1,59.3,604.9,567
4020,device_02,2025-11-12 23:35:44.888916,0,0,1051,27.8,51.7,807.2,813
4021,device_01,2025-11-12 23:35:50.984298,0,0,56,29.4,46,742.7,773
4022,device_03,2025-11-12 23:36:00.885369,0,0,80,27.5,49,684,671
4023,device_04,2025-11-12 23:36:23.91027,0,0,15,27.6,54,793.7,793
4024,device_05,2025-11-12 23:36:25.186411,0,0,245,26.1,59.3,605.8,567
4025,device_02,2025-11-12 23:36:45.652527,0,0,1054,28.3,51,811.2,822
4026,device_01,2025-11-12 23:36:50.939533,0,0,56,29.4,46,743.4,775
4027,device_03,2025-11-12 23:37:03.999122,0,0,80,27.5,49.6,683.2,669
4028,device_04,2025-11-12 23:37:23.932259,0,0,16,27.6,54,793.2,793
4029,device_05,2025-11-12 23:37:25.111495,0,0,246,26.1,59.3,604.9,567
4030,device_02,2025-11-12 23:37:44.952406,0,0,1051,28.5,51,814.2,817
4031,device_01,2025-11-12 23:37:50.931794,0,0,56,29.4,46,743.2,776
4032,device_03,2025-11-12 23:38:01.408395,10,12,81,27.4,50,685.4,675
4033,device_04,2025-11-12 23:38:23.86492,0,0,15,27.6,54,793.9,793
4034,device_05,2025-11-12 23:38:25.12344,0,0,246,26.1,59.4,603.4,569
4035,device_02,2025-11-12 23:38:44.891632,0,0,1048,28.5,51,813,816
4036,device_01,2025-11-12 23:38:51.01623,0,0,57,29.4,46,742.9,777
4037,device_03,2025-11-12 23:39:01.119469,0,0,80,27.4,50,682,671
4038,device_04,2025-11-12 23:39:24.519416,0,0,15,27.6,54.9,794.9,796
4039,device_05,2025-11-12 23:39:25.097161,0,0,246,26.2,59.4,606.1,566
4040,device_02,2025-11-12 23:39:44.972605,0,0,1049,28.5,51,809.9,815
4041,device_01,2025-11-12 23:39:51.076072,0,0,57,29.5,46,744.3,777
4042,device_03,2025-11-12 23:40:01.028186,0,0,80,27.5,50,683.1,673
4043,device_04,2025-11-12 23:40:23.901021,0,0,15,27.6,55,795.6,796
4044,device_05,2025-11-12 23:40:25.131537,0,0,247,26.2,59.5,603.6,567
4045,device_02,2025-11-12 23:40:45.07881,0,0,1048,28.5,51,809.2,811
4046,device_01,2025-11-12 23:40:51.141512,0,0,56,29.3,46,744.2,775
4047,device_03,2025-11-12 23:41:01.22414,0,0,81,27.5,50,684.4,675
4048,device_04,2025-11-12 23:41:23.844667,0,0,14,27.6,55,797.4,795
4049,device_05,2025-11-12 23:41:25.408619,0,0,248,26.2,59.6,604.9,569
4050,device_02,2025-11-12 23:41:45.003412,0,0,1050,28.3,51,811.2,820
4051,device_01,2025-11-12 23:41:51.082534,0,0,56,29.4,46,743,776
4052,device_03,2025-11-12 23:42:01.207791,0,0,81,27.7,50,684,672
4053,device_04,2025-11-12 23:42:23.965743,0,0,15,27.6,55,796,798
4054,device_05,2025-11-12 23:42:25.149816,0,0,249,26.2,59.7,606.2,569
4055,device_02,2025-11-12 23:42:45.103286,0,0,1054,28.5,51,817,821
4056,device_01,2025-11-12 23:42:50.987297,0,0,55,29.3,46,741.9,774
4057,device_03,2025-11-12 23:43:01.661202,0,0,81,27.5,50,680.9,669
4058,device_04,2025-11-12 23:43:24.215931,0,0,15,27.6,55,795.5,796
4059,device_05,2025-11-12 23:43:25.131952,0,0,248,26.2,59.7,605.2,570
4060,device_02,2025-11-12 23:43:45.00658,0,0,1054,28.4,51,818.5,827
4061,device_01,2025-11-12 23:43:50.993592,0,0,55,29.5,46,743.6,775
4062,device_03,2025-11-12 23:44:00.95149,0,0,81,27.4,50,685.6,673
4063,device_04,2025-11-12 23:44:23.841748,0,0,15,27.6,55,797.1,799
4064,device_05,2025-11-12 23:44:25.259934,0,0,249,26.3,59.6,606.1,568
4065,device_02,2025-11-12 23:44:45.036878,1,1,1053,28.4,51.1,817.1,823
4066,device_01,2025-11-12 23:44:51.036049,0,0,56,29.4,46,743.9,777
4067,device_03,2025-11-12 23:45:01.793636,0,0,82,27.5,50,684.1,674
4068,device_04,2025-11-12 23:45:23.977579,0,0,17,27.6,55,795.3,795
4069,device_05,2025-11-12 23:45:25.213233,13,14,251,26.3,59.9,603.4,568
4070,device_02,2025-11-12 23:45:45.199218,0,0,1055,28.5,52,815.4,817
4071,device_01,2025-11-12 23:45:50.99851,0,0,56,29.4,46.3,744.2,777
4072,device_03,2025-11-12 23:46:00.926599,0,0,82,27.4,50,685,674
4073,device_04,2025-11-12 23:46:23.824414,0,0,16,27.6,55.2,790.2,792
4074,device_05,2025-11-12 23:46:25.154122,0,0,251,26.3,60.7,583.6,543
4075,device_02,2025-11-12 23:46:44.978884,0,0,1051,28.4,52,816,825
4076,device_01,2025-11-12 23:46:51.213968,8,8,57,29.3,47,743.1,775
4077,device_03,2025-11-12 23:47:01.146658,0,0,82,28,50,684.5,675
4078,device_04,2025-11-12 23:47:23.951285,0,0,16,27.6,56,789.4,790
4079,device_05,2025-11-12 23:47:25.153243,0,0,252,26.3,60.9,562.2,513
4080,device_02,2025-11-12 23:47:45.004301,0,0,1053,28.6,52,812.3,812
4081,device_01,2025-11-12 23:47:51.176234,0,0,57,29.4,47,740.1,773
4082,device_03,2025-11-12 23:48:00.983432,0,0,83,28.5,50,685.6,674
4083,device_04,2025-11-12 23:48:24.004493,0,0,16,27.6,56,782.1,781
4084,device_05,2025-11-12 23:48:25.224321,0,0,252,26.2,61,550.2,501
4085,device_02,2025-11-12 23:48:45.856893,0,0,1050,28.5,52,801.9,802
4086,device_01,2025-11-12 23:48:51.010761,0,0,64,29.5,47,739.5,770
4087,device_03,2025-11-12 23:49:01.904901,0,0,82,28.4,50,683.8,675
4088,device_04,2025-11-12 23:49:23.862151,9,10,17,27.6,56,778.9,778
4089,device_05,2025-11-12 23:49:25.108267,0,0,253,26.2,61,551.5,503
4090,device_02,2025-11-12 23:49:45.148247,0,0,1052,28.4,52,796.9,799
4091,device_01,2025-11-12 23:49:51.265357,0,0,80,29.4,47,737,766
4092,device_03,2025-11-12 23:50:01.050204,0,0,82,28.6,50,684.2,673
4093,device_04,2025-11-12 23:50:23.834612,0,0,16,27.6,56,773.9,771
4094,device_05,2025-11-12 23:50:25.093871,0,0,253,26.2,60.8,541.5,491
4095,device_02,2025-11-12 23:50:45.517899,0,0,1057,28.5,52,799.6,799
4096,device_01,2025-11-12 23:50:51.103341,0,0,81,29.3,47,729.2,758
4097,device_03,2025-11-12 23:51:00.931181,0,0,81,28.5,50,683.2,669
4098,device_04,2025-11-12 23:51:23.822905,0,0,16,27.6,56,776.4,773
4099,device_05,2025-11-12 23:51:25.093632,0,0,252,26.1,60.6,547.4,499
4100,device_02,2025-11-12 23:51:45.418904,0,0,1055,28.5,52,797.7,807
4101,device_01,2025-11-12 23:51:51.0523,0,0,80,29.5,47,726.7,755
4102,device_03,2025-11-12 23:52:00.922892,0,0,82,28.3,50,681.6,668
4103,device_04,2025-11-12 23:52:24.171232,0,0,15,27.6,56,777.4,771
4104,device_05,2025-11-12 23:52:25.243599,0,0,252,26.1,60.3,546.2,493
4105,device_02,2025-11-12 23:52:45.318681,0,0,1057,28.5,52,800.4,800
4106,device_01,2025-11-12 23:52:50.991705,20,21,80,29.5,46.5,720.9,749
4107,device_03,2025-11-12 23:53:01.124591,0,0,80,28.5,50,677.3,665
4108,device_04,2025-11-12 23:53:23.981464,0,0,16,27.6,56,768.3,764
4109,device_05,2025-11-12 23:53:25.453667,0,0,250,26,59.8,527.8,471
4110,device_02,2025-11-12 23:53:45.093285,0,0,1052,28.4,52,792.9,792
4111,device_01,2025-11-12 23:53:51.1439,0,0,80,29.5,46,717.8,743
4112,device_03,2025-11-12 23:54:04.014413,0,0,81,28.4,50,675.7,664
4113,device_04,2025-11-12 23:54:24.591125,0,0,17,27.6,55.5,766,761
4114,device_05,2025-11-12 23:54:25.147126,0,0,248,26,59.6,527.8,474
4115,device_02,2025-11-12 23:54:44.950565,1,2,1050,28.4,52,789.6,786
4116,device_01,2025-11-12 23:54:51.079327,0,0,80,29.4,46,715.3,740
4117,device_03,2025-11-12 23:55:01.601521,0,0,80,28.3,49.8,678.3,668
4118,device_04,2025-11-12 23:55:24.123111,17,17,17,27.6,55,769.7,763
4119,device_05,2025-11-12 23:55:25.294055,0,0,247,26,59.3,529.2,474
4120,device_02,2025-11-12 23:55:44.978646,0,0,1053,28.5,51.7,790.6,787
4121,device_01,2025-11-12 23:55:50.908285,0,0,79,29.4,46,713.7,735
4122,device_03,2025-11-12 23:56:00.908354,0,0,79,28.3,49,679.5,670
4123,device_04,2025-11-12 23:56:23.784042,0,0,16,27.6,55,769.1,764
4124,device_05,2025-11-12 23:56:25.069074,0,0,249,25.9,59.1,534.1,481
4125,device_02,2025-11-12 23:56:45.2072,0,0,1051,28.5,51,786.4,789
4126,device_01,2025-11-12 23:56:51.297204,0,0,80,29.5,46,717.4,742
4127,device_03,2025-11-12 23:57:06.159983,0,0,80,28.4,49,677.8,667
4128,device_04,2025-11-12 23:57:23.938747,0,0,15,27.6,55,771.5,767
4129,device_05,2025-11-12 23:57:25.189233,0,0,255,25.9,58.9,548.6,499
4130,device_02,2025-11-12 23:57:45.539932,0,0,1058,28.4,51,796.1,797
4131,device_01,2025-11-12 23:57:50.94085,0,0,80,29.4,45.6,718.5,745
4132,device_03,2025-11-12 23:58:01.612765,0,0,80,28.4,49,678.6,667
4133,device_04,2025-11-12 23:58:24.612335,0,0,17,27.6,54.2,770.8,765
4134,device_05,2025-11-12 23:58:25.240984,0,0,256,25.9,58.7,550.7,499
4135,device_02,2025-11-12 23:58:45.159177,0,0,1053,28.5,51,795.7,800
4136,device_01,2025-11-12 23:58:50.933807,20,21,80,29.5,45,722.7,750
4137,device_03,2025-11-12 23:59:00.915853,0,0,80,28.3,49,680.2,669
4138,device_04,2025-11-12 23:59:24.066218,0,0,16,27.6,54,774,770
4139,device_05,2025-11-12 23:59:25.384772,0,0,256,25.8,58.4,555,508
4140,device_02,2025-11-12 23:59:44.912106,0,0,1049,28.4,51,794.4,797
4141,device_01,2025-11-12 23:59:51.547103,0,0,79,29.4,45,721.8,750
4142,device_03,2025-11-13 00:00:01.540436,0,0,80,28.4,49,680.9,669
4143,device_04,2025-11-13 00:00:24.047284,0,0,17,27.6,54,773.5,769
4144,device_05,2025-11-13 00:00:25.210165,0,0,254,25.8,58.2,558.8,510
4145,device_02,2025-11-13 00:00:44.925259,0,2,1053,28.5,50.8,796.4,793
4146,device_01,2025-11-13 00:00:50.932011,0,0,71,29.6,46.6,842.4,904
4147,device_03,2025-11-13 00:01:01.011524,0,0,79,27.9,49,682.3,673
4148,device_04,2025-11-13 00:01:23.781521,15,15,15,27.6,54,771.9,767
4149,device_05,2025-11-13 00:01:25.240204,0,0,252,25.8,58.2,567.9,522
4150,device_02,2025-11-13 00:01:44.856202,0,0,1049,28.5,50,796.5,800
4151,device_01,2025-11-13 00:01:50.910795,0,0,62,29.4,46.4,817.7,874
4152,device_03,2025-11-13 00:02:01.323758,0,0,79,27.5,49,683.7,671
4153,device_04,2025-11-13 00:02:24.575231,0,0,15,27.6,54,763.6,758
4154,device_05,2025-11-13 00:02:25.135302,0,0,251,25.8,58,573.7,533
4155,device_02,2025-11-13 00:02:44.863194,0,0,1050,28.4,50,791.9,791
4156,device_01,2025-11-13 00:02:50.917862,0,0,61,29.3,45.2,776.4,818
4157,device_03,2025-11-13 00:03:00.951236,0,0,79,27.4,49,685.1,672
4158,device_04,2025-11-13 00:03:24.047605,0,0,16,27.6,53.4,763.2,760
4159,device_05,2025-11-13 00:03:25.335081,0,0,250,25.8,57.6,572.1,525
4160,device_02,2025-11-13 00:03:44.884925,0,0,1050,28.4,50,789.1,790
4161,device_01,2025-11-13 00:03:51.075693,0,0,60,29.6,45,755.6,793
4162,device_03,2025-11-13 00:04:00.934351,0,0,76,27.6,48,679.6,668
4163,device_04,2025-11-13 00:04:23.914657,0,0,17,27.6,53,767.6,763
4164,device_05,2025-11-13 00:04:25.767902,0,0,250,25.8,57.5,577.5,535
4165,device_02,2025-11-13 00:04:44.905078,0,0,1047,28.4,50,788.4,791
4166,device_01,2025-11-13 00:04:50.926995,0,0,60,28.6,45,746.5,780
4167,device_03,2025-11-13 00:05:00.894185,0,0,77,27.5,48,682,670
4168,device_04,2025-11-13 00:05:24.519196,0,0,14,27.6,53,766.5,761
4169,device_05,2025-11-13 00:05:25.112301,0,0,249,25.8,57.2,578.5,537
4170,device_02,2025-11-13 00:05:45.108404,0,0,1053,28.4,49.2,791.4,785
4171,device_01,2025-11-13 00:05:51.028091,0,0,60,28.4,45,742.6,776
4172,device_03,2025-11-13 00:06:01.238448,15,16,75,27.5,48,678.5,668
4173,device_04,2025-11-13 00:06:24.44493,0,0,15,27.6,53,767.3,761
4174,device_05,2025-11-13 00:06:25.160976,0,0,247,25.8,56.9,577.6,534
4175,device_02,2025-11-13 00:06:44.821436,2,3,1051,28.4,49,785.1,791
4176,device_01,2025-11-13 00:06:50.948084,0,0,61,28.6,45,738.2,770
4177,device_03,2025-11-13 00:07:00.952705,0,0,76,27.3,48,680.3,668
4178,device_04,2025-11-13 00:07:24.346877,0,0,16,27.4,53,765.8,758
4179,device_05,2025-11-13 00:07:25.089072,0,0,247,25.8,56.7,582.6,539
4180,device_02,2025-11-13 00:07:44.861771,0,0,1049,28.5,49,785.9,786
4181,device_01,2025-11-13 00:07:50.90855,0,0,60,28.5,45,731.4,760
4182,device_03,2025-11-13 00:08:05.676396,0,0,77,27.4,48,680,667
4183,device_04,2025-11-13 00:08:24.662269,0,0,16,27.1,53,763.1,754
4184,device_05,2025-11-13 00:08:25.09399,0,0,246,25.8,56.5,580.5,535
4185,device_02,2025-11-13 00:08:44.880231,0,0,1051,28.4,49,788.5,788
4186,device_01,2025-11-13 00:08:51.059329,0,0,60,28.5,45,726.1,755
4187,device_03,2025-11-13 00:09:00.88607,0,0,75,27.4,48,676.8,663
4188,device_04,2025-11-13 00:09:24.095661,0,0,14,27.1,52.1,760.1,752
4189,device_05,2025-11-13 00:09:25.80076,0,0,244,25.8,56.3,570.1,525
4190,device_02,2025-11-13 00:09:44.867745,0,0,1047,28.6,49,782,783
4191,device_01,2025-11-13 00:09:51.040765,0,0,60,28.4,45,723.3,749
4192,device_03,2025-11-13 00:10:00.987187,0,0,75,27.5,47.7,679.6,669
4193,device_04,2025-11-13 00:10:23.972406,0,0,15,27.1,52,757.7,753
4194,device_05,2025-11-13 00:10:25.128839,0,0,244,25.8,56,562.1,515
4195,device_02,2025-11-13 00:10:44.939611,0,0,1048,28.4,48.7,784.2,777
4196,device_01,2025-11-13 00:10:50.882369,0,0,60,28.4,45,720.3,747
4197,device_03,2025-11-13 00:11:01.079374,0,0,75,27.3,47,681.2,667
4198,device_04,2025-11-13 00:11:23.778475,0,0,15,27.1,52,760.5,751
4199,device_05,2025-11-13 00:11:25.346468,0,0,243,25.8,55.8,556.7,504
4200,device_02,2025-11-13 00:11:44.822346,0,0,1047,28.5,48,781.3,782
4201,device_01,2025-11-13 00:11:50.919961,0,0,60,28.5,45,719.3,744
4202,device_03,2025-11-13 00:12:00.930133,0,0,75,27.4,47,679.2,667
4203,device_04,2025-11-13 00:12:23.827507,0,0,15,27.1,52,760.8,751
4204,device_05,2025-11-13 00:12:25.070027,0,0,244,25.8,55.6,560.2,511
4205,device_02,2025-11-13 00:12:44.821449,0,0,1049,28.6,48,785.8,783
4206,device_01,2025-11-13 00:12:51.465453,0,0,60,28.4,45,718.8,744
4207,device_03,2025-11-13 00:13:01.273212,0,0,77,27.6,47,677.1,665
4208,device_04,2025-11-13 00:13:23.82535,0,0,16,27.1,52,764.1,758
4209,device_05,2025-11-13 00:13:25.060103,0,0,244,25.8,55.5,562.3,516
4210,device_02,2025-11-13 00:13:44.836256,0,0,1054,28.3,48,793.9,795
4211,device_01,2025-11-13 00:13:50.937478,0,0,60,28.5,45,717,742
4212,device_03,2025-11-13 00:14:01.188543,0,0,76,27.6,47,679.6,666
4213,device_04,2025-11-13 00:14:23.919857,0,0,16,27.1,52,763.1,756
4214,device_05,2025-11-13 00:14:25.070786,0,0,244,25.8,55.2,561.4,512
4215,device_02,2025-11-13 00:14:44.832565,0,0,1045,28.2,48,782,785
4216,device_01,2025-11-13 00:14:50.922858,0,0,61,28.4,45,715.5,739
4217,device_03,2025-11-13 00:15:01.211251,0,0,75,27.4,47,672.7,660
4218,device_04,2025-11-13 00:15:24.639911,0,0,16,27.1,51.3,760.9,753
4219,device_05,2025-11-13 00:15:25.263006,0,0,244,25.8,55.1,557.6,507
4220,device_02,2025-11-13 00:15:44.957222,0,0,1051,28.5,47.8,788.3,783
4221,device_01,2025-11-13 00:15:50.928237,0,0,60,28.4,45,713.2,738
4222,device_03,2025-11-13 00:16:02.740371,0,0,76,27.3,47,681,669
4223,device_04,2025-11-13 00:16:24.282909,0,0,17,27.1,51,759.7,754
4224,device_05,2025-11-13 00:16:25.290117,0,0,245,25.8,55,567.8,523
4225,device_02,2025-11-13 00:16:44.850355,0,0,1046,28.3,47.2,782.7,783
4226,device_01,2025-11-13 00:16:50.958529,0,0,60,28.6,44.3,712.4,734
4227,device_03,2025-11-13 00:17:01.323138,0,0,77,27.5,46.9,679.4,666
4228,device_04,2025-11-13 00:17:24.319441,0,0,16,27.1,51,763.9,756
4229,device_05,2025-11-13 00:17:25.514493,0,0,245,25.8,54.9,573,531
4230,device_02,2025-11-13 00:17:45.009136,0,0,1047,28.3,47,782.6,779
4231,device_01,2025-11-13 00:17:50.861181,0,0,60,28.5,44.2,707.9,731
4232,device_03,2025-11-13 00:18:01.140192,0,0,77,27.4,46,682.1,669
4233,device_04,2025-11-13 00:18:23.748826,0,0,18,27.1,51,761.9,756
4234,device_05,2025-11-13 00:18:25.110836,0,0,246,25.9,54.7,576.5,534
4235,device_02,2025-11-13 00:18:45.354285,0,0,1047,28.4,47,782.1,783
4236,device_01,2025-11-13 00:18:50.89028,0,0,61,28.6,44,708.5,733
4237,device_03,2025-11-13 00:19:01.433404,0,0,77,27.5,46,677.5,662
4238,device_04,2025-11-13 00:19:23.849153,0,0,19,27.1,51,760.6,755
4239,device_05,2025-11-13 00:19:25.622701,0,0,246,25.9,54.6,570.8,526
4240,device_02,2025-11-13 00:19:44.802136,0,0,1044,28.5,47,779.5,782
4241,device_01,2025-11-13 00:19:53.82224,0,0,67,28.4,45.5,718.2,745
4242,device_03,2025-11-13 00:20:00.837914,0,0,77,27.3,46,680,669
4243,device_04,2025-11-13 00:20:23.850739,0,0,18,27.1,51,756.2,748
4244,device_05,2025-11-13 00:20:25.225531,0,0,246,25.9,54.7,559.8,511
4245,device_02,2025-11-13 00:20:44.930435,0,0,1045,28.5,47,779.2,772
4246,device_03,2025-11-13 00:21:01.131044,0,0,78,27.5,46,678.9,666
4247,device_04,2025-11-13 00:21:23.883036,0,0,18,27.1,51,758,752
4248,device_05,2025-11-13 00:21:25.645415,0,0,247,25.9,54.8,573,530
4249,device_02,2025-11-13 00:21:45.131887,0,0,1047,28.5,47,778.9,780
4250,device_03,2025-11-13 00:22:00.960078,0,0,77,27.4,46,677.6,663
4251,device_04,2025-11-13 00:22:23.999502,0,0,19,27.1,51,768.7,763
4252,device_05,2025-11-13 00:22:25.15881,0,0,247,25.9,54.9,585.5,543
4253,device_02,2025-11-13 00:22:44.997159,0,0,1050,28.4,47,791,789
4254,device_03,2025-11-13 00:23:00.938438,0,0,78,27.5,46,680.7,670
4255,device_04,2025-11-13 00:23:24.214619,55,66,20,27.5,51,772.6,767
4256,device_05,2025-11-13 00:23:25.760289,0,0,249,26,55,592.7,552
4257,device_02,2025-11-13 00:23:44.969286,0,0,1048,28.5,47,794.3,793
4258,device_03,2025-11-13 00:24:01.268707,0,0,78,27.4,46,677.8,665
4259,device_04,2025-11-13 00:24:24.40655,0,0,19,27.6,51,774.4,771
4260,device_05,2025-11-13 00:24:25.347889,49,58,249,26,55.1,599.2,564
4261,device_02,2025-11-13 00:24:44.815682,0,0,1047,28.4,47,795.9,795
4262,device_04,2025-11-13 00:25:23.852017,0,0,19,27.6,51,778.6,776
4263,device_05,2025-11-13 00:25:25.267918,49,57,249,26.1,55.4,604,568
4264,device_05,2025-11-13 00:26:25.872122,0,0,251,26.2,55.6,610,572
4265,device_03,2025-11-13 00:30:01.130749,0,0,73,28.4,46.7,696.2,688
4266,device_02,2025-11-13 00:30:45.206399,0,0,1054,28.6,48,825.5,835
4267,device_03,2025-11-13 00:31:01.211704,0,0,79,28.5,47,695.7,688
4268,device_04,2025-11-13 00:31:24.557359,0,0,15,28,51.2,796.8,796
4269,device_02,2025-11-13 00:31:45.088845,0,0,1052,28.4,48,812.5,819
4270,device_03,2025-11-13 00:32:01.038942,0,0,81,28.5,47,696.9,690
4271,device_04,2025-11-13 00:32:24.466307,0,0,19,28,51.6,796.2,798
4272,device_05,2025-11-13 00:32:25.129164,0,0,242,26.6,56.7,625.4,591
4273,device_02,2025-11-13 00:32:44.891338,0,0,1053,28.5,48,817.1,823
4274,device_03,2025-11-13 00:33:01.140613,0,0,80,28.5,47,697.4,689
4275,device_04,2025-11-13 00:33:23.885424,0,0,19,28,52,795.7,796
4276,device_05,2025-11-13 00:33:25.281,0,0,252,26.7,57,625.2,594
4277,device_02,2025-11-13 00:33:45.121353,8,8,1052,28.4,48,814.5,825
4278,device_03,2025-11-13 00:34:00.983155,0,0,82,28.5,47,695.9,688
4279,device_04,2025-11-13 00:34:24.432174,0,0,20,28,52,796.5,799
4280,device_05,2025-11-13 00:34:25.199601,0,0,254,26.7,57.2,626.1,593
4281,device_02,2025-11-13 00:34:44.897479,0,0,1052,28.5,49,815.9,820
4282,device_03,2025-11-13 00:35:00.900789,0,0,82,28.5,47.8,699.7,692
4283,device_04,2025-11-13 00:35:23.865245,0,0,21,28,52,798.6,802
4284,device_05,2025-11-13 00:35:25.156727,0,0,256,26.8,57.4,631,597
4285,device_02,2025-11-13 00:35:44.871165,0,0,1054,28.5,49,815.9,822
4286,device_03,2025-11-13 00:36:00.917067,0,0,81,28.5,48,701.7,694
4287,device_04,2025-11-13 00:36:24.38435,0,0,19,28,52,797.4,801
4288,device_05,2025-11-13 00:36:25.428191,0,0,256,26.8,57.7,629.6,601
4289,device_02,2025-11-13 00:36:44.905623,0,0,1054,28.5,49,821.7,831
4290,device_03,2025-11-13 00:37:00.945757,0,0,83,28.4,48,703.1,696
4291,device_04,2025-11-13 00:37:24.052317,0,0,22,28,52.5,802.5,806
4292,device_05,2025-11-13 00:37:25.274395,0,0,256,26.9,57.9,632.6,602
4293,device_02,2025-11-13 00:37:44.920514,0,0,1055,28.5,49,825.2,832
4294,device_03,2025-11-13 00:38:01.054957,0,0,83,28.5,48,702.6,694
4295,device_04,2025-11-13 00:38:24.190542,0,0,21,28.2,53,801.3,804
4296,device_05,2025-11-13 00:38:25.198506,0,0,258,26.9,58.1,639.4,609
4297,device_02,2025-11-13 00:38:45.503439,0,0,1052,28.5,49.4,824.4,831
4298,device_03,2025-11-13 00:39:01.012063,0,0,83,28.5,48.7,702.8,695
4299,device_04,2025-11-13 00:39:23.859548,0,0,20,28.5,53,803.4,804
4300,device_05,2025-11-13 00:39:25.210752,0,0,259,27,58.7,631.4,600
4301,device_02,2025-11-13 00:39:45.149693,0,0,1058,28.5,50,824.2,831
4302,device_03,2025-11-13 00:40:00.988427,0,0,83,28.5,49,700.6,693
4303,device_04,2025-11-13 00:40:23.855278,0,0,20,28.5,53.4,801.9,804
4304,device_05,2025-11-13 00:40:26.359201,28,30,258,27,59.4,630.3,599
4305,device_02,2025-11-13 00:40:45.04722,0,0,1054,28.4,50,819,824
4306,device_03,2025-11-13 00:41:00.893644,0,0,83,28.4,49,704.9,699
4307,device_04,2025-11-13 00:41:23.860096,0,0,20,28.5,54,803.4,808
4308,device_05,2025-11-13 00:41:25.20686,28,30,258,27.1,59.9,633.5,604
4309,device_02,2025-11-13 00:41:44.97058,0,0,1055,28.4,51,821.6,826
4310,device_03,2025-11-13 00:42:00.960818,0,0,83,28.6,49.7,707.5,700
4311,device_04,2025-11-13 00:42:24.061879,0,0,21,28.5,54.2,805.9,806
4312,device_05,2025-11-13 00:42:25.136099,0,0,260,27.1,60.1,639.9,611
4313,device_02,2025-11-13 00:42:44.911349,0,0,1056,28.8,51,824.5,827
4314,device_03,2025-11-13 00:43:01.024609,0,0,84,28.5,50,705.1,702
4315,device_04,2025-11-13 00:43:23.8522,0,0,21,28.5,55,807.5,811
4316,device_05,2025-11-13 00:43:25.158038,0,0,258,27.2,60.4,639.1,607
4317,device_02,2025-11-13 00:43:45.091443,0,0,1059,29.5,51,829.1,838
4318,device_03,2025-11-13 00:44:00.928125,0,0,83,28.5,50,707.7,701
4319,device_04,2025-11-13 00:44:23.884737,0,0,22,28.5,55,809.3,810
4320,device_05,2025-11-13 00:44:25.37165,0,0,259,27.2,60.6,641.2,613
4321,device_02,2025-11-13 00:44:45.002925,0,0,1060,29.1,51,827.2,836
4322,device_03,2025-11-13 00:45:00.899414,0,0,84,28.3,50,710.4,704
4323,device_04,2025-11-13 00:45:23.903617,0,0,21,28.5,55.2,810.8,811
4324,device_05,2025-11-13 00:45:25.209298,0,0,263,27.3,60.8,642.7,612
4325,device_02,2025-11-13 00:45:44.948673,0,0,1064,29.3,51,836.6,846
4326,device_03,2025-11-13 00:46:01.148992,0,0,84,28.7,50.5,709.2,703
4327,device_04,2025-11-13 00:46:23.815467,0,0,20,28.5,56,809.8,814
4328,device_05,2025-11-13 00:46:26.142801,0,0,262,27.3,61,644.4,617
4329,device_02,2025-11-13 00:46:44.883881,0,0,1059,29.6,51.7,833.7,844
4330,device_03,2025-11-13 00:47:00.952018,0,0,84,29.6,50,710.2,704
4331,device_04,2025-11-13 00:47:23.898513,0,0,21,28.5,56,812.3,814
4332,device_05,2025-11-13 00:47:25.360376,0,0,263,27.4,61.3,641.6,612
4333,device_02,2025-11-13 00:47:45.073364,0,0,1063,29.3,52,833.1,840
4334,device_03,2025-11-13 00:48:02.619135,0,0,85,29.4,50.8,714.1,711
4335,device_04,2025-11-13 00:48:23.821849,0,0,22,28.7,56,811.3,815
4336,device_05,2025-11-13 00:48:25.298996,0,0,264,27.4,61.6,640.9,609
4337,device_02,2025-11-13 00:48:45.018155,0,0,1060,29.5,52,831,843
4338,device_03,2025-11-13 00:49:01.078552,0,0,85,29.4,51,712.6,707
4339,device_04,2025-11-13 00:49:23.845278,0,0,20,28.9,56.2,812.6,819
4340,device_05,2025-11-13 00:49:25.210783,0,0,266,27.4,61.7,644,619
4341,device_02,2025-11-13 00:49:45.042376,0,0,1060,29.5,52,835,843
4342,device_03,2025-11-13 00:50:01.083995,30,32,91,29.4,51,709.9,699
4343,device_04,2025-11-13 00:50:24.478319,0,0,11,28.9,57.1,802.6,804
4344,device_05,2025-11-13 00:50:25.139132,0,0,276,27.5,61.7,643.2,615
4345,device_02,2025-11-13 00:50:44.887759,6,6,1067,29.6,53,829.6,837
4346,device_03,2025-11-13 00:51:00.909731,29,31,97,29.5,51,724.5,724
4347,device_04,2025-11-13 00:51:23.846179,0,0,3,28.9,58,803.9,805
4348,device_05,2025-11-13 00:51:25.164587,0,0,275,27.5,62,644.2,616
4349,device_02,2025-11-13 00:51:44.908617,0,0,1065,29.5,53,831.3,847
4350,device_03,2025-11-13 00:52:00.982858,0,0,95,29.6,51,730.1,730
4351,device_04,2025-11-13 00:52:24.390187,0,0,4,28.9,58,801.8,805
4352,device_05,2025-11-13 00:52:25.30021,0,0,274,27.5,62.2,645.9,622
4353,device_02,2025-11-13 00:52:44.929901,0,0,1065,29.3,53,838.4,845
4354,device_03,2025-11-13 00:53:01.209853,0,0,93,29.5,51,731.9,731
4355,device_04,2025-11-13 00:53:23.898457,0,0,6,28.9,58,803.7,810
4356,device_05,2025-11-13 00:53:25.141556,0,0,275,27.6,62.8,635,604
4357,device_02,2025-11-13 00:53:44.874165,0,0,1067,29.4,53,831.3,838
4358,device_03,2025-11-13 00:54:01.388832,0,0,92,29.7,51.1,730.4,729
4359,device_04,2025-11-13 00:54:24.077558,0,0,8,28.9,58,807.5,814
4360,device_05,2025-11-13 00:54:25.161016,0,0,275,27.7,62.9,643.6,616
4361,device_02,2025-11-13 00:54:45.077166,0,0,1066,29.4,53,835,845
4362,device_03,2025-11-13 00:55:01.1974,0,0,90,29.5,52,737,740
4363,device_04,2025-11-13 00:55:23.828595,0,0,8,28.9,58,810.7,816
4364,device_05,2025-11-13 00:55:25.265614,0,0,275,27.7,62.8,645.6,618
4365,device_02,2025-11-13 00:55:45.065841,0,0,1068,30.4,52,841.3,852
4366,device_03,2025-11-13 00:56:01.130567,0,0,89,29.4,52,738.9,740
4367,device_04,2025-11-13 00:56:23.812897,0,0,10,28.9,58,812.5,816
4368,device_05,2025-11-13 00:56:25.452654,0,0,274,27.8,62.7,649.7,620
4369,device_02,2025-11-13 00:56:44.942109,0,0,1069,30.5,52,841.6,852
4370,device_03,2025-11-13 00:57:01.112633,0,0,89,29.4,52,738.5,742
4371,device_04,2025-11-13 00:57:23.856084,0,0,12,28.9,58,812.6,817
4372,device_05,2025-11-13 00:57:25.15965,0,0,271,27.8,62.9,643.5,617
4373,device_02,2025-11-13 00:57:44.904359,0,0,1071,30.3,52,841.3,854
4374,device_03,2025-11-13 00:58:00.955289,0,0,87,29.6,52,736.8,737
4375,device_04,2025-11-13 00:58:24.061497,0,0,13,28.9,58,814.6,820
4376,device_05,2025-11-13 00:58:25.151147,0,0,272,27.9,63,646.8,617
4377,device_02,2025-11-13 00:58:45.519747,0,0,1071,30.4,52,846,863
4378,device_03,2025-11-13 00:59:00.950094,0,0,88,29.4,52,741.3,744
4379,device_04,2025-11-13 00:59:23.819869,0,0,13,29,58,815.4,819
4380,device_05,2025-11-13 00:59:25.464517,0,0,272,27.9,62.9,645.7,619
4381,device_02,2025-11-13 00:59:44.997896,0,0,1073,30.4,52,849.4,863
4382,device_03,2025-11-13 01:00:01.069553,0,0,87,29.5,52.1,738.3,738
4383,device_04,2025-11-13 01:00:24.167053,0,0,14,29.3,58,817,824
4384,device_05,2025-11-13 01:00:25.14639,0,0,272,27.9,62.9,649.6,625
4385,device_02,2025-11-13 01:00:45.506346,0,0,1075,30.4,52,852.2,862
4386,device_03,2025-11-13 01:01:01.090782,21,23,87,29.6,53,740.3,744
4387,device_04,2025-11-13 01:01:23.84712,0,0,15,29.3,58,817,821
4388,device_05,2025-11-13 01:01:25.157637,0,0,272,28,62.8,650.7,624
4389,device_02,2025-11-13 01:01:44.961141,0,0,1075,30.4,52,851.3,869
4390,device_03,2025-11-13 01:02:01.061593,21,23,87,29.5,53,738.2,743
4391,device_04,2025-11-13 01:02:23.818295,0,0,15,29.3,58,820.6,825
4392,device_05,2025-11-13 01:02:25.499197,0,0,271,28,63,648.3,623
4393,device_02,2025-11-13 01:02:45.444605,0,0,1078,30.4,52,855.2,865
4394,device_03,2025-11-13 01:03:01.061155,0,0,87,29.6,53,742.4,748
4395,device_04,2025-11-13 01:03:23.834453,0,0,13,29.3,58,819.4,826
4396,device_05,2025-11-13 01:03:25.252057,0,0,270,28,63.1,653.3,628
4397,device_02,2025-11-13 01:03:44.878051,0,0,1076,30.3,52,853.9,872
4398,device_03,2025-11-13 01:04:01.192673,0,0,88,29.5,53,744,749
4399,device_04,2025-11-13 01:04:23.834437,0,0,15,29.3,58,822.5,829
4400,device_05,2025-11-13 01:04:25.373513,0,0,272,28,63.1,654.4,628
4401,device_02,2025-11-13 01:04:45.478743,0,0,1078,30.3,52,859.1,873
4402,device_03,2025-11-13 01:05:01.01851,0,0,88,29.4,53,747.6,751
4403,device_04,2025-11-13 01:05:23.814962,0,0,15,29.3,58.7,821.4,829
4404,device_05,2025-11-13 01:05:25.146025,0,0,273,28.1,63.3,653.6,628
4405,device_02,2025-11-13 01:05:44.949946,0,0,1081,30.4,52,860.7,871
4406,device_03,2025-11-13 01:06:00.931554,0,0,87,29.5,53.9,748,755
4407,device_04,2025-11-13 01:06:23.834289,0,0,15,29.3,59,824.4,831
4408,device_05,2025-11-13 01:06:25.14541,0,0,272,28.1,63.3,656.4,631
4409,device_02,2025-11-13 01:06:45.064884,0,0,1080,30.4,52,854.5,877
4410,device_03,2025-11-13 01:07:01.062036,0,0,86,29.6,54,751.4,756
4411,device_04,2025-11-13 01:07:23.89279,8,8,16,29.3,59,820.9,825
4412,device_05,2025-11-13 01:07:25.389306,0,0,274,28.1,63.8,651.6,622
4413,device_02,2025-11-13 01:07:45.003415,0,0,1081,31.3,52,853.9,868
4414,device_03,2025-11-13 01:08:00.999308,0,0,87,29.1,54,753.3,756
4415,device_04,2025-11-13 01:08:24.412236,7,7,15,29.3,59,823.2,832
4416,device_05,2025-11-13 01:08:25.227021,0,0,274,28.2,64.1,649.9,625
4417,device_02,2025-11-13 01:08:45.054295,0,0,1079,31.4,51.7,859.1,875
4418,device_03,2025-11-13 01:09:00.974665,0,0,87,29.4,54,752,757
4419,device_04,2025-11-13 01:09:24.016543,0,0,15,29.3,59,821.2,829
4420,device_05,2025-11-13 01:09:25.218403,0,0,274,28.2,64.1,637.4,608
4421,device_02,2025-11-13 01:09:45.166924,0,0,1080,31.4,51.8,858.5,872
4422,device_03,2025-11-13 01:10:01.105336,0,0,86,29.4,54,748.4,752
4423,device_04,2025-11-13 01:10:23.870899,0,0,13,29.3,59,821.4,830
4424,device_05,2025-11-13 01:10:25.144659,0,0,274,28.3,64.1,646.8,617
4425,device_02,2025-11-13 01:10:45.193411,0,0,1083,31.5,51.9,856.8,870
4426,device_03,2025-11-13 01:11:01.321374,0,0,87,29.5,54.7,751.7,754
4427,device_04,2025-11-13 01:11:23.927082,0,0,15,29.3,60,821.9,829
4428,device_05,2025-11-13 01:11:25.143189,0,0,275,28.3,64,650.5,622
4429,device_02,2025-11-13 01:11:44.899353,0,0,1083,31.5,52,856.2,875
4430,device_03,2025-11-13 01:12:01.180037,0,0,86,29.5,55,749.3,754
4431,device_04,2025-11-13 01:12:23.80693,0,0,16,29.3,60,824.4,831
4432,device_05,2025-11-13 01:12:25.289443,0,0,274,28.4,63.9,649.4,621
4433,device_02,2025-11-13 01:12:45.101402,26,27,1082,31.4,51.7,859.2,872
4434,device_03,2025-11-13 01:13:01.239046,6656,6660,86,29.4,55,750.8,755
4435,device_04,2025-11-13 01:13:23.829893,0,0,16,29.3,60,825.2,830
4436,device_05,2025-11-13 01:13:25.697284,0,0,274,28.4,63.9,653.2,627
4437,device_02,2025-11-13 01:13:44.990713,27,28,1084,31.5,51.7,859.4,873
4438,device_03,2025-11-13 01:14:02.09237,0,0,86,29.5,55,747.6,752
4439,device_04,2025-11-13 01:14:23.830169,0,0,16,29.5,60,826.9,833
4440,device_05,2025-11-13 01:14:25.142956,0,0,274,28.4,63.9,655.2,627
4441,device_02,2025-11-13 01:14:45.502289,0,0,1081,31.5,51.2,858.3,876
4442,device_03,2025-11-13 01:15:00.981759,0,0,86,29.4,55,750.3,758
4443,device_04,2025-11-13 01:15:24.037823,0,0,17,29.8,60,828.2,834
4444,device_05,2025-11-13 01:15:25.128973,0,0,273,28.5,63.8,657.2,630
4445,device_02,2025-11-13 01:15:45.040319,0,0,1086,31.4,51.9,862,876
4446,device_03,2025-11-13 01:16:00.960625,0,0,87,29.4,55,754.3,759
4447,device_04,2025-11-13 01:16:23.969956,0,0,15,29.8,60,827.5,837
4448,device_05,2025-11-13 01:16:25.211854,0,0,273,28.5,63.8,655.7,631
4449,device_02,2025-11-13 01:16:45.076951,0,0,1085,31.4,51.9,863.2,884
4450,device_03,2025-11-13 01:17:00.935681,0,0,85,29.5,55,752.4,756
4451,device_04,2025-11-13 01:17:23.873589,0,0,14,29.8,60,830.6,839
4452,device_05,2025-11-13 01:17:25.436779,0,0,274,28.5,63.8,661.9,634
4453,device_02,2025-11-13 01:17:44.93718,0,0,1085,31.3,51.8,864,877
4454,device_03,2025-11-13 01:18:01.036003,29,30,86,29.5,55,754.4,764
4455,device_04,2025-11-13 01:18:24.091898,0,0,15,29.8,60,832.1,839
4456,device_05,2025-11-13 01:18:25.269128,0,0,273,28.5,63.8,660.3,637
4457,device_02,2025-11-13 01:18:44.916965,0,0,1088,31.3,52,866.1,885
4458,device_03,2025-11-13 01:19:00.965735,0,0,85,29.4,55,755.5,762
4459,device_04,2025-11-13 01:19:24.080562,12,13,15,29.8,60,832.6,841
4460,device_05,2025-11-13 01:19:25.307507,0,0,273,28.5,63.8,661.8,637
4461,device_02,2025-11-13 01:19:44.882416,0,0,1084,31.5,52,866.3,886
4462,device_03,2025-11-13 01:20:01.009316,0,0,86,29.3,55.8,757.9,766
4463,device_04,2025-11-13 01:20:24.061903,0,0,15,29.8,60,834.1,842
4464,device_05,2025-11-13 01:20:25.34888,0,0,275,28.6,63.8,662,638
4465,device_02,2025-11-13 01:20:44.889244,0,0,1091,31.5,52,870.6,885
4466,device_03,2025-11-13 01:21:01.216337,0,0,85,29.5,56,758.8,767
4467,device_04,2025-11-13 01:21:23.845819,0,0,15,29.8,60,833.1,841
4468,device_05,2025-11-13 01:21:25.14155,0,0,274,28.6,63.9,662.2,640
4469,device_02,2025-11-13 01:21:45.086493,0,0,1088,31.4,52,865,887
4470,device_03,2025-11-13 01:22:01.087812,0,0,85,29.4,56,761.7,767
4471,device_04,2025-11-13 01:22:24.434138,0,0,14,29.8,60,834.1,843
4472,device_05,2025-11-13 01:22:25.133275,0,0,274,28.6,63.9,664.2,642
4473,device_02,2025-11-13 01:22:44.857243,0,0,1089,31.5,52,869.2,888
4474,device_03,2025-11-13 01:23:01.048701,0,0,86,29.4,56,761.4,769
4475,device_04,2025-11-13 01:23:24.000349,0,0,15,29.8,60.7,836,844
4476,device_05,2025-11-13 01:23:25.17556,0,0,275,28.6,64,664.8,644
4477,device_02,2025-11-13 01:23:44.937522,0,0,1091,31.5,52,871.4,884
4478,device_03,2025-11-13 01:24:00.983754,0,0,86,29.4,56,761.4,770
4479,device_04,2025-11-13 01:24:24.109644,0,0,16,29.8,61,837.7,846
4480,device_05,2025-11-13 01:24:25.76155,0,0,274,28.7,64.1,663,641
4481,device_02,2025-11-13 01:24:44.972244,28,29,1090,31.6,52,870.4,893
4482,device_04,2025-11-13 01:25:23.833419,0,0,14,29.8,61,836.2,847
4483,device_05,2025-11-13 01:25:25.410563,36,40,276,28.7,64.1,665.9,642
4484,device_05,2025-11-13 01:26:26.014257,0,0,273,28.7,64.2,664.9,640
4485,device_03,2025-11-13 01:30:01.129947,0,0,78,29.3,56,768.2,776
4486,device_02,2025-11-13 01:30:44.934808,0,0,1099,31.4,52,890.1,914
4487,device_03,2025-11-13 01:31:00.976048,0,0,81,29.5,56.8,761.3,772
4488,device_04,2025-11-13 01:31:23.819601,0,0,12,29.8,61,844.8,857
4489,device_02,2025-11-13 01:31:44.897715,0,0,1092,31.5,52,875.7,897
4490,device_03,2025-11-13 01:32:01.298218,0,0,84,29.5,57,767,775
4491,device_04,2025-11-13 01:32:24.093796,0,0,14,29.8,61.4,845,858
4492,device_05,2025-11-13 01:32:25.360261,0,0,263,28.8,64.7,668.8,646
4493,device_02,2025-11-13 01:32:44.969909,0,0,1091,31.4,52,874.8,895
4494,device_03,2025-11-13 01:33:00.976245,0,0,86,29.3,57,769.5,779
4495,device_04,2025-11-13 01:33:24.056972,0,0,16,29.8,62,844.2,857
4496,device_05,2025-11-13 01:33:25.17867,0,0,274,28.9,65.4,670.9,648
4497,device_02,2025-11-13 01:33:44.955649,0,0,1094,31.4,52.7,881.1,905
4498,device_03,2025-11-13 01:34:00.993768,27,27,85,29.5,57,769.5,780
4499,device_04,2025-11-13 01:34:24.441541,0,0,16,29.8,62,845.6,857
4500,device_05,2025-11-13 01:34:25.382826,0,0,276,28.9,65.9,672.4,650
4501,device_02,2025-11-13 01:34:44.919264,0,0,1096,31.5,53,887.2,910
4502,device_03,2025-11-13 01:35:01.08909,0,0,85,29.5,57,769.5,780
4503,device_04,2025-11-13 01:35:23.844034,0,0,17,29.8,62,843.3,854
4504,device_05,2025-11-13 01:35:25.451616,0,0,278,28.9,65.8,671.8,648
4505,device_02,2025-11-13 01:35:44.863834,0,0,1097,31.4,53,881.1,897
4506,device_03,2025-11-13 01:36:00.930216,0,0,85,29.5,57,771.3,781
4507,device_04,2025-11-13 01:36:24.441783,0,0,17,30,61.2,848.2,861
4508,device_05,2025-11-13 01:36:25.126363,38,45,283,28.9,65.9,678.5,658
4509,device_02,2025-11-13 01:36:44.935952,0,0,1096,31.4,53,878.6,903
4510,device_03,2025-11-13 01:37:01.336565,0,0,87,29.5,57,770,779
4511,device_04,2025-11-13 01:37:23.810615,0,0,18,30.2,62,847.4,859
4512,device_05,2025-11-13 01:37:25.213643,0,0,284,28.9,66.6,675.7,656
4513,device_02,2025-11-13 01:37:44.929596,0,0,1095,31.5,53,882.5,902
4514,device_03,2025-11-13 01:38:00.986736,0,0,87,29.5,57.8,774.4,784
4515,device_04,2025-11-13 01:38:23.987866,0,0,19,30.2,62,849.3,860
4516,device_05,2025-11-13 01:38:25.215356,0,0,285,29,67.1,682.4,660
4517,device_02,2025-11-13 01:38:44.872562,0,0,1095,31.5,53,883.4,905
4518,device_03,2025-11-13 01:39:01.577669,0,0,87,29.4,58,770.4,782
4519,device_04,2025-11-13 01:39:23.893721,0,0,20,30.2,62,848,861
4520,device_05,2025-11-13 01:39:25.143731,0,0,289,29,68.3,682.3,664
4521,device_02,2025-11-13 01:39:44.975018,0,0,1096,31.4,53,881.1,901
4522,device_03,2025-11-13 01:40:01.072424,25,25,89,29.4,58,773.8,784
4523,device_04,2025-11-13 01:40:24.488512,0,0,18,30.2,62,850.2,861
4524,device_05,2025-11-13 01:40:25.16006,0,0,288,29,68.9,679.9,662
4525,device_02,2025-11-13 01:40:45.47646,0,0,1098,31.4,53,886,907
4526,device_03,2025-11-13 01:41:00.977853,0,0,88,29.4,58,773.6,785
4527,device_04,2025-11-13 01:41:23.861532,0,0,20,30.2,62,849.5,858
4528,device_05,2025-11-13 01:41:25.118138,39,46,286,29,68.9,677.3,657
4529,device_02,2025-11-13 01:41:45.083252,0,0,1096,31.4,53,883.8,907
4530,device_03,2025-11-13 01:42:01.061568,0,0,88,29.7,58,774.4,787
4531,device_04,2025-11-13 01:42:24.027899,0,0,19,30.2,62,846.3,861
4532,device_05,2025-11-13 01:42:25.338439,39,46,285,29,68.7,677.7,658
4533,device_02,2025-11-13 01:42:44.84801,0,0,1100,32,53,883.4,904
4534,device_03,2025-11-13 01:43:00.990606,0,0,86,29.4,58,775.4,782
4535,device_04,2025-11-13 01:43:23.881066,0,0,19,30.2,62,849,861
4536,device_05,2025-11-13 01:43:25.155345,0,0,283,29,68.2,676.4,652
4537,device_02,2025-11-13 01:43:44.891956,0,0,1101,32.4,52.7,891.3,918
4538,device_03,2025-11-13 01:44:01.057948,0,0,86,29.4,58,773.4,786
4539,device_04,2025-11-13 01:44:24.408834,0,0,19,30.2,62,849.6,862
4540,device_05,2025-11-13 01:44:25.097124,0,0,282,29,67.7,674.1,652
4541,device_02,2025-11-13 01:44:44.959509,0,0,1098,32.4,52.8,887.5,910
4542,device_03,2025-11-13 01:45:00.928203,27,27,86,29.4,58,774.2,783
4543,device_04,2025-11-13 01:45:23.815446,0,0,18,30.2,62,851.1,861
4544,device_05,2025-11-13 01:45:25.152493,0,0,281,29.1,67.3,672.9,653
4545,device_02,2025-11-13 01:45:44.965587,0,0,1098,32.3,52.9,883.9,905
4546,device_03,2025-11-13 01:46:01.51149,28,28,86,29.3,58.3,776.4,788
4547,device_04,2025-11-13 01:46:24.564324,0,0,18,30.2,62,851.5,864
4548,device_05,2025-11-13 01:46:25.658729,0,0,281,29.1,67,677.2,654
4549,device_02,2025-11-13 01:46:45.011375,0,0,1097,32.5,53,887.4,912
4550,device_03,2025-11-13 01:47:00.897,0,0,87,29.5,58.8,776.6,789
4551,device_04,2025-11-13 01:47:23.850331,0,0,18,30.2,62,851.9,864
4552,device_05,2025-11-13 01:47:25.363527,0,0,280,29.1,66.8,673.8,655
4553,device_02,2025-11-13 01:47:45.124668,0,0,1102,32.4,53,890.6,914
4554,device_03,2025-11-13 01:48:01.041542,0,0,87,29.4,59,776.6,787
4555,device_04,2025-11-13 01:48:24.117098,0,0,18,30.2,62,852.1,864
4556,device_05,2025-11-13 01:48:25.096472,0,0,280,29.1,66.7,674.5,652
4557,device_02,2025-11-13 01:48:44.832938,0,0,1098,32.4,53,888.9,909
4558,device_03,2025-11-13 01:49:00.911112,0,0,85,29.4,59,775.3,785
4559,device_04,2025-11-13 01:49:23.906892,0,0,19,30.2,62,850,863
4560,device_05,2025-11-13 01:49:25.188895,0,0,280,29.1,66.7,674.9,651
4561,device_02,2025-11-13 01:49:44.818726,0,0,1100,32.4,53,885.1,911
4562,device_03,2025-11-13 01:50:00.998509,0,0,84,29.4,59,777.3,788
4563,device_04,2025-11-13 01:50:24.390946,0,0,19,30.2,62,850,864
4564,device_05,2025-11-13 01:50:25.175429,0,0,278,29.1,66.7,673.5,655
4565,device_02,2025-11-13 01:50:44.886358,0,0,1102,32.4,53,891.8,912
4566,device_03,2025-11-13 01:51:01.032494,0,0,86,29.5,59,776.8,791
4567,device_04,2025-11-13 01:51:23.857834,0,0,18,30.2,62,851.9,864
4568,device_05,2025-11-13 01:51:25.167918,0,0,280,29.1,66.6,676.6,655
4569,device_02,2025-11-13 01:51:44.864335,0,0,1105,32.3,53,891.5,919
4570,device_03,2025-11-13 01:52:00.938797,0,0,85,29.3,59,777.5,792
4571,device_04,2025-11-13 01:52:24.419269,0,0,18,30.2,62,852.6,865
4572,device_05,2025-11-13 01:52:25.508638,0,0,280,29.1,66.6,674.9,655
4573,device_02,2025-11-13 01:52:45.002691,0,0,1103,32.2,53,894.7,919
4574,device_03,2025-11-13 01:53:01.260511,0,0,86,29.3,59,778.3,790
4575,device_04,2025-11-13 01:53:23.8953,0,0,17,30.2,62,851.6,867
4576,device_05,2025-11-13 01:53:25.292924,0,0,279,29.2,66.6,674.8,655
4577,device_02,2025-11-13 01:53:44.894403,0,0,1102,32.4,53,895.3,916
4578,device_03,2025-11-13 01:54:01.037811,0,0,86,29.7,59,779.3,791
4579,device_04,2025-11-13 01:54:24.058846,0,0,17,30.2,62,851.8,865
4580,device_05,2025-11-13 01:54:25.074312,0,0,280,29.2,66.6,676.4,653
4581,device_02,2025-11-13 01:54:44.842523,0,0,1103,32.3,53,895,916
4582,device_03,2025-11-13 01:55:01.084254,0,0,84,29.4,59,778.6,789
4583,device_04,2025-11-13 01:55:24.036235,0,0,19,30.2,62,853.3,869
4584,device_05,2025-11-13 01:55:25.094977,0,0,280,29.2,66.6,676.7,657
4585,device_02,2025-11-13 01:55:44.884987,0,0,1104,32.5,53,894.9,917
4586,device_03,2025-11-13 01:56:01.058823,0,0,85,29.6,59,780.3,791
4587,device_04,2025-11-13 01:56:24.433203,0,0,18,30.2,62,853,866
4588,device_05,2025-11-13 01:56:25.822911,0,0,280,29.2,66.6,680.6,662
4589,device_02,2025-11-13 01:56:44.843153,0,0,1103,32.4,53,893.4,917
4590,device_03,2025-11-13 01:57:01.065279,0,0,85,29.4,59,779.9,792
4591,device_04,2025-11-13 01:57:23.852682,0,0,19,30.2,62,854.2,866
4592,device_05,2025-11-13 01:57:25.105485,0,0,279,29.2,66.6,678.3,658
4593,device_02,2025-11-13 01:57:44.860656,0,0,1108,32.4,53,899.4,922
4594,device_03,2025-11-13 01:58:01.022095,0,0,85,29.5,59,781.3,796
4595,device_04,2025-11-13 01:58:24.064012,0,0,18,30.2,62.7,854.8,867
4596,device_05,2025-11-13 01:58:25.320207,0,0,278,29.2,66.6,678.7,657
4597,device_02,2025-11-13 01:58:44.841125,0,0,1105,32.6,53,895.3,920
4598,device_03,2025-11-13 01:59:01.142704,0,0,85,29.5,59,779,790
4599,device_04,2025-11-13 01:59:23.875032,0,0,16,30.2,63,852.7,869
4600,device_05,2025-11-13 01:59:25.177422,0,0,279,29.2,66.6,679.2,656
4601,device_02,2025-11-13 01:59:44.798861,0,0,1106,32.4,53,895.5,917
4602,device_03,2025-11-13 02:00:01.208619,0,0,85,29.4,59,779.7,792
4603,device_04,2025-11-13 02:00:24.107186,0,0,17,30.2,63,853.9,868
4604,device_05,2025-11-13 02:00:25.183067,0,0,277,29.2,66.6,677.6,658
4605,device_02,2025-11-13 02:00:44.879788,0,0,1107,32.6,53,896.7,917
4606,device_03,2025-11-13 02:01:01.009578,0,0,84,29.8,59,783,796
4607,device_04,2025-11-13 02:01:23.852631,0,0,18,30.2,63,853.1,870
4608,device_05,2025-11-13 02:01:25.115296,0,0,278,29.2,66.6,678.3,661
4609,device_02,2025-11-13 02:01:44.851299,0,0,1104,32.5,53,892.5,920
4610,device_03,2025-11-13 02:02:00.974225,0,0,85,29.4,59,782.9,793
4611,device_04,2025-11-13 02:02:24.632177,0,0,16,30.2,63,854.4,871
4612,device_05,2025-11-13 02:02:25.707249,0,0,278,29.3,66.6,678.7,657
4613,device_02,2025-11-13 02:02:44.935648,0,0,1104,32.5,53,896.3,915
4614,device_03,2025-11-13 02:03:00.954554,0,0,84,29.4,59,781.4,793
4615,device_04,2025-11-13 02:03:23.89517,0,0,18,30.2,63,854.7,869
4616,device_05,2025-11-13 02:03:25.121724,0,0,276,29.3,66.5,677.1,659
4617,device_02,2025-11-13 02:03:44.86833,0,0,1106,32.5,53,894,914
4618,device_03,2025-11-13 02:04:01.083164,0,0,84,29.4,59,781.4,794
4619,device_04,2025-11-13 02:04:24.645702,0,0,17,30.2,63,855.5,869
4620,device_05,2025-11-13 02:04:25.11065,41,48,276,29.3,66.5,678.9,658
4621,device_02,2025-11-13 02:04:44.860814,0,0,1106,32.3,53,890.5,917
4622,device_03,2025-11-13 02:05:01.25375,0,0,83,29.4,59,780.7,791
4623,device_04,2025-11-13 02:05:24.082233,0,0,16,30.2,63,854.5,867
4624,device_05,2025-11-13 02:05:25.142392,0,0,277,29.3,66.5,682.5,659
4625,device_02,2025-11-13 02:05:44.808795,0,0,1110,32.5,53,893.8,919
4626,device_03,2025-11-13 02:06:01.004671,0,0,84,29.5,59,780.5,795
4627,device_04,2025-11-13 02:06:24.007426,0,0,18,30.3,63,855.5,870
4628,device_05,2025-11-13 02:06:25.397857,0,0,276,29.3,66.5,679,660
4629,device_02,2025-11-13 02:06:44.844541,0,0,1109,32.4,53,892.8,923
4630,device_03,2025-11-13 02:07:01.001742,0,0,84,29.5,59,781.4,795
4631,device_04,2025-11-13 02:07:23.796929,0,0,19,30.7,63,855.1,871
4632,device_05,2025-11-13 02:07:25.398702,0,0,276,29.3,66.5,678.7,655
4633,device_02,2025-11-13 02:07:44.860426,0,0,1111,32.4,53,897.4,922
4634,device_03,2025-11-13 02:08:01.174857,23,24,84,29.3,59,782,794
4635,device_04,2025-11-13 02:08:24.058501,18,19,18,30.8,63,855.6,870
4636,device_05,2025-11-13 02:08:25.637258,0,0,276,29.3,66.4,679.1,659
4637,device_02,2025-11-13 02:08:45.008706,0,0,1108,32.5,53,897.3,921
4638,device_03,2025-11-13 02:09:01.016106,0,0,83,29.6,59,781.5,795
4639,device_04,2025-11-13 02:09:23.853717,0,0,16,30.8,63,853.6,867
4640,device_05,2025-11-13 02:09:25.075007,0,0,276,29.3,66.4,676.4,658
4641,device_02,2025-11-13 02:09:44.870667,0,0,1104,32.5,53,896.4,917
4642,device_03,2025-11-13 02:10:00.883996,0,0,82,29.3,59.5,780.1,789
4643,device_04,2025-11-13 02:10:24.098056,0,0,17,30.8,63,852.7,866
4644,device_05,2025-11-13 02:10:25.112311,0,0,276,29.3,66.4,678.7,657
4645,device_02,2025-11-13 02:10:44.803569,0,0,1107,32.5,53,895.4,915
4646,device_03,2025-11-13 02:11:01.853222,0,0,84,29.3,59.7,779.4,790
4647,device_04,2025-11-13 02:11:23.889165,0,0,17,30.8,63,855.5,868
4648,device_05,2025-11-13 02:11:25.061791,0,0,276,29.3,66.4,678.8,659
4649,device_02,2025-11-13 02:11:44.84433,0,0,1107,32.5,53,892.8,917
4650,device_03,2025-11-13 02:12:01.230789,0,0,83,29.3,59.6,776.2,786
4651,device_04,2025-11-13 02:12:24.224801,0,0,17,30.8,63,854.2,869
4652,device_05,2025-11-13 02:12:25.715405,0,0,275,29.3,66.4,679.4,661
4653,device_02,2025-11-13 02:12:45.136844,0,0,1111,32.5,53.1,895.5,923
4654,device_03,2025-11-13 02:13:01.136516,26,26,82,29.4,59.6,780.8,791
4655,device_04,2025-11-13 02:13:23.880272,0,0,18,30.8,63,854.5,869
4656,device_05,2025-11-13 02:13:25.187937,0,0,275,29.3,66.3,680.6,661
4657,device_02,2025-11-13 02:13:44.811437,33,38,1108,32.6,53,894.4,921
4658,device_03,2025-11-13 02:14:00.920487,26,26,84,29.5,59.7,779.6,791
4659,device_04,2025-11-13 02:14:24.472446,22,23,18,30.8,63,857.7,871
4660,device_05,2025-11-13 02:14:25.128857,0,0,274,29.3,66.3,679.8,660
4661,device_02,2025-11-13 02:14:44.800239,0,0,1109,32.4,53,895.9,921
4662,device_03,2025-11-13 02:15:01.030234,0,0,84,29.4,59.8,780.9,796
4663,device_04,2025-11-13 02:15:23.888962,0,0,16,30.8,63,856.4,870
4664,device_05,2025-11-13 02:15:25.113108,0,0,274,29.4,66.3,680.4,658
4665,device_02,2025-11-13 02:15:44.86404,0,0,1110,32.6,53.2,897.8,918
4666,device_03,2025-11-13 02:16:00.956867,0,0,82,29.5,59.7,783,796
4667,device_04,2025-11-13 02:16:24.07007,0,0,17,30.8,63,856.3,870
4668,device_05,2025-11-13 02:16:25.128332,0,0,274,29.4,66.2,679.7,660
4669,device_02,2025-11-13 02:16:45.03827,0,0,1109,32.6,53.2,896.1,924
4670,device_03,2025-11-13 02:17:01.057557,0,0,83,29.4,60,784.8,801
4671,device_04,2025-11-13 02:17:23.798896,0,0,16,30.8,63,855.9,874
4672,device_05,2025-11-13 02:17:25.095051,0,0,275,29.4,66.2,680.5,661
4673,device_02,2025-11-13 02:17:44.80053,0,0,1112,32.4,53.2,896.3,920
4674,device_03,2025-11-13 02:18:01.162527,0,0,82,29.5,60,782.1,793
4675,device_04,2025-11-13 02:18:24.128654,0,0,15,30.8,63,858.1,874
4676,device_05,2025-11-13 02:18:25.113563,0,0,274,29.4,66.2,682.2,660
4677,device_02,2025-11-13 02:18:45.058096,0,0,1109,32.4,53,896.2,921
4678,device_03,2025-11-13 02:19:00.908014,0,0,84,29.5,60,787.2,799
4679,device_04,2025-11-13 02:19:24.018183,0,0,17,30.8,63,858.6,872
4680,device_05,2025-11-13 02:19:25.158729,0,0,273,29.4,66.2,682.4,664
4681,device_02,2025-11-13 02:19:45.012975,36,40,1109,32.4,53.1,897.9,925
4682,device_03,2025-11-13 02:20:01.1745,0,0,83,29.4,60,783.2,795
4683,device_04,2025-11-13 02:20:24.059161,19,19,18,30.8,63,860.3,874
4684,device_05,2025-11-13 02:20:25.081703,0,0,275,29.4,66.2,687.5,667
4685,device_02,2025-11-13 02:20:44.875137,0,0,1112,32.3,53,901,922
4686,device_03,2025-11-13 02:21:00.892477,0,0,81,29.4,60,780.9,791
4687,device_04,2025-11-13 02:21:23.981356,0,0,18,30.8,63,859.5,875
4688,device_05,2025-11-13 02:21:25.214619,0,0,274,29.5,66.1,682.1,659
4689,device_02,2025-11-13 02:21:44.825476,0,0,1113,32.5,53,897.6,929
4690,device_03,2025-11-13 02:22:01.173567,0,0,83,30.1,59.2,784.4,798
4691,device_04,2025-11-13 02:22:24.498951,0,0,17,30.8,63,857,874
4692,device_05,2025-11-13 02:22:25.120576,0,0,273,29.5,66.1,681.1,665
4693,device_02,2025-11-13 02:22:44.792518,0,0,1111,32.4,53.2,899.3,925
4694,device_03,2025-11-13 02:23:00.944533,0,0,81,30.5,59,782.6,799
4695,device_04,2025-11-13 02:23:23.833808,0,0,17,30.8,63,860.1,872
4696,device_05,2025-11-13 02:23:25.128179,0,0,275,29.5,66,681.2,660
4697,device_02,2025-11-13 02:23:44.848766,0,0,1112,32.4,53,903,927
4698,device_03,2025-11-13 02:24:00.915027,25,25,83,30.4,59,785.7,803
4699,device_04,2025-11-13 02:24:24.07393,0,0,18,30.8,63,859.5,874
4700,device_05,2025-11-13 02:24:25.71135,0,0,273,29.5,66,682.3,665
4701,device_02,2025-11-13 02:24:44.816439,0,0,1112,32.3,53,902.1,927
4702,device_04,2025-11-13 02:25:23.855736,0,0,17,30.8,63,861.1,875
4703,device_05,2025-11-13 02:25:25.132176,0,0,273,29.6,66,683.9,665
4704,device_05,2025-11-13 02:26:25.341293,0,0,274,29.6,66,685.3,664
4705,device_03,2025-11-13 02:30:01.137194,0,0,73,30.5,59,797.2,810
4706,device_02,2025-11-13 02:30:45.498668,0,0,1116,32.5,53,912.8,941
4707,device_03,2025-11-13 02:31:01.030855,0,0,79,30.3,59,792.9,809
4708,device_04,2025-11-13 02:31:23.82942,0,0,14,30.8,63,868,883
4709,device_02,2025-11-13 02:31:44.895433,0,0,1110,32.4,53,895.6,922
4710,device_03,2025-11-13 02:32:00.961216,0,0,79,30.4,59,791.1,808
4711,device_04,2025-11-13 02:32:24.374926,0,0,16,30.8,63,863.4,880
4712,device_05,2025-11-13 02:32:25.131864,0,0,259,29.8,65.8,687.4,669
4713,device_02,2025-11-13 02:32:45.046374,0,0,1113,32.4,53,897.8,925
4714,device_03,2025-11-13 02:33:00.944713,0,0,81,30.4,59,796.4,810
4715,device_04,2025-11-13 02:33:23.864845,0,0,16,31,63,862.1,877
4716,device_05,2025-11-13 02:33:25.139058,0,0,268,29.8,65.7,682.7,664
4717,device_02,2025-11-13 02:33:44.84257,0,0,1112,32.5,53,901.9,931
4718,device_03,2025-11-13 02:34:00.93956,0,0,81,30.5,59,792.2,808
4719,device_04,2025-11-13 02:34:23.953929,0,0,16,31.3,63,865.8,883
4720,device_05,2025-11-13 02:34:25.732831,0,0,270,29.8,65.7,682.4,663
4721,device_02,2025-11-13 02:34:45.057032,0,0,1113,32.5,53,903.2,931
4722,device_03,2025-11-13 02:35:01.167358,0,0,82,30.4,59,793.3,811
4723,device_04,2025-11-13 02:35:24.005938,0,0,16,31.3,63,865.4,882
4724,device_05,2025-11-13 02:35:25.849621,0,0,271,29.8,65.6,688.1,668
4725,device_02,2025-11-13 02:35:45.120698,0,0,1117,32.5,53,906.7,930
4726,device_03,2025-11-13 02:36:01.070147,0,0,82,30.5,59,797.9,812
4727,device_04,2025-11-13 02:36:23.806872,0,0,16,31.3,63,868.3,884
4728,device_05,2025-11-13 02:36:25.183747,0,0,271,29.9,65.6,685.6,665
4729,device_02,2025-11-13 02:36:44.810243,0,0,1117,32.5,53,904.8,935
4730,device_03,2025-11-13 02:37:01.02108,0,0,81,30.4,59,796.3,813
4731,device_04,2025-11-13 02:37:23.83611,0,0,15,31.3,63,867.6,883
4732,device_05,2025-11-13 02:37:25.235021,0,0,272,29.9,65.6,686.6,665
4733,device_02,2025-11-13 02:37:44.844084,0,0,1113,32.5,53,906.1,935
4734,device_03,2025-11-13 02:38:00.921685,0,0,81,30.6,59,795.4,811
4735,device_04,2025-11-13 02:38:24.051791,0,0,16,31.3,63,865.8,883
4736,device_05,2025-11-13 02:38:25.200951,0,0,272,29.9,65.7,683.8,665
4737,device_02,2025-11-13 02:38:44.818723,0,0,1115,32.4,53,906.4,933
4738,device_03,2025-11-13 02:39:01.510161,0,0,82,30.6,59,796.6,811
4739,device_04,2025-11-13 02:39:23.877785,0,0,16,31.3,63,868.3,884
4740,device_05,2025-11-13 02:39:25.193526,0,0,272,29.9,65.7,684.8,667
4741,device_02,2025-11-13 02:39:45.024102,0,0,1116,32.4,53,906.4,932
4742,device_03,2025-11-13 02:40:01.185503,0,0,81,30.7,59,796.2,814
4743,device_04,2025-11-13 02:40:24.071753,0,0,17,31.3,63,865.7,882
4744,device_05,2025-11-13 02:40:25.123419,0,0,272,29.9,65.7,686.7,671
4745,device_02,2025-11-13 02:40:44.917168,0,0,1116,32.6,53,909.1,934
4746,device_03,2025-11-13 02:41:00.966684,23,6147,80,30.5,59,797.3,813
4747,device_04,2025-11-13 02:41:24.060702,0,0,17,31.3,63,868.1,886
4748,device_05,2025-11-13 02:41:25.153742,0,0,272,29.9,65.8,688.8,670
4749,device_02,2025-11-13 02:41:44.850967,0,0,1116,32.5,53,907.8,935
4750,device_03,2025-11-13 02:42:01.043955,0,0,81,30.5,59,798.4,816
4751,device_04,2025-11-13 02:42:24.428853,0,0,16,31.3,63,870.5,884
4752,device_05,2025-11-13 02:42:25.21382,0,0,272,29.9,65.8,689.3,668
4753,device_02,2025-11-13 02:42:45.041591,0,0,1120,32.4,53,909.8,937
4754,device_03,2025-11-13 02:43:00.959052,0,0,80,30.5,59,798.1,817
4755,device_04,2025-11-13 02:43:24.003525,0,0,17,31.3,63,870,886
4756,device_05,2025-11-13 02:43:25.66294,0,0,271,29.9,65.7,686.2,669
4757,device_02,2025-11-13 02:43:44.946437,0,0,1118,32.5,53,907.3,936
4758,device_03,2025-11-13 02:44:01.01089,0,0,81,30.6,59,799.9,815
4759,device_04,2025-11-13 02:44:24.232592,0,0,17,31.3,63,869.7,888
4760,device_05,2025-11-13 02:44:25.190805,0,0,270,29.9,65.7,687,667
4761,device_02,2025-11-13 02:44:44.81584,0,0,1117,32.5,53,905.6,931
4762,device_03,2025-11-13 02:45:01.080125,0,0,80,30.4,59,796.7,812
4763,device_04,2025-11-13 02:45:23.940663,0,0,17,31.3,63,869.5,887
4764,device_05,2025-11-13 02:45:25.328269,0,0,271,29.9,65.7,685.8,665
4765,device_02,2025-11-13 02:45:45.009402,0,0,1119,32.3,53,909.4,935
4766,device_03,2025-11-13 02:46:01.251957,29,29,81,30.7,59,799.4,817
4767,device_04,2025-11-13 02:46:24.430241,0,0,17,31.3,63,870.9,888
4768,device_05,2025-11-13 02:46:25.164795,0,0,272,29.9,65.6,683.1,666
4769,device_02,2025-11-13 02:46:44.837714,0,0,1121,32.2,53,916.9,948
4770,device_03,2025-11-13 02:47:00.973591,0,0,81,30.5,59,797.2,813
4771,device_04,2025-11-13 02:47:24.401346,20,20,17,31.3,63,871,886
4772,device_05,2025-11-13 02:47:25.175293,0,0,272,29.9,65.6,684.7,670
4773,device_02,2025-11-13 02:47:44.907863,0,0,1120,32.5,53,909.5,936
4774,device_03,2025-11-13 02:48:00.954659,0,0,80,30.6,59,797.5,813
4775,device_04,2025-11-13 02:48:23.965072,0,0,17,31.3,63,872.6,887
4776,device_05,2025-11-13 02:48:25.143912,36,39,272,30,65.5,687.6,672
4777,device_02,2025-11-13 02:48:44.925293,0,0,1118,32.3,53,907.8,937
4778,device_03,2025-11-13 02:49:00.941464,0,0,80,30.5,59,799.9,819
4779,device_04,2025-11-13 02:49:23.912669,0,0,17,31.3,63,871.5,889
4780,device_05,2025-11-13 02:49:25.824089,35,38,272,30,65.5,689.3,671
4781,device_02,2025-11-13 02:49:44.942804,0,0,1119,32.4,53,910.6,937
4782,device_03,2025-11-13 02:50:00.98549,0,0,81,30.5,59,801.1,816
4783,device_04,2025-11-13 02:50:24.098961,0,0,16,31.3,63,870.9,888
4784,device_05,2025-11-13 02:50:25.183983,0,0,272,30,65.5,689.6,671
4785,device_02,2025-11-13 02:50:44.864306,0,0,1127,32.3,53,916.4,947
4786,device_03,2025-11-13 02:51:00.96788,0,0,80,30.4,59,797.7,812
4787,device_04,2025-11-13 02:51:23.980202,0,0,17,31.3,63,872.3,889
4788,device_05,2025-11-13 02:51:25.27926,0,0,271,30,65.5,688.3,670
4789,device_02,2025-11-13 02:51:44.90416,0,0,1120,32.5,53,909.8,937
4790,device_03,2025-11-13 02:52:01.173936,0,0,79,30.6,59,799.7,816
4791,device_04,2025-11-13 02:52:23.880353,0,0,16,31.3,63,871.4,890
4792,device_05,2025-11-13 02:52:25.462031,0,0,272,30,65.5,689.9,669
4793,device_02,2025-11-13 02:52:44.885551,37,41,1123,32.4,53,915.3,944
4794,device_03,2025-11-13 02:53:01.160541,0,0,80,30.6,59,799.6,815
4795,device_04,2025-11-13 02:53:24.540322,0,0,15,31.3,63,871.7,886
4796,device_05,2025-11-13 02:53:25.139773,0,0,271,30,65.5,688.4,671
4797,device_02,2025-11-13 02:53:44.845324,0,0,1119,32.4,53,908.8,938
4798,device_03,2025-11-13 02:54:00.963086,0,0,79,30.5,59,799.6,818
4799,device_04,2025-11-13 02:54:24.127897,0,0,16,31.3,63,871.1,889
4800,device_05,2025-11-13 02:54:25.564796,0,0,270,30,65.5,691.2,671
4801,device_02,2025-11-13 02:54:44.863101,0,0,1122,32.5,53,910.8,936
4802,device_03,2025-11-13 02:55:00.950031,0,0,79,30.6,59,801.2,817
4803,device_04,2025-11-13 02:55:24.017286,0,0,16,31.3,63,870.9,887
4804,device_05,2025-11-13 02:55:25.772023,0,0,272,30,65.5,691.4,671
4805,device_02,2025-11-13 02:55:44.865636,0,0,1120,32.5,53,910.5,938
4806,device_03,2025-11-13 02:56:00.983352,0,0,79,30.5,59,800.2,816
4807,device_04,2025-11-13 02:56:24.414009,0,0,17,31.3,63,871.1,886
4808,device_05,2025-11-13 02:56:25.20172,0,0,270,30,65.5,690.6,672
4809,device_02,2025-11-13 02:56:45.05244,0,0,1120,33.3,52.8,911.2,940
4810,device_03,2025-11-13 02:57:00.976874,0,0,79,30.4,59,801.3,821
4811,device_04,2025-11-13 02:57:23.946043,0,0,15,31.3,63,873.2,891
4812,device_05,2025-11-13 02:57:25.218525,0,0,271,30,65.5,692,673
4813,device_02,2025-11-13 02:57:45.041236,0,0,1123,33.5,52.7,911.5,938
4814,device_03,2025-11-13 02:58:01.001955,0,0,80,30.6,59,801.7,820
4815,device_04,2025-11-13 02:58:23.877981,0,0,15,31.3,63,873.2,891
4816,device_05,2025-11-13 02:58:25.597059,0,0,271,30.1,65.5,691.2,674
4817,device_02,2025-11-13 02:58:44.886194,0,0,1122,33.5,53,914.2,944
4818,device_03,2025-11-13 02:59:01.021056,0,0,79,30.3,59,802.4,822
4819,device_04,2025-11-13 02:59:24.040286,0,0,16,31.3,63,874.7,891
4820,device_05,2025-11-13 02:59:25.246595,35,39,271,30.1,65.5,690.9,677
4821,device_02,2025-11-13 02:59:45.07619,0,0,1123,33.4,52.9,909.9,940
4822,device_03,2025-11-13 03:00:00.957195,0,0,79,30.4,59,803.3,820
4823,device_04,2025-11-13 03:00:24.509827,0,0,15,31.3,63,871.5,893
4824,device_05,2025-11-13 03:00:25.345188,35,39,271,30.1,65.5,693,677
4825,device_02,2025-11-13 03:00:44.859788,0,0,1124,33.4,52.8,912.5,940
4826,device_03,2025-11-13 03:01:00.990936,0,0,80,30.6,59,805.4,820
4827,device_04,2025-11-13 03:01:23.935055,0,0,16,31.6,63,874.7,891
4828,device_05,2025-11-13 03:01:25.273895,0,0,271,30.1,65.5,694.6,678
4829,device_02,2025-11-13 03:01:44.902195,0,0,1122,33.3,53,912.7,941
4830,device_03,2025-11-13 03:02:01.018414,0,0,79,30.3,59,802.5,820
4831,device_04,2025-11-13 03:02:24.281226,0,0,16,31.8,63,875,893
4832,device_05,2025-11-13 03:02:25.655021,0,0,271,30.2,65.5,694.1,676
4833,device_02,2025-11-13 03:02:44.865401,0,0,1126,33.5,52.9,914.1,941
4834,device_03,2025-11-13 03:03:00.979287,0,0,79,30.2,59,803.4,822
4835,device_04,2025-11-13 03:03:23.904228,0,0,18,31.8,63,874.9,894
4836,device_05,2025-11-13 03:03:25.207748,0,0,271,30.2,65.5,692.5,676
4837,device_02,2025-11-13 03:03:44.893318,0,0,1125,33.5,52.6,912.4,942
4838,device_03,2025-11-13 03:04:01.171075,0,0,80,30.3,59,805.9,821
4839,device_04,2025-11-13 03:04:24.134575,0,0,16,31.8,63,874.4,892
4840,device_05,2025-11-13 03:04:25.370535,0,0,269,30.2,65.5,691.2,678
4841,device_02,2025-11-13 03:04:45.028102,0,0,1123,33.4,53,912.5,941
4842,device_03,2025-11-13 03:05:01.010723,0,0,79,30.5,59,805.1,824
4843,device_04,2025-11-13 03:05:23.958081,0,0,17,31.8,63,876.2,891
4844,device_05,2025-11-13 03:05:25.393067,0,0,270,30.2,65.5,691.8,672
4845,device_02,2025-11-13 03:05:44.885831,0,0,1127,33.4,53,914.2,940
4846,device_03,2025-11-13 03:06:00.979836,0,0,79,30.6,59,805.6,824
4847,device_04,2025-11-13 03:06:24.71256,0,0,16,31.8,63,874.6,890
4848,device_05,2025-11-13 03:06:25.887771,0,0,270,30.2,65.4,691.4,678
4849,device_02,2025-11-13 03:06:44.874466,0,0,1127,33.5,52.8,913.2,946
4850,device_03,2025-11-13 03:07:01.016208,0,0,79,30.6,59,806.3,823
4851,device_04,2025-11-13 03:07:24.105159,0,0,16,31.8,63,873.7,893
4852,device_05,2025-11-13 03:07:25.289955,0,0,269,30.3,65.3,692.3,677
4853,device_02,2025-11-13 03:07:44.872353,0,0,1127,33.5,52.5,917.7,949
4854,device_03,2025-11-13 03:08:01.345912,0,0,78,30.6,59,806.2,825
4855,device_04,2025-11-13 03:08:24.504732,0,0,16,31.8,63,874.5,893
4856,device_05,2025-11-13 03:08:25.914555,0,0,269,30.3,65.3,695.5,677
4857,device_02,2025-11-13 03:08:45.055632,0,0,1125,33.6,52.4,916.1,946
4858,device_03,2025-11-13 03:09:00.989923,0,0,77,30.4,59,807.4,825
4859,device_04,2025-11-13 03:09:23.961212,0,0,16,31.8,63,875.9,895
4860,device_05,2025-11-13 03:09:25.529027,0,0,269,30.3,65.3,693.8,679
4861,device_02,2025-11-13 03:09:44.882038,0,0,1124,33.6,52,914.3,940
4862,device_03,2025-11-13 03:10:00.961699,0,0,77,30.5,59,807.1,823
4863,device_04,2025-11-13 03:10:24.168145,0,0,15,31.8,63,877.9,897
4864,device_05,2025-11-13 03:10:25.762959,0,0,269,30.3,65.2,695.1,679
4865,device_02,2025-11-13 03:10:44.876468,0,0,1126,33.5,52.2,909.6,941
4866,device_03,2025-11-13 03:11:00.981894,0,0,78,30.5,59,806.2,826
4867,device_04,2025-11-13 03:11:23.961208,0,0,16,31.8,63,877.7,895
4868,device_05,2025-11-13 03:11:25.165843,0,0,270,30.3,65.2,695.5,678
4869,device_02,2025-11-13 03:11:44.895742,0,0,1125,33.6,52,914,941
4870,device_03,2025-11-13 03:12:00.981839,0,0,78,30.2,59,805.2,824
4871,device_04,2025-11-13 03:12:24.533409,0,0,16,31.8,62.7,877.5,896
4872,device_05,2025-11-13 03:12:25.212563,0,0,270,30.4,65.1,698.9,686
4873,device_02,2025-11-13 03:12:44.888507,0,0,1128,33.5,52,917.1,942
4874,device_03,2025-11-13 03:13:01.07753,0,0,77,30.2,59,807.8,825
4875,device_04,2025-11-13 03:13:23.954923,0,0,15,31.8,62,878.3,895
4876,device_05,2025-11-13 03:13:25.221803,0,0,270,30.4,65.1,696.9,678
4877,device_02,2025-11-13 03:13:44.975892,0,0,1125,33.4,52,916.1,945
4878,device_03,2025-11-13 03:14:01.026481,0,0,78,30.6,59,806.1,827
4879,device_04,2025-11-13 03:14:24.663166,0,0,15,31.8,62,877.5,896
4880,device_05,2025-11-13 03:14:25.757632,0,0,270,30.4,65.1,694.7,678
4881,device_02,2025-11-13 03:14:45.076271,0,0,1127,33.5,52,916.7,943
4882,device_03,2025-11-13 03:15:01.118516,0,0,78,30.5,59,808,824
4883,device_04,2025-11-13 03:15:23.946146,0,0,16,31.8,62,876.7,896
4884,device_05,2025-11-13 03:15:25.187567,0,0,269,30.4,65.1,696.2,681
4885,device_02,2025-11-13 03:15:44.883297,0,0,1128,33.5,52,917.4,944
4886,device_03,2025-11-13 03:16:01.554459,0,0,78,30.4,59,808.1,824
4887,device_04,2025-11-13 03:16:24.271336,0,0,17,31.8,62,878.1,895
4888,device_05,2025-11-13 03:16:25.217962,0,0,269,30.4,65.1,696.9,679
4889,device_02,2025-11-13 03:16:44.901003,0,0,1127,33.3,52,915.7,948
4890,device_03,2025-11-13 03:17:01.623851,0,0,78,30.5,59,809,831
4891,device_04,2025-11-13 03:17:23.914355,0,0,16,31.8,62,878.4,899
4892,device_05,2025-11-13 03:17:25.280674,0,0,270,30.4,65.1,698.4,682
4893,device_02,2025-11-13 03:17:45.085288,0,0,1130,33.5,52,913.4,943
4894,device_03,2025-11-13 03:18:00.955928,0,0,78,30.6,59,809.9,827
4895,device_04,2025-11-13 03:18:23.891527,0,0,16,31.8,62,879.4,897
4896,device_05,2025-11-13 03:18:25.928095,0,0,269,30.5,65,698.6,681
4897,device_02,2025-11-13 03:18:45.040323,0,0,1128,33.5,52,915.7,945
4898,device_03,2025-11-13 03:19:00.968724,0,0,77,30.5,59,808.7,828
4899,device_04,2025-11-13 03:19:24.044945,0,0,14,31.8,62,881,897
4900,device_05,2025-11-13 03:19:25.184894,0,0,269,30.5,65,694.6,681
4901,device_02,2025-11-13 03:19:44.883522,0,0,1127,33.5,52,916.5,947
4902,device_03,2025-11-13 03:20:00.988061,0,0,77,30.5,59,809,829
4903,device_04,2025-11-13 03:20:24.49266,0,0,15,31.8,62,878.1,898
4904,device_05,2025-11-13 03:20:25.168948,0,0,269,30.5,65,696.7,681
4905,device_02,2025-11-13 03:20:45.057757,0,0,1131,33.5,52,918,943
4906,device_03,2025-11-13 03:21:00.969406,0,0,79,30.6,59,811.7,829
4907,device_04,2025-11-13 03:21:23.890955,0,0,15,31.8,62,880.4,897
4908,device_05,2025-11-13 03:21:25.131038,0,0,269,30.5,65,697,678
4909,device_02,2025-11-13 03:21:45.0569,0,0,1130,33.3,52,915.5,948
4910,device_03,2025-11-13 03:22:01.009079,0,0,78,30.6,59,809.6,830
4911,device_04,2025-11-13 03:22:23.973018,0,0,17,31.8,62,879.2,898
4912,device_05,2025-11-13 03:22:25.125182,0,0,269,30.5,64.9,697.5,683
4913,device_02,2025-11-13 03:22:44.899421,0,0,1131,33.5,52,918,948
4914,device_03,2025-11-13 03:23:01.107683,0,0,77,30.5,59,807.7,827
4915,device_04,2025-11-13 03:23:24.340721,0,0,17,31.8,62,878.8,899
4916,device_05,2025-11-13 03:23:25.15879,0,0,267,30.5,64.9,698,681
4917,device_02,2025-11-13 03:23:44.84651,0,0,1129,33.5,52,918,947
4918,device_03,2025-11-13 03:24:00.932928,0,0,78,30.5,59,812.2,830
4919,device_04,2025-11-13 03:24:23.977533,0,0,17,31.8,62,881,898
4920,device_05,2025-11-13 03:24:25.836011,0,0,269,30.5,64.9,699,681
4921,device_02,2025-11-13 03:24:44.833794,0,0,1132,33.4,52,918.2,946
4922,device_04,2025-11-13 03:25:24.613666,0,0,16,31.8,62,878.6,899
4923,device_05,2025-11-13 03:25:25.167525,0,0,268,30.5,64.8,697.7,683
4924,device_05,2025-11-13 03:26:25.127816,0,0,270,30.5,64.8,704.9,688
4925,device_03,2025-11-13 03:30:01.039021,0,0,67,30.4,59,815.7,836
4926,device_02,2025-11-13 03:30:45.150973,0,0,1134,33.5,52,923.6,958
4927,device_03,2025-11-13 03:31:01.031142,0,0,73,30.7,59,811.1,832
4928,device_04,2025-11-13 03:31:23.913927,14,14,12,31.8,62,882.6,902
4929,device_02,2025-11-13 03:31:44.80532,0,0,1130,33.4,52,914.6,946
4930,device_03,2025-11-13 03:32:01.272813,0,0,74,30.4,59,811.3,830
4931,device_04,2025-11-13 03:32:24.131475,15,15,16,31.8,62,879.6,898
4932,device_05,2025-11-13 03:32:25.129785,0,0,252,30.5,64.8,698.2,682
4933,device_02,2025-11-13 03:32:45.046461,0,0,1134,33.5,52,916.1,943
4934,device_03,2025-11-13 03:33:00.969367,0,0,74,30.4,59,811.8,832
4935,device_04,2025-11-13 03:33:23.868118,0,0,15,31.8,62,878.6,896
4936,device_05,2025-11-13 03:33:25.142466,0,0,260,30.5,64.8,697.3,683
4937,device_02,2025-11-13 03:33:44.864271,0,0,1132,33.4,52,913.6,944
4938,device_03,2025-11-13 03:34:00.930365,0,0,75,30.4,59,811.7,833
4939,device_04,2025-11-13 03:34:24.268784,0,0,16,31.8,62,878.3,898
4940,device_05,2025-11-13 03:34:25.204809,0,0,264,30.5,64.8,698.1,680
4941,device_02,2025-11-13 03:34:44.873779,0,0,1131,33.5,52,914.5,940
4942,device_03,2025-11-13 03:35:01.509956,0,0,74,30.4,59,813.6,832
4943,device_04,2025-11-13 03:35:23.90834,0,0,15,31.8,62,881.3,899
4944,device_05,2025-11-13 03:35:25.11092,0,0,265,30.5,64.8,695.9,680
4945,device_02,2025-11-13 03:35:44.819641,0,0,1133,33.5,52,916.2,941
4946,device_03,2025-11-13 03:36:00.955429,0,0,74,30.4,59,810,832
4947,device_04,2025-11-13 03:36:24.092533,0,0,14,31.8,62,874.2,892
4948,device_05,2025-11-13 03:36:25.095844,0,0,266,30.5,64.8,696.3,681
4949,device_02,2025-11-13 03:36:45.467547,25,27,1133,33.5,52,914.2,945
4950,device_03,2025-11-13 03:37:00.965474,0,0,76,30.4,59,812.6,834
4951,device_04,2025-11-13 03:37:23.905463,0,0,13,31.8,62,875.8,893
4952,device_05,2025-11-13 03:37:25.147525,0,0,268,30.5,64.8,698.9,684
4953,device_02,2025-11-13 03:37:44.83015,25,27,1131,33.6,52,915.6,944
4954,device_03,2025-11-13 03:38:01.176336,0,0,75,30.4,59,810.4,829
4955,device_04,2025-11-13 03:38:23.879628,0,0,14,31.8,62,876.5,892
4956,device_05,2025-11-13 03:38:25.669855,31,33,265,30.5,64.8,694,680
4957,device_02,2025-11-13 03:38:44.996626,0,0,1130,33.6,52,915.3,944
4958,device_03,2025-11-13 03:39:01.073839,0,0,76,30.4,59,812.3,834
4959,device_04,2025-11-13 03:39:23.898523,0,0,15,32,62,879,897
4960,device_05,2025-11-13 03:39:25.168754,0,0,266,30.5,64.8,697.2,679
4961,device_02,2025-11-13 03:39:44.789149,0,0,1134,33.5,52,918.3,946
4962,device_03,2025-11-13 03:40:01.22503,0,0,76,30.4,59,810.4,831
4963,device_04,2025-11-13 03:40:24.124493,0,0,16,32.2,62,878.2,898
4964,device_05,2025-11-13 03:40:25.336632,0,0,266,30.5,64.8,696.2,682
4965,device_02,2025-11-13 03:40:44.985291,0,0,1131,33.3,52,912.9,938
4966,device_03,2025-11-13 03:41:01.101792,0,0,76,30.4,59,814,832
4967,device_04,2025-11-13 03:41:23.935355,0,0,14,32.3,62,876.5,896
4968,device_05,2025-11-13 03:41:25.125298,0,0,267,30.5,64.8,698.8,686
4969,device_02,2025-11-13 03:41:44.990802,0,0,1133,33.5,52,913,942
4970,device_03,2025-11-13 03:42:00.958451,0,0,74,30.4,59,812.2,833
4971,device_04,2025-11-13 03:42:23.863706,0,0,18,32.3,62,877.8,898
4972,device_05,2025-11-13 03:42:25.09817,0,0,267,30.5,64.8,697.3,679
4973,device_02,2025-11-13 03:42:44.83695,0,0,1134,33.5,52,916.3,941
4974,device_03,2025-11-13 03:43:01.214352,0,0,75,30.4,59,809.9,830
4975,device_04,2025-11-13 03:43:24.092577,15,15,17,32.3,62,876.6,894
4976,device_05,2025-11-13 03:43:25.266654,33,37,266,30.5,64.8,695,680
4977,device_02,2025-11-13 03:43:44.80517,0,0,1132,33.5,52,914.6,944
4978,device_03,2025-11-13 03:44:00.925262,0,0,75,30.3,59,813.3,831
4979,device_04,2025-11-13 03:44:24.114527,0,0,15,32.3,62,879.6,897
4980,device_05,2025-11-13 03:44:25.127326,33,37,266,30.5,64.8,696,680
4981,device_02,2025-11-13 03:44:44.91689,0,0,1134,33.5,52,915.6,943
4982,device_03,2025-11-13 03:45:01.125352,0,0,74,30.6,59,812.1,832
4983,device_04,2025-11-13 03:45:24.22269,0,0,16,32.3,62,877.3,898
4984,device_05,2025-11-13 03:45:25.142941,0,0,267,30.5,64.8,698.8,680
4985,device_02,2025-11-13 03:45:44.811422,0,0,1135,33.5,52,915.7,945
4986,device_03,2025-11-13 03:46:00.918336,20,20,75,31.2,59,811.6,831
4987,device_04,2025-11-13 03:46:24.572756,0,0,16,32.3,62,879.3,899
4988,device_05,2025-11-13 03:46:25.109308,0,0,265,30.5,64.8,696.8,682
4989,device_02,2025-11-13 03:46:44.807416,0,0,1132,33.5,52,912.9,938
4990,device_03,2025-11-13 03:47:01.094343,0,0,75,31.5,59,812.2,830
4991,device_04,2025-11-13 03:47:24.443243,0,0,17,32.3,62,876.7,895
4992,device_05,2025-11-13 03:47:25.458766,0,0,266,30.5,64.7,698.3,683
4993,device_02,2025-11-13 03:47:44.781373,0,0,1135,33.5,52,914.6,940
4994,device_03,2025-11-13 03:48:00.936782,0,0,75,31.5,59,810.7,829
4995,device_04,2025-11-13 03:48:23.871406,0,0,16,32.3,62,879.8,898
4996,device_05,2025-11-13 03:48:25.656631,0,0,266,30.6,64.7,704.1,688
4997,device_02,2025-11-13 03:48:44.815423,28,28,1135,33.5,52,913.2,944
4998,device_03,2025-11-13 03:49:00.929065,0,0,76,31.5,59,813.2,833
4999,device_04,2025-11-13 03:49:24.024277,0,0,16,32.3,62,878.8,895
5000,device_05,2025-11-13 03:49:25.124254,0,0,265,30.6,64.7,699.6,684
5001,device_02,2025-11-13 03:49:45.403165,0,0,1133,33.5,52,913.3,940
5002,device_03,2025-11-13 03:50:01.056882,0,0,75,31.5,59,814.1,835
5003,device_04,2025-11-13 03:50:24.4263,0,0,16,32.3,62,880,896
5004,device_05,2025-11-13 03:50:25.178005,0,0,266,30.6,64.7,698.6,682
5005,device_02,2025-11-13 03:50:44.850014,0,0,1135,33.4,52,914.7,941
5006,device_03,2025-11-13 03:51:01.00426,0,0,75,31.5,59,814.2,835
5007,device_04,2025-11-13 03:51:23.893144,0,0,16,32.3,62,877.8,896
5008,device_05,2025-11-13 03:51:25.135751,0,0,267,30.6,64.7,698.2,684
5009,device_02,2025-11-13 03:51:45.393778,0,0,1135,33.5,52,914.1,945
5010,device_03,2025-11-13 03:52:00.979997,0,0,74,31.6,59,814.3,832
5011,device_04,2025-11-13 03:52:24.1663,0,0,14,32.3,62,880.2,895
5012,device_05,2025-11-13 03:52:25.241755,0,0,266,30.6,64.8,705.3,690
5013,device_02,2025-11-13 03:52:44.896117,0,0,1136,33.4,52,915.1,943
5014,device_03,2025-11-13 03:53:00.999799,0,0,75,31.5,59,814.6,836
5015,device_04,2025-11-13 03:53:23.997199,0,0,15,32.3,62,880.5,898
5016,device_05,2025-11-13 03:53:25.200756,0,0,265,30.6,64.7,701.2,683
5017,device_02,2025-11-13 03:53:45.656025,0,0,1135,33.4,52,915.5,943
5018,device_03,2025-11-13 03:54:01.078607,0,0,74,31.5,59,815.7,836
5019,device_04,2025-11-13 03:54:23.909648,0,0,16,32.3,62,879.3,896
5020,device_05,2025-11-13 03:54:25.726163,0,0,265,30.6,64.7,699.5,686
5021,device_02,2025-11-13 03:54:44.83382,0,0,1137,33.4,52,915.9,941
5022,device_03,2025-11-13 03:55:01.042243,0,0,75,31.7,59,814.9,835
5023,device_04,2025-11-13 03:55:23.893371,0,0,15,32.3,62,879.2,896
5024,device_05,2025-11-13 03:55:25.122564,0,0,265,30.6,64.7,701.2,683
5025,device_02,2025-11-13 03:55:45.009926,0,0,1136,33.4,52,912.7,943
5026,device_03,2025-11-13 03:56:01.056759,0,0,74,31.4,59,813.9,837
5027,device_04,2025-11-13 03:56:23.912647,0,0,14,32.3,62,879.8,897
5028,device_05,2025-11-13 03:56:25.467514,0,0,265,30.6,64.7,700.9,686
5029,device_02,2025-11-13 03:56:44.89083,0,0,1134,33.3,52,913.6,942
5030,device_03,2025-11-13 03:57:01.065433,0,0,74,31.6,59,815.4,836
5031,device_04,2025-11-13 03:57:23.954645,0,0,16,32.3,62,877.9,897
5032,device_05,2025-11-13 03:57:25.28879,0,0,265,30.7,64.7,700.5,686
5033,device_02,2025-11-13 03:57:45.436934,0,0,1133,33.3,52,910.3,936
5034,device_03,2025-11-13 03:58:00.964734,0,0,74,31.3,59,816.5,836
5035,device_04,2025-11-13 03:58:24.498199,0,0,16,32.3,62,877.3,899
5036,device_05,2025-11-13 03:58:25.18578,0,0,265,30.7,64.7,702.6,685
5037,device_02,2025-11-13 03:58:44.886117,0,0,1133,33.4,52,911.3,941
5038,device_03,2025-11-13 03:59:00.999334,0,0,74,31.5,59,814.6,837
5039,device_04,2025-11-13 03:59:23.927146,0,0,17,32.3,62,879,900
5040,device_05,2025-11-13 03:59:25.152709,0,0,264,30.7,64.7,701.4,687
5041,device_02,2025-11-13 03:59:44.865877,0,0,1137,33.5,52,914.7,941
5042,device_03,2025-11-13 04:00:01.527801,0,0,74,31.4,59,816.3,837
5043,device_04,2025-11-13 04:00:24.14104,0,0,15,32.3,62,879.9,898
5044,device_05,2025-11-13 04:00:25.174164,0,0,265,30.7,64.7,706.6,688
5045,device_02,2025-11-13 04:00:44.959592,0,0,1137,33.6,52,915.6,943
5046,device_03,2025-11-13 04:01:00.986766,0,0,74,31.3,59,816.6,834
5047,device_04,2025-11-13 04:01:24.03771,0,0,16,32.3,62,879.8,899
5048,device_05,2025-11-13 04:01:25.166432,0,0,266,30.7,64.7,702.5,685
5049,device_02,2025-11-13 04:01:45.093703,0,0,1137,33.3,52,913.7,943
5050,device_03,2025-11-13 04:02:00.977628,0,0,74,31.5,59,815.1,837
5051,device_04,2025-11-13 04:02:23.948195,0,0,17,32.3,62,879.7,899
5052,device_05,2025-11-13 04:02:25.200091,0,0,266,30.7,64.6,701.5,688
5053,device_02,2025-11-13 04:02:44.8466,0,0,1139,33.5,52,917.9,944
5054,device_03,2025-11-13 04:03:01.242426,0,0,73,31.4,59,815.7,836
5055,device_04,2025-11-13 04:03:23.918859,0,0,16,32.3,62,879.8,898
5056,device_05,2025-11-13 04:03:25.411274,0,0,265,30.8,64.5,701.3,686
5057,device_02,2025-11-13 04:03:44.873825,0,0,1136,33.5,52,911.6,944
5058,device_03,2025-11-13 04:04:01.239152,0,0,74,31.5,59,815.6,836
5059,device_04,2025-11-13 04:04:24.648054,0,0,16,32.3,62,880.3,899
5060,device_05,2025-11-13 04:04:25.176352,0,0,264,30.8,64.5,698.7,685
5061,device_02,2025-11-13 04:04:44.872607,0,0,1138,33.5,52,915.8,942
5062,device_03,2025-11-13 04:05:01.246645,0,0,73,31.5,59,812.6,834
5063,device_04,2025-11-13 04:05:24.000776,0,0,16,32.3,62,879.6,899
5064,device_05,2025-11-13 04:05:25.398773,0,0,265,30.8,64.5,702.7,687
5065,device_02,2025-11-13 04:05:44.882265,0,0,1139,33.5,52,915.6,941
5066,device_03,2025-11-13 04:06:01.008552,0,0,73,31.4,59,816.7,838
5067,device_04,2025-11-13 04:06:24.303363,0,0,15,32.3,62,880.4,899
5068,device_05,2025-11-13 04:06:25.832706,32,35,265,30.8,64.5,702.8,687
5069,device_02,2025-11-13 04:06:44.892191,0,0,1145,33.5,52,921.1,954
5070,device_03,2025-11-13 04:07:01.010965,0,0,74,31.4,59,817.1,840
5071,device_04,2025-11-13 04:07:24.016955,0,0,16,32.3,62,879.6,899
5072,device_05,2025-11-13 04:07:25.175636,0,0,265,30.8,64.5,707.1,695
5073,device_02,2025-11-13 04:07:44.924998,0,0,1138,33.4,52,911.2,941
5074,device_03,2025-11-13 04:08:01.014929,0,0,74,31.5,59,817.3,838
5075,device_04,2025-11-13 04:08:24.108589,0,0,16,32.3,62,879,900
5076,device_05,2025-11-13 04:08:25.364754,0,0,266,30.8,64.4,704.3,688
5077,device_02,2025-11-13 04:08:44.923969,0,0,1138,33.6,52,913.8,945
5078,device_03,2025-11-13 04:09:01.070546,0,0,73,31.1,58.9,817.4,837
5079,device_04,2025-11-13 04:09:24.111491,0,0,16,32.3,62,880.2,901
5080,device_05,2025-11-13 04:09:25.162434,0,0,265,30.8,64.4,702.8,688
5081,device_02,2025-11-13 04:09:44.914897,0,0,1142,33.7,52,917.9,945
5082,device_03,2025-11-13 04:10:01.650623,0,0,73,31.4,58.9,817.5,842
5083,device_04,2025-11-13 04:10:24.544374,0,0,15,32.3,62,880.1,901
5084,device_05,2025-11-13 04:10:25.276324,0,0,264,30.8,64.4,703.2,692
5085,device_02,2025-11-13 04:10:44.877818,0,0,1140,33.5,52,914.5,944
5086,device_03,2025-11-13 04:11:01.139551,0,0,75,31.5,58.6,818.7,841
5087,device_04,2025-11-13 04:11:23.954786,0,0,16,32.3,62,879.7,900
5088,device_05,2025-11-13 04:11:25.396227,0,0,265,30.9,64.3,705.5,688
5089,device_02,2025-11-13 04:11:45.070601,0,0,1138,33.4,52,914.6,942
5090,device_03,2025-11-13 04:12:01.005478,0,0,73,31.5,58.8,819.3,840
5091,device_04,2025-11-13 04:12:23.982078,0,0,16,32.3,62,880.4,899
5092,device_05,2025-11-13 04:12:25.510419,0,0,263,30.9,64.3,700.6,688
5093,device_02,2025-11-13 04:12:44.898361,0,0,1141,33.4,52,916,942
5094,device_03,2025-11-13 04:13:01.211459,0,0,72,31.5,59,814.6,836
5095,device_04,2025-11-13 04:13:23.929605,0,0,16,32.3,62,880.5,899
5096,device_05,2025-11-13 04:13:25.152523,0,0,264,30.9,64.3,703.2,686
5097,device_02,2025-11-13 04:13:44.943892,0,0,1140,33.5,52,913.6,946
5098,device_03,2025-11-13 04:14:01.070863,0,0,73,31.3,58.3,820.2,841
5099,device_04,2025-11-13 04:14:24.143488,0,0,16,32.3,62,880.3,901
5100,device_05,2025-11-13 04:14:25.202199,0,0,265,30.9,64.3,706.9,690
5101,device_02,2025-11-13 04:14:44.851811,0,0,1144,33.5,52,923.8,951
5102,device_03,2025-11-13 04:15:01.014928,0,0,73,31.6,58.6,818.7,838
5103,device_04,2025-11-13 04:15:23.991838,0,0,16,32.3,62,881.3,903
5104,device_05,2025-11-13 04:15:25.414083,0,0,265,30.9,64.2,704.8,693
5105,device_02,2025-11-13 04:15:44.928906,0,0,1141,33.6,52,915.8,945
5106,device_03,2025-11-13 04:16:01.035321,0,0,73,31.5,58.4,819.3,843
5107,device_04,2025-11-13 04:16:23.978497,0,0,16,32.3,62,880.8,900
5108,device_05,2025-11-13 04:16:25.253344,0,0,265,30.9,64.2,706.1,692
5109,device_02,2025-11-13 04:16:45.110603,0,0,1140,33.4,52,917.1,950
5110,device_03,2025-11-13 04:17:01.167462,0,0,73,31.5,58.1,818.9,841
5111,device_04,2025-11-13 04:17:24.038737,0,0,16,32.3,62,884.1,902
5112,device_05,2025-11-13 04:17:25.223841,0,0,266,30.9,64.2,706.1,692
5113,device_02,2025-11-13 04:17:44.857815,0,0,1141,33.6,52,917.5,943
5114,device_03,2025-11-13 04:18:01.787643,0,0,73,31.5,58.3,819.2,838
5115,device_04,2025-11-13 04:18:24.01555,0,0,16,32.3,62,882.4,901
5116,device_05,2025-11-13 04:18:25.361086,0,0,265,30.9,64.1,705.3,695
5117,device_02,2025-11-13 04:18:44.86667,0,0,1143,33.6,52,923.3,954
5118,device_03,2025-11-13 04:19:01.15414,0,0,72,31.3,58,815.5,837
5119,device_04,2025-11-13 04:19:23.999056,0,0,14,32.4,62,881.7,897
5120,device_05,2025-11-13 04:19:25.866737,0,0,267,31,64,708.2,696
5121,device_02,2025-11-13 04:19:44.897142,0,0,1147,33.5,52,927.2,956
5122,device_03,2025-11-13 04:20:01.206504,0,0,72,31.4,58,818.6,839
5123,device_04,2025-11-13 04:20:24.189939,0,0,15,32.7,62,882.5,898
5124,device_05,2025-11-13 04:20:25.626769,0,0,265,31,64,703.6,689
5125,device_02,2025-11-13 04:20:44.886489,0,0,1142,33.3,52,917.3,947
5126,device_03,2025-11-13 04:21:01.236049,0,0,73,31.4,58,820.9,842
5127,device_04,2025-11-13 04:21:24.726362,0,0,15,32.8,62,879.8,899
5128,device_05,2025-11-13 04:21:25.263693,0,0,266,31,64,713.5,700
5129,device_02,2025-11-13 04:21:44.94611,0,0,1142,33.5,52,917,949
5130,device_03,2025-11-13 04:22:01.03134,0,0,73,31.5,58,820.4,843
5131,device_04,2025-11-13 04:22:24.000241,0,0,14,32.8,62,879.7,900
5132,device_05,2025-11-13 04:22:25.210026,0,0,266,31,64,709.1,695
5133,device_02,2025-11-13 04:22:45.143745,0,0,1143,33.4,52,918.8,948
5134,device_03,2025-11-13 04:23:01.246961,0,0,73,31.6,58,823.1,845
5135,device_04,2025-11-13 04:23:23.943555,0,0,17,32.8,62,882,900
5136,device_05,2025-11-13 04:23:25.170896,0,0,265,31,64,708.1,697
5137,device_02,2025-11-13 04:23:44.920606,0,0,1140,33.4,52,921.5,951
5138,device_03,2025-11-13 04:24:01.040851,0,0,73,31.5,58,821.5,846
5139,device_04,2025-11-13 04:24:24.060167,0,0,15,32.8,62,880.7,899
5140,device_05,2025-11-13 04:24:25.188013,0,0,266,31.1,63.9,710.2,696
5141,device_02,2025-11-13 04:24:44.930887,0,0,1143,33.3,52,917.3,946
5142,device_04,2025-11-13 04:25:23.993419,0,0,16,32.8,62,883.8,902
5143,device_05,2025-11-13 04:25:25.357894,0,0,265,31.1,63.9,709.2,695
5144,device_05,2025-11-13 04:26:25.792973,0,0,265,31.1,63.9,710.3,697
5145,device_03,2025-11-13 04:30:01.601816,0,0,63,31.3,58,826.2,847
5146,device_02,2025-11-13 04:30:44.924142,0,0,1148,34.5,51,926.7,964
5147,device_03,2025-11-13 04:31:01.831575,0,0,68,31.5,58,819,842
5148,device_04,2025-11-13 04:31:24.064664,0,0,12,32.8,62,888.8,910
5149,device_02,2025-11-13 04:31:45.697172,0,0,1143,34.5,51,918.9,948
5150,device_03,2025-11-13 04:32:01.02249,0,0,69,31.5,58,824.4,842
5151,device_04,2025-11-13 04:32:23.968725,13,14,16,32.8,61.4,884.7,906
5152,device_05,2025-11-13 04:32:25.286015,0,0,250,31.2,63.7,709.6,694
5153,device_02,2025-11-13 04:32:45.555855,0,0,1145,34.6,51,921.6,948
5154,device_03,2025-11-13 04:33:01.082988,0,0,70,31.4,58,820.2,844
5155,device_04,2025-11-13 04:33:24.055007,0,0,17,32.8,61,883.4,905
5156,device_05,2025-11-13 04:33:25.343458,0,0,260,31.2,63.7,709.8,696
5157,device_02,2025-11-13 04:33:45.025782,0,0,1144,34.4,51,919.2,952
5158,device_03,2025-11-13 04:34:01.106431,25,26,70,31.4,58,819.8,841
5159,device_04,2025-11-13 04:34:24.28856,0,0,16,32.8,61,885.6,906
5160,device_05,2025-11-13 04:34:25.200425,0,0,263,31.2,63.7,708.5,698
5161,device_02,2025-11-13 04:34:44.877786,0,0,1144,34.4,51,921.4,950
5162,device_03,2025-11-13 04:35:01.06203,0,0,70,31.4,58,821.2,842
5163,device_04,2025-11-13 04:35:24.040732,0,0,15,32.8,61,885.7,905
5164,device_05,2025-11-13 04:35:25.380971,0,0,264,31.2,63.7,710.5,697
5165,device_02,2025-11-13 04:35:44.864481,0,0,1147,34.4,51,927.2,955
5166,device_03,2025-11-13 04:36:03.130071,0,0,70,31.5,58,819.9,842
5167,device_04,2025-11-13 04:36:24.22471,0,0,17,32.8,61,885.4,907
5168,device_05,2025-11-13 04:36:25.1969,0,0,264,31.2,63.8,709.7,696
5169,device_02,2025-11-13 04:36:44.894913,0,0,1146,34.5,51,918.3,952
5170,device_03,2025-11-13 04:37:01.586542,0,0,70,31.5,58,819.8,840
5171,device_04,2025-11-13 04:37:23.956468,0,0,16,32.8,61,886.5,907
5172,device_05,2025-11-13 04:37:25.206634,0,0,266,31.2,63.8,710.9,694
5173,device_02,2025-11-13 04:37:44.860154,25,26,1146,34.5,51,921.3,949
5174,device_03,2025-11-13 04:38:01.150727,0,0,71,31.4,58,818.8,839
5175,device_04,2025-11-13 04:38:24.194988,10,12,15,32.8,61,884.8,907
5176,device_05,2025-11-13 04:38:25.220684,0,0,265,31.2,63.8,709.5,696
5177,device_02,2025-11-13 04:38:45.102221,0,0,1143,34.6,51,922.1,949
5178,device_03,2025-11-13 04:39:01.042582,0,0,71,31.4,58,818.5,843
5179,device_04,2025-11-13 04:39:23.953786,0,0,16,32.8,61,888.7,908
5180,device_05,2025-11-13 04:39:25.191083,0,0,265,31.2,63.8,708.2,696
5181,device_02,2025-11-13 04:39:44.93522,0,0,1141,34.6,51,919.5,946
5182,device_03,2025-11-13 04:40:01.563165,20,20,71,31.4,58,820,843
5183,device_04,2025-11-13 04:40:24.038526,0,0,17,32.8,61,887,907
5184,device_05,2025-11-13 04:40:25.214836,0,0,266,31.2,63.8,711.4,695
5185,device_02,2025-11-13 04:40:44.867512,0,0,1141,34.6,51,917.9,946
5186,device_03,2025-11-13 04:41:01.045058,0,0,70,31.4,58,821.2,844
5187,device_04,2025-11-13 04:41:23.986902,0,0,15,32.8,61,887.8,907
5188,device_05,2025-11-13 04:41:25.232512,0,0,265,31.2,63.8,709.7,698
5189,device_02,2025-11-13 04:41:44.874372,0,0,1145,34.7,51,921.4,949
5190,device_03,2025-11-13 04:42:01.736343,0,0,71,31.5,58,821.8,845
5191,device_04,2025-11-13 04:42:24.026419,0,0,16,32.8,61,887.8,909
5192,device_05,2025-11-13 04:42:25.418435,0,0,266,31.2,63.8,711.2,697
5193,device_02,2025-11-13 04:42:44.873301,0,0,1147,34.5,51,921.8,949
5194,device_03,2025-11-13 04:43:01.153771,0,0,70,31.4,58,822.6,842
5195,device_04,2025-11-13 04:43:24.066821,0,0,16,32.8,61,888.4,909
5196,device_05,2025-11-13 04:43:25.244118,0,0,266,31.2,63.8,712.3,697
5197,device_02,2025-11-13 04:43:45.377406,28,31,1144,34.5,51,918,950
5198,device_03,2025-11-13 04:44:01.036571,0,0,70,31.4,58,820.5,843
5199,device_04,2025-11-13 04:44:24.041717,8,9,17,32.8,61,889.1,910
5200,device_05,2025-11-13 04:44:25.730746,29,30,265,31.2,63.8,711.6,700
5201,device_02,2025-11-13 04:44:44.914263,0,0,1147,34.4,51,922.1,949
5202,device_03,2025-11-13 04:45:01.050875,21,21,71,31.4,58,823.7,846
5203,device_04,2025-11-13 04:45:24.006622,0,0,17,32.8,61,888.3,908
5204,device_05,2025-11-13 04:45:25.15529,29,30,266,31.2,63.7,713.2,700
5205,device_02,2025-11-13 04:45:44.886822,0,0,1146,34.5,51,920.5,950
5206,device_03,2025-11-13 04:46:01.02479,0,0,72,31.3,58,824.6,847
5207,device_04,2025-11-13 04:46:24.557235,0,0,16,32.8,61,888.7,908
5208,device_05,2025-11-13 04:46:25.228346,0,0,266,31.2,63.7,713.2,699
5209,device_02,2025-11-13 04:46:44.843255,0,0,1144,34.4,51,921.6,951
5210,device_03,2025-11-13 04:47:01.058251,0,0,72,31.4,58,821.9,848
5211,device_04,2025-11-13 04:47:24.012878,0,0,17,32.8,61,887.1,909
5212,device_05,2025-11-13 04:47:25.185653,0,0,265,31.3,63.6,713.1,703
5213,device_02,2025-11-13 04:47:44.843286,0,0,1148,34.4,51,922.2,949
5214,device_03,2025-11-13 04:48:01.019581,0,0,72,31.5,58,822.7,844
5215,device_04,2025-11-13 04:48:24.688146,0,0,16,32.8,61,887.9,909
5216,device_05,2025-11-13 04:48:25.329703,0,0,266,31.3,63.5,715,700
5217,device_02,2025-11-13 04:48:44.889226,0,0,1145,34.5,51,920.2,952
5218,device_03,2025-11-13 04:49:01.081201,0,0,70,31.4,58,819.4,840
5219,device_04,2025-11-13 04:49:24.008302,0,0,16,32.8,61,889.2,910
5220,device_05,2025-11-13 04:49:25.321417,0,0,266,31.3,63.5,713.6,702
5221,device_02,2025-11-13 04:49:44.832879,23,24,1148,34.4,51,921.8,949
5222,device_03,2025-11-13 04:50:01.157443,0,0,71,31.5,58,818.1,840
5223,device_04,2025-11-13 04:50:24.251398,0,0,16,32.8,61,888.5,911
5224,device_05,2025-11-13 04:50:25.406402,0,0,266,31.3,63.5,714.8,706
5225,device_02,2025-11-13 04:50:44.84219,0,0,1149,34.5,51,921.7,952
5226,device_03,2025-11-13 04:51:01.07167,0,0,70,31.4,58,820.2,842
5227,device_04,2025-11-13 04:51:23.988702,0,0,18,32.8,61,891.8,911
5228,device_05,2025-11-13 04:51:25.256572,0,0,265,31.4,63.5,713.2,701
5229,device_02,2025-11-13 04:51:44.860609,0,0,1149,34.5,51,920.1,954
5230,device_03,2025-11-13 04:52:01.298735,0,0,71,31.4,58,822.7,847
5231,device_04,2025-11-13 04:52:23.956318,0,0,16,32.8,61,890.6,913
5232,device_05,2025-11-13 04:52:25.278543,0,0,266,31.4,63.5,715.1,700
5233,device_02,2025-11-13 04:52:45.211711,0,0,1147,34.4,51,922.8,952
5234,device_03,2025-11-13 04:53:01.045368,0,0,73,31.3,58,829.3,853
5235,device_04,2025-11-13 04:53:24.185593,0,0,15,32.8,61,889.3,911
5236,device_05,2025-11-13 04:53:25.217023,0,0,266,31.4,63.5,715.6,700
5237,device_02,2025-11-13 04:53:44.887715,0,0,1145,34.4,51,920.5,949
5238,device_03,2025-11-13 04:54:01.132247,0,0,70,31.5,58,827.8,850
5239,device_04,2025-11-13 04:54:24.151933,0,0,16,32.8,61,887.9,910
5240,device_05,2025-11-13 04:54:25.236713,0,0,266,31.4,63.5,718.5,709
5241,device_02,2025-11-13 04:54:44.961308,0,0,1145,34.4,51,918.1,946
5242,device_03,2025-11-13 04:55:01.027055,0,0,72,31.4,58,832,857
5243,device_04,2025-11-13 04:55:24.046155,0,0,15,32.8,61,890.3,915
5244,device_05,2025-11-13 04:55:25.72767,0,0,266,31.4,63.5,715.7,704
5245,device_02,2025-11-13 04:55:44.875144,0,0,1148,34.4,51,919,953
5246,device_03,2025-11-13 04:56:01.292215,0,0,72,31.2,58,830.8,857
5247,device_04,2025-11-13 04:56:23.982711,0,0,15,32.8,61,893.7,913
5248,device_05,2025-11-13 04:56:25.285465,0,0,267,31.4,63.5,716.5,703
5249,device_02,2025-11-13 04:56:44.882021,0,0,1149,34.5,51,921.6,951
5250,device_03,2025-11-13 04:57:01.118344,0,0,72,31.4,58,832.6,855
5251,device_04,2025-11-13 04:57:24.087113,0,0,15,32.8,61,891.7,915
5252,device_05,2025-11-13 04:57:25.416138,0,0,266,31.4,63.5,715.2,705
5253,device_02,2025-11-13 04:57:45.186437,0,0,1150,34.4,51,922.4,950
5254,device_03,2025-11-13 04:58:01.296029,0,0,70,31.4,58,825.3,851
5255,device_04,2025-11-13 04:58:23.963143,0,0,16,32.9,60.8,892.9,916
5256,device_05,2025-11-13 04:58:25.233967,0,0,266,31.4,63.5,716.5,702
5257,device_02,2025-11-13 04:58:44.876376,0,0,1147,34.6,51,920.1,952
5258,device_03,2025-11-13 04:59:01.284582,0,0,71,31.3,58,830.8,857
5259,device_04,2025-11-13 04:59:23.994706,0,0,16,33.2,60,892.1,914
5260,device_05,2025-11-13 04:59:25.341509,0,0,267,31.4,63.5,716.6,704
5261,device_02,2025-11-13 04:59:45.415168,0,0,1152,34.4,51,923.2,949
5262,device_03,2025-11-13 05:00:01.060399,0,0,70,31.4,58,834.3,857
5263,device_04,2025-11-13 05:00:24.009823,0,0,16,33.3,60,893.4,915
5264,device_05,2025-11-13 05:00:25.185066,0,0,266,31.4,63.5,715.6,706
5265,device_02,2025-11-13 05:00:44.870775,0,0,1150,34.4,51,921.2,954
5266,device_03,2025-11-13 05:01:01.135069,0,0,71,31.3,58,833.1,859
5267,device_04,2025-11-13 05:01:24.097031,0,0,15,33.3,60,892.3,915
5268,device_05,2025-11-13 05:01:25.252277,0,0,267,31.5,63.4,718.4,704
5269,device_02,2025-11-13 05:01:45.558752,0,0,1150,34.4,51,923.5,952
5270,device_03,2025-11-13 05:02:01.282805,21,21,70,31.6,58,832.8,860
5271,device_04,2025-11-13 05:02:23.981672,0,0,16,33.3,60,893,917
5272,device_05,2025-11-13 05:02:25.283812,0,0,268,31.5,63.3,717.6,707
5273,device_02,2025-11-13 05:02:45.042122,0,0,1152,34.4,51,924.5,951
5274,device_03,2025-11-13 05:03:01.046962,0,0,71,31.5,58,835.7,858
5275,device_04,2025-11-13 05:03:24.006624,0,0,17,33.3,60,894.5,914
5276,device_05,2025-11-13 05:03:25.286397,0,0,266,31.5,63.3,716.2,705
5277,device_02,2025-11-13 05:03:45.425904,0,0,1149,34.5,51,919.4,951
5278,device_03,2025-11-13 05:04:01.675243,0,0,71,31.4,58,833.2,860
5279,device_04,2025-11-13 05:04:24.009113,0,0,17,33.3,60,892.5,916
5280,device_05,2025-11-13 05:04:25.341427,0,0,266,31.5,63.3,718.5,704
5281,device_02,2025-11-13 05:04:44.850755,0,0,1151,34.4,51,924.1,952
5282,device_03,2025-11-13 05:05:01.395872,0,0,71,31.4,58,833.4,859
5283,device_04,2025-11-13 05:05:24.026455,0,0,17,33.3,60,893.1,915
5284,device_05,2025-11-13 05:05:25.311707,0,0,266,31.5,63.3,716.4,706
5285,device_02,2025-11-13 05:05:45.414058,0,0,1152,34.6,51,922.9,953
5286,device_03,2025-11-13 05:06:01.629543,0,0,71,31.5,58,833.7,857
5287,device_04,2025-11-13 05:06:24.112484,12,12,16,33.3,60,894,917
5288,device_05,2025-11-13 05:06:25.186092,0,0,268,31.5,63.3,717.7,708
5289,device_02,2025-11-13 05:06:44.89254,0,0,1152,34.4,51,921.4,955
5290,device_03,2025-11-13 05:07:01.290691,0,0,71,31.4,58,833,858
5291,device_04,2025-11-13 05:07:24.045956,0,0,16,33.3,60,894.8,918
5292,device_05,2025-11-13 05:07:25.204326,0,0,266,31.5,63.2,718.7,706
5293,device_02,2025-11-13 05:07:45.440421,0,0,1148,34.5,51,924,951
5294,device_03,2025-11-13 05:08:01.957775,0,0,71,31.5,58,834,857
5295,device_04,2025-11-13 05:08:23.966005,0,0,17,33.3,60,896.4,918
5296,device_05,2025-11-13 05:08:25.258911,0,0,266,31.5,63.2,717.3,707
5297,device_02,2025-11-13 05:08:44.864965,0,0,1151,34.5,51,922,951
5298,device_03,2025-11-13 05:09:01.085508,0,0,71,31.5,58,835.1,857
5299,device_04,2025-11-13 05:09:24.026228,0,0,15,33.3,60,895.2,918
5300,device_05,2025-11-13 05:09:25.174844,0,0,267,31.5,63.2,717,704
5301,device_02,2025-11-13 05:09:45.500627,0,0,1154,34.5,51,918.6,949
5302,device_03,2025-11-13 05:10:01.044735,0,0,69,31.7,58,833.9,860
5303,device_04,2025-11-13 05:10:24.100576,0,0,16,33.3,60,894.6,917
5304,device_05,2025-11-13 05:10:25.173816,0,0,267,31.5,63.2,720.2,713
5305,device_02,2025-11-13 05:10:44.848857,0,0,1150,34.6,51,921.4,953
5306,device_03,2025-11-13 05:11:01.03233,0,0,71,31.4,58,833.4,857
5307,device_04,2025-11-13 05:11:24.08555,0,0,16,33.3,60,894.8,916
5308,device_05,2025-11-13 05:11:25.387597,0,0,266,31.5,63.2,718.9,707
5309,device_02,2025-11-13 05:11:45.052137,31,31,1151,34.5,51,922,948
5310,device_03,2025-11-13 05:12:01.334665,0,0,70,31.4,58,833.5,857
5311,device_04,2025-11-13 05:12:24.57282,0,0,15,33.3,60,893.1,916
5312,device_05,2025-11-13 05:12:25.213705,0,0,266,31.5,63.2,717.1,706
5313,device_02,2025-11-13 05:12:44.86041,0,0,1149,34.3,51,921.2,948
5314,device_03,2025-11-13 05:13:01.242695,0,0,69,31.6,58,829.7,855
5315,device_04,2025-11-13 05:13:24.253691,0,0,16,33.3,60,893.4,913
5316,device_05,2025-11-13 05:13:25.325618,0,0,265,31.5,63.2,717.5,708
5317,device_02,2025-11-13 05:13:45.570669,0,0,1151,34.4,51,918.7,946
5318,device_03,2025-11-13 05:14:01.125356,0,0,73,31.4,58,832.9,859
5319,device_04,2025-11-13 05:14:24.60262,0,0,15,33.3,60,892.8,915
5320,device_05,2025-11-13 05:14:25.240289,0,0,266,31.5,63.2,724.2,711
5321,device_02,2025-11-13 05:14:44.838917,0,0,1156,34.5,51,919.4,948
5322,device_03,2025-11-13 05:15:01.370904,0,0,69,31.6,58,834.5,861
5323,device_04,2025-11-13 05:15:24.024161,0,0,16,33.3,60,893.1,916
5324,device_05,2025-11-13 05:15:25.233714,0,0,265,31.5,63.2,718.3,706
5325,device_02,2025-11-13 05:15:45.007549,0,0,1150,34.4,51,917,948
5326,device_03,2025-11-13 05:16:01.15708,0,0,70,31.5,58,836.3,862
5327,device_04,2025-11-13 05:16:24.564195,0,0,15,33.3,60,894.7,917
5328,device_05,2025-11-13 05:16:25.339047,0,0,265,31.5,63.2,717.3,707
5329,device_02,2025-11-13 05:16:44.856914,0,0,1152,34.3,51,922,950
5330,device_03,2025-11-13 05:17:01.034587,0,0,70,31.7,58,835.5,859
5331,device_04,2025-11-13 05:17:24.027795,0,0,17,33.3,60,896.2,917
5332,device_05,2025-11-13 05:17:25.193721,0,0,266,31.5,63.2,723.2,709
5333,device_02,2025-11-13 05:17:44.889328,0,0,1152,34.4,51,923,948
5334,device_03,2025-11-13 05:18:01.043137,0,0,69,31.7,58,834.4,862
5335,device_04,2025-11-13 05:18:24.582232,0,0,16,33.3,60,894.2,920
5336,device_05,2025-11-13 05:18:25.173776,0,0,265,31.6,63.2,715.5,704
5337,device_02,2025-11-13 05:18:44.911364,0,0,1151,34.6,51,918.7,948
5338,device_03,2025-11-13 05:19:01.162802,0,0,70,31.6,58,835.5,861
5339,device_04,2025-11-13 05:19:24.024043,0,0,15,33.3,60,895.3,919
5340,device_05,2025-11-13 05:19:25.205436,0,0,266,31.6,63.2,718.7,708
5341,device_02,2025-11-13 05:19:44.884578,0,0,1154,34.5,51,920.6,947
5342,device_03,2025-11-13 05:20:01.00956,0,0,69,31.4,58,833.9,858
5343,device_04,2025-11-13 05:20:24.250089,0,0,15,33.3,60,894.2,916
5344,device_05,2025-11-13 05:20:25.541144,0,0,267,31.6,63.1,716.9,706
5345,device_02,2025-11-13 05:20:44.886864,0,0,1155,34.5,51,917.9,951
5346,device_03,2025-11-13 05:21:01.338787,0,0,69,31.6,58,835.3,862
5347,device_04,2025-11-13 05:21:24.248504,0,0,14,33.3,60,893.7,917
5348,device_05,2025-11-13 05:21:25.386591,0,0,266,31.6,63.1,719.1,710
5349,device_02,2025-11-13 05:21:44.900067,0,0,1154,34.4,51,920.4,952
5350,device_03,2025-11-13 05:22:01.034502,0,0,70,31.5,58,834.9,857
5351,device_04,2025-11-13 05:22:24.043407,0,0,16,33.3,60,893,915
5352,device_05,2025-11-13 05:22:25.273859,0,0,266,31.6,63.1,719.5,707
5353,device_02,2025-11-13 05:22:44.863422,0,0,1155,34.5,50.9,928.8,958
5354,device_03,2025-11-13 05:23:01.229761,0,0,69,31.5,58,836.9,862
5355,device_04,2025-11-13 05:23:24.611141,0,0,17,33.3,60,894.7,918
5356,device_05,2025-11-13 05:23:25.205332,0,0,266,31.6,63.1,718.9,708
5357,device_02,2025-11-13 05:23:44.854507,0,0,1158,34.5,51,927,954
5358,device_03,2025-11-13 05:24:01.081878,0,0,70,31.3,58,830.2,857
5359,device_04,2025-11-13 05:24:23.986896,0,0,16,33.3,60,895.7,920
5360,device_05,2025-11-13 05:24:25.250535,0,0,267,31.6,63.1,723.1,709
5361,device_02,2025-11-13 05:24:44.984558,0,0,1156,34.6,51,919.2,947
5362,device_04,2025-11-13 05:25:24.043156,0,0,15,33.3,60,895.2,919
5363,device_05,2025-11-13 05:25:25.401205,0,0,267,31.6,63.1,719.2,706
5364,device_05,2025-11-13 05:26:25.385661,0,0,266,31.6,63.1,717.7,710
5365,device_03,2025-11-13 05:30:01.332191,0,0,61,32.4,57,841.4,869
5366,device_02,2025-11-13 05:30:45.469905,0,0,1157,34.4,50.9,926.7,963
5367,device_03,2025-11-13 05:31:01.899828,0,0,66,32.4,57,840,865
5368,device_04,2025-11-13 05:31:24.108804,0,0,13,33.3,60,901.8,925
5369,device_02,2025-11-13 05:31:44.952504,0,0,1156,34.5,50.9,923.6,953
5370,device_03,2025-11-13 05:32:01.078419,0,0,68,32.5,57,838.3,867
5371,device_04,2025-11-13 05:32:23.983275,0,0,15,33.3,60,895.7,921
5372,device_05,2025-11-13 05:32:25.343423,0,0,250,31.7,63,724.8,717
5373,device_02,2025-11-13 05:32:45.404543,0,0,1158,34.4,50.9,920.3,949
5374,device_03,2025-11-13 05:33:01.175967,0,0,67,32.6,57,838.4,867
5375,device_04,2025-11-13 05:33:24.275422,0,0,17,33.3,60,895.8,918
5376,device_05,2025-11-13 05:33:25.249396,0,0,260,31.7,63,721.7,709
5377,device_02,2025-11-13 05:33:44.91675,0,0,1157,34.5,50.7,921.2,955
5378,device_03,2025-11-13 05:34:01.039496,0,0,68,32.6,57,839.9,865
5379,device_04,2025-11-13 05:34:24.00337,0,0,17,33.3,60,895.7,918
5380,device_05,2025-11-13 05:34:25.179943,31,33,263,31.7,63,720.3,711
5381,device_02,2025-11-13 05:34:44.995107,0,0,1156,34.4,50.8,923.8,948
5382,device_03,2025-11-13 05:35:01.096474,0,0,68,32.4,57,839.6,867
5383,device_04,2025-11-13 05:35:24.668262,0,0,17,33.3,60,895.4,919
5384,device_05,2025-11-13 05:35:25.220254,0,0,265,31.7,63,718.6,705
5385,device_02,2025-11-13 05:35:44.829316,0,0,1158,34.4,50.7,922.4,953
5386,device_03,2025-11-13 05:36:01.031374,0,0,67,32.5,57,839.6,866
5387,device_04,2025-11-13 05:36:24.744897,0,0,15,33.3,60,896.3,920
5388,device_05,2025-11-13 05:36:25.36574,0,0,265,31.7,63,719.1,710
5389,device_02,2025-11-13 05:36:44.814896,0,0,1159,34.5,50.8,921.3,954
5390,device_03,2025-11-13 05:37:01.150424,0,0,69,32.4,57,839.2,866
5391,device_04,2025-11-13 05:37:24.014225,0,0,17,33.3,60,896.2,919
5392,device_05,2025-11-13 05:37:25.274578,0,0,266,31.7,63,721.4,713
5393,device_02,2025-11-13 05:37:44.999959,0,0,1153,34.5,50.8,922.6,948
5394,device_03,2025-11-13 05:38:01.18929,0,0,68,32.5,57,839.8,866
5395,device_04,2025-11-13 05:38:24.207256,0,0,16,33.3,60,896.5,921
5396,device_05,2025-11-13 05:38:25.213135,0,0,267,31.7,63,726.9,715
5397,device_02,2025-11-13 05:38:44.867561,0,0,1156,34.5,50.9,919.2,945
5398,device_03,2025-11-13 05:39:01.08869,0,0,69,32.5,57,841,867
5399,device_04,2025-11-13 05:39:23.993698,0,0,16,33.3,60,897.6,919
5400,device_05,2025-11-13 05:39:25.166301,0,0,266,31.7,63.1,722.8,713
5401,device_02,2025-11-13 05:39:45.433228,0,0,1158,34.5,50.7,922.5,947
5402,device_03,2025-11-13 05:40:01.442521,0,0,69,32.4,57,839.6,865
5403,device_04,2025-11-13 05:40:24.012667,0,0,16,33.3,60,895.1,919
5404,device_05,2025-11-13 05:40:25.219996,0,0,267,31.7,63.1,723.5,712
5405,device_02,2025-11-13 05:40:45.108536,0,0,1157,34.4,50.5,925.6,957
5406,device_03,2025-11-13 05:41:01.029445,0,0,68,32.5,57,838.8,867
5407,device_04,2025-11-13 05:41:24.039655,0,0,17,33.3,60,896.9,921
5408,device_05,2025-11-13 05:41:25.232422,0,0,267,31.7,63.1,722.4,713
5409,device_02,2025-11-13 05:41:44.909403,0,0,1157,34.5,50.4,919.6,944
5410,device_03,2025-11-13 05:42:01.23803,0,0,69,32.6,57,840.1,865
5411,device_04,2025-11-13 05:42:24.086233,0,0,17,33.3,60,897.5,920
5412,device_05,2025-11-13 05:42:25.164657,0,0,265,31.7,63.1,721.7,711
5413,device_02,2025-11-13 05:42:44.790206,0,0,1155,34.4,50.3,922.7,951
5414,device_03,2025-11-13 05:43:01.071687,0,0,69,32.5,57,840.6,866
5415,device_04,2025-11-13 05:43:24.168893,0,0,17,33.3,60,896,920
5416,device_05,2025-11-13 05:43:25.35918,0,0,266,31.7,63.1,722.3,710
5417,device_02,2025-11-13 05:43:45.023512,0,0,1155,34.3,50.4,918.9,946
5418,device_03,2025-11-13 05:44:01.036087,0,0,68,32.6,57,839.9,867
5419,device_04,2025-11-13 05:44:24.036507,0,0,15,33.3,60,896.6,918
5420,device_05,2025-11-13 05:44:25.205563,0,0,266,31.8,63,717.8,708
5421,device_02,2025-11-13 05:44:44.843089,0,0,1157,34.5,50.3,921.7,947
5422,device_03,2025-11-13 05:45:01.020514,0,0,69,32.4,57,837.6,865
5423,device_04,2025-11-13 05:45:24.11437,0,0,18,33.3,60,897,919
5424,device_05,2025-11-13 05:45:25.175922,0,0,266,31.8,63,720.1,708
5425,device_02,2025-11-13 05:45:45.41008,0,0,1157,34.4,50.3,920.1,951
5426,device_03,2025-11-13 05:46:01.206022,0,0,68,32.5,57,839.2,865
5427,device_04,2025-11-13 05:46:23.97147,0,0,17,33.3,60,896,919
5428,device_05,2025-11-13 05:46:25.174197,0,0,267,31.8,63,723.5,710
5429,device_02,2025-11-13 05:46:44.782954,0,0,1157,34.5,50.5,921.4,948
5430,device_03,2025-11-13 05:47:01.137374,0,0,68,32.5,57,837.9,865
5431,device_04,2025-11-13 05:47:23.946176,0,0,17,33.3,60,896.8,920
5432,device_05,2025-11-13 05:47:25.180134,0,0,266,31.8,63,722.6,712
5433,device_02,2025-11-13 05:47:45.133311,0,0,1156,34.5,50.3,920,945
5434,device_03,2025-11-13 05:48:01.191312,0,0,68,32.6,57,838,866
5435,device_04,2025-11-13 05:48:23.962183,0,0,17,33.3,60,897.7,918
5436,device_05,2025-11-13 05:48:25.126787,0,0,267,31.8,63,723.4,711
5437,device_02,2025-11-13 05:48:44.828659,0,0,1155,34.6,50.4,917,945
5438,device_03,2025-11-13 05:49:01.001146,0,0,69,32.6,57,838.9,868
5439,device_04,2025-11-13 05:49:24.030674,0,0,17,33.3,60,896.7,920
5440,device_05,2025-11-13 05:49:25.187744,0,0,267,31.8,63,722,713
5441,device_02,2025-11-13 05:49:45.430217,0,0,1158,34.5,50.4,916.2,944
5442,device_03,2025-11-13 05:50:00.987235,0,0,69,32.4,57,840,866
5443,device_04,2025-11-13 05:50:24.129234,10,10,17,33.3,60,897.3,919
5444,device_05,2025-11-13 05:50:25.267794,0,0,266,31.8,63,721.3,713
5445,device_02,2025-11-13 05:50:44.983814,0,0,1159,34.4,50.5,916.1,947
5446,device_03,2025-11-13 05:51:01.120739,18,18,67,32.6,57,840.9,864
5447,device_04,2025-11-13 05:51:23.961822,10,10,17,33.3,60,896.2,917
5448,device_05,2025-11-13 05:51:25.183955,0,0,266,31.8,63,725.4,713
5449,device_02,2025-11-13 05:51:44.864357,0,0,1159,34.4,50.5,916.4,943
5450,device_03,2025-11-13 05:52:01.388928,0,0,66,32.4,57,834.2,859
5451,device_04,2025-11-13 05:52:24.617208,0,0,16,33.3,60,892.7,915
5452,device_05,2025-11-13 05:52:25.309799,0,0,267,31.8,63,723.2,713
5453,device_02,2025-11-13 05:52:44.782904,0,0,1154,34.5,50.5,917.3,945
5454,device_03,2025-11-13 05:53:01.105448,0,0,68,32.4,57,838.6,864
5455,device_04,2025-11-13 05:53:23.942811,0,0,16,33.3,60,894,919
5456,device_05,2025-11-13 05:53:25.411974,0,0,267,31.8,63,720.3,713
5457,device_02,2025-11-13 05:53:45.049399,0,0,1158,34.5,50.3,917.6,940
5458,device_03,2025-11-13 05:54:01.285203,0,0,69,32.4,57,841.4,867
5459,device_04,2025-11-13 05:54:24.107868,0,0,17,33.3,60,895.4,918
5460,device_05,2025-11-13 05:54:25.220526,0,0,269,31.8,63,732.5,723
5461,device_02,2025-11-13 05:54:44.819806,0,0,1161,34.3,50.4,915,943
5462,device_03,2025-11-13 05:55:01.585059,0,0,68,32.5,57,839.3,868
5463,device_04,2025-11-13 05:55:23.958612,0,0,18,33.3,60,894.9,917
5464,device_05,2025-11-13 05:55:25.151039,0,0,265,31.8,63,721.7,714
5465,device_02,2025-11-13 05:55:44.787585,20,21,1161,34.3,50.5,922.9,954
5466,device_03,2025-11-13 05:56:00.998978,0,0,68,32.4,57,840.3,866
5467,device_04,2025-11-13 05:56:24.072594,0,0,15,33.3,60,895.1,919
5468,device_05,2025-11-13 05:56:25.154574,0,0,267,31.8,63,724.1,710
5469,device_02,2025-11-13 05:56:45.392799,20,21,1158,34.5,50.8,918.9,943
5470,device_03,2025-11-13 05:57:01.030768,19,22,68,32.6,57,839.9,865
5471,device_04,2025-11-13 05:57:24.493129,0,0,17,33.3,60,895.4,918
5472,device_05,2025-11-13 05:57:25.155036,0,0,266,31.8,63,722.8,713
5473,device_02,2025-11-13 05:57:44.898338,0,0,1156,34.5,50.7,918.2,944
5474,device_03,2025-11-13 05:58:01.153483,0,0,67,32.7,57,838.7,867
5475,device_04,2025-11-13 05:58:23.975748,0,0,16,33.3,60,897.5,918
5476,device_05,2025-11-13 05:58:25.167176,0,0,266,31.8,63,722.5,713
5477,device_02,2025-11-13 05:58:44.873008,0,0,1155,34.5,51,915.6,938
5478,device_03,2025-11-13 05:59:01.213415,0,0,68,32.6,57,837.9,861
5479,device_04,2025-11-13 05:59:24.142349,0,0,15,33.3,60,897.5,918
5480,device_05,2025-11-13 05:59:25.3297,0,0,268,31.8,63,727.7,716
5481,device_02,2025-11-13 05:59:44.801746,0,0,1161,34.5,51,915.6,942
5482,device_03,2025-11-13 06:00:01.023736,0,0,67,32.5,57,835.8,860
5483,device_04,2025-11-13 06:00:24.00217,0,0,16,33.3,60,894.5,917
5484,device_05,2025-11-13 06:00:25.155633,0,0,266,31.8,63,720.5,712
5485,device_02,2025-11-13 06:00:45.114277,0,0,1156,34.5,50.8,913.2,943
5486,device_03,2025-11-13 06:01:01.338712,0,0,67,32.6,57,838.2,866
5487,device_04,2025-11-13 06:01:24.006907,0,0,16,33.3,60,894.3,916
5488,device_05,2025-11-13 06:01:25.392043,29,30,266,31.8,63,723.2,710
5489,device_02,2025-11-13 06:01:44.963808,0,0,1160,34.5,50.6,917.8,945
5490,device_03,2025-11-13 06:02:01.053793,17,17,67,32.3,57,838.5,864
5491,device_04,2025-11-13 06:02:24.025791,9,10,17,33.3,60,895.6,917
5492,device_05,2025-11-13 06:02:25.176938,0,0,266,31.8,63,722.3,711
5493,device_02,2025-11-13 06:02:45.03759,0,0,1159,34.4,51,920.8,948
5494,device_03,2025-11-13 06:03:01.129053,17,17,68,32.5,57,837.8,865
5495,device_04,2025-11-13 06:03:24.035625,0,0,16,33.3,60,894.1,919
5496,device_05,2025-11-13 06:03:25.168705,0,0,265,31.8,63,719.7,710
5497,device_02,2025-11-13 06:03:45.386059,0,0,1157,34.4,50.9,912.8,940
5498,device_03,2025-11-13 06:04:01.02367,0,0,67,32.5,57,836.8,866
5499,device_04,2025-11-13 06:04:23.96645,0,0,16,33.3,60,895.4,915
5500,device_05,2025-11-13 06:04:25.232066,0,0,265,31.8,63,723.4,709
5501,device_02,2025-11-13 06:04:44.888871,0,0,1160,34.5,50.8,913.5,941
5502,device_03,2025-11-13 06:05:01.126769,0,0,67,32.5,57,838.7,866
5503,device_04,2025-11-13 06:05:24.114837,0,0,16,33.3,60,893.4,916
5504,device_05,2025-11-13 06:05:25.151593,0,0,268,31.8,63,725,715
5505,device_02,2025-11-13 06:05:44.814559,0,0,1163,34.3,50.8,919.8,951
5506,device_03,2025-11-13 06:06:01.016436,0,0,68,32.4,57,839.9,868
5507,device_04,2025-11-13 06:06:24.291457,0,0,17,33.3,60,891.9,915
5508,device_05,2025-11-13 06:06:25.326957,0,0,266,31.8,63,721.3,712
5509,device_02,2025-11-13 06:06:44.871089,0,0,1161,34.5,50.6,915.9,941
5510,device_03,2025-11-13 06:07:01.086748,0,0,68,32.4,57,838.9,866
5511,device_04,2025-11-13 06:07:24.127974,0,0,16,33.3,60,892.8,915
5512,device_05,2025-11-13 06:07:25.290575,0,0,265,31.8,63,722.4,708
5513,device_02,2025-11-13 06:07:44.847167,22,23,1157,34.4,50.8,915.5,939
5514,device_03,2025-11-13 06:08:01.257471,0,0,67,32.4,57,839.6,866
5515,device_04,2025-11-13 06:08:24.574264,0,0,15,33.3,60,894.4,917
5516,device_05,2025-11-13 06:08:25.302106,0,0,268,31.7,63.1,729.9,721
5517,device_02,2025-11-13 06:08:44.989359,0,0,1157,34.4,50.4,912.8,935
5518,device_03,2025-11-13 06:09:01.067196,0,0,66,32.5,57,837.8,866
5519,device_04,2025-11-13 06:09:24.025447,0,0,16,33.3,60,895.1,919
5520,device_05,2025-11-13 06:09:25.245711,0,0,267,31.8,63,720.6,711
5521,device_02,2025-11-13 06:09:44.814759,0,0,1159,34.4,50.6,910.7,937
5522,device_03,2025-11-13 06:10:02.759173,0,0,66,32.5,57,839.1,864
5523,device_04,2025-11-13 06:10:24.020573,0,0,16,33.3,60,896.1,918
5524,device_05,2025-11-13 06:10:25.155427,0,0,267,31.7,63.1,727,716
5525,device_02,2025-11-13 06:10:44.837011,0,0,1158,34.4,50.5,913.2,942
5526,device_03,2025-11-13 06:11:01.052024,0,0,66,32.5,57,840.5,865
5527,device_04,2025-11-13 06:11:24.038111,0,0,16,33.3,60,892.8,911
5528,device_05,2025-11-13 06:11:25.383372,0,0,265,31.7,63.1,722.1,710
5529,device_02,2025-11-13 06:11:44.86941,0,0,1164,34.4,50.2,922.3,949
5530,device_03,2025-11-13 06:12:01.272429,0,0,67,32.5,57,839.2,867
5531,device_04,2025-11-13 06:12:24.043162,0,0,16,33.3,60,894,915
5532,device_05,2025-11-13 06:12:25.16026,0,0,267,31.7,63.1,719.5,708
5533,device_02,2025-11-13 06:12:44.911349,0,0,1158,34.4,50.6,912,940
5534,device_03,2025-11-13 06:13:01.060525,20,20,67,32.5,57,840,865
5535,device_04,2025-11-13 06:13:24.038671,0,0,15,33.3,60,895.7,917
5536,device_05,2025-11-13 06:13:25.254611,0,0,265,31.7,63.1,720.7,710
5537,device_02,2025-11-13 06:13:45.396847,0,0,1158,34.5,50.3,912.3,935
5538,device_03,2025-11-13 06:14:01.223666,20,20,67,32.5,57,840.5,865
5539,device_04,2025-11-13 06:14:24.113914,0,0,16,33.3,60,893.5,918
5540,device_05,2025-11-13 06:14:25.169891,0,0,266,31.7,63.1,719.9,708
5541,device_02,2025-11-13 06:14:45.186338,0,0,1162,34.4,50.3,910.5,937
5542,device_03,2025-11-13 06:15:01.079424,0,0,65,32.4,57,834.9,863
5543,device_04,2025-11-13 06:15:24.07654,0,0,15,33.3,60,891.9,914
5544,device_05,2025-11-13 06:15:25.224138,0,0,267,31.7,63.1,723.1,712
5545,device_02,2025-11-13 06:15:45.178819,0,0,1159,34.3,50.8,911.9,941
5546,device_03,2025-11-13 06:16:01.181155,0,0,66,32.4,57,839.1,865
5547,device_04,2025-11-13 06:16:24.199857,0,0,16,33.3,60,895,916
5548,device_05,2025-11-13 06:16:25.347071,0,0,266,31.7,63.1,718,706
5549,device_02,2025-11-13 06:16:44.829411,0,0,1162,34.3,50.7,914.4,937
5550,device_03,2025-11-13 06:17:01.211406,0,0,66,32.4,57,840.3,865
5551,device_04,2025-11-13 06:17:24.586702,0,0,16,33.3,60,894.4,916
5552,device_05,2025-11-13 06:17:25.183908,0,0,266,31.7,63.1,722.1,708
5553,device_02,2025-11-13 06:17:44.974448,0,0,1163,34.5,50.7,912.7,939
5554,device_03,2025-11-13 06:18:01.124368,0,0,67,32.5,57,837.6,866
5555,device_04,2025-11-13 06:18:24.031114,0,0,16,33.3,60,893.4,915
5556,device_05,2025-11-13 06:18:25.21972,0,0,264,31.7,63.1,715,705
5557,device_02,2025-11-13 06:18:44.864317,0,0,1162,34.6,50.6,915.5,942
5558,device_03,2025-11-13 06:19:01.066607,0,0,66,32.5,57,839.4,864
5559,device_04,2025-11-13 06:19:24.000446,0,0,16,33.3,60,892.3,914
5560,device_05,2025-11-13 06:19:25.460316,0,0,265,31.7,63.1,718.2,711
5561,device_02,2025-11-13 06:19:44.858291,0,0,1161,34.5,51,912.9,936
5562,device_03,2025-11-13 06:20:01.747558,0,0,66,32.3,57,838.3,864
5563,device_04,2025-11-13 06:20:24.029531,0,0,16,33.3,60,891.8,916
5564,device_05,2025-11-13 06:20:25.234894,0,0,266,31.7,63.1,720.3,707
5565,device_02,2025-11-13 06:20:45.0317,0,0,1160,34.4,50.7,909.1,935
5566,device_03,2025-11-13 06:21:01.148669,0,0,65,32.5,57,837.7,864
5567,device_04,2025-11-13 06:21:24.026645,0,0,15,33.3,60,892.9,912
5568,device_05,2025-11-13 06:21:25.804443,0,0,266,31.7,63.1,722.7,711
5569,device_02,2025-11-13 06:21:44.924772,0,0,1160,34.4,50.2,917.3,940
5570,device_03,2025-11-13 06:22:01.662125,0,0,67,32.3,57,838.3,864
5571,device_04,2025-11-13 06:22:24.187881,0,0,16,33.3,60,891.8,915
5572,device_05,2025-11-13 06:22:25.302841,0,0,264,31.7,63.1,721.9,711
5573,device_02,2025-11-13 06:22:45.009501,0,0,1157,34.5,50.2,910.5,931
5574,device_03,2025-11-13 06:23:01.246806,0,0,66,32.6,57,838.3,867
5575,device_04,2025-11-13 06:23:24.03797,0,0,15,33.3,59.4,891,912
5576,device_05,2025-11-13 06:23:25.547364,0,0,266,31.7,63.1,721,708
5577,device_02,2025-11-13 06:23:45.412605,0,0,1162,34.3,50.5,905.3,930
5578,device_03,2025-11-13 06:24:01.216204,0,0,66,32.5,57,839.1,865
5579,device_04,2025-11-13 06:24:24.124902,0,0,15,33.3,59,889.8,913
5580,device_05,2025-11-13 06:24:25.231487,0,0,265,31.7,63.1,717.9,710
5581,device_02,2025-11-13 06:24:44.864241,0,0,1159,34.4,50.7,904.1,931
5582,device_04,2025-11-13 06:25:24.266125,0,0,16,33.3,59,891.5,914
5583,device_05,2025-11-13 06:25:25.221323,0,0,266,31.7,63.1,723.2,712
5584,device_05,2025-11-13 06:26:25.24863,0,0,265,31.7,63.2,719.7,708
5585,device_03,2025-11-13 06:30:01.698752,0,0,58,32.5,57,843.4,871
5586,device_02,2025-11-13 06:30:45.367046,0,0,1160,34.4,50.6,910.7,935
5587,device_03,2025-11-13 06:31:01.330106,0,0,63,32.4,57,838.9,863
5588,device_04,2025-11-13 06:31:24.133175,0,0,13,33.3,59,894.2,918
5589,device_02,2025-11-13 06:31:45.19329,0,0,1166,34.2,50.8,909.8,937
5590,device_03,2025-11-13 06:32:01.079337,0,0,63,32.4,57,837.3,865
5591,device_04,2025-11-13 06:32:24.061633,0,0,16,33.3,59,891.5,912
5592,device_05,2025-11-13 06:32:25.623522,0,0,247,31.7,63.1,716.2,705
5593,device_02,2025-11-13 06:32:45.017521,0,0,1164,34.5,50.8,902.7,932
5594,device_03,2025-11-13 06:33:01.794053,0,0,65,32.4,57,838.2,863
5595,device_04,2025-11-13 06:33:24.079183,0,0,16,33.3,59,888.2,908
5596,device_05,2025-11-13 06:33:25.243231,0,0,258,31.7,63.1,716,701
5597,device_02,2025-11-13 06:33:44.949857,0,0,1159,34.3,50.1,905.5,933
5598,device_03,2025-11-13 06:34:01.101294,0,0,65,32.4,57,837,858
5599,device_04,2025-11-13 06:34:24.629533,0,0,16,33.3,59,890.3,913
5600,device_05,2025-11-13 06:34:25.231228,0,0,262,31.7,63.1,713.3,705
5601,device_02,2025-11-13 06:34:45.221925,0,0,1163,34.5,50.2,909.2,931
5602,device_03,2025-11-13 06:35:01.080103,0,0,64,32.4,57,834.3,858
5603,device_04,2025-11-13 06:35:24.109431,0,0,14,33.3,59,889.8,908
5604,device_05,2025-11-13 06:35:25.222178,0,0,264,31.7,63.1,717.4,707
5605,device_02,2025-11-13 06:35:44.979831,0,0,1163,34.4,50.4,905.7,931
5606,device_03,2025-11-13 06:36:01.26767,0,0,64,32.4,57,832.5,859
5607,device_04,2025-11-13 06:36:24.355645,0,0,15,33.3,59,889.8,910
5608,device_05,2025-11-13 06:36:25.24166,0,0,263,31.7,63.1,721.9,708
5609,device_02,2025-11-13 06:36:45.011306,0,0,1161,34.4,50.5,903.9,926
5610,device_03,2025-11-13 06:37:01.297413,0,0,63,32.4,57,835.4,860
5611,device_04,2025-11-13 06:37:24.093535,0,0,17,33.3,59,888.5,910
5612,device_05,2025-11-13 06:37:25.272554,0,0,262,31.7,63.1,715.5,703
5613,device_02,2025-11-13 06:37:44.878495,0,0,1164,34.5,50.6,910.4,935
5614,device_03,2025-11-13 06:38:01.083361,0,0,64,32.4,57,834.8,860
5615,device_04,2025-11-13 06:38:24.100348,0,0,17,33.3,59,887.1,906
5616,device_05,2025-11-13 06:38:25.244827,0,0,264,31.7,63.1,715.3,703
5617,device_02,2025-11-13 06:38:45.077757,0,0,1160,34.6,50.9,905.8,929
5618,device_03,2025-11-13 06:39:01.280589,18,19,65,32.4,57,834.6,861
5619,device_04,2025-11-13 06:39:24.046626,0,0,17,33.3,59,885.1,908
5620,device_05,2025-11-13 06:39:25.216783,0,0,264,31.7,63.1,714.3,704
5621,device_02,2025-11-13 06:39:44.91409,0,0,1163,34.5,50.6,905.2,928
5622,device_03,2025-11-13 06:40:01.212192,18,19,64,32.5,57,834,861
5623,device_04,2025-11-13 06:40:24.282512,0,0,16,33.3,59,882.8,906
5624,device_05,2025-11-13 06:40:25.351727,0,0,265,31.7,63.1,720.1,713
5625,device_02,2025-11-13 06:40:44.914085,0,0,1162,34.4,50.8,901.8,929
5626,device_03,2025-11-13 06:41:01.191132,0,0,65,32.5,57,833.9,860
5627,device_04,2025-11-13 06:41:24.066581,0,0,15,33.3,59,886,909
5628,device_05,2025-11-13 06:41:25.291839,0,0,264,31.7,63.1,717.4,706
5629,device_02,2025-11-13 06:41:44.926631,0,0,1161,34.3,50.8,904.2,925
5630,device_03,2025-11-13 06:42:01.292417,0,0,64,32.5,57,834.1,860
5631,device_04,2025-11-13 06:42:24.111165,0,0,16,33.3,59,886.4,911
5632,device_05,2025-11-13 06:42:25.196579,0,0,264,31.7,63.1,718.7,705
5633,device_02,2025-11-13 06:42:45.068746,0,0,1163,34.5,50.9,909.4,932
5634,device_03,2025-11-13 06:43:01.212742,0,0,64,32.5,57,835.9,863
5635,device_04,2025-11-13 06:43:24.073073,0,0,16,33.3,59,883.8,906
5636,device_05,2025-11-13 06:43:25.207404,0,0,265,31.7,63.1,721.2,707
5637,device_02,2025-11-13 06:43:45.570788,0,0,1160,34.4,51,902.9,925
5638,device_03,2025-11-13 06:44:01.382448,0,0,65,32.4,57,836.3,862
5639,device_04,2025-11-13 06:44:24.131491,0,0,16,33.3,59,889,906
5640,device_05,2025-11-13 06:44:25.232445,0,0,264,31.7,63.1,715,705
5641,device_02,2025-11-13 06:44:44.879444,0,0,1168,34.4,50.8,908.6,935
5642,device_03,2025-11-13 06:45:01.226041,0,0,65,32.6,57,836.7,861
5643,device_04,2025-11-13 06:45:24.233232,0,0,15,33.3,59,886.2,908
5644,device_05,2025-11-13 06:45:25.288644,0,0,263,31.7,63.1,715.7,707
5645,device_02,2025-11-13 06:45:45.107362,0,0,1162,34.6,50.9,902,926
5646,device_03,2025-11-13 06:46:01.23332,0,0,64,32.5,57,833.8,861
5647,device_04,2025-11-13 06:46:24.628316,0,0,16,33.3,59,887.1,906
5648,device_05,2025-11-13 06:46:25.452631,0,0,264,31.7,63.1,718.1,704
5649,device_02,2025-11-13 06:46:44.934246,0,0,1165,34.5,50.9,905.9,931
5650,device_03,2025-11-13 06:47:01.13207,0,0,65,32.5,57,836.6,862
5651,device_04,2025-11-13 06:47:24.09942,0,0,16,33.3,59,883.7,903
5652,device_05,2025-11-13 06:47:25.388823,0,0,264,31.7,63.1,716.5,708
5653,device_02,2025-11-13 06:47:45.148091,0,0,1163,34.5,50.9,902.7,929
5654,device_03,2025-11-13 06:48:01.053586,0,0,65,32.5,57,835.6,860
5655,device_04,2025-11-13 06:48:24.197037,0,0,16,33.3,59,886.2,907
5656,device_05,2025-11-13 06:48:25.248503,0,0,263,31.7,63.1,714.4,704
5657,device_02,2025-11-13 06:48:44.789194,0,0,1160,34.6,50.9,901.4,927
5658,device_03,2025-11-13 06:49:01.128778,0,0,63,32.5,57,833.7,859
5659,device_04,2025-11-13 06:49:24.156495,0,0,16,33.3,59,886.8,905
5660,device_05,2025-11-13 06:49:25.752074,0,0,265,31.7,63.1,716.3,703
5661,device_02,2025-11-13 06:49:45.120536,0,0,1161,34.5,50.9,904.9,925
5662,device_03,2025-11-13 06:50:01.040225,0,0,63,32.5,57,834.3,859
5663,device_04,2025-11-13 06:50:24.060775,0,0,16,33.3,59,886,906
5664,device_05,2025-11-13 06:50:25.223161,0,0,264,31.7,63.1,713.8,706
5665,device_02,2025-11-13 06:50:44.902159,0,0,1163,34.3,50.9,902.7,929
5666,device_03,2025-11-13 06:51:01.084695,0,0,64,32.6,57,835.9,859
5667,device_04,2025-11-13 06:51:24.064528,10,11,14,33.3,59,887.4,907
5668,device_05,2025-11-13 06:51:25.388901,0,0,265,31.7,63.1,719.7,709
5669,device_02,2025-11-13 06:51:45.500895,0,0,1164,34.5,50.8,904,929
5670,device_03,2025-11-13 06:52:01.372485,0,0,64,32.6,57,835,860
5671,device_04,2025-11-13 06:52:24.051489,0,0,15,33.3,59,883.2,902
5672,device_05,2025-11-13 06:52:25.32815,0,0,264,31.7,63.1,722.5,709
5673,device_02,2025-11-13 06:52:45.078151,0,0,1161,34.5,50.8,899.1,927
5674,device_03,2025-11-13 06:53:01.135651,0,0,64,32.5,57,834.9,859
5675,device_04,2025-11-13 06:53:24.298818,0,0,16,33.3,59,881.8,902
5676,device_05,2025-11-13 06:53:25.220871,0,0,263,31.7,63.2,717.7,705
5677,device_02,2025-11-13 06:53:45.357231,0,0,1160,34.4,50.8,902.8,922
5678,device_03,2025-11-13 06:54:01.038817,0,0,64,32.5,57,833.7,858
5679,device_01,2025-11-13 06:54:05.485312,33,38,221,27.8,21.1,844.4,909
5680,device_04,2025-11-13 06:54:24.163612,0,0,14,33.3,59,883.9,906
5681,device_05,2025-11-13 06:54:25.273792,0,0,263,31.7,63.2,716,702
5682,device_02,2025-11-13 06:54:44.808017,0,0,1164,34.3,51,900,924
5683,device_03,2025-11-13 06:55:01.088971,0,0,64,32.6,57,833.7,861
5684,device_04,2025-11-13 06:55:24.024366,0,0,15,33.3,59,882.7,903
5685,device_05,2025-11-13 06:55:25.192565,0,0,265,31.7,63.1,718.3,710
5686,device_02,2025-11-13 06:55:44.803594,0,0,1163,34.4,51,900.6,927
5687,device_03,2025-11-13 06:56:01.098156,0,0,63,32.5,57,836,859
5688,device_04,2025-11-13 06:56:24.074656,0,0,15,33.3,59,886.6,906
5689,device_05,2025-11-13 06:56:25.160039,0,0,264,31.7,63.2,717.3,708
5690,device_02,2025-11-13 06:56:44.810934,22,22,1165,34.5,51,902.4,922
5691,device_03,2025-11-13 06:57:01.294696,0,0,64,32.5,57,834.8,862
5692,device_04,2025-11-13 06:57:24.244125,13,13,15,33.3,59,883.3,905
5693,device_05,2025-11-13 06:57:25.261927,0,0,264,31.7,63.2,718.9,707
5694,device_02,2025-11-13 06:57:44.838474,0,0,1163,34.4,50.6,899.9,925
5695,device_03,2025-11-13 06:58:01.062551,0,0,64,32.5,57,835.8,862
5696,device_04,2025-11-13 06:58:24.081887,0,0,15,33.3,59,886.7,907
5697,device_05,2025-11-13 06:58:25.164247,0,0,264,31.7,63.2,718.7,706
5698,device_02,2025-11-13 06:58:44.992969,0,0,1163,34.3,50.9,900.1,924
5699,device_03,2025-11-13 06:59:01.098618,0,0,65,32.5,57,836.1,859
5700,device_04,2025-11-13 06:59:24.055169,0,0,15,33.3,59,885.4,906
5701,device_05,2025-11-13 06:59:25.204917,0,0,264,31.6,63.2,717.6,704
5702,device_02,2025-11-13 06:59:44.952987,0,0,1163,34.4,50.7,899.4,921
5703,device_03,2025-11-13 07:00:01.070317,0,0,64,32.5,57,834.5,863
5704,device_04,2025-11-13 07:00:24.108303,0,0,16,33.3,59,885.2,906
5705,device_05,2025-11-13 07:00:25.434728,0,0,265,31.6,63.2,717.9,709
5706,device_02,2025-11-13 07:00:44.91809,0,0,1161,34.4,50.8,898,923
5707,device_03,2025-11-13 07:01:01.295471,0,0,64,32.4,57,837,860
5708,device_04,2025-11-13 07:01:24.145431,0,0,14,33.3,59,884.7,903
5709,device_05,2025-11-13 07:01:25.399906,0,0,264,31.6,63.2,714.9,705
5710,device_02,2025-11-13 07:01:44.861735,0,0,1164,34.5,50.6,897.1,918
5711,device_03,2025-11-13 07:02:01.094344,0,0,65,32.4,57,835.8,860
5712,device_04,2025-11-13 07:02:24.036918,0,0,15,33.3,59,885.5,904
5713,device_05,2025-11-13 07:02:25.757761,0,0,264,31.6,63.2,714.5,702
5714,device_02,2025-11-13 07:02:44.836757,25,25,1161,34.4,50.8,893.6,917
5715,device_03,2025-11-13 07:03:01.742667,0,0,64,32.4,57,834.3,862
5716,device_04,2025-11-13 07:03:24.132482,9,9,15,33.3,59,884.8,904
5717,device_05,2025-11-13 07:03:25.173213,0,0,264,31.6,63.2,714.8,705
5718,device_02,2025-11-13 07:03:44.835365,0,0,1164,34.3,50.9,898.9,925
5719,device_03,2025-11-13 07:04:01.041902,0,0,65,32.5,57,835.8,860
5720,device_04,2025-11-13 07:04:24.234716,0,0,15,33.3,59,884.3,905
5721,device_05,2025-11-13 07:04:25.169202,0,0,265,31.6,63.2,721.6,711
5722,device_02,2025-11-13 07:04:44.863334,0,0,1166,34.3,51,900.4,921
5723,device_03,2025-11-13 07:05:01.243868,0,0,65,32.4,57,835.1,860
5724,device_04,2025-11-13 07:05:24.057583,0,0,15,33.3,59,882.7,905
5725,device_05,2025-11-13 07:05:25.214204,0,0,265,31.6,63.2,715.6,702
5726,device_02,2025-11-13 07:05:44.874416,0,0,1166,34.4,50.8,896.8,922
5727,device_03,2025-11-13 07:06:01.026403,0,0,64,32.4,57,833.3,860
5728,device_04,2025-11-13 07:06:24.101096,0,0,15,33.3,59,886.5,907
5729,device_05,2025-11-13 07:06:26.600399,0,0,263,31.6,63.2,713.3,703
5730,device_02,2025-11-13 07:06:45.010493,0,0,1164,34.4,50.7,901.3,925
5731,device_03,2025-11-13 07:07:01.662322,21,21,64,32.5,57,833.9,858
5732,device_04,2025-11-13 07:07:24.062786,0,0,15,33.3,59,886.9,905
5733,device_05,2025-11-13 07:07:25.334845,0,0,264,31.6,63.2,714.4,702
5734,device_02,2025-11-13 07:07:45.155436,0,0,1161,34.4,50.3,894.6,914
5735,device_03,2025-11-13 07:08:01.044548,0,0,64,32.4,57,833.6,860
5736,device_04,2025-11-13 07:08:24.013436,0,0,15,33.3,59,884.6,907
5737,device_05,2025-11-13 07:08:25.759307,0,0,263,31.6,63.2,716.5,699
5738,device_02,2025-11-13 07:08:45.485801,23,23,1164,34.5,51,896,917
5739,device_03,2025-11-13 07:09:01.04978,0,0,62,32.4,57,833.5,860
5740,device_04,2025-11-13 07:09:24.058054,0,0,16,33.3,59,885.3,905
5741,device_05,2025-11-13 07:09:25.322057,0,0,263,31.6,63.1,710.9,697
5742,device_02,2025-11-13 07:09:44.850739,0,0,1164,34.5,50.8,896.7,918
5743,device_03,2025-11-13 07:10:01.395574,0,0,63,32.4,57,831.9,854
5744,device_04,2025-11-13 07:10:24.092812,0,0,15,33.3,59,884,905
5745,device_05,2025-11-13 07:10:25.214435,0,0,263,31.6,63.1,709.2,696
5746,device_02,2025-11-13 07:10:45.43019,0,0,1163,34.5,50.8,895.3,918
5747,device_03,2025-11-13 07:11:01.128411,0,0,63,32.5,57,833.5,859
5748,device_04,2025-11-13 07:11:24.094516,0,0,16,33.3,59,883.2,904
5749,device_05,2025-11-13 07:11:25.476784,0,0,262,31.6,63.2,713.5,700
5750,device_02,2025-11-13 07:11:44.805933,0,0,1167,34.5,50.8,903.3,925
5751,device_03,2025-11-13 07:12:01.188779,0,0,64,32.5,57,830.4,855
5752,device_04,2025-11-13 07:12:24.018657,0,0,15,33.3,59,883.7,904
5753,device_05,2025-11-13 07:12:25.198692,0,0,263,31.6,63.2,709.5,696
5754,device_02,2025-11-13 07:12:44.776872,0,0,1163,34.4,50.9,894.2,917
5755,device_03,2025-11-13 07:13:01.160187,0,0,64,32.5,57,834.8,859
5756,device_04,2025-11-13 07:13:24.065179,0,0,15,33.3,59,884,903
5757,device_05,2025-11-13 07:13:25.186969,0,0,264,31.6,63.2,713.2,701
5758,device_02,2025-11-13 07:13:44.87428,0,0,1164,34.4,51,894.8,915
5759,device_03,2025-11-13 07:14:01.059631,0,0,63,32.4,57,826.7,853
5760,device_04,2025-11-13 07:14:24.078567,0,0,14,33.3,59,883.8,904
5761,device_05,2025-11-13 07:14:25.849266,0,0,262,31.5,63.2,708.8,694
5762,device_02,2025-11-13 07:14:44.865414,0,0,1169,34.5,51,903.1,925
5763,device_03,2025-11-13 07:15:01.253774,0,0,65,32.5,57,835.6,860
5764,device_04,2025-11-13 07:15:24.154899,0,0,15,33.3,59,882.8,902
5765,device_05,2025-11-13 07:15:25.381791,0,0,263,31.5,63.2,708.9,697
5766,device_02,2025-11-13 07:15:44.899424,0,0,1165,34.5,50.9,894.6,920
5767,device_03,2025-11-13 07:16:01.084296,0,0,64,32.5,57,834.9,859
5768,device_04,2025-11-13 07:16:24.229859,0,0,14,33.3,59,883.8,904
5769,device_05,2025-11-13 07:16:25.674082,0,0,263,31.5,63.2,711,701
5770,device_02,2025-11-13 07:16:45.193532,0,0,1167,34.5,50.9,896.1,916
5771,device_03,2025-11-13 07:17:01.27506,0,0,63,32.5,57,834.3,860
5772,device_04,2025-11-13 07:17:24.238946,0,0,16,33.3,59,881.9,905
5773,device_05,2025-11-13 07:17:25.273651,0,0,262,31.5,63.2,712.9,699
5774,device_02,2025-11-13 07:17:44.97255,0,0,1165,34.3,50.8,894.3,918
5775,device_03,2025-11-13 07:18:01.303451,0,0,63,32.5,57,835.5,859
5776,device_04,2025-11-13 07:18:24.097007,0,0,14,33.3,59,885.1,904
5777,device_05,2025-11-13 07:18:25.229144,0,0,263,31.5,63.2,713.7,697
5778,device_02,2025-11-13 07:18:45.438012,0,0,1164,34.4,50.9,896.1,919
5779,device_03,2025-11-13 07:19:02.347841,0,0,64,32.5,57,836,860
5780,device_04,2025-11-13 07:19:24.210845,0,0,13,33.3,59,883.1,904
5781,device_05,2025-11-13 07:19:25.19416,0,0,263,31.5,63.2,709.5,696
5782,device_02,2025-11-13 07:19:44.826498,0,0,1167,34.4,50.6,896.5,917
5783,device_03,2025-11-13 07:20:01.119968,0,0,65,32,57.5,831.7,856
5784,device_04,2025-11-13 07:20:24.072425,0,0,16,33.3,59,882.5,903
5785,device_05,2025-11-13 07:20:25.274568,0,0,264,31.5,63.2,710.1,698
5786,device_02,2025-11-13 07:20:44.814846,0,0,1165,34.5,51,891.3,918
5787,device_03,2025-11-13 07:21:01.188332,0,0,65,31.4,58,838.7,862
5788,device_04,2025-11-13 07:21:24.071248,0,0,15,33.3,59,882.6,902
5789,device_05,2025-11-13 07:21:25.729007,0,0,263,31.5,63.2,711,701
5790,device_02,2025-11-13 07:21:45.026681,0,0,1163,34.3,50.8,894.5,914
5791,device_03,2025-11-13 07:22:01.083979,0,0,64,31.4,58,830.5,852
5792,device_04,2025-11-13 07:22:24.106473,0,0,16,33.3,59,881,903
5793,device_05,2025-11-13 07:22:25.441527,0,0,264,31.5,63.2,712.4,702
5794,device_02,2025-11-13 07:22:45.151619,0,0,1163,34.3,51,894.4,915
5795,device_03,2025-11-13 07:23:01.108854,0,0,63,31.7,58,832.9,856
5796,device_04,2025-11-13 07:23:24.263813,0,0,15,33.3,59,881.1,905
5797,device_05,2025-11-13 07:23:25.54955,0,0,263,31.5,63.2,711.9,698
5798,device_02,2025-11-13 07:23:45.185102,0,0,1166,34.5,50.9,893.2,914
5799,device_03,2025-11-13 07:24:01.223608,0,0,62,31.5,58,818,835
5800,device_04,2025-11-13 07:24:24.212327,0,0,16,33.3,59,882,900
5801,device_05,2025-11-13 07:24:25.507268,0,0,262,31.5,63.2,712.2,698
5802,device_02,2025-11-13 07:24:44.93504,0,0,1161,34.4,51,889,911
5803,device_04,2025-11-13 07:25:24.205632,12,13,16,33.3,59,882.5,900
5804,device_05,2025-11-13 07:25:26.110183,0,0,263,31.5,63.3,710.3,696
5805,device_05,2025-11-13 07:26:25.901866,0,0,263,31.5,63.3,710.6,698
5806,device_03,2025-11-13 07:30:01.282115,0,0,55,31.5,57.8,826.1,848
5807,device_02,2025-11-13 07:30:44.903664,0,0,1170,34.5,50.1,905.8,932
5808,device_03,2025-11-13 07:31:01.083361,0,0,60,31.6,58,828,853
5809,device_04,2025-11-13 07:31:24.142431,0,0,12,33.3,59,885.6,907
5810,device_02,2025-11-13 07:31:44.866014,0,0,1167,34.4,50.3,888.5,908
5811,device_03,2025-11-13 07:32:01.686597,0,0,62,31.7,58,831.6,855
5812,device_04,2025-11-13 07:32:24.374756,0,0,16,33.3,59,878.8,896
5813,device_05,2025-11-13 07:32:25.437356,0,0,246,31.5,63.2,707.9,697
5814,device_02,2025-11-13 07:32:44.86392,0,0,1165,34.4,50.3,887.8,913
5815,device_03,2025-11-13 07:33:01.324908,0,0,63,31.6,58,833.6,857
5816,device_04,2025-11-13 07:33:24.269515,0,0,16,33.3,59,877.1,897
5817,device_05,2025-11-13 07:33:25.392086,0,0,256,31.5,63.2,710.5,694
5818,device_02,2025-11-13 07:33:45.021719,0,0,1163,34.4,50.3,890.3,908
5819,device_03,2025-11-13 07:34:01.176468,0,0,63,31.3,57.9,831.8,859
5820,device_04,2025-11-13 07:34:24.095581,0,0,15,33.3,59,875.2,896
5821,device_05,2025-11-13 07:34:25.278985,0,0,259,31.4,63.3,710.3,696
5822,device_02,2025-11-13 07:34:44.888748,0,0,1164,34.4,50.5,892.3,910
5823,device_03,2025-11-13 07:35:01.354169,0,0,63,31.5,58,832.4,857
5824,device_04,2025-11-13 07:35:24.335424,0,0,15,33.3,59,878.6,896
5825,device_05,2025-11-13 07:35:25.283375,0,0,260,31.4,63.4,709.3,694
5826,device_02,2025-11-13 07:35:45.038664,24,24,1165,34.5,50.2,889.7,913
5827,device_03,2025-11-13 07:36:01.757038,0,0,63,31.3,58,831.3,857
5828,device_04,2025-11-13 07:36:24.264534,0,0,15,33.3,59,878.8,895
5829,device_05,2025-11-13 07:36:25.237599,0,0,261,31.4,63.5,709.5,695
5830,device_02,2025-11-13 07:36:44.83478,0,0,1167,34.5,50.4,891.3,911
5831,device_03,2025-11-13 07:37:01.121038,0,0,63,31.6,58,831.2,858
5832,device_04,2025-11-13 07:37:24.156802,0,0,17,33.3,59,875.9,895
5833,device_05,2025-11-13 07:37:25.27673,0,0,261,31.4,63.5,707.8,697
5834,device_02,2025-11-13 07:37:45.13509,0,0,1166,34.5,50.4,892.6,913
5835,device_03,2025-11-13 07:38:01.106215,0,0,63,31.4,58,831.6,855
5836,device_04,2025-11-13 07:38:24.188755,0,0,16,33.3,59,874.4,893
5837,device_05,2025-11-13 07:38:25.38586,0,0,261,31.4,63.5,710.4,697
5838,device_02,2025-11-13 07:38:44.986638,0,0,1166,34.5,50.6,891.4,909
5839,device_03,2025-11-13 07:39:01.112409,19,19,62,31.5,57.8,829.8,855
5840,device_04,2025-11-13 07:39:24.146502,0,0,15,33.3,59,875.6,898
5841,device_05,2025-11-13 07:39:25.22829,0,0,262,31.4,63.6,710.8,695
5842,device_02,2025-11-13 07:39:45.031776,0,0,1164,34.5,50.6,891,908
5843,device_03,2025-11-13 07:40:01.379082,0,0,63,31.5,58,829.5,855
5844,device_04,2025-11-13 07:40:24.149029,0,0,16,33.3,59,877.9,896
5845,device_05,2025-11-13 07:40:25.271424,0,0,260,31.4,63.7,709.3,697
5846,device_02,2025-11-13 07:40:44.9672,0,0,1163,34.5,51,886.3,907
5847,device_03,2025-11-13 07:41:01.221893,0,0,63,31.5,58,832.5,854
5848,device_04,2025-11-13 07:41:24.651154,0,0,14,33.3,59,879.3,898
5849,device_05,2025-11-13 07:41:25.282795,0,0,261,31.4,63.7,710.7,695
5850,device_02,2025-11-13 07:41:44.844665,0,0,1168,34.4,51,891.3,912
5851,device_03,2025-11-13 07:42:01.317495,0,0,63,31.5,58,830.3,853
5852,device_04,2025-11-13 07:42:24.147957,0,0,15,33.3,59,877.5,894
5853,device_05,2025-11-13 07:42:25.298357,0,0,262,31.4,63.7,710,696
5854,device_02,2025-11-13 07:42:44.855571,0,0,1165,34.7,51,885.4,910
5855,device_03,2025-11-13 07:43:01.155112,0,0,62,31.5,57.9,827.9,854
5856,device_04,2025-11-13 07:43:24.111065,0,0,15,33.3,59,876.6,896
5857,device_05,2025-11-13 07:43:25.232911,0,0,263,31.4,63.7,707.4,697
5858,device_02,2025-11-13 07:43:44.876786,0,0,1165,34.6,51,886.9,906
5859,device_03,2025-11-13 07:44:02.107265,0,0,63,31.6,58,830.3,853
5860,device_04,2025-11-13 07:44:24.13586,0,0,17,33.3,59,877.2,897
5861,device_05,2025-11-13 07:44:25.277336,0,0,262,31.4,63.8,710,698
5862,device_02,2025-11-13 07:44:44.953992,0,0,1166,34,51,888.2,908
5863,device_03,2025-11-13 07:45:01.118012,0,0,63,31.4,58,829.7,853
5864,device_04,2025-11-13 07:45:24.111724,0,0,16,33.3,59,877.4,896
5865,device_05,2025-11-13 07:45:25.259162,0,0,262,31.4,63.8,713.5,702
5866,device_02,2025-11-13 07:45:44.93302,0,0,1163,33.6,51,886.7,910
5867,device_03,2025-11-13 07:46:01.326917,0,0,62,31.6,58,827.6,851
5868,device_04,2025-11-13 07:46:24.19699,0,0,16,33.3,59,876,895
5869,device_05,2025-11-13 07:46:25.318181,0,0,261,31.4,63.9,707.4,691
5870,device_02,2025-11-13 07:46:44.913705,0,0,1169,33.5,51,889.4,908
5871,device_03,2025-11-13 07:47:01.115621,0,0,62,31.2,58,828.1,850
5872,device_04,2025-11-13 07:47:24.117503,0,0,15,33.3,59,877,897
5873,device_05,2025-11-13 07:47:25.817146,0,0,262,31.4,63.9,708.1,693
5874,device_02,2025-11-13 07:47:45.278805,0,0,1165,33.7,51,887.7,910
5875,device_03,2025-11-13 07:48:01.201429,0,0,63,31.6,58,825.2,851
5876,device_04,2025-11-13 07:48:24.191072,0,0,15,33.3,59,877.1,895
5877,device_05,2025-11-13 07:48:25.259066,0,0,263,31.3,63.9,709.4,698
5878,device_02,2025-11-13 07:48:44.895323,0,0,1165,33.5,51,888.7,909
5879,device_03,2025-11-13 07:49:01.18061,0,0,62,31.5,58,829.2,852
5880,device_04,2025-11-13 07:49:24.712229,0,0,15,33.3,59,875.3,894
5881,device_05,2025-11-13 07:49:25.312259,0,0,262,31.3,63.9,705.5,691
5882,device_02,2025-11-13 07:49:44.852741,0,0,1166,33.5,51,886.7,906
5883,device_03,2025-11-13 07:50:01.472902,0,0,62,31.4,57.6,831.2,852
5884,device_04,2025-11-13 07:50:24.688434,0,0,15,33.3,59,874.7,892
5885,device_05,2025-11-13 07:50:25.302526,0,0,261,31.3,63.9,703.5,690
5886,device_02,2025-11-13 07:50:45.027732,0,0,1167,33.6,51,887,907
5887,device_03,2025-11-13 07:51:01.154719,0,0,62,31.5,57.7,828.9,853
5888,device_04,2025-11-13 07:51:24.121911,0,0,15,33.3,59,874.3,894
5889,device_05,2025-11-13 07:51:25.262325,0,0,261,31.3,63.9,705.4,693
5890,device_02,2025-11-13 07:51:44.901611,0,0,1165,33.6,51,888.7,909
5891,device_03,2025-11-13 07:52:01.115891,0,0,64,31.5,58,827.9,852
5892,device_04,2025-11-13 07:52:24.31216,0,0,16,33.3,59,875.8,892
5893,device_05,2025-11-13 07:52:25.213271,0,0,263,31.3,63.9,708.8,694
5894,device_02,2025-11-13 07:52:45.013026,0,0,1164,33.4,51,885.3,909
5895,device_03,2025-11-13 07:53:01.764725,0,0,63,31.4,58,829.5,852
5896,device_04,2025-11-13 07:53:24.127691,0,0,17,33.3,59,874.1,892
5897,device_05,2025-11-13 07:53:25.226547,0,0,261,31.3,63.9,705.5,691
5898,device_02,2025-11-13 07:53:45.205025,0,0,1167,33.5,51,888,905
5899,device_03,2025-11-13 07:54:01.116949,0,0,62,31.3,58,825,848
5900,device_04,2025-11-13 07:54:24.152612,0,0,17,33.3,59,874.4,893
5901,device_05,2025-11-13 07:54:25.803122,0,0,260,31.2,63.9,704.6,688
5902,device_02,2025-11-13 07:54:44.896591,0,0,1165,33.4,51,883.5,904
5903,device_03,2025-11-13 07:55:03.870274,0,0,63,31.5,58,828,851
5904,device_04,2025-11-13 07:55:24.093673,0,0,17,33.3,59,875.3,891
5905,device_05,2025-11-13 07:55:25.352116,0,0,262,31.2,63.9,712.5,698
5906,device_02,2025-11-13 07:55:44.870862,0,0,1166,33.5,51,884.8,902
5907,device_03,2025-11-13 07:56:01.166215,18,428,62,31.5,58,827.9,850
5908,device_04,2025-11-13 07:56:24.238731,0,0,17,33.3,59,873.8,895
5909,device_05,2025-11-13 07:56:25.373039,0,0,259,31.2,63.9,702.6,689
5910,device_02,2025-11-13 07:56:44.879789,0,0,1166,33.4,51,885.4,904
5911,device_03,2025-11-13 07:57:01.791575,0,0,62,31.4,58,826.1,851
5912,device_04,2025-11-13 07:57:24.082096,0,0,16,33.3,59,873.1,893
5913,device_05,2025-11-13 07:57:25.438703,0,0,261,31.2,63.9,706.9,691
5914,device_02,2025-11-13 07:57:44.874109,0,0,1164,33.5,51,884.3,908
5915,device_03,2025-11-13 07:58:01.267013,0,0,62,31.5,58,827.4,848
5916,device_04,2025-11-13 07:58:24.093785,0,0,18,33.3,59,874.4,892
5917,device_05,2025-11-13 07:58:25.241627,0,0,260,31.2,63.9,703,687
5918,device_02,2025-11-13 07:58:44.836363,0,0,1166,33.5,51,882.8,904
5919,device_03,2025-11-13 07:59:02.025844,0,0,63,31.3,58,824,848
5920,device_04,2025-11-13 07:59:24.26633,0,0,18,33.3,59,873.2,890
5921,device_05,2025-11-13 07:59:25.248254,0,0,259,31.2,63.9,702.3,688
5922,device_02,2025-11-13 07:59:44.804475,0,0,1167,33.5,51,884.4,905
5923,device_03,2025-11-13 08:00:01.310349,0,0,62,31.4,58,824.6,848
5924,device_04,2025-11-13 08:00:24.115426,0,0,17,33.3,59,873.8,889
5925,device_05,2025-11-13 08:00:25.280111,0,0,260,31.2,63.9,704.1,687
5926,device_02,2025-11-13 08:00:44.935335,0,0,1163,33.3,51,881.2,904
5927,device_03,2025-11-13 08:01:01.346443,0,0,61,31.5,58,824.6,846
5928,device_04,2025-11-13 08:01:24.645817,0,0,17,33.3,59,873.5,890
5929,device_05,2025-11-13 08:01:25.271838,0,0,259,31.2,64,707.3,691
5930,device_02,2025-11-13 08:01:45.022435,0,0,1169,33.7,51,886.4,904
5931,device_03,2025-11-13 08:02:01.393534,0,0,62,31.4,58,822.6,845
5932,device_04,2025-11-13 08:02:24.123137,0,0,18,33.3,59,871.7,887
5933,device_05,2025-11-13 08:02:25.196924,0,0,259,31.2,64,705.8,690
5934,device_02,2025-11-13 08:02:45.309588,0,0,1164,33.4,51,881.5,904
5935,device_03,2025-11-13 08:03:01.094969,0,0,62,31.5,58,824.2,847
5936,device_04,2025-11-13 08:03:24.336635,0,0,16,33.3,59,871.5,889
5937,device_05,2025-11-13 08:03:25.284427,0,0,258,31.1,64.1,699.7,684
5938,device_02,2025-11-13 08:03:44.946952,0,0,1166,33.5,51,881.5,902
5939,device_03,2025-11-13 08:04:01.192851,0,0,63,31.3,57.8,823,846
5940,device_04,2025-11-13 08:04:24.114272,0,0,16,33.3,59,869.7,888
5941,device_05,2025-11-13 08:04:25.30917,0,0,259,31.1,64.2,701.3,685
5942,device_02,2025-11-13 08:04:44.899542,0,0,1165,33.5,51,882.3,899
5943,device_03,2025-11-13 08:05:01.374095,0,0,62,31.3,57.8,824.2,848
5944,device_04,2025-11-13 08:05:24.339043,0,0,18,33.3,59,871.8,890
5945,device_05,2025-11-13 08:05:25.506283,0,0,260,31.1,64.4,701.9,684
5946,device_02,2025-11-13 08:05:44.840241,0,0,1167,33.5,51,879.5,899
5947,device_03,2025-11-13 08:06:01.379823,0,0,62,31.3,57.8,824.7,846
5948,device_04,2025-11-13 08:06:24.064812,0,0,18,33.3,59,869.1,884
5949,device_05,2025-11-13 08:06:25.198832,0,0,259,31.1,64.4,699.5,687
5950,device_02,2025-11-13 08:06:44.762234,0,0,1167,33.4,51,879.9,899
5951,device_03,2025-11-13 08:07:01.404546,0,0,62,31.4,57.9,823.5,844
5952,device_04,2025-11-13 08:07:24.116088,0,0,17,33.3,59,871.5,887
5953,device_05,2025-11-13 08:07:25.169701,0,0,260,31.1,64.4,701.4,686
5954,device_02,2025-11-13 08:07:44.841805,0,0,1164,33.5,51,882.3,900
5955,device_03,2025-11-13 08:08:01.137541,0,0,61,31.5,58,823.1,847
5956,device_04,2025-11-13 08:08:24.061902,0,0,18,33.3,59,869.5,886
5957,device_05,2025-11-13 08:08:25.740249,0,0,260,31.1,64.5,702.2,685
5958,device_02,2025-11-13 08:08:44.815282,0,0,1165,33.5,51,881.4,896
5959,device_03,2025-11-13 08:09:01.434672,0,0,61,31.4,58,823.3,844
5960,device_04,2025-11-13 08:09:24.080773,17,17,17,33.3,59,871.2,888
5961,device_05,2025-11-13 08:09:25.203036,0,0,260,31,64.4,700.5,689
5962,device_02,2025-11-13 08:09:44.872199,0,0,1165,33.4,51,879.2,900
5963,device_03,2025-11-13 08:10:01.095045,0,0,62,31.4,58,823.3,846
5964,device_04,2025-11-13 08:10:24.075999,17,17,16,33.3,59,870.9,886
5965,device_05,2025-11-13 08:10:25.816105,0,0,259,31,64.4,702,685
5966,device_02,2025-11-13 08:10:44.986592,0,0,1165,33.3,51,879.7,898
5967,device_03,2025-11-13 08:11:01.173789,0,0,62,31.5,58,822.3,845
5968,device_04,2025-11-13 08:11:24.239057,0,0,18,33.1,59,869.7,886
5969,device_05,2025-11-13 08:11:25.176459,0,0,259,31,64.5,699.4,685
5970,device_02,2025-11-13 08:11:44.786802,0,0,1167,33.6,51,880.6,898
5971,device_03,2025-11-13 08:12:01.229729,0,0,62,31.5,58,823.3,845
5972,device_04,2025-11-13 08:12:24.120768,0,0,16,32.9,59.8,870,889
5973,device_05,2025-11-13 08:12:25.824684,0,0,259,31,64.5,698.9,685
5974,device_02,2025-11-13 08:12:44.80691,0,0,1164,33.4,51,877.4,897
5975,device_03,2025-11-13 08:13:01.262229,0,0,61,31.5,58,821.2,842
5976,device_04,2025-11-13 08:13:24.648039,0,0,16,32.8,60,868.6,886
5977,device_05,2025-11-13 08:13:25.19762,35,39,258,31,64.5,700.2,682
5978,device_02,2025-11-13 08:13:44.780449,0,0,1164,33.5,51,878.1,894
5979,device_03,2025-11-13 08:14:01.233817,0,0,60,31.3,58,820,842
5980,device_04,2025-11-13 08:14:24.911976,0,0,17,32.8,60,868.1,885
5981,device_05,2025-11-13 08:14:25.167995,0,0,258,31,64.6,696.7,683
5982,device_02,2025-11-13 08:14:44.893268,30,33,1169,33.5,51,883.1,901
5983,device_03,2025-11-13 08:15:01.049844,0,0,60,31.4,58,819.6,839
5984,device_04,2025-11-13 08:15:24.102657,0,0,17,32.8,60,868.4,885
5985,device_05,2025-11-13 08:15:25.2598,0,0,259,31,64.6,698.1,683
5986,device_02,2025-11-13 08:15:44.912078,30,33,1169,33.3,51,878.1,900
5987,device_03,2025-11-13 08:16:01.034649,0,0,60,31.4,58,820,842
5988,device_04,2025-11-13 08:16:24.630117,0,0,17,32.8,60,867,885
5989,device_05,2025-11-13 08:16:25.233884,0,0,259,31,64.6,697.1,680
5990,device_02,2025-11-13 08:16:44.941568,0,0,1164,33.5,51.2,881.4,894
5991,device_03,2025-11-13 08:17:01.046281,0,0,60,31.3,58,819.6,841
5992,device_04,2025-11-13 08:17:24.637165,0,0,17,32.8,60,868.2,884
5993,device_05,2025-11-13 08:17:25.266096,0,0,258,30.9,64.7,696.2,683
5994,device_02,2025-11-13 08:17:44.772306,0,0,1165,33.6,51.2,876.5,897
5995,device_03,2025-11-13 08:18:01.182811,0,0,61,31.5,58,816.9,839
5996,device_04,2025-11-13 08:18:24.134366,0,0,17,32.8,60,866.4,882
5997,device_05,2025-11-13 08:18:25.300319,0,0,260,30.9,64.7,702,683
5998,device_02,2025-11-13 08:18:44.782086,0,0,1163,33.6,51.1,877.2,892
5999,device_03,2025-11-13 08:19:01.065926,0,0,61,31.4,58,817.6,840
6000,device_04,2025-11-13 08:19:24.69822,0,0,16,32.8,60,865.6,882
6001,device_05,2025-11-13 08:19:25.211021,0,0,258,30.9,64.7,695.3,681
6002,device_02,2025-11-13 08:19:44.909293,0,0,1162,33.5,51.7,875.5,887
6003,device_03,2025-11-13 08:20:01.699505,0,0,61,31.4,58,818.4,839
6004,device_04,2025-11-13 08:20:24.209736,0,0,16,32.8,60,865.1,880
6005,device_05,2025-11-13 08:20:25.380014,0,0,259,30.9,64.9,696.4,680
6006,device_02,2025-11-13 08:20:44.854189,0,0,1167,33.6,51.9,874.8,893
6007,device_03,2025-11-13 08:21:01.348367,0,0,61,31.4,58,817.5,838
6008,device_04,2025-11-13 08:21:24.657243,17,17,16,32.8,60,863.3,878
6009,device_05,2025-11-13 08:21:25.173666,0,0,258,30.9,64.9,695.5,678
6010,device_02,2025-11-13 08:21:44.846398,0,0,1166,33.6,51.8,874.9,891
6011,device_03,2025-11-13 08:22:01.294156,0,0,60,31.4,58,811.8,829
6012,device_04,2025-11-13 08:22:24.095739,0,0,17,32.8,60,862.3,878
6013,device_05,2025-11-13 08:22:25.511733,0,0,258,30.9,65.2,692.5,678
6014,device_02,2025-11-13 08:22:44.857089,0,0,1164,33.6,52,872,890
6015,device_03,2025-11-13 08:23:01.436214,0,0,60,31.2,58,815.1,835
6016,device_04,2025-11-13 08:23:24.101966,0,0,15,32.8,61,863.4,878
6017,device_05,2025-11-13 08:23:25.221308,0,0,258,30.9,65.3,696.2,679
6018,device_02,2025-11-13 08:23:44.917507,0,0,1165,33.3,52,871.7,886
6019,device_03,2025-11-13 08:24:01.114965,0,0,60,31.4,58,812.6,835
6020,device_04,2025-11-13 08:24:24.117016,0,0,15,32.8,61,861.5,876
6021,device_05,2025-11-13 08:24:25.307956,0,0,258,30.9,65.5,691.6,673
6022,device_02,2025-11-13 08:24:44.807647,0,0,1163,33.5,52,873.6,889
6023,device_04,2025-11-13 08:25:24.096878,0,0,16,32.8,61,860.9,879
6024,device_05,2025-11-13 08:25:25.242793,0,0,256,30.8,65.5,689.5,673
6025,device_05,2025-11-13 08:26:25.350417,0,0,255,30.8,65.6,689.3,670
6026,device_03,2025-11-13 08:30:01.180705,0,0,51,31.3,58,817.7,840
6027,device_02,2025-11-13 08:30:44.874087,0,0,1166,33.4,52,869.1,884
6028,device_03,2025-11-13 08:31:01.807058,0,0,56,31.2,58,812.4,834
6029,device_04,2025-11-13 08:31:24.316565,0,0,12,32.8,61,863.5,881
6030,device_02,2025-11-13 08:31:45.218337,32,34,1163,33.5,52,859.3,874
6031,device_03,2025-11-13 08:32:01.160339,0,0,57,31.5,58,812.6,830
6032,device_04,2025-11-13 08:32:24.831395,0,0,15,32.8,61,856.8,872
6033,device_05,2025-11-13 08:32:25.291772,0,0,238,30.7,66.2,685.6,666
6034,device_02,2025-11-13 08:32:45.503787,0,0,1162,33.4,52,857.8,873
6035,device_03,2025-11-13 08:33:01.183721,0,0,57,31.4,58,806.6,826
6036,device_04,2025-11-13 08:33:24.163289,0,0,15,32.8,61,856.2,868
6037,device_05,2025-11-13 08:33:25.233708,0,0,247,30.6,66.3,685.7,666
6038,device_02,2025-11-13 08:33:44.91897,0,0,1161,33.5,52,856.7,869
6039,device_03,2025-11-13 08:34:01.420612,33,33,58,31.2,58,809.7,829
6040,device_04,2025-11-13 08:34:24.343524,0,0,15,32.8,61,852.9,866
6041,device_05,2025-11-13 08:34:25.43106,0,0,249,30.6,66.3,681.3,659
6042,device_02,2025-11-13 08:34:45.070673,0,0,1163,33.4,52,854.4,868
6043,device_03,2025-11-13 08:35:01.552704,0,0,58,31.5,58,809.1,827
6044,device_04,2025-11-13 08:35:24.36441,0,0,14,32.8,61,853.9,867
6045,device_05,2025-11-13 08:35:25.36174,36,41,250,30.6,66.3,679.2,660
6046,device_02,2025-11-13 08:35:44.903116,0,0,1164,33.4,52,852.7,867
6047,device_03,2025-11-13 08:36:01.645782,0,0,58,31.6,58,806.2,826
6048,device_04,2025-11-13 08:36:24.151344,0,0,16,32.8,61,852.5,864
6049,device_05,2025-11-13 08:36:25.331823,0,0,251,30.6,66.3,680.3,660
6050,device_02,2025-11-13 08:36:44.916362,0,0,1161,33.4,52,853.3,868
6051,device_03,2025-11-13 08:37:01.121341,0,0,59,31.5,58,808,828
6052,device_04,2025-11-13 08:37:24.198401,0,0,15,32.8,61,853.6,868
6053,device_05,2025-11-13 08:37:25.334964,0,0,252,30.5,66.5,680.9,660
6054,device_02,2025-11-13 08:37:44.80778,0,0,1165,33.4,52,859.8,872
6055,device_03,2025-11-13 08:38:01.608149,0,0,59,31.4,58,808.3,828
6056,device_04,2025-11-13 08:38:24.342448,0,0,15,32.8,61,850.7,865
6057,device_05,2025-11-13 08:38:25.888347,0,0,251,30.5,66.5,679.8,664
6058,device_02,2025-11-13 08:38:44.971402,0,0,1164,33.6,52,852.9,864
6059,device_03,2025-11-13 08:39:01.275091,0,0,58,31.4,58,806.7,829
6060,device_04,2025-11-13 08:39:24.144431,0,0,15,32.8,61,850,864
6061,device_05,2025-11-13 08:39:25.290469,0,0,252,30.5,66.5,678,657
6062,device_02,2025-11-13 08:39:45.606243,0,0,1161,33.5,52,850.8,864
6063,device_03,2025-11-13 08:40:01.144399,0,0,59,31.4,58,807.6,824
6064,device_04,2025-11-13 08:40:24.722139,0,0,14,32.8,61,851.4,863
6065,device_05,2025-11-13 08:40:25.299772,0,0,253,30.5,66.7,678.4,660
6066,device_02,2025-11-13 08:40:44.914984,0,0,1161,33.4,52.1,851.9,862
6067,device_03,2025-11-13 08:41:01.160872,0,0,60,31.5,58,807,826
6068,device_04,2025-11-13 08:41:24.173142,0,0,14,32.8,61,849.2,862
6069,device_05,2025-11-13 08:41:25.38849,0,0,252,30.5,66.8,675,653
6070,device_02,2025-11-13 08:41:44.824752,0,0,1162,33.3,52.3,849.1,862
6071,device_03,2025-11-13 08:42:01.583292,0,0,59,31.4,58,803.2,822
6072,device_04,2025-11-13 08:42:24.219973,0,0,14,32.8,61,849.7,862
6073,device_05,2025-11-13 08:42:25.384412,0,0,252,30.5,66.9,675.8,654
6074,device_02,2025-11-13 08:42:44.967776,0,0,1161,33.5,52.7,849,861
6075,device_03,2025-11-13 08:43:01.28418,0,0,59,31.5,58,806.2,824
6076,device_04,2025-11-13 08:43:24.162891,0,0,14,32.7,61,849.2,860
6077,device_05,2025-11-13 08:43:25.343787,0,0,252,30.5,66.8,677.2,657
6078,device_02,2025-11-13 08:43:45.523056,0,0,1161,33.5,52.8,849.4,861
6079,device_03,2025-11-13 08:44:01.449418,0,0,58,31.5,58,806.8,824
6080,device_04,2025-11-13 08:44:24.455579,0,0,15,32.5,61,845.4,855
6081,device_05,2025-11-13 08:44:25.280656,0,0,252,30.5,66.9,679.6,660
6082,device_02,2025-11-13 08:44:45.005968,0,0,1161,33.5,53,849.1,863
6083,device_03,2025-11-13 08:45:01.441248,0,0,58,31.4,58,804.7,825
6084,device_04,2025-11-13 08:45:24.205078,0,0,14,32.3,61.6,848,859
6085,device_05,2025-11-13 08:45:25.555055,0,0,251,30.4,67.1,677.9,654
6086,device_02,2025-11-13 08:45:45.114122,0,0,1165,33.5,53,854.8,868
6087,device_03,2025-11-13 08:46:02.396815,0,0,58,31.4,58.3,805.9,823
6088,device_04,2025-11-13 08:46:24.176494,0,0,14,32.3,61.2,843.6,858
6089,device_05,2025-11-13 08:46:25.281591,0,0,252,30.4,67.1,679.7,657
6090,device_02,2025-11-13 08:46:44.856987,0,0,1161,33.4,53,849.5,863
6091,device_03,2025-11-13 08:47:01.322004,0,0,58,31.5,58.8,803.5,820
6092,device_04,2025-11-13 08:47:24.151361,0,0,14,32.3,61.4,847.2,862
6093,device_05,2025-11-13 08:47:25.239538,0,0,250,30.4,67,674.2,651
6094,device_02,2025-11-13 08:47:44.882364,0,0,1165,33.4,53,854.8,869
6095,device_03,2025-11-13 08:48:01.374746,0,0,58,31.4,59,803.9,822
6096,device_04,2025-11-13 08:48:24.185352,0,0,14,32.3,61,848.6,862
6097,device_05,2025-11-13 08:48:25.235738,0,0,251,30.4,66.9,677.7,659
6098,device_02,2025-11-13 08:48:44.960032,0,0,1161,33.5,53,848.1,859
6099,device_03,2025-11-13 08:49:01.157268,0,0,57,31.3,59,804.4,819
6100,device_04,2025-11-13 08:49:24.171485,0,0,14,32.3,61,848,859
6101,device_05,2025-11-13 08:49:25.293201,0,0,250,30.4,66.7,676.1,654
6102,device_02,2025-11-13 08:49:44.905493,0,0,1162,33.3,53,846.2,859
6103,device_03,2025-11-13 08:50:01.566725,0,0,59,31.5,59,802.7,820
6104,device_04,2025-11-13 08:50:24.177823,0,0,15,32.3,61,846.4,860
6105,device_05,2025-11-13 08:50:25.239733,0,0,250,30.3,66.6,674.5,653
6106,device_02,2025-11-13 08:50:44.836398,0,0,1163,33.3,53,848.5,860
6107,device_03,2025-11-13 08:51:01.18712,0,0,58,31.3,59,802.1,821
6108,device_04,2025-11-13 08:51:24.393348,0,0,15,32.3,61,844.4,855
6109,device_05,2025-11-13 08:51:25.249207,0,0,251,30.3,66.6,672.9,652
6110,device_02,2025-11-13 08:51:45.595782,0,0,1165,33.5,53,857.5,871
6111,device_03,2025-11-13 08:52:01.803821,0,0,59,31.5,59,803,820
6112,device_04,2025-11-13 08:52:24.146728,0,0,15,32.3,61,842.7,854
6113,device_05,2025-11-13 08:52:25.455861,0,0,252,30.3,66.6,676.5,655
6114,device_02,2025-11-13 08:52:44.920676,0,0,1164,33.4,53,847.7,860
6115,device_03,2025-11-13 08:53:01.405972,0,0,58,31.6,59,801.5,820
6116,device_04,2025-11-13 08:53:24.171565,0,0,15,32.3,61,845.9,859
6117,device_05,2025-11-13 08:53:25.287901,0,0,253,30.3,66.6,676.9,657
6118,device_02,2025-11-13 08:53:45.077331,0,0,1161,33.5,53,848.2,860
6119,device_03,2025-11-13 08:54:01.336157,0,0,58,31.5,59,803,821
6120,device_04,2025-11-13 08:54:24.162094,0,0,14,32.3,61,846.4,857
6121,device_05,2025-11-13 08:54:25.57998,0,0,252,30.3,66.6,675.5,657
6122,device_02,2025-11-13 08:54:44.869344,0,0,1162,33.5,53,846.8,860
6123,device_03,2025-11-13 08:55:01.222548,0,0,58,31.5,59,803.3,820
6124,device_04,2025-11-13 08:55:24.221496,0,0,14,32.3,61,846.9,860
6125,device_05,2025-11-13 08:55:25.283131,0,0,251,30.3,66.5,678.5,656
6126,device_02,2025-11-13 08:55:45.073605,0,0,1163,33.4,53,849.2,860
6127,device_03,2025-11-13 08:56:01.176604,0,0,59,31.5,59,801.9,821
6128,device_04,2025-11-13 08:56:24.19708,0,0,15,32.3,61,846.7,861
6129,device_05,2025-11-13 08:56:25.284201,0,0,251,30.3,66.4,675.4,656
6130,device_02,2025-11-13 08:56:44.960698,0,0,1162,33.4,53,847.8,863
6131,device_03,2025-11-13 08:57:01.15873,0,0,58,31.5,59,798.4,813
6132,device_04,2025-11-13 08:57:24.322098,0,0,15,32.3,61,847.7,856
6133,device_05,2025-11-13 08:57:25.384526,0,0,251,30.3,66.4,679.7,661
6134,device_02,2025-11-13 08:57:44.848535,0,0,1161,33.4,53,848.2,860
6135,device_03,2025-11-13 08:58:01.452984,0,0,58,31.5,59,798.4,815
6136,device_04,2025-11-13 08:58:24.191502,0,0,14,32.3,61,842.4,855
6137,device_05,2025-11-13 08:58:25.274411,0,0,251,30.3,66.3,674.6,654
6138,device_02,2025-11-13 08:58:44.827716,0,0,1163,33.4,53,847.2,859
6139,device_03,2025-11-13 08:59:01.227071,0,0,58,31.5,59,799.4,816
6140,device_04,2025-11-13 08:59:24.336812,0,0,13,32.3,61,845.7,858
6141,device_05,2025-11-13 08:59:25.405434,0,0,249,30.3,66.3,674.4,655
6142,device_02,2025-11-13 08:59:44.844685,0,0,1161,33.4,53,845.8,860
6143,device_03,2025-11-13 09:00:01.445487,0,0,59,31.4,59,801.6,818
6144,device_04,2025-11-13 09:00:24.179356,0,0,15,32.3,61,844,854
6145,device_05,2025-11-13 09:00:25.454039,0,0,250,30.2,66.5,677.7,655
6146,device_02,2025-11-13 09:00:44.989524,0,0,1163,33.4,53,846.9,857
6147,device_03,2025-11-13 09:01:01.197046,26,28,58,31,59,798.9,817
6148,device_04,2025-11-13 09:01:24.208302,0,0,14,32.3,61,843.3,857
6149,device_05,2025-11-13 09:01:25.895524,0,0,251,30.2,66.7,677.2,655
6150,device_02,2025-11-13 09:01:45.046671,0,0,1162,33.5,53,845.9,860
6151,device_03,2025-11-13 09:02:01.206218,26,29,58,30.4,59,799,817
6152,device_04,2025-11-13 09:02:24.344979,0,0,13,32.3,61,840.7,851
6153,device_05,2025-11-13 09:02:25.756975,0,0,250,30.2,66.7,675.5,656
6154,device_02,2025-11-13 09:02:45.109928,0,0,1167,33.2,53,857.3,871
6155,device_03,2025-11-13 09:03:01.148432,0,0,58,30.5,59,800.7,817
6156,device_04,2025-11-13 09:03:24.84286,0,0,16,32.3,61,842.1,854
6157,device_05,2025-11-13 09:03:25.373112,0,0,251,30.2,66.7,675.5,654
6158,device_02,2025-11-13 09:03:45.362749,0,0,1163,32.5,53,848.6,858
6159,device_03,2025-11-13 09:04:01.437937,0,0,58,30.3,59,799.6,818
6160,device_04,2025-11-13 09:04:24.204776,0,0,13,32.3,61,845.1,855
6161,device_05,2025-11-13 09:04:25.459375,0,0,248,30.2,66.6,676.7,652
6162,device_02,2025-11-13 09:04:44.95057,0,0,1164,32.5,53,847.8,861
6163,device_03,2025-11-13 09:05:01.131103,0,0,58,30.4,59,800.4,817
6164,device_04,2025-11-13 09:05:24.134637,0,0,15,32.3,61,841.1,853
6165,device_05,2025-11-13 09:05:25.427742,0,0,249,30.2,66.6,675.8,651
6166,device_02,2025-11-13 09:05:45.175167,0,0,1163,32.5,53,844.9,857
6167,device_03,2025-11-13 09:06:01.215739,0,0,58,30.3,59,799,810
6168,device_04,2025-11-13 09:06:24.179191,0,0,16,32.3,61,842.5,856
6169,device_05,2025-11-13 09:06:25.300899,0,0,250,30.2,66.7,675.2,654
6170,device_02,2025-11-13 09:06:44.814848,0,0,1160,32.4,53,845.5,857
6171,device_03,2025-11-13 09:07:01.420536,0,0,58,30.4,59,795.9,812
6172,device_04,2025-11-13 09:07:24.304692,0,0,14,32.3,61,842.2,853
6173,device_05,2025-11-13 09:07:25.42968,0,0,250,30.2,66.8,673.2,653
6174,device_02,2025-11-13 09:07:45.343915,0,0,1161,32.5,53,845,858
6175,device_03,2025-11-13 09:08:01.403258,0,0,57,30.4,59,796.9,812
6176,device_04,2025-11-13 09:08:24.158319,0,0,13,32.3,61,843.7,853
6177,device_05,2025-11-13 09:08:25.469548,0,0,251,30.2,66.8,675.8,654
6178,device_02,2025-11-13 09:08:44.869864,0,0,1161,32.5,53,842.5,856
6179,device_03,2025-11-13 09:09:01.326566,0,0,59,30.5,59,796.9,813
6180,device_04,2025-11-13 09:09:24.785111,0,0,14,32.3,61,838.8,851
6181,device_05,2025-11-13 09:09:25.37782,0,0,249,30.2,66.9,674.3,654
6182,device_02,2025-11-13 09:09:44.963697,0,0,1163,32.5,53.4,844.7,860
6183,device_03,2025-11-13 09:10:01.397701,0,0,59,30.5,59,796.1,812
6184,device_04,2025-11-13 09:10:24.175524,21,21,15,32.3,61,841.7,854
6185,device_05,2025-11-13 09:10:25.273969,0,0,249,30.1,67,673.1,653
6186,device_02,2025-11-13 09:10:44.859688,0,0,1163,32.4,54,845.8,856
6187,device_03,2025-11-13 09:11:01.210299,0,0,58,30.5,59,795.7,808
6188,device_04,2025-11-13 09:11:24.208213,0,0,15,32.3,61.7,838,848
6189,device_05,2025-11-13 09:11:25.390828,0,0,251,30.1,67.2,674.5,650
6190,device_02,2025-11-13 09:11:45.378526,0,0,1165,32.5,54,844.9,857
6191,device_03,2025-11-13 09:12:01.368722,0,0,56,30.7,59,795.8,811
6192,device_04,2025-11-13 09:12:24.173052,0,0,15,32.3,62,839.5,851
6193,device_05,2025-11-13 09:12:25.251347,0,0,250,30.1,67.3,677.6,657
6194,device_02,2025-11-13 09:12:44.977955,0,0,1161,32.4,54,844.9,856
6195,device_03,2025-11-13 09:13:01.760696,0,0,56,30.5,59,793.5,809
6196,device_04,2025-11-13 09:13:24.164438,0,0,15,32.3,62,838.8,851
6197,device_05,2025-11-13 09:13:25.275051,0,0,251,30.1,67.5,672.6,651
6198,device_02,2025-11-13 09:13:44.839265,0,0,1164,32.4,54,844.4,855
6199,device_03,2025-11-13 09:14:01.179929,0,0,58,30.5,59,792.7,807
6200,device_04,2025-11-13 09:14:24.8646,0,0,14,32.3,62,838.5,849
6201,device_05,2025-11-13 09:14:25.31154,0,0,251,30.1,67.6,674.3,652
6202,device_02,2025-11-13 09:14:45.4757,0,0,1163,32.4,54,844.5,859
6203,device_03,2025-11-13 09:15:01.368307,0,0,58,30.4,59,793.9,810
6204,device_04,2025-11-13 09:15:24.367058,0,0,13,32.3,62,839.9,850
6205,device_05,2025-11-13 09:15:25.326429,0,0,250,30.1,67.7,676.1,658
6206,device_02,2025-11-13 09:15:44.834905,33,36,1164,32.4,54,844.2,856
6207,device_03,2025-11-13 09:16:01.321864,0,0,57,30.4,59,790.4,808
6208,device_04,2025-11-13 09:16:24.339992,23,24,14,32.3,62,839.1,848
6209,device_05,2025-11-13 09:16:25.245727,0,0,250,30.1,67.7,673.9,651
6210,device_02,2025-11-13 09:16:45.079867,0,0,1165,32.6,54,845.5,856
6211,device_03,2025-11-13 09:17:01.396904,0,0,59,30.5,59,795.2,811
6212,device_04,2025-11-13 09:17:24.269826,0,0,14,32.3,62,838,846
6213,device_05,2025-11-13 09:17:25.53249,0,0,250,30,67.8,672.9,651
6214,device_02,2025-11-13 09:17:44.811043,0,0,1163,32.3,54,842.6,855
6215,device_03,2025-11-13 09:18:01.467217,0,0,58,30.6,59,795.2,813
6216,device_04,2025-11-13 09:18:24.166277,0,0,13,32.3,62,834.1,842
6217,device_05,2025-11-13 09:18:25.265357,0,0,251,30,67.8,672.8,652
6218,device_02,2025-11-13 09:18:44.915612,0,0,1166,32.4,54,849.2,859
6219,device_03,2025-11-13 09:19:01.141358,0,0,57,30.5,59.2,793.3,809
6220,device_04,2025-11-13 09:19:24.222686,0,0,15,32.3,62,834.1,842
6221,device_05,2025-11-13 09:19:25.283773,0,0,252,30,67.9,673.2,650
6222,device_02,2025-11-13 09:19:44.856731,0,0,1163,32.4,54,844.2,854
6223,device_03,2025-11-13 09:20:01.20028,0,0,58,30.4,59.9,796.4,808
6224,device_04,2025-11-13 09:20:24.437547,0,0,15,32.3,62,836.7,847
6225,device_05,2025-11-13 09:20:25.813081,0,0,250,30,68,670.9,652
6226,device_02,2025-11-13 09:20:44.83444,0,0,1165,32.5,54,841.9,855
6227,device_03,2025-11-13 09:21:01.172311,0,0,58,30.6,59.9,789.1,807
6228,device_04,2025-11-13 09:21:24.223683,0,0,14,32.3,62,833.3,845
6229,device_05,2025-11-13 09:21:25.335068,0,0,250,30,68,672.7,648
6230,device_02,2025-11-13 09:21:44.840624,37,40,1163,32.6,54,843.1,856
6231,device_03,2025-11-13 09:22:01.269052,0,0,57,30.4,60,791.2,808
6232,device_04,2025-11-13 09:22:24.38497,20,21,14,32.3,62,835.4,844
6233,device_05,2025-11-13 09:22:25.288493,0,0,251,30,68,672.8,651
6234,device_02,2025-11-13 09:22:44.859799,0,0,1164,32.4,54,840.4,854
6235,device_03,2025-11-13 09:23:01.163183,0,0,58,30.4,60,791.9,806
6236,device_04,2025-11-13 09:23:24.299132,0,0,14,32.3,62,835.1,846
6237,device_05,2025-11-13 09:23:25.285475,0,0,250,30,68,669.1,648
6238,device_02,2025-11-13 09:23:44.885303,0,0,1164,32.4,54,841.3,849
6239,device_03,2025-11-13 09:24:01.135992,0,0,58,30.6,60,790.1,808
6240,device_04,2025-11-13 09:24:24.36789,0,0,14,32.3,62,833.2,844
6241,device_05,2025-11-13 09:24:25.322155,37,44,250,30,68,671.1,646
6242,device_02,2025-11-13 09:24:44.925253,0,0,1162,32.5,54,838.3,852
6243,device_04,2025-11-13 09:25:24.37901,0,0,14,32.3,62,832.5,842
6244,device_05,2025-11-13 09:25:25.227811,37,43,248,30,68,668.3,647
6245,device_05,2025-11-13 09:26:25.469763,0,0,249,29.9,68,670.3,645
6246,device_03,2025-11-13 09:30:01.833401,0,0,50,30.3,60,800.7,818
6247,device_02,2025-11-13 09:30:45.337856,0,0,1166,32.5,54,846.8,860
6248,device_03,2025-11-13 09:31:01.166805,0,0,54,30.4,60,795,808
6249,device_04,2025-11-13 09:31:24.465837,0,0,12,31.8,62,836.8,846
6250,device_02,2025-11-13 09:31:44.997662,0,0,1165,32.6,54,836.1,846
6251,device_03,2025-11-13 09:32:01.401885,0,0,56,30.4,60,791.5,808
6252,device_04,2025-11-13 09:32:24.479351,0,0,14,31.8,62,830.8,844
6253,device_05,2025-11-13 09:32:25.255206,0,0,235,29.9,67.9,667.5,646
6254,device_02,2025-11-13 09:32:44.830458,33,36,1161,32.6,54,833.7,843
6255,device_03,2025-11-13 09:33:01.149726,0,0,56,30.4,60,793.4,808
6256,device_04,2025-11-13 09:33:24.368351,0,0,14,31.8,62,830.7,843
6257,device_05,2025-11-13 09:33:25.257477,0,0,243,29.9,67.9,664,643
6258,device_02,2025-11-13 09:33:44.798254,0,0,1162,32.7,54,833.1,841
6259,device_03,2025-11-13 09:34:01.394473,0,0,57,30.4,60,793.7,807
6260,device_04,2025-11-13 09:34:24.169601,0,0,14,31.8,62,832.4,842
6261,device_05,2025-11-13 09:34:25.312953,0,0,245,29.9,67.9,666.6,644
6262,device_02,2025-11-13 09:34:44.866494,0,0,1164,32.4,54,835.2,845
6263,device_03,2025-11-13 09:35:01.172697,0,0,57,30.5,60,791.4,807
6264,device_04,2025-11-13 09:35:24.148428,0,0,15,31.8,62,832.2,843
6265,device_05,2025-11-13 09:35:25.253081,0,0,246,29.9,67.9,667.8,644
6266,device_02,2025-11-13 09:35:45.364474,0,0,1165,32.4,54,835,844
6267,device_03,2025-11-13 09:36:01.793653,0,0,56,30.3,60,792.7,806
6268,device_04,2025-11-13 09:36:24.345961,0,0,15,31.8,62,832.9,841
6269,device_05,2025-11-13 09:36:25.246806,0,0,246,29.9,67.9,665.4,641
6270,device_02,2025-11-13 09:36:44.811691,0,0,1163,32.5,54,834.9,843
6271,device_03,2025-11-13 09:37:01.257223,0,0,57,30.5,60,791.9,805
6272,device_04,2025-11-13 09:37:24.17577,0,0,14,31.8,62,833,842
6273,device_05,2025-11-13 09:37:25.249582,0,0,246,29.9,67.9,666.1,639
6274,device_02,2025-11-13 09:37:45.428608,0,0,1161,32.4,54,833.2,844
6275,device_03,2025-11-13 09:38:01.467458,0,0,57,30.5,60,787.3,805
6276,device_04,2025-11-13 09:38:24.242914,0,0,15,31.8,62,832.4,840
6277,device_05,2025-11-13 09:38:25.260901,0,0,247,29.8,67.9,662.5,638
6278,device_02,2025-11-13 09:38:44.81481,0,0,1164,32.3,54,834.8,843
6279,device_03,2025-11-13 09:39:01.281473,0,0,57,30.5,60,791,805
6280,device_04,2025-11-13 09:39:24.162372,0,0,14,31.8,62,832.7,839
6281,device_05,2025-11-13 09:39:25.231485,0,0,247,29.8,67.9,661.2,637
6282,device_02,2025-11-13 09:39:44.905448,0,0,1163,32.5,54,831.2,842
6283,device_03,2025-11-13 09:40:01.283872,0,0,58,30.4,60,792.1,804
6284,device_04,2025-11-13 09:40:24.709213,0,0,15,31.8,62,831.8,841
6285,device_05,2025-11-13 09:40:25.337107,40,48,248,29.8,67.9,661.8,643
6286,device_02,2025-11-13 09:40:44.806635,0,0,1162,32.3,54,832.3,840
6287,device_03,2025-11-13 09:41:01.459778,0,0,56,30.4,60,789.6,804
6288,device_04,2025-11-13 09:41:24.40256,0,0,14,31.8,62,829.6,839
6289,device_05,2025-11-13 09:41:25.22847,40,48,247,29.8,67.9,663.2,643
6290,device_02,2025-11-13 09:41:44.781083,0,0,1160,32.7,54,830.2,839
6291,device_03,2025-11-13 09:42:01.149115,0,0,56,30.4,60,790.1,802
6292,device_04,2025-11-13 09:42:24.208227,0,0,14,31.8,62,830.1,840
6293,device_05,2025-11-13 09:42:25.348296,0,0,247,29.8,67.7,664.1,639
6294,device_02,2025-11-13 09:42:44.918705,0,0,1162,32.4,54,830.4,840
6295,device_03,2025-11-13 09:43:01.176953,0,0,56,30.3,60,787.6,803
6296,device_04,2025-11-13 09:43:24.162231,0,0,14,31.8,62,830.2,839
6297,device_05,2025-11-13 09:43:25.223258,0,0,247,29.8,67.5,664.6,640
6298,device_02,2025-11-13 09:43:45.348686,0,0,1163,32.5,54,834.3,843
6299,device_03,2025-11-13 09:44:01.142737,0,0,56,30.4,60,787,802
6300,device_04,2025-11-13 09:44:24.147426,0,0,16,31.8,62,829.2,840
6301,device_05,2025-11-13 09:44:25.282944,0,0,245,29.8,67.3,663.3,641
6302,device_02,2025-11-13 09:44:45.024611,0,0,1161,32.5,54,827.8,840
6303,device_03,2025-11-13 09:45:01.309151,0,0,57,30.5,60,788.1,801
6304,device_04,2025-11-13 09:45:24.199237,0,0,15,31.8,62,829.1,835
6305,device_05,2025-11-13 09:45:25.862219,0,0,246,29.8,67.3,665.8,638
6306,device_02,2025-11-13 09:45:44.931473,0,0,1164,32.7,54,832.4,841
6307,device_03,2025-11-13 09:46:01.657274,0,0,56,30.5,60,786.4,799
6308,device_04,2025-11-13 09:46:24.138744,0,0,14,31.8,62,828.1,837
6309,device_05,2025-11-13 09:46:25.263647,0,0,245,29.8,67.3,661.9,640
6310,device_02,2025-11-13 09:46:45.074149,0,0,1163,32.6,54,831.6,838
6311,device_03,2025-11-13 09:47:01.401938,0,0,56,30.5,60,788.1,800
6312,device_04,2025-11-13 09:47:24.742047,0,0,14,31.8,62,829.2,837
6313,device_05,2025-11-13 09:47:25.439923,0,0,247,29.8,67.4,665.3,642
6314,device_02,2025-11-13 09:47:44.933108,0,0,1160,32.5,54,828.7,835
6315,device_03,2025-11-13 09:48:01.093299,0,0,57,30.4,60,786.4,801
6316,device_04,2025-11-13 09:48:24.175948,0,0,14,31.8,62,829.7,835
6317,device_05,2025-11-13 09:48:25.402168,0,0,246,29.8,67.4,666.3,640
6318,device_02,2025-11-13 09:48:44.810029,0,0,1162,32.4,54,833.8,839
6319,device_03,2025-11-13 09:49:01.149355,0,0,55,30.3,60,787.3,803
6320,device_04,2025-11-13 09:49:24.300366,24,25,14,31.8,62,827.8,837
6321,device_05,2025-11-13 09:49:25.377973,0,0,247,29.7,67.5,665.6,643
6322,device_02,2025-11-13 09:49:44.843443,0,0,1162,32.4,54,831.1,838
6323,device_03,2025-11-13 09:50:01.19765,26,28,57,30.4,60,788.9,802
6324,device_04,2025-11-13 09:50:24.347624,0,0,15,31.8,62,827.9,836
6325,device_05,2025-11-13 09:50:25.203334,0,0,246,29.7,67.7,667.1,643
6326,device_02,2025-11-13 09:50:44.859268,0,0,1164,32.4,54,829,836
6327,device_03,2025-11-13 09:51:01.111144,26,29,57,30.5,60,788.9,801
6328,device_04,2025-11-13 09:51:24.221431,0,0,14,31.8,62,827.3,836
6329,device_05,2025-11-13 09:51:25.390708,0,0,247,29.7,67.9,668.4,645
6330,device_02,2025-11-13 09:51:44.967187,0,0,1160,32.5,54,829.8,837
6331,device_03,2025-11-13 09:52:01.270084,0,0,56,30.4,60,787.4,803
6332,device_04,2025-11-13 09:52:24.77106,0,0,14,31.8,62,825.3,833
6333,device_05,2025-11-13 09:52:25.259046,9984,11526,249,29.7,67.9,667.6,647
6334,device_02,2025-11-13 09:52:44.797152,0,0,1161,32.3,54,829.7,838
6335,device_03,2025-11-13 09:53:01.477027,0,0,57,30.5,60,788.6,801
6336,device_04,2025-11-13 09:53:24.310845,0,0,14,31.8,62,827.4,836
6337,device_05,2025-11-13 09:53:25.359907,0,0,246,29.7,67.9,666,639
6338,device_02,2025-11-13 09:53:44.754979,0,0,1163,32.6,54,831.6,837
6339,device_03,2025-11-13 09:54:01.108424,0,0,56,30.4,60,787.1,800
6340,device_04,2025-11-13 09:54:24.722944,0,0,15,31.8,62,827.1,836
6341,device_05,2025-11-13 09:54:25.208192,0,0,248,29.7,67.9,666.3,642
6342,device_02,2025-11-13 09:54:45.019163,39,43,1162,32.4,54,828.4,839
6343,device_03,2025-11-13 09:55:01.230374,0,0,55,30.4,60,783.2,797
6344,device_04,2025-11-13 09:55:24.480438,0,0,14,31.8,62,822.6,828
6345,device_05,2025-11-13 09:55:25.237683,0,0,248,29.7,67.9,665.7,639
6346,device_02,2025-11-13 09:55:44.858836,0,0,1162,32.5,54.3,830.9,837
6347,device_03,2025-11-13 09:56:01.26557,0,0,55,30.4,60,779,791
6348,device_04,2025-11-13 09:56:24.296337,0,0,14,31.8,62,826.6,832
6349,device_05,2025-11-13 09:56:25.506592,0,0,248,29.7,68,666.2,641
6350,device_02,2025-11-13 09:56:44.772565,0,0,1164,32.5,54.3,829.1,837
6351,device_03,2025-11-13 09:57:01.103271,0,0,55,30.4,60,777.5,789
6352,device_04,2025-11-13 09:57:24.195419,0,0,15,31.8,62,828,835
6353,device_05,2025-11-13 09:57:25.196966,0,0,249,29.7,68.1,668.4,645
6354,device_02,2025-11-13 09:57:44.77313,0,0,1161,32.6,55,827.4,835
6355,device_03,2025-11-13 09:58:01.087569,0,0,56,30.4,60,776.1,786
6356,device_04,2025-11-13 09:58:24.748057,0,0,15,31.8,62,827.4,836
6357,device_05,2025-11-13 09:58:25.720228,0,0,249,29.7,68.1,666,639
6358,device_02,2025-11-13 09:58:44.891334,0,0,1164,32.5,55,827.6,836
6359,device_03,2025-11-13 09:59:01.1072,0,0,60,30.4,60,782.7,795
6360,device_04,2025-11-13 09:59:24.30281,0,0,14,31.8,62,824.6,832
6361,device_05,2025-11-13 09:59:25.215969,0,0,249,29.6,68.2,665.2,644
6362,device_02,2025-11-13 09:59:44.8123,0,0,1161,32.3,55,825.9,837
6363,device_03,2025-11-13 10:00:01.449607,0,0,58,30.5,60,783.3,798
6364,device_04,2025-11-13 10:00:24.759247,0,0,14,31.8,62,824.9,831
6365,device_05,2025-11-13 10:00:25.802285,0,0,249,29.6,68.2,665.2,642
6366,device_02,2025-11-13 10:00:44.779255,0,0,1162,32.3,55,828.2,834
6367,device_03,2025-11-13 10:01:01.120835,0,0,59,30.5,60,784.8,798
6368,device_04,2025-11-13 10:01:24.176439,0,0,15,31.8,62,825.2,833
6369,device_05,2025-11-13 10:01:25.280792,0,0,250,29.6,68.2,670.2,644
6370,device_02,2025-11-13 10:01:44.909987,0,0,1165,32.5,55,827.9,835
6371,device_03,2025-11-13 10:02:01.15376,7680,7684,58,30.5,60,781.7,791
6372,device_04,2025-11-13 10:02:24.486061,0,0,16,31.8,62,827.7,836
6373,device_05,2025-11-13 10:02:25.54303,0,0,249,29.6,68.3,663.8,643
6374,device_02,2025-11-13 10:02:44.797351,0,0,1161,32.4,55,826.7,835
6375,device_03,2025-11-13 10:03:01.1613,0,0,56,30.4,60,783.4,792
6376,device_04,2025-11-13 10:03:24.21152,0,0,14,31.8,62,826.7,837
6377,device_05,2025-11-13 10:03:25.333006,0,0,249,29.6,68.5,665.9,641
6378,device_02,2025-11-13 10:03:44.798627,0,0,1161,32.5,55,829.4,833
6379,device_03,2025-11-13 10:04:01.145785,0,0,57,30.7,60,774.5,782
6380,device_04,2025-11-13 10:04:24.368136,0,0,15,31.8,62,824.2,830
6381,device_05,2025-11-13 10:04:25.294468,0,0,250,29.6,68.5,665.5,640
6382,device_02,2025-11-13 10:04:44.927177,0,0,1161,32.3,55,826.7,835
6383,device_03,2025-11-13 10:05:01.174614,0,0,58,30.2,60,779.3,792
6384,device_04,2025-11-13 10:05:24.15486,0,0,14,31.8,62,824.3,831
6385,device_05,2025-11-13 10:05:25.2248,0,0,248,29.6,68.5,664.9,642
6386,device_02,2025-11-13 10:05:44.79473,0,0,1163,32.5,55,826.3,834
6387,device_03,2025-11-13 10:06:01.291471,0,0,57,30.7,60,771.2,782
6388,device_04,2025-11-13 10:06:24.76578,0,0,16,31.8,62,825.7,835
6389,device_05,2025-11-13 10:06:25.817565,0,0,249,29.6,68.4,664.7,642
6390,device_02,2025-11-13 10:06:44.967406,0,0,1159,32.4,55,821.9,828
6391,device_03,2025-11-13 10:07:01.115512,0,0,60,30.5,60,781.7,793
6392,device_04,2025-11-13 10:07:24.157903,0,0,15,31.8,62,826.2,833
6393,device_05,2025-11-13 10:07:25.246806,0,0,248,29.6,68.2,664.3,641
6394,device_02,2025-11-13 10:07:44.842973,0,0,1160,32.4,55,822.4,827
6395,device_03,2025-11-13 10:08:01.17451,0,0,59,30.2,60.1,782.1,795
6396,device_04,2025-11-13 10:08:24.984984,0,0,15,31.8,62,823.8,831
6397,device_05,2025-11-13 10:08:25.251011,0,0,249,29.6,68.2,665.1,640
6398,device_02,2025-11-13 10:08:44.868831,0,0,1161,32.5,55,827.6,830
6399,device_03,2025-11-13 10:09:01.737873,0,0,58,30.4,60.8,769.8,779
6400,device_04,2025-11-13 10:09:24.164471,0,0,14,31.8,62,825,833
6401,device_05,2025-11-13 10:09:25.28898,0,0,250,29.6,68.2,663.4,638
6402,device_02,2025-11-13 10:09:44.757691,0,0,1160,32.7,55,822.1,828
6403,device_03,2025-11-13 10:10:01.141407,0,0,58,30.2,61,771.7,779
6404,device_04,2025-11-13 10:10:24.507845,0,0,15,31.8,62,826.3,832
6405,device_05,2025-11-13 10:10:25.248814,0,0,249,29.6,68.2,662.7,640
6406,device_02,2025-11-13 10:10:45.348177,0,0,1163,32.5,55,827.1,835
6407,device_03,2025-11-13 10:11:01.583508,0,0,60,30.5,61,777.4,787
6408,device_04,2025-11-13 10:11:24.305835,0,0,16,31.8,62,824,834
6409,device_05,2025-11-13 10:11:25.333567,0,0,250,29.6,68.3,666.9,642
6410,device_02,2025-11-13 10:11:44.879992,0,0,1164,32.5,55,829.7,837
6411,device_03,2025-11-13 10:12:01.411502,0,0,64,30.3,61,792.6,807
6412,device_04,2025-11-13 10:12:24.143441,0,0,16,31.8,62,824.3,830
6413,device_05,2025-11-13 10:12:25.875718,0,0,248,29.6,68.3,663.6,638
6414,device_02,2025-11-13 10:12:44.832178,0,0,1161,32.6,55,828.8,838
6415,device_03,2025-11-13 10:13:01.444834,0,0,59,30.1,61,789.3,801
6416,device_04,2025-11-13 10:13:24.362606,0,0,15,31.8,62,823.2,832
6417,device_05,2025-11-13 10:13:25.241237,0,0,247,29.6,68.3,664.4,642
6418,device_02,2025-11-13 10:13:44.765502,0,0,1165,32.4,55,829.5,841
6419,device_03,2025-11-13 10:14:01.15723,0,0,60,30.2,61,792.7,809
6420,device_04,2025-11-13 10:14:24.189153,0,0,16,31.8,62,823.9,831
6421,device_05,2025-11-13 10:14:25.545978,0,0,248,29.6,68.4,665.5,641
6422,device_02,2025-11-13 10:14:44.797915,0,0,1166,32.5,55,830.2,838
6423,device_03,2025-11-13 10:15:01.353437,0,0,58,30.6,61,791.9,806
6424,device_04,2025-11-13 10:15:24.197859,0,0,17,31.8,62,824.6,831
6425,device_05,2025-11-13 10:15:25.238656,0,0,248,29.5,68.5,664,640
6426,device_02,2025-11-13 10:15:44.997206,0,0,1165,32.5,55,828.8,840
6427,device_03,2025-11-13 10:16:01.16567,0,0,58,30.2,61,791.2,806
6428,device_04,2025-11-13 10:16:24.39764,0,0,16,31.8,62,824.7,834
6429,device_05,2025-11-13 10:16:25.371786,0,0,247,29.5,68.4,657.3,635
6430,device_02,2025-11-13 10:16:45.008594,0,0,1165,32.6,55,831.3,839
6431,device_03,2025-11-13 10:17:01.635662,0,0,57,30.5,61,787.4,802
6432,device_04,2025-11-13 10:17:24.521423,0,0,16,31.8,62,820.9,830
6433,device_05,2025-11-13 10:17:25.331565,0,0,247,29.5,68.3,659.9,635
6434,device_02,2025-11-13 10:17:44.833574,0,0,1166,32.6,55,831,838
6435,device_03,2025-11-13 10:18:01.959911,0,0,57,30.6,61,789.1,801
6436,device_04,2025-11-13 10:18:24.334044,0,0,17,31.8,62,821.5,828
6437,device_05,2025-11-13 10:18:25.284502,0,0,247,29.5,68.3,660.6,636
6438,device_02,2025-11-13 10:18:45.05499,0,0,1167,32.5,55,829.2,839
6439,device_03,2025-11-13 10:19:01.258032,0,0,58,30.5,61,787.2,804
6440,device_04,2025-11-13 10:19:24.337878,0,0,16,31.8,62,819.6,829
6441,device_05,2025-11-13 10:19:25.369443,40,47,247,29.5,68.4,662.4,638
6442,device_02,2025-11-13 10:19:44.861901,0,0,1161,32.5,55,829.2,837
6443,device_03,2025-11-13 10:20:01.657577,0,0,57,30.6,61,789.8,804
6444,device_04,2025-11-13 10:20:24.242353,0,0,16,31.8,62,821,828
6445,device_05,2025-11-13 10:20:25.275437,40,47,246,29.5,68.5,660.2,635
6446,device_02,2025-11-13 10:20:45.148437,0,0,1163,32.5,55,829.3,838
6447,device_03,2025-11-13 10:21:01.357113,0,0,57,30.3,61,790.9,802
6448,device_04,2025-11-13 10:21:24.207581,0,0,15,31.8,62,821.6,828
6449,device_05,2025-11-13 10:21:25.273789,0,0,247,29.5,68.5,662.5,640
6450,device_02,2025-11-13 10:21:44.849973,0,0,1164,32.4,55,831.1,835
6451,device_03,2025-11-13 10:22:01.691641,0,0,55,30.4,61,783.2,797
6452,device_04,2025-11-13 10:22:24.268414,0,0,16,31.8,62,821.2,831
6453,device_05,2025-11-13 10:22:25.279044,0,0,247,29.5,68.5,663.7,639
6454,device_02,2025-11-13 10:22:45.043016,0,0,1162,32.4,55,829.5,833
6455,device_03,2025-11-13 10:23:01.490431,0,0,57,30.5,61,787.8,801
6456,device_04,2025-11-13 10:23:24.72924,0,0,15,31.8,62,822.3,830
6457,device_05,2025-11-13 10:23:25.320541,0,0,247,29.5,68.5,661.9,636
6458,device_02,2025-11-13 10:23:44.859685,0,0,1164,32.5,55,827.9,837
6459,device_03,2025-11-13 10:24:02.375108,0,0,57,30.5,61,786.8,800
6460,device_04,2025-11-13 10:24:24.329977,0,0,15,31.8,62,822,831
6461,device_05,2025-11-13 10:24:25.20991,0,0,246,29.5,68.6,660.7,635
6462,device_02,2025-11-13 10:24:44.7566,0,0,1165,32.5,55,825.6,835
6463,device_04,2025-11-13 10:25:24.339612,0,0,15,31.8,62,821.4,828
6464,device_05,2025-11-13 10:25:25.34373,0,0,245,29.5,68.6,661.3,632
6465,device_05,2025-11-13 10:26:25.332041,0,0,246,29.5,68.6,658.1,635
6466,device_03,2025-11-13 10:30:01.319009,0,0,49,30.3,61,792.4,806
6467,device_02,2025-11-13 10:30:44.956965,0,0,1166,32.5,55,836.5,849
6468,device_03,2025-11-13 10:31:01.181523,0,0,52,30.4,61,769,779
6469,device_04,2025-11-13 10:31:24.388352,0,0,13,31.8,62,826.7,837
6470,device_02,2025-11-13 10:31:44.750766,0,0,1163,32.4,55,829.5,837
6471,device_03,2025-11-13 10:32:01.129491,0,0,54,30.6,61,781,793
6472,device_04,2025-11-13 10:32:24.194423,0,0,14,31.8,62,817.6,827
6473,device_05,2025-11-13 10:32:25.543153,0,0,232,29.4,68.6,658.5,635
6474,device_02,2025-11-13 10:32:44.79069,0,0,1166,32.5,55,829.3,837
6475,device_04,2025-11-13 10:33:24.257324,21,21,16,31.8,62,821.9,826
6476,device_05,2025-11-13 10:33:25.214407,0,0,240,29.4,68.7,652.7,628
6477,device_02,2025-11-13 10:33:44.940189,0,0,1167,32.5,55,827.6,837
6478,device_04,2025-11-13 10:34:24.320629,22,22,16,31.8,62,818.2,826
6479,device_05,2025-11-13 10:34:25.200176,0,0,243,29.4,68.7,653.4,626
6480,device_02,2025-11-13 10:34:44.782135,0,0,1165,32.5,55,828.8,837
6481,device_04,2025-11-13 10:35:24.209303,0,0,17,31.8,62,819.9,828
6482,device_02,2025-11-13 10:35:44.894686,0,0,1162,32.5,55,829.5,831
6483,device_04,2025-11-13 10:36:24.160813,0,0,15,31.8,62,817.4,824
6484,device_02,2025-11-13 10:36:44.854158,0,0,1163,32.5,55,826.3,834
6485,device_04,2025-11-13 10:37:24.198857,0,0,16,31.8,62,817,825
6486,device_02,2025-11-13 10:37:45.358753,0,0,1164,32.5,55,822.9,834
6487,device_04,2025-11-13 10:38:24.269518,0,0,15,31.8,62,817.2,821
6488,device_02,2025-11-13 10:38:44.777322,35,39,1166,32.5,55,825.9,834
6489,device_04,2025-11-13 10:39:24.308287,0,0,15,31.6,62,818.9,823
6490,device_02,2025-11-13 10:39:44.779354,34,38,1166,32.6,55,827.3,837
6491,device_04,2025-11-13 10:40:24.17424,0,0,15,31.5,62,816.9,827
6492,device_02,2025-11-13 10:40:44.803013,0,0,1164,32.5,55,826.5,834
6493,device_04,2025-11-13 10:41:24.454281,0,0,15,31.4,62,817.6,824
6494,device_02,2025-11-13 10:41:44.773011,0,0,1163,32.6,55,825,828
6495,device_04,2025-11-13 10:42:24.179566,0,0,15,31.3,62,814.6,823
6496,device_02,2025-11-13 10:42:44.806652,0,0,1161,32.5,55,823.9,828
6497,device_04,2025-11-13 10:43:24.221095,0,0,15,31.3,62,817.1,822
6498,device_02,2025-11-13 10:43:44.933738,0,0,1163,32.4,55,823.2,829
6499,device_04,2025-11-13 10:44:24.731079,0,0,16,31.3,62,818.2,823
6500,device_02,2025-11-13 10:44:44.834865,0,0,1167,32.5,55,823.3,833
6501,device_04,2025-11-13 10:45:24.264061,21,21,17,31.3,62,814.8,825
6502,device_02,2025-11-13 10:45:44.940715,0,0,1166,32.5,55,822.5,834
6503,device_04,2025-11-13 10:46:24.217818,0,0,17,31.3,62,817.6,822
6504,device_02,2025-11-13 10:46:45.418613,0,0,1164,32.5,55,829.6,832
6505,device_04,2025-11-13 10:47:24.288071,0,0,15,31.3,62,816.5,819
6506,device_02,2025-11-13 10:47:44.846263,0,0,1165,32.5,55,826.5,832
6507,device_04,2025-11-13 10:48:24.364201,0,0,14,31.3,62,817.1,823
6508,device_02,2025-11-13 10:48:44.820723,0,0,1165,32.6,55,822.4,832
6509,device_04,2025-11-13 10:49:24.48866,0,0,14,31.3,62,814.5,822
6510,device_02,2025-11-13 10:49:45.012809,0,0,1162,31.7,55.7,825.5,831
6511,device_04,2025-11-13 10:50:24.367435,0,0,14,31.3,62,815.4,821
6512,device_02,2025-11-13 10:50:44.880835,35,41,1161,31.5,56,823.7,830
6513,device_04,2025-11-13 10:51:24.728513,0,0,15,31.3,62,814.4,820
6514,device_02,2025-11-13 10:51:44.828153,0,0,1163,31.5,56,823.2,828
6515,device_04,2025-11-13 10:52:24.268907,0,0,16,31.3,62,816.7,822
6516,device_02,2025-11-13 10:52:44.849727,0,0,1164,31.4,56,820.9,831
6517,device_04,2025-11-13 10:53:24.237525,0,0,16,31.3,62,815,823
6518,device_02,2025-11-13 10:53:45.27898,0,0,1167,31.4,56,823.4,832
6519,device_04,2025-11-13 10:54:24.323007,0,0,16,31.3,62,815.4,821
6520,device_02,2025-11-13 10:54:44.921051,0,0,1165,31.6,56,824.5,834
6521,device_04,2025-11-13 10:55:24.232371,0,0,15,31.3,62,815.1,821
6522,device_02,2025-11-13 10:55:45.426287,0,0,1163,31.5,56,825.7,830
6523,device_04,2025-11-13 10:56:24.441139,0,0,14,31.3,62,814.1,819
6524,device_02,2025-11-13 10:56:44.834507,0,0,1164,31.6,56,824.4,830
6525,device_04,2025-11-13 10:57:24.273582,0,0,15,31.3,62,813.2,818
6526,device_02,2025-11-13 10:57:45.337307,0,0,1164,31.5,56,820.1,829
6527,device_04,2025-11-13 10:58:24.252859,0,0,15,31.3,62,815.2,821
6528,device_02,2025-11-13 10:58:44.965882,0,0,1166,31.4,56,823.1,831
6529,device_04,2025-11-13 10:59:24.417535,0,0,15,31.3,62,812.7,819
6530,device_02,2025-11-13 10:59:45.12679,0,0,1167,31.5,56,823.5,833
6531,device_04,2025-11-13 11:00:24.248703,0,0,17,31.3,62,815.4,820
6532,device_02,2025-11-13 11:00:44.961096,0,0,1166,31.5,56,824.6,833
6533,device_04,2025-11-13 11:01:24.258014,0,0,15,31.3,62,814.3,822
6534,device_02,2025-11-13 11:01:44.868617,0,0,1166,31.6,56,828.5,834
6535,device_01,2025-11-13 11:02:06.031835,0,0,102,29.5,28.6,853.7,919
6536,device_04,2025-11-13 11:02:24.278033,0,0,15,31.3,62,812.4,818
6537,device_02,2025-11-13 11:02:45.215548,0,0,1166,31.5,56,826.5,838
6538,device_01,2025-11-13 11:03:05.392007,0,0,104,29.6,29.9,862.8,929
6539,device_04,2025-11-13 11:03:24.298275,0,0,15,31.3,62,810.9,816
6540,device_02,2025-11-13 11:03:44.913795,0,0,1163,31.4,56,825.8,831
6541,device_01,2025-11-13 11:04:05.448314,0,0,104,29.4,31,862.2,929
6542,device_04,2025-11-13 11:04:24.852473,0,0,16,31.3,62,811.5,816
6543,device_02,2025-11-13 11:04:44.994879,0,0,1166,31.5,56,826.4,835
6544,device_01,2025-11-13 11:05:05.269927,0,0,104,29.4,33.4,850.4,918
6545,device_04,2025-11-13 11:05:24.49488,0,0,17,31.3,62,813.2,817
6546,device_02,2025-11-13 11:05:44.892213,0,0,1164,31.4,56,824.4,831
6547,device_01,2025-11-13 11:06:05.061783,0,0,102,29.4,38.2,844,905
6548,device_04,2025-11-13 11:06:24.811293,0,0,17,31.3,62,812,816
6549,device_02,2025-11-13 11:06:44.866218,0,0,1163,31.5,56,824.7,826
6550,device_01,2025-11-13 11:07:05.131174,0,0,101,29.4,40.8,840.5,902
6551,device_04,2025-11-13 11:07:24.30151,0,0,17,31.3,62.2,812.1,818
6552,device_02,2025-11-13 11:07:44.84335,0,0,1163,31.5,56,822.5,829
6553,device_01,2025-11-13 11:08:05.198298,0,0,101,29.5,42.2,835.3,896
6554,device_04,2025-11-13 11:08:24.256322,0,0,16,31.3,63,810,816
6555,device_02,2025-11-13 11:08:45.040603,0,0,1165,31.5,56,822,826
6556,device_01,2025-11-13 11:09:05.10936,0,0,101,29.4,43.7,834.5,893
6557,device_04,2025-11-13 11:09:24.494413,0,0,15,31.3,63,809.4,815
6558,device_02,2025-11-13 11:09:45.027182,0,0,1164,31.5,56,820.5,829
6559,device_01,2025-11-13 11:10:05.413132,0,0,100,29.5,45.3,831.5,892
6560,device_04,2025-11-13 11:10:24.324256,0,0,16,31.3,63,809.7,816
6561,device_02,2025-11-13 11:10:44.87102,0,0,1165,31.5,56.4,818.4,827
6562,device_01,2025-11-13 11:11:05.229434,0,0,101,30.3,46,830.2,886
6563,device_04,2025-11-13 11:11:24.90451,0,0,17,31.3,63,809.7,813
6564,device_02,2025-11-13 11:11:44.966932,0,0,1164,31.5,56.7,822.4,827
6565,device_01,2025-11-13 11:12:05.537209,0,0,101,30.3,46.8,828.1,886
6566,device_04,2025-11-13 11:12:24.358039,0,0,18,31.3,62.5,810,813
6567,device_02,2025-11-13 11:12:44.887961,0,0,1163,31.5,56.3,819.6,829
6568,device_01,2025-11-13 11:13:05.167833,0,0,101,30.5,47,827.2,885
6569,device_04,2025-11-13 11:13:24.833436,0,0,14,31.3,61.6,805.5,810
6570,device_02,2025-11-13 11:13:44.938201,0,0,1164,31.4,56,820.2,824
6571,device_01,2025-11-13 11:14:05.339312,0,0,102,30.4,47,829.4,889
6572,device_04,2025-11-13 11:14:24.245925,0,0,18,31.3,61,804.2,809
6573,device_02,2025-11-13 11:14:44.901865,0,0,1164,31.5,55.5,815.3,820
6574,device_01,2025-11-13 11:15:05.737489,0,0,100,30.5,47,831.2,887
6575,device_02,2025-11-13 11:15:45.550747,0,0,1163,31.5,55,816.6,825
6576,device_01,2025-11-13 11:16:05.497525,0,0,100,30.5,47,828.1,886
6577,device_02,2025-11-13 11:16:45.009615,0,0,1165,31.4,55,819.3,823
6578,device_01,2025-11-13 11:17:05.173419,0,0,101,30.5,47,828.6,885
6579,device_02,2025-11-13 11:17:44.843749,0,0,1163,31.4,55,819.5,828
6580,device_01,2025-11-13 11:18:05.589216,47,57,101,30.4,47,829.1,886
6581,device_02,2025-11-13 11:18:44.963333,0,0,1167,31.6,55,821.1,827
6582,device_01,2025-11-13 11:19:05.245608,48,58,101,30.5,47,830,890
6583,device_02,2025-11-13 11:19:44.994807,0,0,1163,31.3,55,821.4,827
6584,device_01,2025-11-13 11:20:05.727966,0,0,101,30.5,47,832.8,892
6585,device_02,2025-11-13 11:20:45.080731,0,0,1162,31.5,55,820.9,826
6586,device_01,2025-11-13 11:21:05.32501,0,0,102,30.4,47,834,893
6587,device_02,2025-11-13 11:21:44.781555,0,0,1161,31.5,55,820.6,823
6588,device_01,2025-11-13 11:22:05.596271,0,0,101,30.3,47,833.6,893
6589,device_02,2025-11-13 11:22:44.833164,0,0,1160,31.6,55,817.6,823
6590,device_01,2025-11-13 11:23:05.242987,0,0,101,30.2,47,833,891
6591,device_02,2025-11-13 11:23:44.973748,0,0,1163,31.3,55.3,817,822
6592,device_01,2025-11-13 11:24:05.795017,0,0,102,30.5,47,833.3,891
6593,device_02,2025-11-13 11:24:45.607077,0,0,1161,31.5,55.8,817.2,825
6594,device_01,2025-11-13 11:25:05.175051,0,0,101,30.6,46.9,833.5,893
6595,device_01,2025-11-13 11:26:05.685675,0,0,102,30.6,46,834,897
6596,device_01,2025-11-13 11:27:05.793982,0,0,101,30.4,46,835.8,898
6597,device_01,2025-11-13 11:28:05.027861,0,0,102,30.5,46,836.5,897
6598,device_01,2025-11-13 11:29:05.311822,0,0,101,30.6,46,838.3,896
6599,device_01,2025-11-13 11:30:05.784196,43,52,102,30.6,46,836.4,895
6600,device_02,2025-11-13 11:30:44.817521,0,0,1163,31.6,56,827.2,834
6601,device_01,2025-11-13 11:31:05.059041,0,0,101,30.5,46,836,896
6602,device_02,2025-11-13 11:31:45.491511,0,0,1162,31.5,56,815.8,819
6603,device_01,2025-11-13 11:32:06.724316,0,0,102,30.3,45.5,836.3,897
6604,device_02,2025-11-13 11:32:44.78934,0,0,1161,31.4,56,814.5,822
6605,device_01,2025-11-13 11:33:05.057958,0,0,101,30.3,45,837,898
6606,device_02,2025-11-13 11:33:45.46242,0,0,1164,31.4,56,814.4,818
6607,device_01,2025-11-13 11:34:05.417727,0,0,102,30.3,45,838.8,898
6608,device_02,2025-11-13 11:34:44.781802,0,0,1160,31.6,56,812.7,819
6609,device_01,2025-11-13 11:35:05.267807,0,0,101,30.4,45,838.2,899
6610,device_02,2025-11-13 11:35:44.924464,0,0,1160,31.5,56,812.4,817
6611,device_01,2025-11-13 11:36:05.304185,0,0,101,30.4,45,839.3,900
6612,device_02,2025-11-13 11:36:44.861835,0,0,1159,31.5,56,812.1,813
6613,device_01,2025-11-13 11:37:04.996399,0,0,102,30.4,45,837.7,899
6614,device_02,2025-11-13 11:37:45.001467,0,0,1159,31.5,56,806.9,812
6615,device_01,2025-11-13 11:38:05.627698,0,0,101,30.5,45,839.2,901
6616,device_02,2025-11-13 11:38:44.787515,0,0,1156,31.4,56,807.1,807
6617,device_01,2025-11-13 11:39:05.640086,0,0,101,30.6,45,839.5,901
6618,device_02,2025-11-13 11:39:44.758047,39,47,1156,31.5,56,804.6,809
6619,device_01,2025-11-13 11:40:05.073923,0,0,101,30.6,45,838.4,898
6620,device_02,2025-11-13 11:40:44.78675,0,0,1154,31.4,56,799,803
6621,device_01,2025-11-13 11:41:05.085349,0,0,101,30.3,45,838.4,900
6622,device_02,2025-11-13 11:41:44.973331,0,0,1155,31.5,55.7,801.4,802
6623,device_01,2025-11-13 11:42:05.338566,0,0,102,30.4,45,838.2,899
6624,device_02,2025-11-13 11:42:44.982888,0,0,1155,31.5,55.9,804.5,810
6625,device_02,2025-11-13 11:43:44.787942,0,0,1158,31.4,56,807,809
6626,device_02,2025-11-13 11:44:45.339929,0,0,1157,31.4,56,805.9,809
6627,device_02,2025-11-13 11:45:45.003661,43,50,1157,31.6,56,807.4,812
6628,device_02,2025-11-13 11:46:45.353192,0,0,1159,31.2,56.2,808.7,812
6629,device_02,2025-11-13 11:47:45.097717,0,0,1157,30.4,57,806.7,812
6630,device_01,2025-11-13 11:48:05.023751,0,0,87,30.6,46,843.2,904
6631,device_02,2025-11-13 11:48:45.432859,0,0,1161,30.5,57,805.9,811
6632,device_01,2025-11-13 11:49:05.528942,0,0,99,30.4,45.5,836.9,897
6633,device_02,2025-11-13 11:49:44.763086,0,0,1157,30.5,57,808.5,813
6634,device_01,2025-11-13 11:50:05.100562,0,0,100,30.3,45,836.2,896
6635,device_02,2025-11-13 11:50:45.121093,0,0,1157,30.5,57,808.4,810
6636,device_01,2025-11-13 11:51:06.38515,0,0,101,30.4,45,835.6,895
6637,device_02,2025-11-13 11:51:44.779666,44,52,1157,30.3,57.6,808.9,808
6638,device_01,2025-11-13 11:52:05.279804,0,0,101,30.6,45,836.5,898
6639,device_02,2025-11-13 11:52:44.861961,0,0,1155,30.4,58,805.9,807
6640,device_01,2025-11-13 11:53:05.224738,0,0,101,30.3,45,837.5,896
6641,device_02,2025-11-13 11:53:44.983686,0,0,1156,30.5,58,803.9,804
6642,device_01,2025-11-13 11:54:05.034769,0,0,100,30.4,45,836.1,897
6643,device_02,2025-11-13 11:54:44.861176,0,0,1155,30.4,58,802.3,806
6644,device_01,2025-11-13 11:55:04.994085,0,0,102,30.5,45,836,898
6645,device_02,2025-11-13 11:55:45.44332,0,0,1156,30.4,58,802.6,803
6646,device_01,2025-11-13 11:56:05.040498,0,0,101,30.5,45,837.3,899
6647,device_02,2025-11-13 11:56:44.834316,0,0,1157,30.4,58,802.4,804
6648,device_01,2025-11-13 11:57:05.703718,0,0,100,30.5,45,838.9,898
6649,device_02,2025-11-13 11:57:45.406816,0,0,1154,30.6,58,800.5,804
6650,device_01,2025-11-13 11:58:05.02134,0,0,101,30.6,44.9,839.4,899
6651,device_02,2025-11-13 11:58:44.898977,0,0,1154,30.3,58,797.3,800
6652,device_01,2025-11-13 11:59:05.234936,0,0,101,31.3,44.2,837.2,897
6653,device_02,2025-11-13 11:59:44.81816,0,0,1156,30.3,58,801,805
6654,device_01,2025-11-13 12:00:05.018077,0,0,100,31.5,44,838.1,898
6655,device_02,2025-11-13 12:00:44.779248,0,0,1157,30.5,58,803.6,808
6656,device_01,2025-11-13 12:01:05.198812,0,0,99,31.4,44,837,898
6657,device_02,2025-11-13 12:01:44.82392,0,0,1159,30.2,58,803.8,807
6658,device_01,2025-11-13 12:02:05.611016,0,0,100,31.3,44,836.9,898
6659,device_02,2025-11-13 12:02:44.823706,0,0,1157,30.4,58,803.8,808
6660,device_01,2025-11-13 12:03:05.392256,0,0,100,31.4,44,836.2,898
6661,device_02,2025-11-13 12:03:44.854527,0,0,1159,30.7,58,805.4,807
6662,device_01,2025-11-13 12:04:05.171433,0,0,100,31.3,44,838.4,899
6663,device_02,2025-11-13 12:04:46.393646,0,0,1156,30.5,58,803,808
6664,device_01,2025-11-13 12:05:05.264449,0,0,100,31.2,44,839.4,901
6665,device_02,2025-11-13 12:05:44.875652,0,0,1154,30.4,58,803.3,804
6666,device_01,2025-11-13 12:06:05.17186,0,0,100,31.3,44,839.3,901
6667,device_02,2025-11-13 12:06:44.980219,0,0,1155,30.6,58,804.2,801
6668,device_01,2025-11-13 12:07:05.66462,0,0,100,31.5,44,840.1,901
6669,device_02,2025-11-13 12:07:45.027885,0,0,1154,30.4,58,800.5,803
6670,device_01,2025-11-13 12:08:05.022879,0,0,100,31.5,44,839.5,903
6671,device_02,2025-11-13 12:08:44.822812,0,0,1156,30.4,58,800.3,801
6672,device_01,2025-11-13 12:09:05.229687,0,0,100,31.5,43.9,841.3,902
6673,device_02,2025-11-13 12:09:45.03089,0,0,1153,30.5,58,798.9,801
6674,device_01,2025-11-13 12:10:04.998992,0,0,100,31.3,43,840.9,904
6675,device_02,2025-11-13 12:10:44.813017,0,0,1156,30.3,58,800,801
6676,device_01,2025-11-13 12:11:05.03836,0,0,100,31.2,43,840.1,901
6677,device_02,2025-11-13 12:11:45.607606,0,0,1155,30.4,58,799.1,801
6678,device_01,2025-11-13 12:12:05.447221,0,0,100,31.3,43,841.6,903
6679,device_02,2025-11-13 12:12:44.764917,0,0,1153,30.4,58,798.6,802
6680,device_01,2025-11-13 12:13:04.976722,0,0,100,31.3,43,841.8,902
6681,device_02,2025-11-13 12:13:44.907927,50,57,1158,30.2,58,801,801
6682,device_01,2025-11-13 12:14:05.670423,0,0,102,31.3,43,841.8,903
6683,device_02,2025-11-13 12:14:45.086823,0,0,1156,30.5,58,799.9,804
6684,device_01,2025-11-13 12:15:05.040433,0,0,99,31.5,43,841.3,904
6685,device_02,2025-11-13 12:15:44.938139,0,0,1156,30.6,58,797.4,804
6686,device_01,2025-11-13 12:16:05.087547,0,0,101,31.6,43,842.4,902
6687,device_02,2025-11-13 12:16:44.806124,0,0,1159,30.5,58,802.6,804
6688,device_01,2025-11-13 12:17:04.973049,0,0,100,31.5,43,841.6,905
6689,device_02,2025-11-13 12:17:45.303039,0,0,1156,30.3,58,800.8,806
6690,device_01,2025-11-13 12:18:05.789412,0,0,100,31.5,43,842.2,902
6691,device_02,2025-11-13 12:18:44.924747,0,0,1155,30.3,58,802.3,802
6692,device_01,2025-11-13 12:19:05.202021,40,49,100,31.5,43,842.9,905
6693,device_02,2025-11-13 12:19:44.817781,0,0,1157,30.5,58,803.7,807
6694,device_01,2025-11-13 12:20:05.351555,0,0,100,31.4,43,842.4,906
6695,device_02,2025-11-13 12:20:44.859238,0,0,1157,30.3,58,802.7,805
6696,device_01,2025-11-13 12:21:05.16748,0,0,101,31.4,43,843.8,905
6697,device_02,2025-11-13 12:21:44.765792,0,0,1156,30.5,58,802.1,801
6698,device_01,2025-11-13 12:22:05.591331,0,0,99,31.3,43,841.8,905
6699,device_02,2025-11-13 12:22:44.948913,0,0,1155,30.4,58,800.7,802
6700,device_01,2025-11-13 12:23:05.150947,0,0,100,31.4,43,842.5,905
6701,device_02,2025-11-13 12:23:44.887039,0,0,1157,30.3,58,800.3,800
6702,device_02,2025-11-13 12:24:45.513626,0,0,1154,30.5,58,798.6,804
6703,device_02,2025-11-13 12:30:45.019074,0,0,1158,30.4,58,804.1,813
6704,device_02,2025-11-13 12:31:44.811309,0,0,1156,30.4,58,799.2,800
6705,device_02,2025-11-13 12:32:44.980766,0,0,1156,30.2,58,797.5,802
6706,device_02,2025-11-13 12:33:45.470622,0,0,1158,30.5,58.2,800,801
6707,device_02,2025-11-13 12:34:45.084439,0,0,1155,30.6,58.8,797.9,801
6708,device_02,2025-11-13 12:35:45.413299,0,0,1155,30.4,59,798.6,798
6709,device_02,2025-11-13 12:36:45.464736,0,0,1154,30.6,59,797.8,796
6710,device_02,2025-11-13 12:37:44.914217,0,0,1155,30.4,59,796.2,794
6711,device_02,2025-11-13 12:38:44.908217,0,0,1156,30.5,59,795.9,794
6712,device_02,2025-11-13 12:39:44.891438,0,0,1153,30.6,59,792,795
6713,device_02,2025-11-13 12:40:45.539878,0,0,1154,30.5,59,793.6,794
6714,device_02,2025-11-13 12:41:44.881493,0,0,1154,30.5,59,794.7,794
6715,device_02,2025-11-13 12:42:45.628287,0,0,1153,30.4,59,795.1,794
6716,device_02,2025-11-13 12:43:44.931979,0,0,1158,30.6,59,795.7,796
6717,device_02,2025-11-13 12:44:44.924489,0,0,1155,30.5,59,790.2,795
6718,device_02,2025-11-13 12:45:44.846637,0,0,1157,30.6,59,792.1,794
6719,device_02,2025-11-13 12:46:45.001814,0,0,1156,30.7,59,793.2,796
6720,device_02,2025-11-13 12:47:44.890749,0,0,1159,30.5,59,800,804
6721,device_02,2025-11-13 12:48:45.987468,0,0,1157,30.6,59,795.4,797
6722,device_02,2025-11-13 12:49:45.533502,0,0,1155,30.4,59,796.4,798
6723,device_02,2025-11-13 12:50:45.379703,0,0,1151,30.4,59,794,791
6724,device_02,2025-11-13 12:51:45.54261,0,0,1152,30.6,59,790.6,792
6725,device_02,2025-11-13 12:52:45.037493,0,0,1155,30.5,59,794.4,793
6726,device_02,2025-11-13 12:53:45.478403,0,0,1155,30.6,59,793.7,792
6727,device_02,2025-11-13 12:54:45.612761,0,0,1152,30.5,59,791.8,793
6728,device_02,2025-11-13 12:55:45.161632,0,0,1152,30.2,59,793.5,788
6729,device_02,2025-11-13 12:56:44.851565,0,0,1149,30.3,59,788.7,788
6730,device_02,2025-11-13 12:57:44.887248,43,50,1150,30.3,59,786.1,782
6731,device_02,2025-11-13 12:58:44.852146,43,51,1153,30.3,59,787.8,786
6732,device_02,2025-11-13 12:59:45.10797,0,0,1154,30.5,59,786.1,791
6733,device_02,2025-11-13 13:00:45.123303,0,0,1158,30.4,59,790.7,792
6734,device_02,2025-11-13 13:01:45.575795,0,0,1157,30.4,59,793.2,797
6735,device_02,2025-11-13 13:02:44.925884,0,0,1154,30.4,59,795.2,796
6736,device_02,2025-11-13 13:03:45.652984,0,0,1153,30.5,58.9,796.3,792
6737,device_02,2025-11-13 13:04:44.924175,0,0,1149,30.4,57.9,791.2,787
6738,device_02,2025-11-13 13:05:45.608638,0,0,1150,30.4,57,785,781
6739,device_02,2025-11-13 13:06:45.378125,0,0,1148,30.4,56,777.8,781
6740,device_02,2025-11-13 13:07:45.652491,0,0,1150,30.4,55.1,781.2,781
6741,device_02,2025-11-13 13:08:45.480633,0,0,1151,30.4,54.7,782,782
6742,device_02,2025-11-13 13:09:44.993337,44,52,1147,30.3,54,782.9,783
6743,device_02,2025-11-13 13:10:44.819839,0,0,1150,30.4,54,785.1,781
6744,device_02,2025-11-13 13:11:44.783149,0,0,1145,29.5,54,780.7,779
6745,device_02,2025-11-13 13:12:44.830072,0,0,1147,29.5,53.9,783.2,782
6746,device_02,2025-11-13 13:13:45.881214,0,0,1147,29.5,53,782.4,779
6747,device_02,2025-11-13 13:14:45.155861,0,0,1145,29.5,53,777.9,775
6748,device_02,2025-11-13 13:15:45.067607,0,0,1145,29.5,53,781.3,780
6749,device_02,2025-11-13 13:16:44.964092,0,0,1147,29.4,53,784.5,783
6750,device_02,2025-11-13 13:17:45.606126,0,0,1147,29.5,53.4,784.4,783
6751,device_02,2025-11-13 13:18:45.014824,0,0,1143,29.4,53.7,782.4,782
6752,device_02,2025-11-13 13:19:45.222269,0,0,1145,29.4,54,789,789
6753,device_02,2025-11-13 13:20:44.972333,0,0,1142,29.4,54,792.2,788
6754,device_02,2025-11-13 13:21:44.982376,0,0,1143,29.5,54,794.1,791
6755,device_02,2025-11-13 13:22:45.092144,0,0,1145,29.3,54.7,801.6,800
6756,device_02,2025-11-13 13:23:46.041965,0,0,1145,29.3,55,806.2,808
6757,device_02,2025-11-13 13:24:44.99419,0,0,1145,29.7,55.2,811.5,818
6758,device_02,2025-11-13 13:30:44.792641,0,0,1145,29.5,54,810.1,813
6759,device_02,2025-11-13 13:31:44.970272,0,0,1146,29.4,54,807.7,812
6760,device_02,2025-11-13 13:32:45.295614,0,0,1145,29.4,54,808,812
6761,device_02,2025-11-13 13:33:45.398659,0,0,1145,29.5,54,811.3,813
6762,device_02,2025-11-13 13:34:44.814777,0,0,1144,29.5,54,812.4,817
6763,device_02,2025-11-13 13:35:44.938588,0,0,1146,29.5,54.3,815.4,816
6764,device_02,2025-11-13 13:36:44.867236,0,0,1144,29.4,55,814.7,822
6765,device_02,2025-11-13 13:37:44.781732,0,0,1143,29.5,55,817.8,821
6766,device_02,2025-11-13 13:38:44.8839,0,0,1146,29.4,55,818.2,823
6767,device_02,2025-11-13 13:39:44.866401,0,0,1143,29.5,55.8,818.1,826
6768,device_02,2025-11-13 13:40:44.824466,0,0,1146,29.4,56,822.6,826
6769,device_02,2025-11-13 13:41:45.116633,0,0,1144,29.5,56,820,829
6770,device_02,2025-11-13 13:42:44.842124,0,0,1141,29.5,56,820.4,823
6771,device_02,2025-11-13 13:43:45.569518,0,0,1148,29.3,56.5,823.4,830
6772,device_02,2025-11-13 13:44:44.909419,0,0,1145,29.6,57,822.8,833
6773,device_02,2025-11-13 13:45:45.489445,0,0,1144,30.2,56.5,826,831
6774,device_02,2025-11-13 13:46:44.822974,0,0,1147,30.4,56.1,827.6,836
6775,device_02,2025-11-13 13:47:45.437161,0,0,1148,30.4,56.4,827.1,837
6776,device_02,2025-11-13 13:48:44.776156,0,0,1147,30.1,57,825.5,833
6777,device_02,2025-11-13 13:49:45.032903,0,0,1147,29.8,57,827.2,837
6778,device_02,2025-11-13 13:50:44.768354,0,0,1147,29.7,57,825.3,830
6779,device_02,2025-11-13 13:51:44.998301,0,0,1144,29.7,57,822.8,831
6780,device_02,2025-11-13 13:52:44.754623,0,0,1146,29.7,57.2,820.9,827
6781,device_02,2025-11-13 13:53:45.620545,0,0,1145,30.3,57,822.5,829
6782,device_02,2025-11-13 13:54:45.136372,0,0,1144,30.7,57,820.9,828
6783,device_02,2025-11-13 13:55:47.148802,0,0,1147,30.5,57,824.1,831
6784,device_02,2025-11-13 13:56:45.140797,0,0,1146,30.4,57,824.6,834
6785,device_02,2025-11-13 13:57:44.782659,0,0,1148,30.4,57,826.3,834
6786,device_02,2025-11-13 13:58:45.394988,44,54,1150,30.5,57,824.3,833
6787,device_02,2025-11-13 13:59:45.843601,0,0,1147,30.5,57,824.7,836
6788,device_02,2025-11-13 14:00:44.847998,0,0,1150,30.4,57,828,834
6789,device_02,2025-11-13 14:01:44.921555,0,0,1150,30.4,57.1,825.6,835
6790,device_02,2025-11-13 14:02:44.857038,0,0,1150,30.5,58,826.4,836
6791,device_02,2025-11-13 14:03:44.943318,0,0,1150,30.5,58,823.5,832
6792,device_02,2025-11-13 14:04:44.817526,49,58,1147,30.1,58,823.4,831
6793,device_02,2025-11-13 14:05:44.954052,0,0,1149,29.4,58,824.5,829
6794,device_02,2025-11-13 14:06:44.80882,0,0,1145,29.4,58,817.5,818
6795,device_02,2025-11-13 14:07:44.799648,0,0,1148,29.5,58,815.2,818
6796,device_02,2025-11-13 14:08:44.819554,0,0,1149,29.2,58,814.2,819
6797,device_02,2025-11-13 14:09:44.77497,0,0,1146,29.4,57.9,811,816
6798,device_02,2025-11-13 14:10:45.015453,50,61,1146,29.4,57,810,811
6799,device_02,2025-11-13 14:11:44.787935,0,0,1143,29.4,57,803.9,806
6800,device_02,2025-11-13 14:12:44.972995,0,0,1146,29.7,57,799.8,805
6801,device_02,2025-11-13 14:13:44.818885,0,0,1148,29.5,56.7,802.7,805
6802,device_02,2025-11-13 14:14:44.857481,0,0,1144,29.5,56,798.9,804
6803,device_02,2025-11-13 14:15:44.93417,0,0,1147,29.5,56,799.7,799
6804,device_02,2025-11-13 14:16:44.84058,0,0,1145,29.6,56,796.1,797
6805,device_02,2025-11-13 14:17:44.831403,0,0,1145,29.5,55.2,794.5,797
6806,device_02,2025-11-13 14:18:45.147984,0,0,1145,29.4,55,794.9,793
6807,device_02,2025-11-13 14:19:44.776905,0,0,1144,29.5,55,790.1,792
6808,device_02,2025-11-13 14:20:44.964185,0,0,1138,29.2,55,788.6,785
6809,device_02,2025-11-13 14:21:44.879322,0,0,1139,29.6,54.1,785.3,783
6810,device_02,2025-11-13 14:22:44.80069,0,0,1141,29.6,54,783.6,779
6811,device_02,2025-11-13 14:23:45.459236,0,0,1140,29.4,54,781.6,779
6812,device_02,2025-11-13 14:24:44.948034,0,0,1137,29.5,53.5,776.7,776
6813,device_02,2025-11-13 14:30:44.772359,0,0,1139,28.3,52.4,782.7,778
6814,device_02,2025-11-13 14:31:45.424475,0,0,1137,28.5,52,766.1,763
6815,device_02,2025-11-13 14:32:45.311538,0,0,1135,28.5,52,767,763
6816,device_02,2025-11-13 14:33:44.809274,0,0,1134,28.4,52,767,761
6817,device_02,2025-11-13 14:34:45.058713,0,0,1132,28.5,51.2,764.1,757
6818,device_02,2025-11-13 14:35:44.965043,0,0,1133,28.3,51,765.5,756
6819,device_02,2025-11-13 14:36:44.798782,0,0,1129,28.4,51,759.7,753
6820,device_02,2025-11-13 14:37:44.782041,54,66,1131,28.5,51,756.8,749
6821,device_02,2025-11-13 14:38:44.869648,0,0,1130,28.6,50.9,755.6,749
6822,device_02,2025-11-13 14:39:45.022705,0,0,1129,28.6,50,752.6,747
6823,device_02,2025-11-13 14:40:44.833819,0,0,1128,28.6,50,754.5,743
6824,device_02,2025-11-13 14:41:44.777417,0,0,1128,28.3,50,754.5,750
6825,device_02,2025-11-13 14:42:44.873278,0,0,1129,28.5,50,750.2,741
6826,device_02,2025-11-13 14:43:44.795258,0,0,1129,28.6,49.4,750.7,742
6827,device_02,2025-11-13 14:44:44.942541,0,0,1123,28.4,49,748.5,738
6828,device_02,2025-11-13 14:45:44.941635,0,0,1130,28.4,49,749,740
6829,device_02,2025-11-13 14:46:44.909708,0,0,1128,28.4,49,752.7,745
6830,device_02,2025-11-13 14:47:45.085463,0,0,1128,28.4,49,754.5,745
6831,device_02,2025-11-13 14:48:44.852769,0,0,1125,28.5,49,755,744
6832,device_02,2025-11-13 14:49:44.894853,0,0,1123,28.4,49,751.5,743
6833,device_02,2025-11-13 14:50:44.908496,0,0,1125,28.6,49,755.8,745
6834,device_02,2025-11-13 14:51:44.839797,0,0,1122,28.5,49,756.9,750
6835,device_02,2025-11-13 14:52:44.869717,0,0,1125,28.5,49,759.9,750
6836,device_02,2025-11-13 14:53:44.911993,0,0,1124,28.5,49,756.5,752
6837,device_02,2025-11-13 14:54:44.985408,38,45,1124,28.5,49,758.4,754
6838,device_02,2025-11-13 14:55:45.037262,0,0,1126,28.4,49,757.3,747
6839,device_02,2025-11-13 14:56:44.86293,0,0,1123,28.4,49,753.1,748
6840,device_02,2025-11-13 14:57:44.853533,0,0,1124,28.6,48.5,753.9,746
6841,device_02,2025-11-13 14:58:45.063556,0,0,1124,28.6,49,757,748
6842,device_02,2025-11-13 14:59:44.958759,0,0,1124,28.6,49,759.6,751
6843,device_02,2025-11-13 15:00:45.88659,0,0,1124,28.5,49,759.6,751
6844,device_02,2025-11-13 15:01:45.097103,0,0,1123,28.4,49,760.8,753
6845,device_02,2025-11-13 15:02:45.017835,0,0,1127,28.4,49,764.9,761
6846,device_02,2025-11-13 15:03:45.158444,0,0,1127,28.4,49,768.2,761
6847,device_02,2025-11-13 15:04:44.844134,0,0,1126,28.4,49,766.8,760
6848,device_02,2025-11-13 15:05:44.872609,0,0,1125,28.4,49,764.8,758
6849,device_02,2025-11-13 15:06:44.854094,0,0,1124,28.5,49,764.4,761
6850,device_02,2025-11-13 15:07:45.268657,0,0,1124,28.4,49,765.1,754
6851,device_02,2025-11-13 15:08:44.91741,0,0,1125,28.5,49,763.4,760
6852,device_02,2025-11-13 15:09:45.064253,0,0,1125,28.4,49,765,761
6853,device_02,2025-11-13 15:10:45.257221,0,0,1127,28.2,49,768.6,760
6854,device_02,2025-11-13 15:11:44.925438,0,0,1124,28.4,49.1,765.8,762
6855,device_02,2025-11-13 15:12:45.516992,0,0,1124,28.6,50,763.9,758
6856,device_02,2025-11-13 15:13:44.865039,0,0,1126,28.4,50,765.4,761
6857,device_02,2025-11-13 15:14:45.234938,0,0,1122,28.5,50,768.5,764
6858,device_02,2025-11-13 15:15:45.085967,0,0,1128,28.4,50,767.3,763
6859,device_02,2025-11-13 15:16:45.036805,33,37,1125,28.5,50,766.7,762
6860,device_02,2025-11-13 15:17:45.493102,33,37,1128,28.6,49.9,770.5,768
6861,device_02,2025-11-13 15:18:45.008218,0,0,1130,29.5,49,775.3,771
6862,device_02,2025-11-13 15:19:45.517833,0,0,1127,29.3,49,775.2,770
6863,device_02,2025-11-13 15:20:44.793091,0,0,1128,29.4,49,772.2,768
6864,device_02,2025-11-13 15:21:45.404331,0,0,1125,29.6,49.7,774,768
6865,device_02,2025-11-13 15:22:44.774409,0,0,1126,29.4,50,772.5,767
6866,device_02,2025-11-13 15:23:45.304937,0,0,1127,29.5,50,770.5,768
6867,device_02,2025-11-13 15:24:45.689686,0,0,1127,29.3,50,772.3,768
6868,device_02,2025-11-13 15:30:44.913143,0,0,1134,29.4,51,785,782
6869,device_02,2025-11-13 15:31:45.345701,0,0,1129,29.4,51,771.6,770
6870,device_02,2025-11-13 15:32:44.754398,0,0,1130,29.6,51,775.3,773
6871,device_02,2025-11-13 15:33:44.934491,35,38,1129,29.4,51,776.1,772
6872,device_02,2025-11-13 15:34:44.754231,0,0,1130,29.3,51,775.1,773
6873,device_02,2025-11-13 15:35:45.03809,0,0,1128,29.4,51,774.4,767
6874,device_02,2025-11-13 15:36:45.065937,0,0,1126,29.5,51,771.5,767
6875,device_02,2025-11-13 15:37:44.772933,0,0,1129,29.4,51,773.4,766
6876,device_02,2025-11-13 15:38:44.861636,0,0,1128,29.4,51,770,766
6877,device_02,2025-11-13 15:39:44.937336,0,0,1127,29.4,51,772.5,767
6878,device_02,2025-11-13 15:40:45.036265,0,0,1131,29.5,51,774.2,768
6879,device_02,2025-11-13 15:41:44.871414,0,0,1127,29.5,51,772.1,771
6880,device_02,2025-11-13 15:42:45.424449,0,0,1130,29.5,51,774,767
6881,device_02,2025-11-13 15:43:45.92031,0,0,1131,29.3,51.4,772.6,771
6882,device_02,2025-11-13 15:44:45.432066,0,0,1129,29.5,52,772.8,772
6883,device_02,2025-11-13 15:45:45.731266,0,0,1132,29.4,52,776.1,771
6884,device_02,2025-11-13 15:46:44.764329,0,0,1133,29.3,52,777.7,776
6885,device_02,2025-11-13 15:47:45.010141,0,0,1130,29.4,52,776.1,771
6886,device_02,2025-11-13 15:48:44.783647,0,0,1132,29.6,52,779,775
6887,device_02,2025-11-13 15:49:44.894329,0,0,1127,29.4,52,772.2,768
6888,device_02,2025-11-13 15:50:45.619106,0,0,1130,29.8,52,777.1,770
6889,device_02,2025-11-13 15:51:44.761364,0,0,1130,29.3,52,775.7,770
6890,device_02,2025-11-13 15:52:44.79085,0,0,1131,29.3,52,775.1,768
6891,device_02,2025-11-13 15:53:44.969143,0,0,1129,29.6,52,772.2,767
6892,device_02,2025-11-13 15:54:44.884733,0,0,1129,29.4,52,772.8,767
6893,device_02,2025-11-13 15:55:45.534535,0,0,1131,29.5,52,773.9,769
6894,device_02,2025-11-13 15:56:44.890924,0,0,1128,29.4,52,773.6,772
6895,device_02,2025-11-13 15:57:45.532215,0,0,1131,29.6,52,776.3,770
6896,device_02,2025-11-13 15:58:44.75886,0,0,1129,29.4,52,773,771
6897,device_02,2025-11-13 15:59:44.997403,0,0,1129,29.4,52,775.1,774
6898,device_02,2025-11-13 16:00:44.907218,0,0,1130,29.5,52,777.9,770
6899,device_02,2025-11-13 16:01:44.792884,0,0,1131,29.3,52,777.1,774
6900,device_02,2025-11-13 16:02:44.846795,0,0,1132,29.5,52,772.9,769
6901,device_02,2025-11-13 16:03:45.019364,0,0,1129,29.4,52,775.8,773
6902,device_02,2025-11-13 16:04:44.859901,0,0,1130,29.3,52,778.2,774
6903,device_02,2025-11-13 16:05:45.102343,0,0,1128,29.6,52,776.1,766
6904,device_02,2025-11-13 16:06:44.780789,0,0,1128,29.5,52,776.5,770
6905,device_02,2025-11-13 16:07:45.188167,0,0,1132,29.4,52.1,774.2,768
6906,device_02,2025-11-13 16:08:45.337526,0,0,1132,29.5,52.6,773,772
6907,device_02,2025-11-13 16:09:44.780009,0,0,1129,29.5,53,774.5,771
6908,device_02,2025-11-13 16:10:45.472566,0,0,1129,29.5,53,775.6,769
6909,device_02,2025-11-13 16:11:44.792098,0,0,1128,29.4,53,775.1,773
6910,device_02,2025-11-13 16:12:45.686416,0,0,1132,29.3,53,775.7,770
6911,device_02,2025-11-13 16:13:44.771804,0,0,1131,29.3,53,772.4,772
6912,device_02,2025-11-13 16:14:44.807341,0,0,1131,29.3,53,775,775
6913,device_02,2025-11-13 16:15:45.395244,0,0,1132,29.5,53,778.3,773
6914,device_02,2025-11-13 16:16:45.398958,0,0,1128,29.5,53,774.7,770
6915,device_02,2025-11-13 16:17:45.447969,36,42,1131,29.5,53,774,768
6916,device_02,2025-11-13 16:18:44.761134,0,0,1132,29.6,53.1,774.8,773
6917,device_02,2025-11-13 16:19:44.838179,0,0,1128,29.5,54,775.4,768
6918,device_02,2025-11-13 16:20:44.861746,0,0,1128,29.4,54,771.6,762
6919,device_02,2025-11-13 16:21:45.094173,0,0,1128,29.3,54,772.2,766
6920,device_02,2025-11-13 16:22:44.993014,0,0,1129,29.6,54,772.1,761
6921,device_02,2025-11-13 16:23:45.40291,37,42,1129,29.5,54,771,768
6922,device_02,2025-11-13 16:24:44.947449,0,0,1131,29.1,54,772.8,768
6923,device_02,2025-11-13 16:30:45.401882,0,0,1133,29.5,54,784.9,780
6924,device_02,2025-11-13 16:31:44.911623,0,0,1133,29.5,54,770.2,765
6925,device_02,2025-11-13 16:32:45.430342,0,0,1132,29.3,54,770.3,767
6926,device_02,2025-11-13 16:33:45.504696,0,0,1131,29.5,54,773.5,770
6927,device_02,2025-11-13 16:34:44.738,34,39,1132,29.4,54,775.8,768
6928,device_02,2025-11-13 16:35:45.833465,0,0,1130,29.5,54,770.6,766
6929,device_02,2025-11-13 16:36:44.842554,0,0,1130,29.3,54,770,764
6930,device_02,2025-11-13 16:37:44.783492,0,0,1131,29.4,54,769.9,765
6931,device_02,2025-11-13 16:38:44.848798,0,0,1129,29.4,54,766.8,764
6932,device_02,2025-11-13 16:39:44.871608,0,0,1131,29.4,54,770.8,766
6933,device_02,2025-11-13 16:40:44.749076,0,0,1132,29.5,54,770.7,767
6934,device_02,2025-11-13 16:41:45.345528,0,0,1130,29.5,54,766.6,765
6935,device_02,2025-11-13 16:42:46.534097,0,0,1130,29.3,54,770.6,764
6936,device_02,2025-11-13 16:43:44.892634,0,0,1131,29.3,54,769.9,767
6937,device_02,2025-11-13 16:44:44.750377,0,0,1132,29.5,54,771.4,767
6938,device_02,2025-11-13 16:45:44.744877,0,0,1132,29.2,54,772.9,769
6939,device_02,2025-11-13 16:46:47.813455,0,0,1134,29.5,54,773.1,770
6940,device_02,2025-11-13 16:47:45.114697,0,0,1135,29.5,54,773.9,769
6941,device_02,2025-11-13 16:48:44.84717,0,0,1131,29.3,54,773.1,771
6942,device_02,2025-11-13 16:49:45.319758,0,0,1132,29.2,54,774.6,768
6943,device_02,2025-11-13 16:50:44.777866,0,0,1125,29.5,54,772.8,763
6944,device_02,2025-11-13 16:51:44.77776,0,0,1130,29.1,54,769.5,763
6945,device_02,2025-11-13 16:52:44.813559,0,0,1130,29.6,54,771,764
6946,device_02,2025-11-13 16:53:44.761709,0,0,1129,29.4,54,770.5,765
6947,device_02,2025-11-13 16:54:44.956656,0,0,1131,29.3,54,771.9,766
6948,device_02,2025-11-13 16:55:46.001728,0,0,1131,29.5,54,765.6,762
6949,device_02,2025-11-13 16:56:44.805038,41,46,1130,29.3,54,770.4,767
6950,device_02,2025-11-13 16:57:45.723615,0,0,1131,29.5,54,771.6,766
6951,device_02,2025-11-13 16:58:44.884189,0,0,1132,29.4,54,773.7,768
6952,device_02,2025-11-13 16:59:45.127074,0,0,1133,29.5,54,771,769
6953,device_02,2025-11-13 17:00:44.883514,0,0,1131,29.4,54.2,771.2,766
6954,device_02,2025-11-13 17:01:44.815689,0,0,1134,29.4,55,772.7,768
6955,device_02,2025-11-13 17:02:45.145957,0,0,1134,29.6,55,772,767
6956,device_02,2025-11-13 17:03:45.425257,0,0,1130,29.4,55,768.1,764
6957,device_02,2025-11-13 17:04:45.29707,0,0,1133,29.4,55,772.4,767
6958,device_02,2025-11-13 17:05:44.92892,0,0,1132,29.4,55,768.4,764
6959,device_02,2025-11-13 17:06:45.06629,0,0,1130,29.4,55,769.2,763
6960,device_02,2025-11-13 17:07:44.952306,0,0,1133,29.5,55,767.7,762
6961,device_02,2025-11-13 17:08:44.756104,0,0,1133,29.5,55,769.1,765
6962,device_02,2025-11-13 17:09:45.542406,0,0,1132,29.5,55,768.5,764
6963,device_02,2025-11-13 17:10:44.727422,0,0,1134,29.5,55,771.5,765
6964,device_02,2025-11-13 17:11:45.390338,0,0,1133,29.4,55,769,768
6965,device_02,2025-11-13 17:12:44.773681,0,0,1135,29.5,55,770,764
6966,device_02,2025-11-13 17:13:45.00242,0,0,1136,29.5,55,769.6,766
6967,device_02,2025-11-13 17:14:45.047127,0,0,1133,29.3,55,770.7,768
6968,device_02,2025-11-13 17:15:45.333728,0,0,1133,29.6,55,773.2,765
6969,device_02,2025-11-13 17:16:44.906476,0,0,1131,29.5,55,770.6,766
6970,device_02,2025-11-13 17:17:44.985174,0,0,1131,29.6,55,768.5,760
6971,device_02,2025-11-13 17:18:44.772043,0,0,1130,29.5,55,766.7,761
6972,device_02,2025-11-13 17:19:44.777599,0,0,1129,29.4,55,763.6,757
6973,device_02,2025-11-13 17:20:44.966255,0,0,1132,29.3,55,766.7,761
6974,device_02,2025-11-13 17:21:44.919778,0,0,1132,29.4,55,767.5,762
6975,device_02,2025-11-13 17:22:44.831761,0,0,1130,29.4,55,769.6,760
6976,device_02,2025-11-13 17:23:44.777467,0,0,1128,29.4,55,766.6,761
6977,device_02,2025-11-13 17:24:45.342355,0,0,1128,29.4,55,766,758
6978,device_02,2025-11-13 17:30:45.135762,0,0,1138,29.5,55,786.7,783
6979,device_02,2025-11-13 17:31:44.765594,0,0,1136,29.3,55,773.4,771
6980,device_02,2025-11-13 17:32:44.959838,0,0,1136,29.3,55,775.3,770
6981,device_02,2025-11-13 17:33:44.808456,0,0,1135,29.4,55,774.2,770
6982,device_02,2025-11-13 17:34:45.381629,0,0,1134,29.5,55,768.8,765
6983,device_02,2025-11-13 17:35:44.796625,34,37,1131,29.5,55,773.1,765
6984,device_02,2025-11-13 17:36:45.030311,0,0,1135,29.4,55,778.4,774
6985,device_02,2025-11-13 17:37:44.81301,0,0,1133,29.4,55,769.9,763
6986,device_02,2025-11-13 17:38:45.70635,0,0,1133,29.4,55,770.8,766
6987,device_02,2025-11-13 17:39:45.529274,0,0,1131,29.5,55,768.2,762
6988,device_02,2025-11-13 17:40:44.793177,32,36,1131,29.5,55,768.6,760
6989,device_02,2025-11-13 17:41:45.091361,34,38,1131,29.6,55,767.2,765
6990,device_02,2025-11-13 17:42:44.91504,0,0,1132,29.4,55,766.4,759
6991,device_02,2025-11-13 17:43:45.150761,0,0,1133,29.5,55,769.7,765
6992,device_02,2025-11-13 17:44:44.912573,0,0,1134,29.5,55,769.9,768
6993,device_02,2025-11-13 17:45:45.372598,0,0,1137,29.5,55,772.8,768
6994,device_02,2025-11-13 17:46:44.828973,0,0,1136,29.5,55,773,771
6995,device_02,2025-11-13 17:47:45.22896,0,0,1133,29.5,55.8,771.3,764
6996,device_02,2025-11-13 17:48:44.7737,0,0,1135,29.4,56,774.9,769
6997,device_02,2025-11-13 17:49:45.023701,0,0,1134,29.4,56,772.2,766
6998,device_02,2025-11-13 17:50:44.793164,0,0,1135,29.5,56,771.9,765
6999,device_02,2025-11-13 17:51:45.386597,0,0,1133,29.3,56,772.7,766
7000,device_02,2025-11-13 17:52:45.013052,33,36,1134,29.4,56,768.2,759
7001,device_02,2025-11-13 17:53:44.805401,0,0,1132,29.3,56,764.5,759
7002,device_02,2025-11-13 17:54:44.847058,0,0,1134,29.4,56,766.2,760
7003,device_02,2025-11-13 17:55:44.891606,0,0,1135,29.3,56,765.3,761
7004,device_02,2025-11-13 17:56:44.824672,0,0,1132,29.4,56,766.4,764
7005,device_02,2025-11-13 17:57:45.404835,0,0,1136,29.4,56,769.1,763
7006,device_02,2025-11-13 17:58:44.952753,0,0,1135,29.4,56,767.7,764
7007,device_02,2025-11-13 17:59:45.479332,0,0,1135,29.5,56,770.2,768
7008,device_02,2025-11-13 18:00:44.813502,0,0,1138,29.3,56,768.8,765
7009,device_02,2025-11-13 18:01:45.383593,0,0,1135,29.5,56,769.4,767
7010,device_02,2025-11-13 18:02:46.552638,0,0,1136,29.4,56,772.5,768
7011,device_02,2025-11-13 18:03:45.44083,0,0,1134,29.4,56,770.2,764
7012,device_02,2025-11-13 18:04:44.924305,0,0,1131,29.4,56,767.4,758
7013,device_02,2025-11-13 18:05:45.75135,0,0,1134,29.4,56,766.3,761
7014,device_02,2025-11-13 18:06:44.84922,0,0,1134,29.5,56,769.3,764
7015,device_02,2025-11-13 18:07:44.897789,0,0,1135,29.4,56,767.6,760
7016,device_02,2025-11-13 18:08:44.814559,0,0,1133,29.5,56,766.1,764
7017,device_02,2025-11-13 18:09:44.987288,0,0,1133,29.4,56,767.2,763
7018,device_02,2025-11-13 18:10:44.805137,0,0,1133,29.3,56,767.2,760
7019,device_02,2025-11-13 18:11:45.38891,0,0,1132,29.3,56,765.3,760
7020,device_02,2025-11-13 18:12:44.861843,0,0,1134,29.4,56,767.8,760
7021,device_02,2025-11-13 18:13:45.205205,0,0,1136,29.4,56,768.4,764
7022,device_02,2025-11-13 18:14:44.787474,0,0,1133,29.5,56,768.6,767
7023,device_02,2025-11-13 18:15:45.332467,0,0,1137,29.4,56,770,764
7024,device_02,2025-11-13 18:16:44.852975,0,0,1134,29.6,56,767.9,766
7025,device_02,2025-11-13 18:17:45.397467,0,0,1136,29.5,56,771.2,764
7026,device_02,2025-11-13 18:18:45.093784,0,0,1136,29.3,56,772.2,766
7027,device_02,2025-11-13 18:19:45.383337,0,0,1134,29.2,56,770,764
7028,device_02,2025-11-13 18:20:44.82148,0,0,1133,28.6,56,768.5,760
7029,device_02,2025-11-13 18:21:45.408196,0,0,1132,28.4,56,767.4,760
7030,device_02,2025-11-13 18:22:44.817533,0,0,1134,28.6,56,767.1,759
7031,device_02,2025-11-13 18:23:45.085189,0,0,1133,28.5,56,763.7,758
7032,device_02,2025-11-13 18:24:44.890625,0,0,1131,28.5,56,765.8,760
7033,device_02,2025-11-13 18:30:45.424054,0,0,1139,28.6,56,780.1,775
7034,device_02,2025-11-13 18:31:44.851318,0,0,1136,28.5,56,766.3,762
7035,device_02,2025-11-13 18:32:44.996436,0,0,1133,28.5,56,766.2,759
7036,device_02,2025-11-13 18:33:44.855264,0,0,1135,28.4,56,768.2,762
7037,device_02,2025-11-13 18:34:44.817606,0,0,1134,28.5,56,766,759
7038,device_02,2025-11-13 18:35:44.858654,0,0,1134,28.4,56.7,766.6,758
7039,device_02,2025-11-13 18:36:45.450083,0,0,1132,28.4,57,763.6,758
7040,device_02,2025-11-13 18:37:44.768775,0,0,1133,28.4,57,761.9,752
7041,device_02,2025-11-13 18:38:44.982793,0,0,1130,28.5,57,759.3,752
7042,device_02,2025-11-13 18:39:44.860018,0,0,1132,28.3,57,761.6,755
7043,device_02,2025-11-13 18:40:45.670498,0,0,1133,28.5,57,762.8,755
7044,device_02,2025-11-13 18:41:44.792419,33,35,1130,28.5,57,759.5,754
7045,device_02,2025-11-13 18:42:44.769896,0,0,1134,28.5,57,761.7,753
7046,device_02,2025-11-13 18:43:44.896873,0,0,1131,28.5,57,760.3,754
7047,device_02,2025-11-13 18:44:44.921623,0,0,1132,28.4,57,760.3,755
7048,device_02,2025-11-13 18:45:44.92157,0,0,1130,28.3,57,756.9,747
7049,device_02,2025-11-13 18:46:44.935253,0,0,1132,28.4,57,760.9,754
7050,device_02,2025-11-13 18:47:44.791148,35,38,1136,28.5,57,764.1,757
7051,device_02,2025-11-13 18:48:45.056642,0,0,1133,28.6,57,762.9,757
7052,device_02,2025-11-13 18:49:44.977124,0,0,1133,28.5,57,764.1,756
7053,device_02,2025-11-13 18:50:44.833278,0,0,1132,28.2,57,762.8,752
7054,device_02,2025-11-13 18:51:45.017348,0,0,1131,28.6,57,760.5,753
7055,device_02,2025-11-13 18:52:45.578533,0,0,1132,28.6,57,760.2,750
7056,device_02,2025-11-13 18:53:44.770579,34,39,1130,28.4,57,759.6,754
7057,device_02,2025-11-13 18:54:44.886325,0,0,1132,28.2,57,759.7,753
7058,device_02,2025-11-13 18:55:44.888959,0,0,1133,28.5,57,760.4,752
7059,device_02,2025-11-13 18:56:44.988729,0,0,1130,28.4,57,758.6,754
7060,device_02,2025-11-13 18:57:44.774619,0,0,1131,28.4,57,761,752
7061,device_02,2025-11-13 18:58:45.363023,0,0,1132,28.3,57,759.6,754
7062,device_02,2025-11-13 18:59:44.893452,0,0,1130,28.3,57,759.9,753
7063,device_02,2025-11-13 19:00:45.463647,0,0,1136,28.5,57,761,756
7064,device_02,2025-11-13 19:01:44.797116,0,0,1134,28.7,57,761.8,759
7065,device_02,2025-11-13 19:02:45.365171,0,0,1134,28.4,57,763.5,756
7066,device_02,2025-11-13 19:03:44.830843,0,0,1134,28.6,57,765.3,757
7067,device_02,2025-11-13 19:04:45.216276,0,0,1134,28.3,57,760.2,754
7068,device_02,2025-11-13 19:05:44.794833,0,0,1131,28.4,57,763.1,753
7069,device_02,2025-11-13 19:06:44.766016,0,0,1130,28.3,57,761.3,753
7070,device_02,2025-11-13 19:07:44.772496,0,0,1132,28.4,57,760.6,750
7071,device_02,2025-11-13 19:08:44.865241,0,0,1129,28.6,56.9,755.6,748
7072,device_02,2025-11-13 19:09:44.755834,0,0,1130,28.5,56.7,756.5,750
7073,device_02,2025-11-13 19:10:45.135682,0,0,1133,28.5,56.7,755,749
7074,device_02,2025-11-13 19:11:44.831236,0,0,1130,28.5,56.6,756.3,750
7075,device_02,2025-11-13 19:12:45.017792,0,0,1128,28.4,56.4,757.5,746
7076,device_02,2025-11-13 19:13:44.912807,0,0,1128,28.6,56.7,751.7,744
7077,device_02,2025-11-13 19:14:45.417217,0,0,1131,28.6,56.7,755.3,748
7078,device_02,2025-11-13 19:15:44.916608,38,42,1135,28.4,56.7,760.8,754
7079,device_02,2025-11-13 19:16:44.941721,0,0,1133,28.5,56.9,757.6,753
7080,device_02,2025-11-13 19:17:44.78366,0,0,1135,28.4,57,760.1,754
7081,device_02,2025-11-13 19:18:44.938623,0,0,1131,28.5,57,761,752
7082,device_02,2025-11-13 19:19:45.097509,0,0,1132,28.4,57,762.5,754
7083,device_02,2025-11-13 19:20:44.961313,0,0,1132,28.4,57,761.4,752
7084,device_02,2025-11-13 19:21:45.293129,0,0,1125,28.3,57,753.3,743
7085,device_02,2025-11-13 19:22:44.901101,0,0,1131,28.5,57,758.2,747
7086,device_02,2025-11-13 19:23:45.347586,0,0,1129,28.5,57,754.6,748
7087,device_02,2025-11-13 19:24:45.416131,0,0,1131,28.4,57,754.6,747
7088,device_02,2025-11-13 19:30:45.417953,0,0,1130,28.5,57,758.6,756
7089,device_02,2025-11-13 19:31:44.856158,0,0,1130,28.4,57,750.2,745
7090,device_02,2025-11-13 19:32:45.213589,0,0,1133,28.3,57,753.4,748
7091,device_02,2025-11-13 19:33:44.952559,0,0,1128,28.4,57,753.5,745
7092,device_02,2025-11-13 19:34:44.777835,0,0,1126,28.4,57,754.9,741
7093,device_02,2025-11-13 19:35:44.867064,0,0,1126,28.5,57,750.6,741
7094,device_02,2025-11-13 19:36:44.959255,0,0,1125,28.5,57,751.4,740
7095,device_02,2025-11-13 19:37:44.833779,0,0,1128,28.5,57,750.2,738
7096,device_02,2025-11-13 19:38:44.857521,0,0,1128,28.4,57,746.3,740
7097,device_02,2025-11-13 19:39:44.740637,0,0,1130,28.5,57,753.1,746
7098,device_02,2025-11-13 19:40:44.745132,0,0,1132,28.5,57,756.2,747
7099,device_02,2025-11-13 19:41:45.089745,0,0,1128,28.6,57,752.1,747
7100,device_02,2025-11-13 19:42:45.436101,0,0,1132,28.5,57,757,747
7101,device_02,2025-11-13 19:43:44.922933,0,0,1132,28.5,57,754.8,751
7102,device_02,2025-11-13 19:44:45.37482,0,0,1129,28.6,57,755.4,748
7103,device_02,2025-11-13 19:45:45.277954,0,0,1128,28.4,57,755.5,746
7104,device_02,2025-11-13 19:46:45.363719,0,0,1131,28.5,57,756.3,750
7105,device_02,2025-11-13 19:47:44.980998,0,0,1133,28.5,57,757.6,750
7106,device_02,2025-11-13 19:48:44.813736,0,0,1131,28.5,57,759.1,751
7107,device_02,2025-11-13 19:49:45.480255,0,0,1130,28.5,57,759.7,750
7108,device_02,2025-11-13 19:50:44.822485,0,0,1128,28.5,57,758.6,746
7109,device_02,2025-11-13 19:51:45.077802,0,0,1128,28.5,57,754.9,745
7110,device_02,2025-11-13 19:52:45.382919,0,0,1130,28.5,57,754,743
7111,device_02,2025-11-13 19:53:45.331735,0,0,1130,28.4,57,754.5,748
7112,device_02,2025-11-13 19:54:45.385223,0,0,1126,28.4,57,753,741
7113,device_02,2025-11-13 19:55:44.805598,0,0,1127,28.7,57,752.9,744
7114,device_02,2025-11-13 19:56:45.137821,0,0,1127,28.3,57,751.5,743
7115,device_02,2025-11-13 19:57:44.991995,0,0,1131,28.2,57,753.5,746
7116,device_02,2025-11-13 19:58:44.861048,0,0,1130,28.3,57,753.7,750
7117,device_02,2025-11-13 19:59:45.015742,31,34,1129,28.3,57,753,747
7118,device_02,2025-11-13 20:00:44.979114,31,34,1129,28.6,57,757.5,747
7119,device_02,2025-11-13 20:01:44.760308,0,0,1130,28.5,57,754,746
7120,device_02,2025-11-13 20:02:44.945194,0,0,1132,28.5,57,754.6,746
7121,device_02,2025-11-13 20:03:44.898647,0,0,1127,28.5,57,753.4,745
7122,device_02,2025-11-13 20:04:45.30912,0,0,1127,28.4,57,755.2,742
7123,device_02,2025-11-13 20:05:45.36705,0,0,1127,28.4,57,754.9,742
7124,device_02,2025-11-13 20:06:44.718876,0,0,1128,28.5,57,751.5,742
7125,device_02,2025-11-13 20:07:45.324457,0,0,1130,28.4,57,753.1,743
7126,device_02,2025-11-13 20:08:44.697113,0,0,1129,28.4,57,752.6,747
7127,device_02,2025-11-13 20:09:45.423935,0,0,1129,28.6,57,754.5,744
7128,device_02,2025-11-13 20:10:45.291845,0,0,1127,28.4,57,754.7,746
7129,device_02,2025-11-13 20:11:44.9676,34,37,1125,28.4,57,751.9,742
7130,device_02,2025-11-13 20:12:45.518035,0,0,1132,28.5,57.1,753.7,745
7131,device_02,2025-11-13 20:13:44.690805,0,0,1131,28.4,57.7,751.4,747
7132,device_02,2025-11-13 20:14:45.601978,0,0,1130,28.6,58,754.2,748
7133,device_02,2025-11-13 20:15:44.889841,0,0,1130,28.5,58,758.3,748
7134,device_02,2025-11-13 20:16:44.735137,0,0,1129,28.5,58,754.2,748
7135,device_02,2025-11-13 20:17:44.791397,0,0,1133,28.4,58,755.2,746
7136,device_02,2025-11-13 20:18:44.935757,0,0,1130,28.5,58,753.6,748
7137,device_02,2025-11-13 20:19:45.085198,0,0,1129,28.5,58,754.7,742
7138,device_02,2025-11-13 20:20:44.9129,0,0,1127,28.5,58,754.3,743
7139,device_02,2025-11-13 20:21:45.043258,0,0,1128,28.8,58,753.3,742
7140,device_02,2025-11-13 20:22:44.807273,0,0,1131,28.5,58,750.5,743
7141,device_02,2025-11-13 20:23:44.767163,0,0,1129,28.4,58,750.4,745
7142,device_02,2025-11-13 20:24:44.826096,0,0,1129,28.5,58,753.4,744
7143,device_02,2025-11-13 20:30:44.934117,0,0,1134,28.5,58,769.1,762
7144,device_02,2025-11-13 20:31:44.764695,0,0,1130,28.4,58,755.1,750
7145,device_02,2025-11-13 20:32:45.326231,0,0,1133,28.4,58,752.2,745
7146,device_02,2025-11-13 20:33:44.732842,0,0,1131,28.5,58,753.3,747
7147,device_02,2025-11-13 20:34:45.110359,0,0,1130,28.3,58,750.9,741
7148,device_02,2025-11-13 20:35:44.716328,0,0,1128,28.5,58,750.4,740
7149,device_02,2025-11-13 20:36:44.751035,0,0,1124,28.5,58,749.7,738
7150,device_02,2025-11-13 20:37:44.789168,0,0,1127,28.5,58,747.5,736
7151,device_02,2025-11-13 20:38:44.807037,0,0,1127,28.4,58,749.1,740
7152,device_02,2025-11-13 20:39:45.3015,0,0,1131,28.7,58,750.1,741
7153,device_02,2025-11-13 20:40:44.867187,0,0,1131,28.5,58,753.2,743
7154,device_02,2025-11-13 20:41:45.485055,0,0,1127,28.3,58,750.5,744
7155,device_02,2025-11-13 20:42:44.981923,0,0,1131,28.5,58,752.3,741
7156,device_02,2025-11-13 20:43:45.133103,0,0,1127,28.6,58,749.4,740
7157,device_02,2025-11-13 20:44:44.919494,0,0,1127,28.6,58,752.6,743
7158,device_02,2025-11-13 20:45:44.801433,0,0,1130,28.4,58,753.7,744
7159,device_02,2025-11-13 20:46:44.840657,0,0,1129,28.5,58,752.4,747
7160,device_02,2025-11-13 20:47:45.140564,0,0,1131,28.3,58,754.8,745
7161,device_02,2025-11-13 20:48:44.867888,0,0,1129,28.4,58,754.1,746
7162,device_02,2025-11-13 20:49:44.801571,0,0,1128,28.5,58,749.4,740
7163,device_02,2025-11-13 20:50:44.775476,0,0,1130,28.3,58,753.4,744
7164,device_02,2025-11-13 20:51:45.059277,0,0,1127,28.7,58,752.4,743
7165,device_02,2025-11-13 20:52:44.757548,0,0,1132,28.4,58,750.9,743
7166,device_02,2025-11-13 20:53:45.070637,0,0,1127,28.4,58,749.1,740
7167,device_02,2025-11-13 20:54:45.097622,0,0,1129,28.4,58,751.4,741
7168,device_02,2025-11-13 20:55:45.11303,0,0,1127,28.4,58,748.1,738
7169,device_02,2025-11-13 20:56:44.779366,0,0,1127,28.4,58,751.2,745
7170,device_02,2025-11-13 20:57:45.429084,0,0,1128,28.4,58,747.6,737
7171,device_02,2025-11-13 20:58:44.880949,0,0,1127,28.3,58,749.7,743
7172,device_02,2025-11-13 20:59:45.533554,0,0,1129,28.4,58,750.9,740
7173,device_02,2025-11-13 21:00:44.90898,31,32,1130,28.4,58,750.7,741
7174,device_02,2025-11-13 21:01:45.01691,0,0,1126,28.5,58,748.4,740
7175,device_02,2025-11-13 21:02:44.842084,0,0,1130,28.4,58,752.6,742
7176,device_02,2025-11-13 21:03:45.428566,0,0,1127,28.5,58,748.6,741
7177,device_02,2025-11-13 21:04:44.752039,0,0,1129,28.4,58,752,743
7178,device_02,2025-11-13 21:05:44.896409,0,0,1126,28.5,58,748,738
7179,device_02,2025-11-13 21:06:44.755044,34,37,1126,28.3,58,746.7,735
7180,device_02,2025-11-13 21:07:44.922909,0,0,1127,28.4,58,747.9,733
7181,device_02,2025-11-13 21:08:45.407733,0,0,1126,28.6,58,744.3,735
7182,device_02,2025-11-13 21:09:44.994976,0,0,1128,28.7,58,749.6,738
7183,device_02,2025-11-13 21:10:44.847822,0,0,1128,28.4,58,747.7,734
7184,device_02,2025-11-13 21:11:45.402522,0,0,1127,28.5,58,747.4,737
7185,device_02,2025-11-13 21:12:44.826312,30,32,1129,28.5,58,748.8,735
7186,device_02,2025-11-13 21:13:45.188769,0,0,1128,28.4,58,747.8,739
7187,device_02,2025-11-13 21:14:44.934594,0,0,1129,28.7,58,749.7,739
7188,device_02,2025-11-13 21:15:45.428782,0,0,1131,28.4,58.1,750.1,741
7189,device_02,2025-11-13 21:16:44.939548,0,0,1129,28.4,58.4,748.9,741
7190,device_02,2025-11-13 21:17:45.464473,0,0,1131,28.4,59,749.5,741
7191,device_02,2025-11-13 21:18:44.785469,0,0,1129,28.4,59,750.2,740
7192,device_02,2025-11-13 21:19:45.335621,0,0,1130,28.7,59,750.1,738
7193,device_02,2025-11-13 21:20:44.819742,0,0,1129,28.3,59,749,739
7194,device_02,2025-11-13 21:21:44.824173,0,0,1129,28.4,59,747,737
7195,device_02,2025-11-13 21:22:44.815755,0,0,1131,28.5,59,750.5,737
7196,device_02,2025-11-13 21:23:44.821268,0,0,1128,28.2,59,746.5,738
7197,device_02,2025-11-13 21:24:44.959493,0,0,1126,28.5,59,747.2,733
7198,device_02,2025-11-13 21:30:44.920339,0,0,1131,28.6,59,764.2,753
7199,device_02,2025-11-13 21:31:44.693774,0,0,1126,28.4,59,744,732
7200,device_02,2025-11-13 21:32:45.134845,0,0,1128,28.4,59,746.7,734
7201,device_02,2025-11-13 21:33:45.496312,0,0,1128,28.3,59,741.5,732
7202,device_02,2025-11-13 21:34:44.695082,0,0,1129,28.3,59,744.1,734
7203,device_02,2025-11-13 21:35:45.755548,0,0,1128,28.4,59,744.2,733
7204,device_02,2025-11-13 21:36:45.307623,0,0,1127,28.4,59,746.2,735
7205,device_02,2025-11-13 21:37:44.727668,0,0,1128,28.4,59,745.8,735
7206,device_02,2025-11-13 21:38:44.90751,0,0,1123,28.4,59,742.8,729
7207,device_02,2025-11-13 21:39:44.738057,36,37,1127,28.5,59,743.8,734
7208,device_02,2025-11-13 21:40:44.72352,0,0,1127,28.5,59,739.4,731
7209,device_02,2025-11-13 21:41:45.319147,0,0,1127,28.4,59,742.1,732
7210,device_02,2025-11-13 21:42:44.722666,0,0,1128,28.4,59,744.6,734
7211,device_02,2025-11-13 21:43:45.307485,0,0,1128,28.6,59,745.3,737
7212,device_02,2025-11-13 21:44:44.82147,0,0,1127,28.5,59,747.2,735
7213,device_02,2025-11-13 21:45:44.860119,0,0,1125,28.4,59,745.5,733
7214,device_02,2025-11-13 21:46:44.757887,0,0,1125,28.5,59,744.7,734
7215,device_02,2025-11-13 21:47:44.73668,0,0,1127,28.4,59,742,732
7216,device_02,2025-11-13 21:48:44.862419,0,0,1128,28.6,59,742.5,735
7217,device_02,2025-11-13 21:49:44.877578,0,0,1130,28.4,59,744.3,735
7218,device_02,2025-11-13 21:50:44.691009,0,0,1129,28.5,59,744.8,736
7219,device_02,2025-11-13 21:51:44.972642,0,0,1129,28.4,59,748.8,738
7220,device_02,2025-11-13 21:52:44.779363,0,0,1128,28.3,59,748.1,735
7221,device_02,2025-11-13 21:53:45.094082,0,0,1127,28.3,58.8,747.2,737
7222,device_02,2025-11-13 21:54:44.856604,0,0,1129,28.5,59,749,737
7223,device_02,2025-11-13 21:55:45.540665,0,0,1124,28.5,59,739.5,727
7224,device_02,2025-11-13 21:56:44.813074,29,30,1128,28.5,59,746.6,738
7225,device_02,2025-11-13 21:57:44.946637,0,0,1131,28.3,59,750.2,739
7226,device_02,2025-11-13 21:58:44.702347,0,0,1129,28.3,59,747.5,740
7227,device_02,2025-11-13 21:59:45.430879,0,0,1128,28.6,59,745.7,735
7228,device_02,2025-11-13 22:00:44.750085,0,0,1130,28.5,59,748.5,737
7229,device_02,2025-11-13 22:01:45.43455,0,0,1130,28.4,59,747.4,737
7230,device_02,2025-11-13 22:02:45.045233,0,0,1130,28.4,59,745.8,736
7231,device_02,2025-11-13 22:03:44.742761,0,0,1130,28.5,59,746.3,737
7232,device_02,2025-11-13 22:04:45.150089,0,0,1128,28.4,59,747.9,736
7233,device_02,2025-11-13 22:05:44.742949,0,0,1128,28.3,59,746.5,737
7234,device_02,2025-11-13 22:06:45.519278,0,0,1126,28.5,59,744.9,735
7235,device_02,2025-11-13 22:07:44.970641,0,0,1129,28.3,59,744.4,735
7236,device_02,2025-11-13 22:08:44.73227,0,0,1125,28.3,59,742.7,735
7237,device_02,2025-11-13 22:09:45.40553,0,0,1127,28.4,59,744.8,733
7238,device_02,2025-11-13 22:10:44.893281,0,0,1124,28.3,59,742,730
7239,device_02,2025-11-13 22:11:45.334448,0,0,1125,28.3,59,743.1,731
7240,device_02,2025-11-13 22:12:44.894903,0,0,1127,28.5,59,744.4,732
7241,device_02,2025-11-13 22:13:44.933407,0,0,1125,28.3,59,742,731
7242,device_02,2025-11-13 22:14:45.377669,0,0,1125,28.5,59,742,730
7243,device_02,2025-11-13 22:15:44.843658,0,0,1126,28.3,59,742.1,730
7244,device_02,2025-11-13 22:16:44.789628,0,0,1124,28.5,59,740.4,728
7245,device_02,2025-11-13 22:17:44.737834,0,0,1127,28.4,59,744.5,733
7246,device_02,2025-11-13 22:18:44.874887,29,30,1128,28.5,59,742.7,733
7247,device_02,2025-11-13 22:19:44.884362,28,28,1126,28.4,59,742.5,731
7248,device_02,2025-11-13 22:20:45.35188,0,0,1125,28.4,59,742.5,731
7249,device_02,2025-11-13 22:21:44.774656,0,0,1126,28.4,59,742.3,730
7250,device_02,2025-11-13 22:22:45.415773,0,0,1127,28.6,59,744.8,732
7251,device_02,2025-11-13 22:23:44.807995,0,0,1124,28.4,59,741.2,730
7252,device_02,2025-11-13 22:24:45.401776,0,0,1126,28.5,59,742.5,730
7253,device_02,2025-11-13 22:30:45.332643,0,0,1126,28.5,59,753.8,746
7254,device_02,2025-11-13 22:31:44.710403,0,0,1125,28.5,59,741.7,730
7255,device_02,2025-11-13 22:32:45.135085,0,0,1123,28.5,59,740.4,729
7256,device_02,2025-11-13 22:33:44.720155,0,0,1124,28.3,59,741.5,730
7257,device_02,2025-11-13 22:34:45.511293,0,0,1125,28.6,59,740.7,729
7258,device_02,2025-11-13 22:35:44.909116,0,0,1124,28.5,59,741.1,729
7259,device_02,2025-11-13 22:36:44.790093,0,0,1123,28.5,59,740.5,726
7260,device_02,2025-11-13 22:37:45.312448,0,0,1122,28.4,59,738,725
7261,device_02,2025-11-13 22:38:44.70647,0,0,1123,28.3,59,735.6,725
7262,device_02,2025-11-13 22:39:45.325244,0,0,1124,28.4,59,737.9,726
7263,device_02,2025-11-13 22:40:44.798155,0,0,1124,28.4,59,739.2,728
7264,device_02,2025-11-13 22:41:44.805347,0,0,1124,28.3,59,739.2,727
7265,device_02,2025-11-13 22:42:45.330328,0,0,1124,28.5,59,739.8,728
7266,device_02,2025-11-13 22:43:44.683679,0,0,1125,28.5,59,739.9,727
7267,device_02,2025-11-13 22:44:45.324319,0,0,1125,28.6,59,740.4,728
7268,device_02,2025-11-13 22:45:44.722347,0,0,1124,28.4,59,739.4,728
7269,device_02,2025-11-13 22:46:45.039186,0,0,1124,28.4,59,740.1,728
7270,device_02,2025-11-13 22:47:44.737102,0,0,1126,28.4,59,740.2,730
7271,device_02,2025-11-13 22:48:45.314321,0,0,1125,28.5,59,741.4,731
7272,device_02,2025-11-13 22:49:44.85743,0,0,1125,28.5,59,741.4,729
7273,device_02,2025-11-13 22:50:44.729113,0,0,1125,28.6,59,740.7,730
7274,device_02,2025-11-13 22:51:44.880846,0,0,1126,28.4,59.3,741.6,730